id;type;text;correct_answer;choice_2;choice_3;choice_4;passage_id;qtype
24000;passage;Léa passe la journée à la plage avec son papa. Elle emporte un seau bleu et une pelle rouge dans son sac. Dès qu'elle arrive près de l'eau, Léa commence à creuser le sable mouillé pour bâtir un grand château. Le château à quatre tours pointues et un petit pont. Léa plante fièrement un drapeau jaune tout en haut de la tour principale. Son papa l'aide à ramasser des coquillages sur le rivage pour décorer les murs. Peu à peu, la marée monte et l'eau vient tout près du château. Léa rit très fort en regardant les vagues s'approcher doucement de sa création.;;;;;;
24001;question;Où Léa passe-t-elle sa journée ?;à la plage;à la piscine;à la maison;au parc;24000;L
24002;question;Avec qui est Léa ?;son papa;sa maman;son frère;sa mamie;24000;L
24003;question;Que emporte Léa dans son sac ?;un seau et une pelle;une serviette et un livre;un ballon et un cerf-volant;des lunettes et une casquette;24000;L
24004;question;De quelle couleur est le seau ?;bleu;rouge;vert;jaune;24000;L
24005;question;De quelle couleur est la pelle ?;rouge;bleue;verte;noire;24000;L
24006;question;Que fait Léa dès qu'elle arrive près de l'eau ?;elle creuse le sable;elle se baigne;elle mange;elle dort;24000;L
24007;question;Combien de tours à le château ?;quatre;deux;trois;cinq;24000;L
24008;question;Que relie les tours ?;un petit pont;un tunnel;une échelle;rien du tout;24000;L
24009;question;De quelle couleur est le drapeau ?;jaune;bleu;rouge;vert;24000;L
24010;question;Où Léa plante-t-elle le drapeau ?;en haut de la tour principale;au bord de l'eau;sur le pont;dans le sable à côté;24000;L
24011;question;Que ramasse le papa de Léa ?;des coquillages;des algues;des cailloux;du bois flotte;24000;L
24012;question;À quoi servent les coquillages ?;à décorer les murs;à manger;à jouer;à rien;24000;L
24013;question;Qu'est-ce qui monte peu à peu ?;la marée;la température;le vent;le soleil;24000;L
24014;question;Où vient l'eau à la fin ?;tout près du château;loin du château;dans le seau;sur la serviette;24000;L
24015;question;Que fait Léa en regardant les vagues ?;elle rit très fort;elle pleure;elle crie de peur;elle s'enfuit;24000;L
24016;question;Comment les vagues s'approchent-elles ?;doucement;très vite;brutalement;elles ne bougent pas;24000;L
24017;question;"Que veut dire ""rivage"" dans le texte ?";le bord de la mer;le fond de l'eau;une île;un bateau;24000;V
24018;question;"Que veut dire ""fièrement"" dans le texte ?";avec fierté;avec tristesse;avec peur;avec colère;24000;V
24019;question;Pourquoi Léa rit-elle en voyant les vagues approcher ?;elle n'a pas peur et s'amuse de son jeu;elle veut que son château soit détruit;elle a peur des vagues;elle est en colère contre la mer;24000;I
24020;question;Que va probablement arriver au château si la marée continue de monter ?;il va être abîme par l'eau;il va devenir plus grand;il va voler;rien ne va changer;24000;I
24021;passage;Hugo part visiter une ferme avec toute sa classe. Dès son arrivée, la maîtresse rassemble les enfants près du poulailler. Hugo observe des poules toutes blanches qui picorent des graines dans la cour. Un peu plus loin, il caresse doucement un lapin gris qui ne bouge presque pas. Dans le pré voisin, une grosse vache brune mange de l'herbe fraîche sans se presser. Hugo tend un morceau de pain à une chèvre curieuse qui vient renifler sa main. Soudain, un coq pousse un cri très fort du haut de son perchoir. A midi, tous les enfants s'installent dehors pour manger leur pique-nique. Hugo trouve cette sortie formidable et rentre à l'école avec le sourire.;;;;;;
24022;question;Où Hugo part-il en sortie ?;à la ferme;au musée;à la piscine;au zoo;24021;L
24023;question;Avec qui part-il ?;sa classe;sa famille;ses cousins;ses voisins;24021;L
24024;question;Qui rassemble les enfants près du poulailler ?;la maîtresse;le fermier;sa maman;personne;24021;L
24025;question;De quelle couleur sont les poules ?;blanches;noires;grises;rousses;24021;L
24026;question;Que font les poules dans la cour ?;elles picorent des graines;elles dorment;elles courent;elles volent;24021;L
24027;question;Quel animal Hugo caresse-t-il ?;un lapin gris;un chat noir;un chien;un mouton;24021;L
24028;question;Où se trouve la vache ?;dans le pré voisin;dans l'étable;dans la cour;au bord de l'eau;24021;L
24029;question;Que mange la vache ?;de l'herbe fraîche;du pain;des carottes;des graines;24021;L
24030;question;Que tend Hugo à la chèvre ?;un morceau de pain;une carotte;de l'herbe;une pomme;24021;L
24031;question;Comment est la chèvre avec Hugo ?;curieuse;effrayée;agressive;indifférente;24021;L
24032;question;D'ou vient le cri du coq ?;du haut de son perchoir;du poulailler ferme;de la cour;du pré;24021;L
24033;question;Que font les enfants à midi ?;ils pique-niquent dehors;ils rentrent à l'école;ils dorment;ils jouent au ballon;24021;L
24034;question;Comment Hugo trouve-t-il cette sortie ?;formidable;ennuyeuse;fatigante;décevante;24021;L
24035;question;Comment Hugo rentre-t-il à l'école ?;avec le sourire;en pleurant;fatigué et fâche;silencieux;24021;L
24036;question;Qui accompagne la classe pendant la visite ?;la maîtresse;le directeur;un parent;personne;24021;L
24037;question;Que fait la vache pendant que Hugo la regarde ?;elle mange sans se presser;elle court;elle dort;elle beugle fort;24021;L
24038;question;"Que veut dire ""picorent"" dans le texte ?";mangent de petits bouts avec leur bec;dorment debout;courent vite;volent bas;24021;V
24039;question;"Que veut dire ""renifler"" dans le texte ?";sentir avec le nez;goûter avec la langue;regarder de près;toucher avec la patte;24021;V
24040;question;Pourquoi la chèvre vient-elle vers Hugo ?;elle sent le pain et veut le manger;elle a peur de lui;elle veut jouer;elle le reconnaît;24021;I
24041;question;Qu'est-ce qui montre que Hugo a aimé la sortie ?;il rentre avec le sourire;il pleure au moment de partir;il ne dit rien;il veut repartir chez lui plus tôt;24021;I
24042;passage;Nora part faire une randonnée en montagne avec sa maman, tôt un samedi matin. Elles empruntent un sentier étroit qui grimpe entre les sapins. Nora remarque des fleurs violettes qui poussent au bord du chemin. Un peu plus haut, elle entend le bruit d'une cascade cachée derrière les rochers. Un écureuil roux traverse soudain le sentier et grimpe dans un arbre. Nora s'arrête pour boire un peu d'eau fraîche de sa gourde. Quand elles atteignent enfin le sommet, on peut voir tout le village en contrebas. Nora se sent très fière d'avoir grimpé jusqu'en haut sans se plaindre.;;;;;;
24043;question;Avec qui Nora part-elle en randonnée ?;sa maman;son papa;sa mamie;sa classe;24042;L
24044;question;Quel jour partent-elles ?;un samedi matin;un dimanche soir;un mercredi;un jour de semaine;24042;L
24045;question;Où passe le sentier qu'elles empruntent ?;entre les sapins;au bord de la mer;dans un village;dans un champ;24042;L
24046;question;De quelle couleur sont les fleurs ?;violettes;jaunes;rouges;blanches;24042;L
24047;question;Où poussent les fleurs ?;au bord du chemin;au sommet;près de la cascade;dans un jardin;24042;L
24048;question;Qu'entend Nora un peu plus haut ?;le bruit d'une cascade;un train;un chien qui aboie;de la musique;24042;L
24049;question;Où se cache la cascade ?;derrière les rochers;sous un pont;dans une grotte;au sommet;24042;L
24050;question;Quel animal traverse le sentier ?;un écureuil roux;un lapin gris;un renard;un cerf;24042;L
24051;question;Où grimpe l'écureuil ?;dans un arbre;sur un rocher;sur Nora;il ne grimpe pas;24042;L
24052;question;Que boit Nora en s'arrêtant ?;de l'eau fraîche de sa gourde;du jus de fruit;du lait;rien du tout;24042;L
24053;question;Que voit-on depuis le sommet ?;tout le village;la mer;une autre montagne seulement;rien, il y a du brouillard;24042;L
24054;question;Comment Nora se sent-elle en haut ?;très fière;déçue;fatiguée et triste;indifférente;24042;L
24055;question;Qu'a fait Nora pendant toute la montée ?;elle n'a pas se plaindre;elle a beaucoup pleure;elle a demandé à rentrer;elle s'est arrêtée tout le temps;24042;L
24056;question;Quand partent Nora et sa maman ?;tôt le matin;en fin d'après-midi;la nuit;à midi;24042;L
24057;question;Qu'est-ce qui pousse au bord du chemin ?;des fleurs violettes;des champignons;des fraises sauvages;rien de particulier;24042;L
24058;question;Quel type de sentier Nora et sa maman empruntent-elles ?;un sentier étroit;une large route;un escalier;un pont suspendu;24042;L
24059;question;"Que veut dire ""étroit"" dans le texte ?";peu large;très long;très pentu;glissant;24042;V
24060;question;"Que veut dire ""en contrebas"" dans le texte ?";plus bas, en dessous;tout en haut;très loin sur le côté;au milieu;24042;V
24061;question;Pourquoi Nora est-elle fière en arrivant au sommet ?;elle a réussi à grimper sans se plaindre;elle a gagné une course;on lui a offert un cadeau;elle a retrouvé des amis;24042;I
24062;question;Qu'est-ce que la randonnée a demandé à Nora ?;de l'effort et de la persévérance;aucun effort particulier;de l'argent;de la chance seulement;24042;I
24063;passage;Tom se rend à la fête foraine avec son grand frère, un samedi soir. Dès leur arrivée, Tom monte sur le manège à chevaux qui tourne en musique. Il achète ensuite une grosse barbe à papa rose qui colle à ses doigts. Au stand de tir, Tom vise bien et gagne un ours en peluche marron. La nuit tombe et des milliers de lumières colorées s'allument autour d'eux. Tom entend de la musique qui vient de partout à la fois. Pour finir la soirée, il rit aux éclats sur les autos tamponneuses avec son frère. Quelle soirée merveilleuse pour Tom !;;;;;;
24064;question;Quand Tom va-t-il à la fête foraine ?;un samedi soir;un dimanche matin;un mercredi après-midi;pendant les vacances d'été;24063;L
24065;question;Avec qui Tom y va-t-il ?;son grand frère;sa mamie;sa classe;son papa;24063;L
24066;question;Sur quoi Tom monte-t-il en premier ?;le manège à chevaux;la grande roue;le train fantôme;le grand huit;24063;L
24067;question;Que fait le manège pendant que Tom est dessus ?;il tourne en musique;il reste immobile;il va très vite;il fait des sauts;24063;L
24068;question;Qu'achète Tom ensuite ?;une barbe à papa;une glace;une pomme d'amour;des bonbons;24063;L
24069;question;De quelle couleur est la barbe à papa ?;rose;bleue;verte;blanche;24063;L
24070;question;Que fait la barbe à papa aux doigts de Tom ?;elle colle;elle fond tout de suite;elle tache ses vêtements;rien de particulier;24063;L
24071;question;Que gagne Tom au stand de tir ?;un ours en peluche;une poupée;un ballon;une voiture jouet;24063;L
24072;question;De quelle couleur est l'ours ?;marron;blanc;rose;noir;24063;L
24073;question;Que se passe-t-il quand la nuit tombe ?;des lumières colorées s'allument;tout s'éteint;la fête ferme;il commence à pleuvoir;24063;L
24074;question;D'ou vient la musique que Tom entend ?;de partout à la fois;seulement du manège;d'un haut-parleur unique;de nulle part;24063;L
24075;question;Comment se termine la soirée de Tom ?;il rit sur les autos tamponneuses;il s'ennuie et rentre;il pleure de fatigue;il perd son ours;24063;L
24076;question;Avec qui Tom fait-il les autos tamponneuses ?;son frère;sa mamie;seul;des inconnus;24063;L
24077;question;Comment Tom qualifie-t-il sa soirée ?;merveilleuse;ennuyeuse;trop courte et décevante;fatigante;24063;L
24078;question;Que vise Tom au stand de tir ?;des cibles;des ballons dans l'eau;des quilles;des anneaux;24063;L
24079;question;Que fait Tom dès son arrivée à la fête ?;il monte sur le manège;il mange d'abord;il rentre chez lui;il cherche son frère;24063;L
24080;question;"Que veut dire ""colle"" dans le texte ?";reste attachée;tombe par terre;fond vite;sent bon;24063;V
24081;question;"Que veut dire ""rit aux éclats"" dans le texte ?";rit très fort;pleure un peu;chante fort;crie de peur;24063;V
24082;question;Pourquoi la barbe à papa colle-t-elle aux doigts de Tom ?;c'est du sucre qui devient collant;Tom à les mains sales;elle est trop chaude;elle est cassée;24063;I
24083;question;Qu'est-ce qui montre que Tom passe une très bonne soirée ?;il rit et qualifie la soirée de merveilleuse;il regarde tout le temps l'heure;il demande à rentrer tôt;il reste seul dans un coin;24063;I
24084;passage;Alice prend le train avec sa mamie pour aller passer le week-end à la campagne. Avant de partir, elle range ses affaires dans une petite valise rouge. Une fois assise, Alice regarde par la fenêtre le paysage qui défile à toute vitesse. Le train traverse de grands champs verts où paissent des vaches tranquilles. Vers midi, sa mamie sort un goûter et le partage avec Alice. Un contrôleur passe dans le wagon pour vérifier le billet de chaque voyageur. Bercée par le mouvement du train, Alice finit par s'endormir un moment. Quand elle se réveille, le train arrive doucement en gare.;;;;;;
24085;question;Avec qui Alice prend-elle le train ?;sa mamie;son papa;sa classe;sa soeur;24084;L
24086;question;Où vont-elles ?;à la campagne;à la mer;en ville;à la montagne;24084;L
24087;question;Que fait Alice avant de partir ?;elle range ses affaires dans une valise;elle prépare à manger;elle téléphone à une amie;elle dort;24084;L
24088;question;De quelle couleur est la valise ?;rouge;bleue;verte;noire;24084;L
24089;question;Que fait Alice une fois assise ?;elle regarde par la fenêtre;elle lit un livre;elle dort tout de suite;elle joue à un jeu;24084;L
24090;question;Comment le paysage défile-t-il ?;à toute vitesse;très lentement;il ne bouge pas;par à-coups;24084;L
24091;question;Que traverse le train ?;de grands champs verts;une forêt sombre;un désert;une grande ville;24084;L
24092;question;Que font les vaches dans les champs ?;elles paissent calmement;elles courent;elles dorment;elles boivent;24084;L
24093;question;Que fait la mamie d'Alice vers midi ?;elle sort un goûter;elle va au wagon-restaurant;elle dort;elle téléphone;24084;L
24094;question;Qui passe dans le wagon ?;un contrôleur;un serveur;un policier;un autre voyageur;24084;L
24095;question;Que vérifie le contrôleur ?;le billet de chaque voyageur;les valises;les papiers d'identité;rien de particulier;24084;L
24096;question;Que fait Alice, bercée par le train ?;elle s'endort un moment;elle chante;elle pleure;elle court dans le wagon;24084;L
24097;question;Que se passe-t-il quand Alice se réveille ?;le train arrive en gare;le train est encore loin;le train s'est arrêté en pleine campagne;elle a raté son arrêt;24084;L
24098;question;Combien de temps dure le séjour d'Alice ?;le week-end;une seule journée;un mois;toute une semaine;24084;L
24099;question;Comment le train arrive-t-il en gare ?;doucement;très brusquement;en retard;il n'arrive pas encore;24084;L
24100;question;Que partage la mamie avec Alice vers midi ?;un goûter;un repas complet;des bonbons;rien, elles n'ont rien apporte;24084;L
24101;question;"Que veut dire ""défile"" dans le texte ?";passe rapidement devant les yeux;reste immobile;disparaît;devient flou;24084;V
24102;question;"Que veut dire ""bercée"" dans le texte ?";endormie doucement par un mouvement régulier;réveillée brusquement;effrayée;gênée;24084;V
24103;question;Pourquoi Alice s'endort-elle pendant le trajet ?;le mouvement régulier du train la berce;elle est malade;elle s'ennuie beaucoup;il fait très sombre dans le wagon;24084;I
24104;question;Que peut-on deviner sur la relation d'Alice avec sa mamie ?;elles passent un moment agréable ensemble;elles se disputent souvent;elles se voient pour la première fois;Alice n'aime pas voyager avec elle;24084;I
24105;passage;Diego prend l'avion pour la toute première fois de sa vie, en direction de l'Espagne. Un peu nerveux, il serre fort la main de son papa pendant le décollage. L'avion s'élève très vite dans le ciel et Diego sent son ventre se serrer. Par le hublot, il regarde les nuages blancs qui ressemblent à de la barbe à papa. Une hôtesse souriante lui apporte un jus d'orange et un petit gâteau sale. Diego observe longtemps la mer bleue qui s'étend à perte de vue sous l'avion. Peu à peu, il se détend et commence même à trouver ce voyage passionnant. Quand l'avion se pose enfin, Diego a déjà hâte de reprendre l'avion un jour.;;;;;;
24106;question;Que fait Diego pour la première fois ?;il prend l'avion;il prend le bateau;il nage dans la mer;il conduit une voiture;24105;L
24107;question;Vers quel pays vole l'avion ?;l'Espagne;l'Italie;le Portugal;la Grèce;24105;L
24108;question;Comment Diego se sent-il avant le décollage ?;un peu nerveux;très calme;en colère;endormi;24105;L
24109;question;Que fait Diego pendant le décollage ?;il serre la main de son papa;il chante;il dort;il pleure très fort;24105;L
24110;question;Comment l'avion s'élève-t-il ?;très vite;très lentement;en zigzag;il ne bouge pas;24105;L
24111;question;Que ressent Diego quand l'avion s'élève ?;son ventre se serre;il a très chaud;il a mal à la tête;rien du tout;24105;L
24112;question;Par où Diego regarde-t-il les nuages ?;le hublot;la porte;un écran;il ne les voit pas;24105;L
24113;question;À quoi ressemblent les nuages selon Diego ?;à de la barbe à papa;à des montagnes;à des animaux;à rien de particulier;24105;L
24114;question;Que lui apporte l'hôtesse ?;un jus d'orange et un gâteau;un repas complet;juste de l'eau;rien du tout;24105;L
24115;question;Comment est l'hôtesse ?;souriante;fâchée;pressée;fatiguée;24105;L
24116;question;Que regarde Diego longtemps sous l'avion ?;la mer bleue;des montagnes;une ville;le désert;24105;L
24117;question;Comment la mer s'étend-elle sous l'avion ?;à perte de vue;sur une petite zone seulement;elle n'est pas visible;elle est cachée par les nuages;24105;L
24118;question;Que fait Diego peu à peu pendant le vol ?;il se détend;il devient plus nerveux;il s'endort tout de suite;il pleure;24105;L
24119;question;Comment Diego trouve-t-il finalement ce voyage ?;passionnant;ennuyeux;effrayant;trop long;24105;L
24120;question;Comment l'avion se pose-t-il ?;il se pose enfin;il ne se pose jamais;il atterrit brutalement;il fait demi-tour;24105;L
24121;question;Qu'a hâte de faire Diego après ce voyage ?;reprendre l'avion un jour;ne plus jamais voler;rentrer tout de suite chez lui;dormir très longtemps;24105;L
24122;question;"Que veut dire ""nerveux"" dans le texte ?";un peu inquiet;très joyeux;très fatigué;en colère;24105;V
24123;question;"Que veut dire ""s'étend à perte de vue"" dans le texte ?";va très loin, jusqu'à l'horizon;est toute petite;est invisible;est très agitée;24105;V
24124;question;Pourquoi le ventre de Diego se serre-t-il au décollage ?;c'est la sensation inhabituelle de l'accélération;il est malade;il a faim;il a trop mangé;24105;I
24125;question;Qu'est-ce qui montre que Diego a changé d'avis pendant le vol ?;il passe de nerveux à passionné par le voyage;il pleure de plus en plus;il demande à rentrer;il reste inquiet jusqu'à la fin;24105;I
24126;passage;Ingrid embarque pour une croisière en mer avec ses parents, pour la première semaine des vacances. Le bateau est immense, tout blanc, avec plusieurs étages relies par des escaliers. Accoudée au bastingage, Ingrid regarde la mer d'un bleu profond qui s'étend à l'infini. Soudain, un groupe de dauphins bondit hors de l'eau tout près du bateau, ce qui ravit Ingrid. Le capitaine, en uniforme blanc, salue les passagers réunis sur le pont. Le soir, Ingrid dîne dans une grande salle décorée de lumières scintillantes. Bercée par le roulis du bateau, elle s'endort dans sa petite cabine confortable. Ingrid espère déjà pouvoir refaire une croisière l'année prochaine.;;;;;;
24127;question;Avec qui Ingrid part-elle en croisière ?;ses parents;sa classe;ses cousins;sa mamie;24126;L
24128;question;Quand a lieu cette croisière ?;la première semaine des vacances;un week-end d'hiver;pendant l'année scolaire;un jour férié;24126;L
24129;question;Comment est le bateau ?;immense et blanc;petit et vieux;en bois;rouge et jaune;24126;L
24130;question;Comment les étages du bateau sont-ils relies ?;par des escaliers;par des ascenseurs seulement;par des ponts extérieurs;ils ne sont pas relies;24126;L
24131;question;Où Ingrid regarde-t-elle la mer ?;accoudée au bastingage;depuis sa cabine;depuis la salle à manger;elle ne la regarde pas;24126;L
24132;question;Comment Ingrid décrit-elle la mer ?;d'un bleu profond;grise et agitée;verte et calme;sombre et froide;24126;L
24133;question;Que fait un groupe de dauphins ?;il bondit hors de l'eau;il reste cache;il suit un poisson;il s'approche du rivage;24126;L
24134;question;Comment Ingrid réagit-elle en voyant les dauphins ?;elle est ravie;elle a peur;elle est indifférente;elle pleure de surprise;24126;L
24135;question;Comment est habillé le capitaine ?;en uniforme blanc;en costume noir;en tenue de marin raye;en vêtements de sport;24126;L
24136;question;Que fait le capitaine envers les passagers ?;il les salue chaleureusement;il les ignore;il leur donne des ordres;il reste dans sa cabine;24126;L
24137;question;Où sont réunis les passagers ?;sur le pont;dans leurs cabines;à la cuisine;sur le quai;24126;L
24138;question;Comment est décorée la salle du dîner ?;avec des lumières scintillantes;elle n'est pas décorée;avec des fleurs seulement;avec des tableaux;24126;L
24139;question;Qu'est-ce qui berce Ingrid le soir ?;le roulis du bateau;une chanson;le vent;rien, elle a du mal à dormir;24126;L
24140;question;Où Ingrid dort-elle ?;une petite cabine confortable;sur le pont;dans la salle à manger;dans un hamac;24126;L
24141;question;Qu'espère Ingrid pour l'année prochaine ?;refaire une croisière;ne plus jamais prendre le bateau;aller à la montagne;rester à la maison;24126;L
24142;question;Que fait Ingrid quand elle est accoudée au bastingage ?;elle regarde la mer;elle mange;elle dort;elle joue avec d'autres enfants;24126;L
24143;question;"Que veut dire ""le roulis"" dans le texte ?";le mouvement de balancement du bateau;le bruit du moteur;la vitesse du bateau;la couleur de la mer;24126;V
24144;question;"Que veut dire ""s'étend à l'infini"" dans le texte ?";semble ne jamais s'arrêter;est très petite;change de couleur;est dangereuse;24126;V
24145;question;Pourquoi Ingrid est-elle ravie de voir les dauphins ?;c'est un spectacle rare et magnifique en pleine mer;elle a peur des dauphins d'habitude;elle ne les avait jamais vus en photo;le capitaine le lui avait promis;24126;I
24146;question;Qu'est-ce qui montre qu'Ingrid a passé un bon séjour ?;elle espère refaire une croisière l'an prochain;elle est pressée de rentrer;elle ne parle pas de la croisière;elle veut essayer un autre transport;24126;I
24147;passage;Marco passe toute la journée chez ses cousins, qui habitent une grande maison avec un jardin. Dès son arrivée, il retrouve sa cousine Livia et ils jouent au ballon sous le soleil. Livia propose ensuite de fabriquer une cabane en empilant des couvertures sur des chaises. Leur tante prépare des cookies encore chauds que les enfants dégustent avec plaisir. Marco et Livia rient beaucoup en se racontant des histoires drôles dans leur cabane improvisée. Le soir venu, toute la famille regarde ensemble un film dans le salon. Quand ses parents viennent le chercher, Marco n'a vraiment pas envie de repartir.;;;;;;
24148;question;Chez qui Marco passe-t-il la journée ?;ses cousins;ses grands-parents;ses voisins;sa marraine;24147;L
24149;question;Où habitent les cousins de Marco ?;une grande maison avec jardin;un appartement en ville;une ferme;au bord de la mer;24147;L
24150;question;Comment s'appelle la cousine de Marco ?;Livia;Sofia;Inès;Zoé;24147;L
24151;question;À quoi jouent-ils dès l'arrivée de Marco ?;au ballon;aux cartes;aux billes;à la corde à sauter;24147;L
24152;question;Sous quoi jouent-ils au ballon ?;le soleil;un abri;un arbre;la pluie;24147;L
24153;question;Que propose Livia ensuite ?;fabriquer une cabane;aller à la piscine;faire du vélo;regarder la télévision;24147;L
24154;question;Avec quoi construisent-ils la cabane ?;des couvertures sur des chaises;des cartons;des coussins par terre;du bois;24147;L
24155;question;Que prépare la tante de Marco ?;des cookies;un gâteau;des crêpes;une tarte;24147;L
24156;question;Comment sont les cookies quand les enfants les gouttent ?;encore chauds;froids;un peu brûlés;trop durs;24147;L
24157;question;Que font Marco et Livia dans la cabane ?;ils se racontent des histoires drôles;ils font leurs devoirs;ils dorment;ils se disputent;24147;L
24158;question;Que fait la famille le soir ?;elle regarde un film;elle sort au restaurant;elle va se coucher tôt;elle joue aux cartes;24147;L
24159;question;Où regardent-ils le film ?;dans le salon;dans la cabane;dans le jardin;dans une chambre;24147;L
24160;question;Qui vient chercher Marco à la fin ?;ses parents;sa mamie;un voisin;personne, il rentre seul;24147;L
24161;question;Comment Marco se sent-il quand ses parents arrivent ?;il n'a pas envie de repartir;il est content de rentrer;il est fatigué et veut dormir;il est indifférent;24147;L
24162;question;Où se trouve le jardin dont il est question ?;chez les cousins de Marco;chez Marco;à l'école;au parc du quartier;24147;L
24163;question;Qui a fait les cookies ?;la tante de Marco;Livia;Marco;personne, ils les ont achetés;24147;L
24164;question;"Que veut dire ""improvisée"" dans le texte ?";faite rapidement, sans préparation;très solide et durable;achetée dans un magasin;cachée dans un coin secret;24147;V
24165;question;"Que veut dire ""dégustent"" dans le texte ?";mangent en appréciant le goût;avalent très vite;refusent de manger;partagent avec d'autres;24147;V
24166;question;Pourquoi Marco ne veut-il pas repartir à la fin de la journée ?;il a passé un très bon moment avec ses cousins;il s'est disputé avec ses parents;il a oublié quelque chose chez sa tante;il a peur de rentrer seul;24147;I
24167;question;Qu'est-ce qui montre que Marco et Livia s'entendent bien ?;ils jouent, rient et inventent des histoires ensemble;ils se disputent tout le temps;ils restent chacun de leur côté;ils ne se parlent presque pas;24147;I
24168;passage;Sofia part pique-niquer à la campagne un dimanche ensoleillé avec toute sa famille. Ils installent une grande nappe à carreaux à l'ombre d'un vieux chêne. Sofia croque avec plaisir dans un sandwich au fromage préparé par sa maman. Celle-ci découpe ensuite une pastèque bien sucrée en tranches épaisses pour tout le monde. Non loin de la, des vaches broutent calmement dans un pré entouré de fleurs. Sofia s'amuse à courir après des papillons multicolores qui volent au-dessus de l'herbe. Son papa sort sa guitare et joue quelques airs joyeux pendant que le soleil descend doucement. Fatiguée par sa journée, Sofia finit par s'endormir calmement dans l'herbe tendre.;;;;;;
24169;question;Quel jour Sofia pique-nique-t-elle ?;un dimanche ensoleillé;un lundi pluvieux;un jour de neige;un soir d'hiver;24168;L
24170;question;Où installent-ils la nappe ?;à l'ombre d'un vieux chêne;en plein soleil;sous une tente;au bord de l'eau;24168;L
24171;question;Comment est la nappe ?;à carreaux;unie et blanche;fleurie;à rayures;24168;L
24172;question;Que mange Sofia avec plaisir ?;un sandwich au fromage;une pizza;une soupe froide;un gâteau;24168;L
24173;question;Qui a préparé le sandwich ?;sa maman;son papa;sa mamie;Sofia elle-même;24168;L
24174;question;Que découpe la maman de Sofia ensuite ?;une pastèque;une pomme;un melon vert;une orange;24168;L
24175;question;Comment est la pastèque ?;bien sucrée;un peu acide;pas encore mure;trop dure;24168;L
24176;question;Comment la pastèque est-elle découpée ?;en tranches épaisses;en petits des;en jus;elle n'est pas découpée;24168;L
24177;question;Que font les vaches non loin de la ?;elles broutent calmement;elles courent partout;elles dorment;elles boivent dans une rivière;24168;L
24178;question;Qu'entoure le pré des vaches ?;des fleurs;une clôture en bois;une rivière;des arbres fruitiers;24168;L
24179;question;À quoi Sofia s'amuse-t-elle ?;courir après des papillons;sauter à la corde;jouer au ballon;construire un château;24168;L
24180;question;Comment sont les papillons ?;multicolores;tout noirs;tout blancs;invisibles;24168;L
24181;question;Où volent les papillons ?;au-dessus de l'herbe;dans la maison;sous la nappe;loin du pique-nique;24168;L
24182;question;Que sort le papa de Sofia ?;sa guitare;un ballon;un livre;un appareil photo;24168;L
24183;question;Que fait le papa avec sa guitare ?;il joue des airs joyeux;il la range tout de suite;il la donne à Sofia;il chante sans jouer;24168;L
24184;question;Que fait le soleil pendant que le papa joue ?;il descend doucement;il se cache derrière un nuage;il tape très fort;il disparaît déjà;24168;L
24185;question;"Que veut dire ""calmement"" dans le texte ?";calmement, sans agitation;brutalement;rapidement, en courant;avec de la peur;24168;V
24186;question;"Que veut dire ""entoure"" dans le texte ?";se trouve tout autour;est loin de;est caché sous;est au-dessus de;24168;V
24187;question;Pourquoi Sofia s'endort-elle à la fin de la journée ?;elle est fatiguée par une journée active et agréable;elle est malade;elle s'ennuie beaucoup;il fait très froid dehors;24168;I
24188;question;Qu'est-ce qui montre que la famille de Sofia passe un bon moment ensemble ?;chacun profite du pique-nique et de la musique;ils se disputent pour la nourriture;ils veulent rentrer très vite;personne ne parle pendant le repas;24168;I
24189;passage;Elias se rend à la plage avec son cerf-volant rouge et jaune tout neuf. Ce jour-là, un vent fort souffle depuis la mer, idéal pour faire voler un cerf-volant. Elias court sur le sable en tenant fermement la ficelle tendue. Peu à peu, le cerf-volant s'élève et monte très haut dans le ciel bleu. Sa soeur applaudit et l'encourage depuis sa serviette de plage. Un petit chien noir court gaiement autour d'eux en aboyant. Elias maintient fermement la ficelle malgré les rafales qui secouent le cerf-volant. Quand il rentre chez lui, Elias est très fier de son exploit.;;;;;;
24190;question;Où Elias se rend-il avec son cerf-volant ?;à la plage;au parc;en montagne;dans son jardin;24189;L
24191;question;De quelles couleurs est le cerf-volant ?;rouge et jaune;bleu et blanc;vert et noir;rose et violet;24189;L
24192;question;D'ou souffle le vent ce jour-là ?;depuis la mer;depuis la montagne;il n'y à pas de vent;depuis la ville;24189;L
24193;question;Comment est le vent ce jour-là ?;fort;très faible;absent;glacial;24189;L
24194;question;Que fait Elias sur le sable ?;il court en tenant la ficelle;il marche lentement;il s'assoit;il construit un château;24189;L
24195;question;Que fait le cerf-volant peu à peu ?;il s'élève très haut;il reste au sol;il tombe dans l'eau;il se déchire;24189;L
24196;question;De quelle couleur est le ciel ?;bleu;gris;orange;couvert de nuages noirs;24189;L
24197;question;Qui applaudit Elias ?;sa soeur;son papa;sa mamie;sa maîtresse;24189;L
24198;question;D'ou sa soeur regarde-t-elle Elias ?;depuis sa serviette de plage;depuis la maison;depuis l'eau;elle ne le regarde pas;24189;L
24199;question;Quel animal court autour d'eux ?;un petit chien noir;un chat;un oiseau;un crabe;24189;L
24200;question;Que fait le chien en courant ?;il aboie gaiement;il reste silencieux;il a peur;il dort;24189;L
24201;question;Que fait Elias malgré les rafales ?;il maintient fermement la ficelle;il lâche le cerf-volant;il rentre tout de suite;il pleure;24189;L
24202;question;Que font les rafales au cerf-volant ?;elles le secouent;elles le font tomber;rien du tout;elles le déchirent;24189;L
24203;question;Comment Elias se sent-il en rentrant chez lui ?;très fier;déçu;fatigué et triste;indifférent;24189;L
24204;question;Qu'est-ce qui rend ce jour idéal pour un cerf-volant ?;le vent fort qui souffle;l'absence de vent;la pluie;la chaleur;24189;L
24205;question;Comment est le cerf-volant d'Elias ?;tout neuf;vieux et abîmé;emprunté à un ami;fait maison;24189;L
24206;question;"Que veut dire ""rafales"" dans le texte ?";des coups de vent soudains et forts;des vagues;des nuages noirs;des bruits forts;24189;V
24207;question;"Que veut dire ""exploit"" dans le texte ?";une réussite dont on est fier;un échec;une erreur;un accident;24189;V
24208;question;Pourquoi Elias tient-il si fermement la ficelle ?;pour que le vent ne lui arrache pas le cerf-volant;parce que la ficelle est fragile;pour impressionner sa soeur;parce qu'il a peur du chien;24189;I
24209;question;Qu'est-ce qui montre que la sortie est une réussite pour Elias ?;il rentre très fier de lui;il perd son cerf-volant à la fin;il pleure en rentrant;il ne veut plus jamais recommencer;24189;I
24210;passage;Greta accompagne son papi en forêt pour cueillir des champignons, un matin d'automne brumeux. Elle porte un panier en osier accroche à son bras. Papi lui explique comment reconnaître les bons champignons des mauvais. Sous un vieux chêne, Greta découvre un énorme cèpe cache dans les feuilles mortes. Un oiseau chante quelque part au-dessus d'eux pendant qu'ils avancent lentement entre les arbres. Greta ramasse aussi plusieurs châtaignes tombées au sol, encore dans leur bogue piquante. Au fil de la promenade, son panier devient de plus en plus lourd à porter. De retour à la maison, Greta est très fière de montrer sa récolte à toute la famille.;;;;;;
24211;question;Où Greta va-t-elle avec son papi ?;en forêt;au marche;au jardin;à la plage;24210;L
24212;question;Quand se passe cette sortie ?;un matin d'automne;un soir d'été;en plein hiver;au printemps;24210;L
24213;question;Comment est la matinée ?;brumeuse;ensoleillée;pluvieuse;venteuse;24210;L
24214;question;Que porte Greta ?;un panier en osier;un sac à dos;une boite en carton;un seau;24210;L
24215;question;Que lui explique papi ?;reconnaître les bons champignons;faire du feu;planter des arbres;pécher;24210;L
24216;question;Où Greta trouve-t-elle un énorme cèpe ?;sous un vieux chêne;près d'un ruisseau;dans l'herbe;sur un rocher;24210;L
24217;question;Où est caché le cèpe ?;dans les feuilles mortes;sous une pierre;dans un trou;en pleine vue;24210;L
24218;question;Qu'entend-on au-dessus d'eux ?;un oiseau qui chante;le vent qui souffle fort;une rivière;rien du tout;24210;L
24219;question;Comment avancent-ils dans la forêt ?;lentement entre les arbres;en courant;à vélo;en voiture;24210;L
24220;question;Que ramasse aussi Greta ?;des châtaignes;des noisettes;des glands;des champignons vénéneux;24210;L
24221;question;Où sont les châtaignes ?;tombées au sol dans leur bogue;encore dans l'arbre;dans le panier de papi;cachées sous des feuilles seulement;24210;L
24222;question;Comment est la bogue des châtaignes ?;piquante;toute lisse;molle;collante;24210;L
24223;question;Que devient le panier au fil de la promenade ?;de plus en plus lourd;de plus en plus léger;vide;casse;24210;L
24224;question;Que fait Greta en rentrant à la maison ?;elle montre sa récolte;elle cache le panier;elle jette les champignons;elle repart aussitôt;24210;L
24225;question;Comment Greta se sent-elle en montrant sa récolte ?;très fière;gênée;indifférente;déçue;24210;L
24226;question;À qui Greta montre-t-elle sa récolte ?;toute la famille;personne;seulement papi;ses amis;24210;L
24227;question;"Que veut dire ""brumeux"" dans le texte ?";couvert d'une légère brume;très ensoleillé;glacial;venteux;24210;V
24228;question;"Que veut dire ""récolte"" dans le texte ?";ce qu'on a ramassé ou cueilli;un repas complet;un jeu;une promenade;24210;V
24229;question;Pourquoi papi explique-t-il à Greta comment reconnaître les champignons ?;pour qu'elle ne ramasse pas de champignons dangereux;pour qu'elle apprenne à cuisiner;pour qu'elle devienne jardinière;pour l'occuper pendant la promenade;24210;I
24230;question;Qu'est-ce qui montre que la cueillette a été une réussite ?;le panier devient lourd et Greta est fière;Greta rentre les mains vides;papi est déçu du résultat;Greta ne trouve rien du tout;24210;I
24231;passage;Oskar se réveille un matin et découvre un épais tapis de neige blanche recouvrant le jardin. Tout excite, il enfile rapidement ses bottes fourrées et son gros bonnet de laine. Dehors, Oskar et son frère fabriquent des boules de neige bien compactes pour se les lancer. Ensuite, ils grimpent sur une petite pente et glissent en riant jusqu'en bas. Un merle rouge se pose sur une branche couverte de givre, juste au-dessus d'eux. Après un moment, Oskar sent ses mains devenir toutes rouges de froid malgré ses gants. Sa maman lui prépare alors un grand bol de chocolat chaud dès qu'il rentre. Oskar termine cette journée enneigée complètement ravi.;;;;;;
24232;question;Que découvre Oskar en se réveillant ?;un tapis de neige blanche;de la pluie;un jardin fleuri;du brouillard;24231;L
24233;question;Où se trouve la neige ?;dans le jardin;seulement sur la route;sur le toit uniquement;il n'y à pas de neige;24231;L
24234;question;Comment Oskar se sent-il en voyant la neige ?;tout excité;indifférent;en colère;fatigué;24231;L
24235;question;Que met Oskar avant de sortir ?;des bottes fourrées et un bonnet;un maillot de bain;des sandales;une casquette;24231;L
24236;question;Avec qui Oskar joue-t-il dehors ?;son frère;sa mamie;sa classe;son chien;24231;L
24237;question;Que fabriquent-ils ?;des boules de neige compactes;un igloo;un bonhomme de neige;un château de glace;24231;L
24238;question;Sur quoi grimpent-ils ensuite ?;une petite pente;un toit;un arbre;une échelle;24231;L
24239;question;Comment glissent-ils en bas de la pente ?;en riant;en pleurant;en silence;avec prudence et peur;24231;L
24240;question;Où se pose le merle rouge ?;sur une branche couverte de givre;sur la tête d'Oskar;sur le toit;sur la neige;24231;L
24241;question;Que ressent Oskar après un moment dehors ?;ses mains deviennent rouges de froid;il a très chaud;il a soif;il a sommeil;24231;L
24242;question;Que porte Oskar aux mains ?;des gants;rien du tout;des moufles en laine seulement dans le texte;des bottes;24231;L
24243;question;Que prépare la maman d'Oskar ?;un chocolat chaud;une soupe;un thé;un jus d'orange;24231;L
24244;question;Quand la maman prépare-t-elle le chocolat ?;dès qu'il rentre;avant qu'il sorte;le lendemain;elle ne le prépare pas;24231;L
24245;question;Comment Oskar termine-t-il sa journée ?;complètement ravi;très triste;fâche;malade;24231;L
24246;question;De quelle couleur est la neige ?;blanche;grise;bleue;jaune;24231;L
24247;question;Que font Oskar et son frère avec les boules de neige ?;ils se les lancent;ils les mangent;ils les cachent;ils les gardent au congélateur;24231;L
24248;question;"Que veut dire ""givre"" dans le texte ?";une fine couche de glace sur les branches;de la pluie fine;du sable blanc;de la brume épaisse;24231;V
24249;question;"Que veut dire ""compactes"" dans le texte ?";serrées et dures;molles et fondantes;toutes petites;invisibles;24231;V
24250;question;Pourquoi les mains d'Oskar deviennent-elles rouges ?;à cause du froid intense dehors;il s'est fait mal;il a trop serré les boules de neige;il a une allergie;24231;I
24251;question;Qu'est-ce qui montre qu'Oskar a passé une excellente journée ?;il termine la journée complètement ravi;il pleure en rentrant;il refuse de ressortir le lendemain;il se plaint tout du long;24231;I
24252;passage;Chiara fête son anniversaire à la maison, entourée de sa famille et de ses amis. Sa maman a préparé un énorme gâteau au chocolat décore de fraises fraîches. Chiara souffle ses huit bougies d'un seul coup, sous les applaudissements de tous. Ses amis lui offrent des cadeaux colorés, emballés dans du papier brillant. Dans le jardin, les enfants organisent une partie de cache-cache endiablée. Parmi ses cadeaux, Chiara découvre avec joie un livre qu'elle voulait depuis longtemps. Toute la soirée, on chante et on danse dans le salon. Chiara garde de cette journée un souvenir merveilleux.;;;;;;
24253;question;Où Chiara fête-t-elle son anniversaire ?;à la maison;au restaurant;à l'école;au parc;24252;L
24254;question;Qui entoure Chiara ce jour-là ?;sa famille et ses amis;seulement ses parents;sa classe entière;personne, elle est seule;24252;L
24255;question;Quel gâteau a préparé la maman de Chiara ?;un gâteau au chocolat;un gâteau aux fraises;une tarte aux pommes;des cookies;24252;L
24256;question;Comment est décoré le gâteau ?;avec des fraises fraîches;avec des bonbons;avec des bougies seulement;il n'est pas décore;24252;L
24257;question;Combien de bougies Chiara souffle-t-elle ?;huit;six;dix;sept;24252;L
24258;question;Comment Chiara souffle-t-elle les bougies ?;d'un seul coup;en plusieurs fois;elle n'y arrive pas;avec l'aide de sa maman;24252;L
24259;question;Que se passe-t-il quand elle souffle les bougies ?;tout le monde applaudit;tout le monde reste silencieux;les lumières s'éteignent;on chante d'abord;24252;L
24260;question;Que lui offrent ses amis ?;des cadeaux colorés;des fleurs;des bonbons;de l'argent;24252;L
24261;question;Comment sont emballés les cadeaux ?;dans du papier brillant;dans un sac en tissu;ils ne sont pas emballés;dans une boite en bois;24252;L
24262;question;Où les enfants jouent-ils à caché-cache ?;dans le jardin;dans le salon;à l'école;au parc;24252;L
24263;question;Comment est la partie de cache-cache ?;endiablée;très calme;ennuyeuse;courte;24252;L
24264;question;Que découvre Chiara parmi ses cadeaux ?;un livre qu'elle voulait;un jouet électronique;des vêtements;un animal;24252;L
24265;question;Depuis quand Chiara voulait-elle ce livre ?;depuis longtemps;depuis la veille;elle ne le voulait pas vraiment;elle ne le connaissait pas;24252;L
24266;question;Que fait-on toute la soirée ?;on chante et on danse;on regarde un film;on dort tôt;on range la maison;24252;L
24267;question;Où chante-t-on et danse-t-on ?;dans le salon;dans le jardin;dans la cuisine;dehors dans la rue;24252;L
24268;question;Quel souvenir Chiara garde-t-elle de cette journée ?;un souvenir merveilleux;un souvenir moyen;aucun souvenir particulier;un souvenir un peu triste;24252;L
24269;question;"Que veut dire ""endiablée"" dans le texte ?";très animée et joyeuse;très calme et silencieuse;dangereuse;ennuyeuse;24252;V
24270;question;"Que veut dire ""entourée"" dans le texte ?";accompagnée de personnes autour d'elle;seule dans une pièce;loin de tous;cachée quelque part;24252;V
24271;question;Pourquoi tout le monde applaudit-il quand Chiara souffle les bougies ?;c'est une façon de féliciter et célébrer avec elle;elle a gagné un jeu;elle a fait une erreur amusante;c'est la fin de la fête;24252;I
24272;question;Qu'est-ce qui montre que cette fête à beaucoup plu à Chiara ?;elle garde un souvenir merveilleux de cette journée;elle oublie vite cette journée;elle est pressée que ça se termine;elle préfère ses anniversaires précédents;24252;I
24273;passage;Chaque mercredi, Liam se rend à la bibliothèque du quartier avec sa maman. Ce jour-là, il cherche activement un livre passionnant sur les dinosaures. La bibliothécaire, très serviable, l'aide à trouver plusieurs ouvrages illustrés sur ce thème. Liam s'installe confortablement dans un grand fauteuil près de la fenêtre pour commencer sa lecture. Il plonge dans une histoire de dragons pleine d'aventures et de rebondissements. Non loin de lui, un autre garçon lit tranquillement une bande dessinée. Avant de repartir, Liam choisit trois livres qu'il emporte chez lui avec impatience. Il a déjà hâte de retrouver son fauteuil favori pour continuer sa lecture.;;;;;;
24274;question;Quel jour Liam va-t-il à la bibliothèque ?;le mercredi;le lundi;le samedi;le dimanche;24273;L
24275;question;Avec qui y va-t-il ?;sa maman;son papa;sa classe;sa mamie;24273;L
24276;question;Où se situe cette bibliothèque ?;dans le quartier;au centre-ville uniquement;à l'école;dans une autre ville;24273;L
24277;question;Que cherche Liam ce jour-là ?;un livre sur les dinosaures;un jeu vidéo;un cahier;un jouet;24273;L
24278;question;Qui l'aide à trouver un livre ?;la bibliothécaire;sa maman;son ami;la maîtresse;24273;L
24279;question;Comment est la bibliothécaire ?;très serviable;impatiente;fatiguée;distraite;24273;L
24280;question;Combien d'ouvrages la bibliothécaire aide-t-elle à trouver ?;plusieurs;un seul;aucun;dix;24273;L
24281;question;Où Liam s'installe-t-il pour lire ?;un grand fauteuil près de la fenêtre;une chaise en bois;le sol;une table haute;24273;L
24282;question;Quelle histoire Liam lit-il ?;une histoire de dragons;une histoire de princesses;une histoire de pirates;une histoire de robots;24273;L
24283;question;Comment est cette histoire ?;pleine d'aventures et de rebondissements;très courte et simple;triste du début à la fin;sans aucune surprise;24273;L
24284;question;Que fait un autre garçon non loin de Liam ?;il lit une bande dessinée;il joue bruyamment;il dort;il cherche un livre lui aussi;24273;L
24285;question;Comment ce garçon lit-il ?;tranquillement;en pleurant;en courant;en chantant;24273;L
24286;question;Combien de livres Liam choisit-il avant de partir ?;trois;deux;quatre;un;24273;L
24287;question;Comment Liam emporte-t-il ses livres ?;avec impatience;à contrecoeur;sans y penser;en les oubliant presque;24273;L
24288;question;Qu'a hâte de faire Liam ensuite ?;retrouver son fauteuil favori;retourner à l'école;rendre les livres tout de suite;regarder la télévision;24273;L
24289;question;Où se trouve le fauteuil favori de Liam ?;à la bibliothèque;chez lui;à l'école;chez sa mamie;24273;L
24290;question;"Que veut dire ""serviable"" dans le texte ?";toujours prête à aider;toujours pressée;peu aimable;très sévère;24273;V
24291;question;"Que veut dire ""rebondissements"" dans le texte ?";des rebondissements de l'histoire, des surprises;des chutes physiques;des personnages;des chapitres;24273;V
24292;question;Pourquoi Liam choisit-il un livre sur les dinosaures ?;ce sujet le passionne visiblement;sa maman le lui impose;c'est le seul livre disponible;il n'aime pas vraiment ce sujet;24273;I
24293;question;Qu'est-ce qui montre que Liam aime beaucoup lire ?;il a hâte de retrouver son fauteuil pour lire encore;il rend ses livres sans les ouvrir;il préfère jouer dehors;il oublie souvent d'aller à la bibliothèque;24273;I
24294;passage;Amelia va à la piscine municipale chaque samedi matin avec son papa. Dès son arrivée, elle enfile son maillot de bain rose préféré. Sans hésiter, Amelia saute dans le grand bassin et commence à s'exercer à nager. Son papa la regarde depuis le bord, fier de voir ses progrès rapides. Amelia glisse ensuite plusieurs fois sur le grand toboggan bleu, en riant à chaque descente. Un maître nageur surveille attentivement tous les enfants qui jouent dans l'eau. Après la séance, Amelia mange une glace au chocolat sur une chaise longue. Fatiguée mais très heureuse, elle a hâte de revenir la semaine suivante.;;;;;;
24295;question;Où Amelia va-t-elle chaque samedi ?;à la piscine municipale;au parc;à l'école;au zoo;24294;L
24296;question;Avec qui y va-t-elle ?;son papa;sa maman;sa classe;sa mamie;24294;L
24297;question;Que fait Amelia dès son arrivée ?;elle enfile son maillot de bain;elle mange;elle s'assoit au bord;elle repart tout de suite;24294;L
24298;question;De quelle couleur est son maillot ?;rose;bleu;vert;jaune;24294;L
24299;question;Que fait Amelia sans hésiter ?;elle saute dans le grand bassin;elle attend au bord;elle pleure;elle demande de l'aide;24294;L
24300;question;À quoi Amelia s'exerce-t-elle ?;nager;plonger du plongeoir;faire des sauts;flotter seulement;24294;L
24301;question;D'ou son papa la regarde-t-il ?;depuis le bord;depuis la voiture;il ne la regarde pas;depuis les vestiaires;24294;L
24302;question;Comment son papa se sent-il en la regardant ?;fier;inquiet;ennuyé;indifférent;24294;L
24303;question;Sur quoi Amelia glisse-t-elle ensuite ?;le grand toboggan bleu;un petit toboggan;une corde;un plongeoir;24294;L
24304;question;Que fait Amelia à chaque descente du toboggan ?;elle rit;elle pleure;elle a peur;elle reste silencieuse;24294;L
24305;question;Qui surveille les enfants dans l'eau ?;un maître nageur;le papa d'Amelia;personne;un autre enfant;24294;L
24306;question;Comment le maître nageur surveille-t-il ?;attentivement;distraitement;de loin sans vraiment regarder;il ne surveille pas;24294;L
24307;question;Que mange Amelia après la séance ?;une glace au chocolat;un fruit;un sandwich;rien du tout;24294;L
24308;question;Où Amelia mange-t-elle sa glace ?;sur une chaise longue;dans l'eau;dans la voiture;au vestiaire;24294;L
24309;question;Comment Amelia se sent-elle à la fin ?;fatiguée mais très heureuse;triste;malade;en colère;24294;L
24310;question;Qu'a hâte de faire Amelia ?;revenir la semaine suivante;ne plus jamais nager;changer d'activité;rentrer tout de suite;24294;L
24311;question;"Que veut dire ""attentivement"" dans le texte ?";avec beaucoup d'attention;sans faire attention;rapidement;de loin;24294;V
24312;question;"Que veut dire ""progrès"" dans le texte ?";amélioration dans ce qu'on apprend;des erreurs répétées;de la fatigue;de la peur;24294;V
24313;question;Pourquoi le papa d'Amelia est-il fier ?;il voit qu'elle progresse vite en natation;elle a gagné une compétition;elle a offert un cadeau;elle a bien rangé ses affaires;24294;I
24314;question;Qu'est-ce qui montre qu'Amelia aime beaucoup la piscine ?;elle a hâte d'y retourner la semaine suivante;elle demande à ne plus y aller;elle reste toujours au bord sans se baigner;elle s'ennuie tout le temps;24294;I
24315;passage;Mateo part faire une longue balade à vélo avec sa maman, le long de la rivière. Avant de partir, il attache soigneusement son casque bleu sous son menton. Pendant le trajet, Mateo observe des canards qui nagent tranquillement près de la berge. Un peu essouffle, il s'arrête pour boire une gorgée d'eau fraîche de sa gourde. Une côte assez raide se dresse ensuite devant eux, ce qui fatigue beaucoup Mateo. Sa maman l'encourage gentiment, en lui rappelant qu'il est presque arrive en haut. Avec un dernier effort, Mateo atteint enfin le sommet de la côte. Il se sent extrêmement fier d'avoir tenu bon jusqu'au bout.;;;;;;
24316;question;Avec qui Mateo fait-il du vélo ?;sa maman;son papa;sa classe;son frère;24315;L
24317;question;Le long de quoi roulent-ils ?;la rivière;la route principale;la forêt;la plage;24315;L
24318;question;Que fait Mateo avant de partir ?;il attache son casque;il gonfle ses pneus;il mange;il change de vêtements;24315;L
24319;question;De quelle couleur est le casque de Mateo ?;bleu;rouge;vert;noir;24315;L
24320;question;Que Mateo observe-t-il pendant le trajet ?;des canards;des poissons;des cygnes;des grenouilles;24315;L
24321;question;Où nagent les canards ?;près de la berge;au milieu de la rivière;loin d'eux;dans un lac;24315;L
24322;question;Pourquoi Mateo s'arrête-t-il ?;il est essoufflé et boit de l'eau;il a crevé un pneu;il a oublié quelque chose;il veut faire une pause photo;24315;L
24323;question;Que se dresse devant eux ensuite ?;une côte raide;un pont casse;une rivière à traverser;un champ boueux;24315;L
24324;question;Comment Mateo se sent-il face à cette côte ?;fatigué;plein d'énergie;indifférent;amusé;24315;L
24325;question;Que fait la maman de Mateo ?;elle l'encourage gentiment;elle continue sans l'attendre;elle le gronde;elle rentre à la maison;24315;L
24326;question;Que lui rappelle sa maman ?;qu'il est presque en haut;qu'il doit rentrer tout de suite;qu'il faut faire demi-tour;qu'il roule trop vite;24315;L
24327;question;Comment Mateo atteint-il le sommet ?;avec un dernier effort;très facilement;en marchant à côté du vélo;en abandonnant puis recommençant;24315;L
24328;question;Comment Mateo se sent-il en haut ?;extrêmement fier;déçu;en colère;malade;24315;L
24329;question;Qu'à-t-il fallu à Mateo pour réussir la côte ?;tenir bon jusqu'au bout;abandonner;l'aide de sa maman pour pousser le vélo;s'arrêter définitivement;24315;L
24330;question;Que porte Mateo pour se protéger ?;un casque;des genouillères;un gilet;rien du tout;24315;L
24331;question;Quel moyen de transport Mateo utilise-t-il pour cette balade ?;le vélo;la trottinette;les rollers;la marche à pied;24315;L
24332;question;"Que veut dire ""essouffle"" dans le texte ?";à bout de souffle après un effort;très en forme;endormi;malade;24315;V
24333;question;"Que veut dire ""se dresse"" dans le texte ?";se trouve, apparaît devant eux;disparaît;s'écroule;recule;24315;V
24334;question;Pourquoi la maman de Mateo l'encourage-t-elle dans la côte ?;pour l'aider à ne pas abandonner;pour le faire aller plus vite que nécessaire;pour le punir de s'être arrête;parce qu'elle est pressée de rentrer;24315;I
24335;question;Qu'est-ce qui montre que Mateo est persévérant ?;il continue malgré la fatigue et atteint le sommet;il abandonne des la première difficulté;il demande à rentrer à mi-chemin;il refuse de refaire du vélo ensuite;24315;I
24336;passage;Freya découvre une cabane secrète dans les bois en jouant avec ses amis. Construite avec des branches et des feuilles, la cabane possède une petite porte basse. à l'intérieur, les enfants trouvent une table en bois fabriquée par un ancien visiteur. Ses amis apportent alors des coussins moelleux pour rendre l'endroit plus confortable. Un écureuil curieux les observe de loin, cache derrière le tronc d'un arbre. Freya décide de décorer les murs avec des dessins et des fleurs séchées. Chaque jour après l'école, les enfants reviennent dans leur refuge secret. Freya adore par-dessus tout cet endroit rien qu'à eux.;;;;;;
24337;question;Où Freya découvre-t-elle une cabane ?;dans les bois;dans son jardin;à l'école;à la plage;24336;L
24338;question;Avec qui joue-t-elle quand elle la découvre ?;ses amis;sa famille;sa classe;personne;24336;L
24339;question;En quoi est construite la cabane ?;des branches et des feuilles;du carton;des pierres;du métal;24336;L
24340;question;Comment est la porte de la cabane ?;petite et basse;grande et large;il n'y à pas de porte;très haute;24336;L
24341;question;Que trouvent les enfants à l'intérieur ?;une table en bois;un lit;une cuisine;rien du tout;24336;L
24342;question;Qui a fabriqué la table ?;un ancien visiteur;Freya;personne, elle était déjà la avant tout le monde;un menuisier professionnel;24336;L
24343;question;Que apportent les amis de Freya ?;des coussins moelleux;des couvertures;des lampes;des livres;24336;L
24344;question;Pourquoi apportent-ils des coussins ?;pour rendre l'endroit confortable;pour dormir la nuit;pour se protéger du froid;pour jouer avec;24336;L
24345;question;Quel animal les observe de loin ?;un écureuil;un oiseau;un renard;un lapin;24336;L
24346;question;Où se cache l'écureuil ?;derrière le tronc d'un arbre;dans la cabane;sous la table;sur le toit;24336;L
24347;question;Que décide de faire Freya ?;décorer les murs;détruire la cabane;vendre la cabane;cacher la cabane;24336;L
24348;question;Avec quoi Freya décore-t-elle les murs ?;des dessins et des fleurs séchées;de la peinture seulement;des photos;rien de particulier;24336;L
24349;question;Quand les enfants reviennent-ils dans la cabane ?;chaque jour après l'école;seulement le week-end;une fois par mois;jamais plus;24336;L
24350;question;Comment Freya appelle-t-elle cet endroit ?;leur refuge secret;un endroit dangereux;une cabane abandonnée;un endroit ennuyeux;24336;L
24351;question;Comment Freya trouve-t-elle cet endroit ?;elle l'adore par-dessus tout;elle en a un peu peur;elle s'y ennuie;elle est déçue;24336;L
24352;question;Qu'est-ce qui rend la cabane spéciale pour Freya ?;c'est un endroit rien qu'à eux;elle est très grande;elle est visible de partout;elle appartient à un adulte;24336;L
24353;question;"Que veut dire ""moelleux"" dans le texte ?";doux et confortable;dur et rigide;froid;mouillé;24336;V
24354;question;"Que veut dire ""refuge"" dans le texte ?";un endroit ou l'on se sent bien et en sécurité;un endroit dangereux;un endroit interdit;un endroit très bruyant;24336;V
24355;question;Pourquoi Freya décore-t-elle la cabane ?;pour se l'approprier et la rendre agréable;parce qu'un adulte le lui demande;pour la vendre ensuite;par obligation de l'école;24336;I
24356;question;Qu'est-ce qui montre que la cabane compte beaucoup pour les enfants ?;ils y reviennent chaque jour après l'école;ils l'oublient rapidement;ils n'y retournent jamais;ils la détruisent à la fin;24336;I
24357;passage;Antoine promène son chien Rex dans le grand parc près de chez lui, comme chaque soir. Soudain, Rex aperçoit un chat noir et se met à courir à toute vitesse. Antoine court derrière lui en criant son nom, mais Rex disparaît entre les buissons. Pris de panique, Antoine cherche partout et appelle son chien de plus en plus fort. Une dame promenant elle aussi son chien finit par retrouver Rex près d'une fontaine. Elle le ramène doucement à Antoine, qui n'en croit pas ses yeux de soulagement. Antoine serre très fort son chien dans ses bras, soulage de l'avoir retrouvé. Depuis ce jour, il attache toujours la laisse plus solidement.;;;;;;
24358;question;Comment s'appelle le chien d'Antoine ?;Rex;Milo;Max;Fido;24357;L
24359;question;Où Antoine promène-t-il son chien ?;dans un grand parc;à la plage;en forêt;dans la rue;24357;L
24360;question;Quand Antoine promène-t-il habituellement son chien ?;chaque soir;seulement le week-end;une fois par mois;jamais d'habitude;24357;L
24361;question;Qu'aperçoit Rex soudainement ?;un chat noir;un os;un autre chien;un oiseau;24357;L
24362;question;Que fait Rex en voyant le chat ?;il se met à courir très vite;il aboie sans bouger;il a peur et se cache;il continue sa promenade normalement;24357;L
24363;question;Que fait Antoine quand Rex disparaît ?;il cherche partout et l'appelle;il rentre chez lui;il pleure sans bouger;il demande à un policier;24357;L
24364;question;Où Rex disparaît-il ?;entre les buissons;sous une voiture;dans une maison;dans l'eau;24357;L
24365;question;Comment se sent Antoine pendant la recherche ?;pris de panique;très calme;indifférent;amusé;24357;L
24366;question;Qui retrouve Rex ?;une dame promenant son chien;un policier;un autre enfant;personne;24357;L
24367;question;Où retrouve-t-on Rex ?;près d'une fontaine;sous un arbre;près du toboggan;dans une poubelle;24357;L
24368;question;Que fait la dame en retrouvant Rex ?;elle le ramène à Antoine;elle le garde;elle appelle la police;elle le laisse partir seul;24357;L
24369;question;Comment Antoine réagit-il en retrouvant Rex ?;il n'en croit pas ses yeux de soulagement;il est indifférent;il gronde son chien;il repart sans le prendre;24357;L
24370;question;Que fait Antoine avec son chien retrouve ?;il le serre très fort dans ses bras;il le gronde longuement;il repart sans le regarder;il le laisse tranquille;24357;L
24371;question;Comment Antoine se sent-il après avoir retrouvé Rex ?;soulagé;toujours inquiet;en colère contre le chien;indifférent;24357;L
24372;question;Que fait Antoine différemment depuis cet épisode ?;il attache la laisse plus solidement;il ne promène plus Rex;il achète un autre chien;il reste toujours à la maison;24357;L
24373;question;Que crie Antoine en courant derrière Rex ?;le nom de son chien;au secours;reviens vite;rien, il court en silence;24357;L
24374;question;"Que veut dire ""panique"" dans le texte ?";une peur soudaine et intense;une grande joie;une envie de dormir;un ennui profond;24357;V
24375;question;"Que veut dire ""soulage"" dans le texte ?";libère d'une inquiétude;encore plus inquiet;fâche;fatigué;24357;V
24376;question;Pourquoi Antoine attache-t-il désormais la laisse plus solidement ?;pour éviter que Rex ne s'échappe à nouveau;parce que Rex est devenu plus fort;parce que la dame le lui a demandé;parce que la laisse était cassée avant;24357;I
24377;question;Qu'est-ce qui montre qu'Antoine tient beaucoup à son chien ?;sa panique quand il le perd et son soulagement quand il le retrouve;il ne cherche pas longtemps Rex;il est indifférent à sa disparition;il en profite pour rentrer plus tôt;24357;I
24378;passage;Zoé fait sa rentrée des classes ce matin, un peu nerveuse mais surtout impatiente. Elle porte fièrement son nouveau cartable violet, achète spécialement pour l'occasion. Dans la cour, Zoé retrouve avec joie ses copains qu'elle n'avait pas vus depuis l'été. Sa nouvelle maîtresse, madame Dubois, accueille chaleureusement chaque élève à l'entrée de la classe. Zoé découvre sa nouvelle salle, décorée de dessins colorés accroches aux murs. Elle range soigneusement ses crayons et ses cahiers dans sa trousse neuve. A la récréation, Zoé s'amuse à la corde à sauter avec ses amies. Le soir venu, Zoé raconte sa journée avec enthousiasme à toute sa famille.;;;;;;
24379;question;Quel jour se passe l'histoire ?;le jour de la rentrée;un jour de vacances;un dimanche;un jour de neige;24378;L
24380;question;Comment Zoé se sent-elle ce matin-là ?;un peu nerveuse mais impatiente;très triste;en colère;totalement indifférente;24378;L
24381;question;Que porte Zoé ?;un nouveau cartable violet;un sac à dos rouge;une valise;un panier;24378;L
24382;question;Pourquoi ce cartable à-t-il été achète ?;spécialement pour la rentrée;il appartenait à sa soeur;elle l'a trouvé dans un placard;c'est un cadeau surprise;24378;L
24383;question;Où Zoé retrouve-t-elle ses copains ?;dans la cour;dans le bus;à la cantine;chez elle;24378;L
24384;question;Depuis quand Zoé n'avait-elle pas vu ses copains ?;depuis l'été;depuis la veille;depuis une semaine;elle les voit tous les jours;24378;L
24385;question;Comment s'appelle la nouvelle maîtresse ?;madame Dubois;madame Petit;madame Roy;madame Simon;24378;L
24386;question;Comment la maîtresse accueille-t-elle les élèves ?;chaleureusement;froidement;avec impatience;sans les regarder;24378;L
24387;question;Comment est décorée la nouvelle salle de classe ?;avec des dessins colorés;elle n'est pas décorée;avec des photos de classe;avec des plantes;24378;L
24388;question;Que fait Zoé avec ses crayons et cahiers ?;elle les range dans sa trousse;elle les laisse sur la table;elle les donne à une amie;elle les oublie à la maison;24378;L
24389;question;Comment est la trousse de Zoé ?;neuve;vieille et abîmée;empruntée à sa soeur;elle n'a pas de trousse;24378;L
24390;question;À quoi Zoé joue-t-elle à la récréation ?;à la corde à sauter;au ballon;aux billes;à caché-cache;24378;L
24391;question;Avec qui joue-t-elle à la récréation ?;ses amies;seule;sa maîtresse;des enfants plus grands;24378;L
24392;question;Que fait Zoé le soir venu ?;elle raconte sa journée à sa famille;elle se couche sans rien dire;elle pleure;elle fait ses devoirs;24378;L
24393;question;Comment Zoé raconte-t-elle sa journée ?;avec enthousiasme;avec tristesse;sans intérêt;en pleurant;24378;L
24394;question;De quelle couleur est le cartable de Zoé ?;violet;rose;bleu;vert;24378;L
24395;question;"Que veut dire ""chaleureusement"" dans le texte ?";avec beaucoup de gentillesse;froidement;rapidement, sans s'arrêter;avec sévérité;24378;V
24396;question;"Que veut dire ""enthousiasme"" dans le texte ?";une grande joie et énergie positive;une grande fatigue;de la tristesse;de l'indifférence;24378;V
24397;question;Pourquoi Zoé est-elle à la fois nerveuse et impatiente ?;une rentrée apporte de la nouveauté et un peu d'inconnu;elle déteste l'école;elle a peur de sa maîtresse;elle a perdu ses affaires;24378;I
24398;question;Qu'est-ce qui montre que la journée de Zoé s'est bien passée ?;elle raconte sa journée avec enthousiasme le soir;elle refuse de parler de sa journée;elle pleure en rentrant;elle veut changer d'école;24378;I
24399;passage;Noah présente fièrement son expérience lors de l'exposition de sciences de son école. Avec l'aide de son papa, il a fabriqué un petit volcan en carton peint en gris. Devant un public attentif, Noah verse doucement du vinaigre sur du bicarbonate de soude. Une mousse orange spectaculaire jaillit alors du sommet du volcan, provoquant des cris d'admiration. Les autres élèves applaudissent chaleureusement cette expérience réussie et surprenante. La maîtresse félicite Noah pour son travail sérieux et sa belle présentation. En récompense, Noah reçoit un diplôme qu'il accroche fièrement dans sa chambre. Cette expérience lui donne désormais très envie de devenir scientifique plus tard.;;;;;;
24400;question;Que présente Noah lors de l'exposition ?;son expérience;un dessin;un poème;une chanson;24399;L
24401;question;Qui a aidé Noah à fabriquer son volcan ?;son papa;sa maman;la maîtresse;personne;24399;L
24402;question;En quoi est fait le volcan ?;en carton peint en gris;en pâte à modeler;en pierre;en papier mâche blanc;24399;L
24403;question;Que verse Noah sur le bicarbonate ?;du vinaigre;de l'eau;du sirop;du savon;24399;L
24404;question;Comment Noah verse-t-il le vinaigre ?;doucement;très vite;en le renversant par accident;en fermant les yeux;24399;L
24405;question;Que jaillit du sommet du volcan ?;une mousse orange;de la fumée noire;de l'eau claire;rien du tout;24399;L
24406;question;Comment est cette mousse ?;spectaculaire;discrète;invisible;toute petite;24399;L
24407;question;Que provoque cette mousse chez le public ?;des cris d'admiration;de l'indifférence;de la peur;des rires moqueurs;24399;L
24408;question;Comment les autres élèves réagissent-ils ?;ils applaudissent chaleureusement;ils s'ennuient;ils critiquent l'expérience;ils partent;24399;L
24409;question;Qui félicite Noah ?;la maîtresse;le directeur;sa maman;un journaliste;24399;L
24410;question;Pour quoi la maîtresse félicite-t-elle Noah ?;son travail sérieux et sa belle présentation;sa rapidité seulement;son costume;sa chance;24399;L
24411;question;Que reçoit Noah en récompense ?;un diplôme;une médaille;un livre;un jouet;24399;L
24412;question;Où Noah accroche-t-il son diplôme ?;dans sa chambre;dans la classe;chez sa mamie;il ne le garde pas;24399;L
24413;question;Comment Noah accroche-t-il son diplôme ?;fièrement;sans y faire attention;en cachette;avec déception;24399;L
24414;question;Que donne cette expérience envie à Noah de devenir ?;scientifique;cuisinier;sportif;musicien;24399;L
24415;question;À quelle occasion Noah présente-t-il son expérience ?;l'exposition de sciences de l'école;un anniversaire;une fête de fin d'année sans lien avec les sciences;un cours de sport;24399;L
24416;question;"Que veut dire ""spectaculaire"" dans le texte ?";impressionnant, qui attire le regard;discret et silencieux;dangereux;très lent;24399;V
24417;question;"Que veut dire ""jaillit"" dans le texte ?";sort brusquement et avec force;coule très doucement;reste immobile;disparaît;24399;V
24418;question;Pourquoi la mousse orange provoque-t-elle des cris d'admiration ?;l'effet visuel surprend et impressionne le public;les élèves ont peur d'une explosion;c'est la première expérience de la journée;personne ne s'attendait à une expérience;24399;I
24419;question;Qu'est-ce qui montre que Noah a pris cette expérience très au sérieux ?;il l'a préparée avec soin et en est fier;il l'a faite au dernier moment;il n'a pas voulu la présenter;il l'a copiée sur un ami;24399;I
24420;passage;Camille passe l'après-midi à cuisiner des crêpes avec sa grand-mère, comme chaque dimanche. Ensemble, elles mélangent avec soin la farine, les oeufs frais et le lait tiède. Camille verse ensuite la pâte dans une poêle bien chaude et beurrée. D'un geste habile, sa grand-mère retourne la crêpe sans jamais la faire tomber. Camille ajoute du sucre et une bonne cuillère de confiture de fraises sur sa crêpe. Assises à table, elles dégustent leurs créations en discutant joyeusement de tout et de rien. Un peu de farine s'est retrouvée sur le nez de Camille, ce qui la fait beaucoup rire. Elle adore par-dessus tout ces moments partagés avec sa grand-mère.;;;;;;
24421;question;Que cuisine Camille ?;des crêpes;un gâteau;une tarte;des cookies;24420;L
24422;question;Avec qui cuisine-t-elle ?;sa grand-mère;sa maman;sa tâta;sa soeur;24420;L
24423;question;Quel jour cuisinent-elles habituellement ensemble ?;le dimanche;le lundi;le samedi matin;un jour au hasard;24420;L
24424;question;Que mélangent-elles ?;farine, oeufs et lait;farine et sucre seulement;oeufs et beurre;lait et chocolat;24420;L
24425;question;Comment est le lait utilise ?;tiède;glace;bouillant;en poudre;24420;L
24426;question;Où Camille verse-t-elle la pâte ?;dans une poêle chaude;dans un bol;dans le four;dans une casserole;24420;L
24427;question;Comment est la poêle ?;chaude et beurrée;froide;sale;trop petite;24420;L
24428;question;Qui retourne la crêpe ?;sa grand-mère;Camille;personne;son papa;24420;L
24429;question;Comment sa grand-mère retourne-t-elle la crêpe ?;d'un geste habile, sans la faire tomber;en la faisant tomber à chaque fois;très lentement;avec une fourchette;24420;L
24430;question;Que Camille ajoute-t-elle sur sa crêpe ?;du sucre et de la confiture;du miel seulement;du fromage;de la crème;24420;L
24431;question;Quelle confiture Camille utilise-t-elle ?;confiture de fraises;confiture d'abricots;confiture de myrtilles;pas de confiture;24420;L
24432;question;Où dégustent-elles leurs crêpes ?;à table;debout dans la cuisine;dans le jardin;dans la voiture;24420;L
24433;question;De quoi discutent-elles en mangeant ?;de tout et de rien;seulement de l'école;de rien du tout, en silence;de leurs problèmes;24420;L
24434;question;De quoi Camille se retrouve-t-elle couverte ?;de farine sur le nez;de confiture sur les mains;d'eau;de chocolat;24420;L
24435;question;Comment Camille réagit-elle à la farine sur son nez ?;elle rit beaucoup;elle se met en colère;elle pleure;elle ne remarque rien;24420;L
24436;question;Qu'aime Camille par-dessus tout ?;ces moments partagés avec sa grand-mère;cuisiner seule;manger vite;regarder la télévision pendant le repas;24420;L
24437;question;"Que veut dire ""habile"" dans le texte ?";adroit, qui fait bien les gestes;maladroit;lent;distrait;24420;V
24438;question;"Que veut dire ""déguster"" dans le texte ?";manger en savourant avec plaisir;avaler très vite;refuser de manger;cuisiner;24420;V
24439;question;Pourquoi la grand-mère de Camille réussit-elle à retourner la crêpe sans la faire tomber ?;elle a de l'expérience et du savoir-faire;elle a dé la chance à chaque fois;la poêle est magique;Camille l'aide en secret;24420;I
24440;question;Qu'est-ce qui montre que Camille apprécie ce moment avec sa grand-mère ?;elle adore ces moments partagés et en rit de bon coeur;elle regarde l'heure sans arrêt;elle préfère cuisiner seule;elle s'ennuie pendant la recette;24420;I
24441;passage;Bruno aide son papi à jardiner dans le potager tous les samedis après-midi. Ensemble, ils plantent avec attention de petites graines de tomates dans la terre meuble. Bruno arrose ensuite chaque rangée à l'aide de son arrosoir vert préféré. Soudain, un ver de terre surgit du sol fraîchement retourne, ce qui amuse beaucoup Bruno. Papi lui montre patiemment comment reconnaître et retirer les mauvaises herbes. Une coccinelle rouge se pose délicatement sur une feuille de salade toute proche. Bruno attend avec impatience de voir pousser les premières tomates bien rouges. Jardiner avec papi est devenu son moment préféré de la semaine.;;;;;;
24442;question;Où Bruno aide-t-il son papi ?;dans le potager;dans la cuisine;au garage;au marche;24441;L
24443;question;Quand jardinent-ils habituellement ensemble ?;le samedi après-midi;tous les matins;seulement en hiver;pendant les vacances scolaires uniquement;24441;L
24444;question;Que plantent-ils ?;des graines de tomates;des fleurs;des pommes de terre;des carottes;24441;L
24445;question;Comment est la terre où ils plantent ?;meuble;très dure;gelée;recouverte de cailloux;24441;L
24446;question;Avec quoi Bruno arrose-t-il la terre ?;son arrosoir vert;un seau;une bouteille;un tuyau;24441;L
24447;question;Qu'est-ce qui surgit du sol retourne ?;un ver de terre;une souris;un serpent;une grenouille;24441;L
24448;question;Comment Bruno réagit-il en voyant le ver de terre ?;cela l'amuse;cela lui fait peur;il est dégoûté;il ne le remarque pas;24441;L
24449;question;Que montre papi à Bruno ?;reconnaître les mauvaises herbes;planter un arbre;faire du compost;couper du bois;24441;L
24450;question;Comment papi montre-t-il cela à Bruno ?;patiemment;avec impatience;rapidement, sans explication;en le grondant;24441;L
24451;question;Quel insecte se pose sur une feuille de salade ?;une coccinelle rouge;une abeille;une fourmi;un papillon;24441;L
24452;question;Comment la coccinelle se pose-t-elle ?;délicatement;brutalement;en volant très vite;elle ne se pose pas vraiment;24441;L
24453;question;Qu'attend Bruno avec impatience ?;voir pousser les tomates;manger un gâteau;rentrer chez lui;jouer au ballon;24441;L
24454;question;De quelle couleur seront les tomates une fois poussées ?;rouges;vertes;jaunes;violettes;24441;L
24455;question;De quelle couleur est l'arrosoir de Bruno ?;vert;bleu;rouge;jaune;24441;L
24456;question;Avec qui Bruno jardine-t-il ?;son papi;sa mamie;son papa;sa classe;24441;L
24457;question;Qu'est devenu ce moment pour Bruno ?;son moment préféré de la semaine;une corvée qu'il n'aime pas;une activité qu'il fait seul;un moment qu'il oublie vite;24441;L
24458;question;"Que veut dire ""surgit"" dans le texte ?";apparaît brusquement;disparaît lentement;se cache;reste immobile;24441;V
24459;question;"Que veut dire ""délicatement"" dans le texte ?";avec douceur et précaution;avec force;rapidement;par accident;24441;V
24460;question;Pourquoi papi apprend-il patiemment à Bruno à reconnaître les mauvaises herbes ?;pour que Bruno puisse jardiner correctement plus tard;parce que Bruno se trompe tout le temps exprès;pour l'occuper le temps qu'il travaille lui-même;parce que c'est obligatoire à l'école;24441;I
24461;question;Qu'est-ce qui montre que Bruno aime jardiner avec son papi ?;c'est devenu son moment préféré de la semaine;il cherche des excuses pour ne pas y aller;il s'ennuie à chaque fois;il préfère jardiner seul;24441;I
24462;passage;Inès visite un grand musée d'histoire naturelle avec toute sa classe. Dès l'entrée, elle est impressionnée par un immense squelette de dinosaure suspendu au plafond. Le guide raconte avec passion l'histoire de ces animaux disparus depuis des millions d'années. Curieuse, Inès pose de nombreuses questions sur la taille et l'alimentation des dinosaures. Elle prend le temps de dessiner soigneusement le squelette dans son carnet de croquis. Ses copains, eux, admirent surtout les vitrines remplies de fossiles et de roches anciennes. Avant de repartir, Inès achète une carte postale représentant son dinosaure préféré. Elle rentre chez elle en ayant appris une multitude de choses passionnantes.;;;;;;
24463;question;Quel type de musée Inès visite-t-elle ?;un musée d'histoire naturelle;un musée d'art moderne;un musée de voitures;un musée de la musique;24462;L
24464;question;Avec qui Inès visite-t-elle le musée ?;sa classe;sa famille;sa mamie;ses cousins;24462;L
24465;question;Que voit Inès dès l'entrée ?;un squelette de dinosaure suspendu;des tableaux anciens;des voitures;des bijoux;24462;L
24466;question;Où est suspendu le squelette ?;au plafond;au mur;sur une table;il n'est pas suspendu;24462;L
24467;question;Que raconte le guide ?;l'histoire des dinosaures disparus;l'histoire du musée;sa propre histoire;rien de précis;24462;L
24468;question;Depuis quand les dinosaures ont-ils disparu ?;des millions d'années;quelques années seulement;quelques siècles;ils ne sont pas vraiment disparus;24462;L
24469;question;Sur quoi Inès pose-t-elle dès questions ?;la taille et l'alimentation des dinosaures;le prix des billets;l'heure de fermeture;les horaires du bus;24462;L
24470;question;Que fait Inès avec son carnet ?;elle dessine le squelette;elle prend des notes de cours;elle écrit une lettre;elle ne l'utilise pas;24462;L
24471;question;Comment Inès dessine-t-elle le squelette ?;soigneusement;très vite et sans attention;elle ne le dessine pas vraiment;en copiant sur un ami;24462;L
24472;question;Que font les copains d'Inès pendant la visite ?;ils admirent les vitrines de fossiles;ils courent partout;ils crient;ils dorment;24462;L
24473;question;Que contiennent les vitrines ?;des fossiles et des roches anciennes;des bijoux précieux;des animaux vivants;des jouets;24462;L
24474;question;Qu'achète Inès avant de repartir ?;une carte postale;un livre;un jouet;un bonbon;24462;L
24475;question;Que représente la carte postale ?;son dinosaure préféré;le bâtiment du musée;sa classe;un paysage;24462;L
24476;question;Comment Inès rentre-t-elle chez elle ?;en ayant appris beaucoup de choses;déçue de sa visite;fatiguée sans rien retenir;en colère;24462;L
24477;question;Comment Inès qualifie-t-elle ce qu'elle a appris ?;passionnant;ennuyeux;trop complique pour elle;sans intérêt;24462;L
24478;question;Qui accompagne la classe pendant la visite ?;un guide;seulement la maîtresse;personne d'autre;un autre groupe d'élèves;24462;L
24479;question;"Que veut dire ""impressionnée"" dans le texte ?";très marquée, admirative;peu intéressée;effrayée;ennuyée;24462;V
24480;question;"Que veut dire ""multitude"" dans le texte ?";un très grand nombre;un tout petit nombre;aucune quantité;une seule chose;24462;V
24481;question;Pourquoi Inès pose-t-elle beaucoup de questions au guide ?;elle est curieuse et intéressée par les dinosaures;elle veut faire perdre du temps à la classe;elle n'a pas écoute les explications;elle veut impressionner ses copains;24462;I
24482;question;Qu'est-ce qui montre qu'Inès à beaucoup aime cette visite ?;elle rentre avoir appris une multitude de choses passionnantes;elle s'ennuie tout le long de la visite;elle ne retient rien de la visite;elle préférait rentrer plus tôt;24462;I
24483;passage;Lucas passe toute une journée au zoo avec sa famille, un dimanche ensoleillé de printemps. Devant l'enclos des lions, il observe longuement ces grands félins qui dorment paisiblement au soleil. Un peu plus loin, les singes acrobates font beaucoup rire Lucas avec leurs pitreries. Une girafe immense étire son long cou pour attraper les feuilles d'un grand arbre. Lucas confie à son papa que l'éléphant reste définitivement son animal préféré. Près du bassin, il observe avec fascination les manchots plonger et nager avec agilité. A la boutique du zoo, Lucas choisit une peluche de lion pour garder un souvenir. Il rentre chez lui, les yeux encore remplis d'images extraordinaires.;;;;;;
24484;question;Où Lucas passe-t-il sa journée ?;au zoo;au musée;à la ferme;à la piscine;24483;L
24485;question;Avec qui y va-t-il ?;sa famille;sa classe;ses cousins;ses voisins;24483;L
24486;question;Quelle saison est-ce ?;le printemps;l'hiver;l'automne;on ne sait pas;24483;L
24487;question;Que font les lions que Lucas observe ?;ils dorment paisiblement au soleil;ils courent partout;ils rugissent fort;ils mangent;24483;L
24488;question;Quels animaux font rire Lucas avec leurs pitreries ?;les singes;les lions;les éléphants;les tigres;24483;L
24489;question;Que fait la girafe pour manger ?;elle étire son cou vers les feuilles;elle broute de l'herbe au sol;elle mange des fruits qu'on lui donne;elle ne mange rien devant Lucas;24483;L
24490;question;Quel est l'animal préféré de Lucas ?;l'éléphant;le lion;le singe;la girafe;24483;L
24491;question;À qui Lucas confie-t-il son animal préféré ?;son papa;sa maman;un gardien du zoo;personne;24483;L
24492;question;Où Lucas observe-t-il les manchots ?;près du bassin;dans une cage;loin de la foule;il ne les voit pas;24483;L
24493;question;Que font les manchots dans l'eau ?;ils plongent et nagent avec agilité;ils restent immobiles;ils dorment;ils se battent;24483;L
24494;question;Où Lucas achète-t-il un souvenir ?;à la boutique du zoo;à l'entrée seulement;il n'achète rien;chez un vendeur ambulant;24483;L
24495;question;Que choisit Lucas comme souvenir ?;une peluche de lion;une glace;un livre;un ballon;24483;L
24496;question;Comment Lucas rentre-t-il chez lui ?;les yeux remplis d'images extraordinaires;déçu de sa journée;fatigué et grognon;indifférent à ce qu'il a vu;24483;L
24497;question;Quel jour de la semaine se passe cette sortie ?;un dimanche;un mercredi;un samedi matin uniquement;un jour de semaine;24483;L
24498;question;Comment est le temps ce jour-là ?;ensoleillé;pluvieux;neigeux;brumeux;24483;L
24499;question;Comment sont les félins observés par Lucas ?;grands;tout petits;invisibles;cages loin de la vue;24483;L
24500;question;"Que veut dire ""pitreries"" dans le texte ?";des bêtises amusantes qui font rire;des cris de peur;des combats;des siestes;24483;V
24501;question;"Que veut dire ""agilité"" dans le texte ?";une grande souplesse et rapidité de mouvement;une grande lenteur;de la maladresse;de la fatigue;24483;V
24502;question;Pourquoi la girafe étire-t-elle son cou ?;pour atteindre les feuilles en hauteur;pour saluer les visiteurs;parce qu'elle a mal au cou;pour imiter un autre animal;24483;I
24503;question;Qu'est-ce qui montre que Lucas a passé une journée inoubliable ?;il rentre les yeux remplis d'images extraordinaires;il oublie vite sa visite;il s'est ennuie devant chaque enclos;il ne veut plus jamais revenir au zoo;24483;I
24504;passage;Marta se promène dans la forêt avec son papa, un dimanche après-midi d'automne. Le chemin qu'ils empruntent est entièrement recouvert de feuilles mortes bruissantes. En chemin, Marta ramasse un joli caillou gris parfaitement lisse et rond. Un renard roux traverse soudain le sentier avant de disparaître dans les fourres. Marta s'arrête un instant pour écouter le vent qui souffle doucement dans les arbres. Son papa lui montre un chêne énorme, plante la depuis plus de deux cents ans. Ils croisent un promeneur accompagné de son chien, qui les salue amicalement. Marta rentre chez elle avec de très beaux souvenirs plein la tête.;;;;;;
24505;question;Où Marta se promène-t-elle ?;en forêt;à la plage;en ville;à la montagne;24504;L
24506;question;Avec qui se promène-t-elle ?;son papa;sa maman;sa classe;sa mamie;24504;L
24507;question;Quelle saison est-ce ?;l'automne;l'été;l'hiver;le printemps;24504;L
24508;question;Que recouvre le chemin ?;des feuilles mortes;de la neige;du sable;de l'eau;24504;L
24509;question;Comment sont les feuilles sur le chemin ?;bruissantes;silencieuses;mouillées et glissantes;gelées;24504;L
24510;question;Que ramasse Marta en chemin ?;un caillou gris;une fleur;un bâton;une feuille rouge;24504;L
24511;question;Comment est ce caillou ?;lisse et rond;pointu;carre;très léger;24504;L
24512;question;Quel animal traverse le sentier ?;un renard roux;un sanglier;un lapin;un cerf;24504;L
24513;question;Où va le renard après avoir traversé ?;il disparaît dans les fourres;il s'approche de Marta;il reste immobile;il grimpe à un arbre;24504;L
24514;question;Qu'écoute Marta un instant ?;le vent dans les arbres;des oiseaux qui chantent;une rivière;de la musique;24504;L
24515;question;Que montre le papa à Marta ?;un chêne énorme;une cascade;une grotte;un vieux pont;24504;L
24516;question;Depuis combien de temps le chêne est-il plante ?;plus de deux cents ans;quelques mois;dix ans;on ne sait pas;24504;L
24517;question;Qui croisent-ils sur le chemin ?;un promeneur avec son chien;un autre enfant seul;un cycliste;personne;24504;L
24518;question;Comment ce promeneur les salue-t-il ?;amicalement;sans un mot;avec méfiance;en s'enfuyant;24504;L
24519;question;Avec quoi Marta rentre-t-elle chez elle ?;de très beaux souvenirs;un panier de fruits;un bouquet de fleurs;rien de particulier;24504;L
24520;question;Quand a lieu cette promenade ?;un dimanche après-midi;un jour d'école;tôt le matin en semaine;en pleine nuit;24504;L
24521;question;"Que veut dire ""bruissantes"" dans le texte ?";qui font un petit bruit sec en bougeant;totalement silencieuses;collantes;mouillées;24504;V
24522;question;"Que veut dire ""fourres"" dans le texte ?";des buissons denses;des trous dans le sol;des rochers;des flaques d'eau;24504;V
24523;question;Pourquoi le renard disparaît-il rapidement dans les fourres ?;il est sauvage et se méfie des humains;il connaît bien Marta;il cherche à jouer avec elle;il est fatigué;24504;I
24524;question;Qu'est-ce qui montre que Marta a appris quelque chose pendant cette promenade ?;son papa lui montre et explique des choses sur la nature;elle reste tout le temps sur son téléphone;elle ne regarde jamais autour d'elle;elle refuse d'écouter son papa;24504;I
24525;passage;Julian passe la journée à la ferme de son papi pendant la période des moissons. Assis à côté de lui dans la cabine, Julian observe son papi conduire l'énorme tracteur. Devant eux s'étend un champ de blé entièrement dore, prêt à être récolte. La moissonneuse-batteuse avance lentement et coupe le blé en dégageant une fine poussière jaune. Effrayes par le bruit de la machine, plusieurs lièvres bondissent hors du champ. A midi, toute la famille se retrouve pour déjeuner à l'ombre d'un grand arbre. Julian se sent très utile d'avoir pu aider un peu son papi ce jour-là. Ce moment restera longtemps grave dans sa mémoire.;;;;;;
24526;question;Où Julian passe-t-il la journée ?;à la ferme de son papi;à l'école;chez ses cousins;à la plage;24525;L
24527;question;Pendant quelle période se passe cette journée ?;la période des moissons;les vendanges;la période des semis;l'hiver;24525;L
24528;question;Où Julian est-il assis pendant que papi conduit ?;à côté de lui dans la cabine;sur le toit du tracteur;loin, sur un banc;il ne monte pas dans le tracteur;24525;L
24529;question;Que conduit papi ?;un énorme tracteur;une petite voiture;un camion;un cheval;24525;L
24530;question;De quelle couleur est le champ de blé ?;dore;vert;gris;blanc;24525;L
24531;question;Que fait la moissonneuse-batteuse ?;elle coupe le blé;elle plante des graines;elle arrose le champ;elle transporte le lait;24525;L
24532;question;Comment avance la moissonneuse-batteuse ?;lentement;très vite;elle ne bouge pas;en marche arrière;24525;L
24533;question;Que dégage la machine en travaillant ?;une fine poussière jaune;de la fumée noire;des étincelles;rien de visible;24525;L
24534;question;Que font des lièvres effrayes par le bruit ?;ils bondissent hors du champ;ils se cachent sous la machine;ils restent immobiles;ils s'approchent des enfants;24525;L
24535;question;Quand toute la famille se retrouve-t-elle ?;à midi;le soir;très tôt le matin;elle ne se retrouve pas;24525;L
24536;question;Où déjeune la famille ?;à l'ombre d'un grand arbre;dans la maison;dans le tracteur;au village;24525;L
24537;question;Comment Julian se sent-il d'avoir aidé ?;très utile;inutile;gêne;fatigué et fâche;24525;L
24538;question;Que ressent Julian à propos de cette journée ?;elle restera gravée dans sa mémoire;il l'oubliera vite;il ne l'a pas appréciée;il a hâte de rentrer chez lui;24525;L
24539;question;Qu'est-ce qui est prêt à être récolte ?;le champ de blé;les fruits du verger;les légumes du potager;rien n'est encore mur;24525;L
24540;question;Avec qui Julian passe-t-il la journée ?;son papi;sa mamie;sa maîtresse;ses cousins;24525;L
24541;question;Que fait Julian pendant que papi conduit le tracteur ?;il l'observe attentivement;il conduit à sa place;il dort;il reste à la maison;24525;L
24542;question;"Que veut dire ""moissonneuse-batteuse"" dans le texte ?";une grosse machine agricole qui récolte le blé;une petite charrette tirée par un cheval;un outil que l'on tient à la main;un type de tracteur ancien sans moteur;24525;V
24543;question;"Que veut dire ""gravée dans sa mémoire"" dans le texte ?";un souvenir qui restera longtemps;un souvenir vite oublie;une photo imprimée;un dessin dans un cahier;24525;V
24544;question;Pourquoi les lièvres bondissent-ils hors du champ ?;le bruit de la machine les effraie;ils veulent jouer avec le tracteur;ils cherchent de la nourriture ailleurs;papi les chasse volontairement;24525;I
24545;question;Qu'est-ce qui montre que cette journée compte beaucoup pour Julian ?;il dit que ce moment restera grave dans sa mémoire;il oublie cette journée dès le lendemain;il préfère rester à la maison la prochaine fois;il trouve la journée ennuyeuse;24525;I
24546;passage;Erik décide de construire un bonhomme de neige avec sa soeur, des la première neige de l'hiver. Ensemble, ils roulent avec effort une énorme boule de neige qui servira de corps. Erik ajoute ensuite une boule plus petite par-dessus, pour former la tête. Sa soeur plante fièrement une carotte orange bien droite en guise de nez. Ils utilisent deux gros boutons noirs, trouvés dans une vieille boite, pour les yeux. Pour terminer, Erik pose sur la tête un chapeau tout abîmé, déniché dans le grenier. Le bonhomme de neige ainsi terminé, à vraiment fière allure au milieu du jardin. Erik prend soin de le photographier avant que le soleil ne le fasse fondre.;;;;;;
24547;question;Avec qui Erik construit-il le bonhomme de neige ?;sa soeur;son frère;sa maman;sa classe;24546;L
24548;question;Quand décident-ils de le construire ?;des la première neige de l'hiver;au printemps;en plein été;un jour sans neige;24546;L
24549;question;Que roulent-ils pour faire le corps ?;une énorme boule de neige;un cube de neige;des petites boules;un bloc de glace;24546;L
24550;question;Que fait Erik ensuite ?;il ajoute une boule plus petite pour la tête;il rentre se réchauffer;il abandonne la construction;il demande de l'aide à un adulte;24546;L
24551;question;Que plante la soeur d'Erik pour le nez ?;une carotte orange;un bâton;un caillou;une pomme de pin;24546;L
24552;question;Comment la carotte est-elle plantée ?;bien droite;de travers;elle tombe tout de suite;cachée dans la neige;24546;L
24553;question;Avec quoi font-ils les yeux ?;deux gros boutons noirs;des cailloux;des feuilles;des billes bleues;24546;L
24554;question;Où ont-ils trouve les boutons ?;dans une vieille boite;dans le jardin;ils les ont achetés;chez un voisin;24546;L
24555;question;Que pose Erik pour terminer ?;un chapeau abîme;un bonnet neuf;une casquette;rien du tout;24546;L
24556;question;Où Erik à-t-il trouve ce chapeau ?;dans le grenier;dans un magasin;chez sa mamie;il ne l'a pas trouvé, il l'a fabriqué;24546;L
24557;question;Comment le bonhomme de neige à-t-il l'air une fois termine ?;il a fière allure;il est tout tordu;il est tout petit;il s'écroule aussitôt;24546;L
24558;question;Où se trouve le bonhomme de neige termine ?;au milieu du jardin;dans la rue;sur le toit;dans la maison;24546;L
24559;question;Que fait Erik avant que le soleil ne fasse fondre le bonhomme ?;il le photographie;il le détruit lui-même;il le déplace à l'ombre;il ne fait rien de particulier;24546;L
24560;question;Quelle boule sert à faire la tête ?;la boule la plus petite;la plus grosse boule;aucune boule spécifique;une boule carrée;24546;L
24561;question;Avec quoi construisent-ils le bonhomme ?;de la neige;du sable;de la terre;des cailloux;24546;L
24562;question;Combien de boules composent le bonhomme de neige ?;deux, une pour le corps et une pour la tête;une seule grosse boule;trois boules;quatre boules;24546;L
24563;question;"Que veut dire ""dénicher"" dans le texte ?";trouver après avoir cherché;perdre quelque chose;acheter dans un magasin;casser accidentellement;24546;V
24564;question;"Que veut dire ""fière allure"" dans le texte ?";une belle apparence, impressionnante;un aspect rate et laid;une petite taille;une couleur vive;24546;V
24565;question;Pourquoi Erik prend-il soin de photographier le bonhomme de neige ?;il sait que la neige va fondre et vouloir en garder un souvenir;il veut le vendre;sa soeur le lui demande fermement;c'est un exercice donné par la maîtresse;24546;I
24566;question;Qu'est-ce qui montre qu'Erik et sa soeur ont travaillé ensemble avec soin ?;chaque détail du bonhomme est pensé et ajoute avec attention;ils ont fait le bonhomme très vite sans y penser;ils se sont disputés tout le long;un seul d'entre eux a tout fait;24546;I
24567;passage;Mia découvre le patinage sur glace lors d'une sortie à la patinoire avec son papa. Un peu maladroite au début, elle enfile difficilement ses patins blancs tout neufs. Dès ses premiers pas sur la glace, Mia tombe une première fois sans se faire mal. Son papa l'aide gentiment à se relever et lui donne quelques conseils utiles. Petit à petit, Mia apprend à garder son équilibre en pliant légèrement les genoux. Après plusieurs essais, elle parvient enfin à glisser toute seule sans tomber. Autour d'elle, des enfants plus expérimentés tournent gracieusement en musique. Mia termine cette sortie très fière d'avoir progressé aussi vite.;;;;;;
24568;question;Que découvre Mia ce jour-là ?;le patinage sur glace;le ski;la natation;le vélo;24567;L
24569;question;Avec qui Mia va-t-elle à la patinoire ?;son papa;sa maman;sa classe;sa mamie;24567;L
24570;question;Comment Mia est-elle au début ?;un peu maladroite;très à l'aise;effrayée et refusant d'avancer;déjà experte;24567;L
24571;question;De quelle couleur sont les patins de Mia ?;blancs;noirs;roses;bleus;24567;L
24572;question;Comment sont ces patins ?;tout neufs;vieux et uses;empruntes;trop grands;24567;L
24573;question;Que se passe-t-il dès les premiers pas de Mia ?;elle tombe une première fois;elle glisse parfaitement;elle refuse d'avancer;elle quitte la glace;24567;L
24574;question;Comment Mia tombe-t-elle ?;sans se faire mal;en se blessant sérieusement;en pleurant beaucoup;en abandonnant;24567;L
24575;question;Que fait le papa de Mia après sa chute ?;il l'aide à se relever;il rit d'elle;il continue seul;il la gronde;24567;L
24576;question;Que donne son papa à Mia ?;des conseils utiles;un autre paire de patins;de l'argent;rien de particulier;24567;L
24577;question;Qu'apprend Mia petit à petit ?;à garder son équilibre;à faire des sauts;à faire la course;à danser sur la glace;24567;L
24578;question;Comment Mia garde-t-elle son équilibre ?;en pliant légèrement les genoux;en fermant les yeux;en restant totalement immobile;en tenant la main de son papa tout le temps;24567;L
24579;question;Que parvient Mia à faire après plusieurs essais ?;glisser toute seule sans tomber;faire des sauts périlleux;patiner en arrière;gagner une course;24567;L
24580;question;Que font des enfants plus expérimentés autour d'elle ?;ils tournent gracieusement en musique;ils tombent souvent;ils restent immobiles;ils regardent seulement;24567;L
24581;question;Comment Mia se sent-elle en terminant cette sortie ?;très fière;triste;fatiguée et déçue;en colère;24567;L
24582;question;Sur quoi Mia patine-t-elle ?;la glace;le bitume;l'herbe;le sable;24567;L
24583;question;Combien d'essais faut-il à Mia avant de réussir à glisser seule ?;plusieurs essais;un seul essai;aucun, elle réussit du premier coup;on ne sait pas;24567;L
24584;question;"Que veut dire ""maladroite"" dans le texte ?";qui manque d'aisance dans les gestes;très habile;très rapide;très calme;24567;V
24585;question;"Que veut dire ""gracieusement"" dans le texte ?";avec élégance et légèreté;maladroitement;avec lenteur et difficulté;en tombant souvent;24567;V
24586;question;Pourquoi Mia tombe-t-elle au début de la séance ?;c'est sa première fois et elle n'a pas encore l'équilibre;la glace est cassée;son papa l'a poussée;ses patins sont cassés;24567;I
24587;question;Qu'est-ce qui montre que Mia a fait de vrais progrès ce jour-là ?;elle passe de maladroite à capable de glisser seule;elle tombe de plus en plus au fil de la séance;elle refuse de continuer après sa chute;elle quitte la patinoire dès le début;24567;I
24588;passage;Léon grimpe tout en haut d'une colline recouverte de neige fraîche, sa luge rouge sous le bras. En bas de la pente, sa soeur et son papa l'attendent en riant déjà d'avance. Bien installé sur sa luge, Léon prend son élan en poussant fort avec ses pieds. La luge dévale la pente à toute vitesse, soulevant une petite poudreuse de neige. Léon rit aux éclats pendant toute la descente, les joues rougies par le froid. Arrive en bas, il s'arrête tout près de sa soeur qui applaudit sa performance. Sans perdre une seconde, Léon remonte la colline pour recommencer une nouvelle descente. Il refait ainsi le trajet une bonne dizaine de fois avant la tombée de la nuit.;;;;;;
24589;question;Où Léon monte-t-il ?;en haut d'une colline enneigée;en haut d'un immeuble;sur un toit;dans un arbre;24588;L
24590;question;De quelle couleur est la luge de Léon ?;rouge;bleue;verte;jaune;24588;L
24591;question;Qui attend Léon en bas de la pente ?;sa soeur et son papa;sa maîtresse;sa classe;personne;24588;L
24592;question;Comment sa soeur et son papa attendent-ils Léon ?;en riant déjà d'avance;en s'inquiétant;en dormant;en criant de peur;24588;L
24593;question;Comment Léon prend-il son élan ?;en poussant avec ses pieds;avec l'aide de son papa;en sautant;il ne prend pas d'élan;24588;L
24594;question;Comment la luge dévale-t-elle la pente ?;à toute vitesse;très lentement;elle ne bouge pas;en zigzag;24588;L
24595;question;Que soulever la luge en descendant ?;une petite poudreuse de neige;des cailloux;de la boue;rien du tout;24588;L
24596;question;Que fait Léon pendant la descente ?;il rit aux éclats;il pleure;il ferme les yeux et crie;il reste silencieux;24588;L
24597;question;Comment sont les joues de Léon pendant la descente ?;rougies par le froid;toutes pâlies;couvertes de neige;sales;24588;L
24598;question;Où Léon s'arrête-t-il en bas ?;tout près de sa soeur;au milieu de la pente;loin de tout le monde;dans un arbre;24588;L
24599;question;Que fait la soeur de Léon en le voyant arriver ?;elle applaudit sa performance;elle se moque de lui;elle pleure;elle repart sans rien dire;24588;L
24600;question;Que fait Léon après chaque descente ?;il remonte pour recommencer;il rentre à la maison;il pleure de fatigue;il donne sa luge à sa soeur;24588;L
24601;question;Combien de fois Léon refait-il le trajet environ ?;une dizaine de fois;une seule fois;deux fois;il ne compte pas;24588;L
24602;question;Jusqu'à quand Léon continue-t-il de faire des descentes ?;jusqu'à la tombée de la nuit;jusqu'au déjeuner;quelques minutes seulement;jusqu'à ce qu'il pleuve;24588;L
24603;question;Sur quoi Léon glisse-t-il ?;la neige;l'herbe;le sable;l'eau;24588;L
24604;question;Que porte Léon sous le bras en montant la colline ?;sa luge;un sac de vêtements chauds;une pelle;rien du tout;24588;L
24605;question;"Que veut dire ""dévale"" dans le texte ?";descend très vite;monte lentement;reste immobile;recule;24588;V
24606;question;"Que veut dire ""poudreuse"" dans le texte ?";de la neige fine et légère;de la neige fondue en eau;de la glace dure;de la pluie fine;24588;V
24607;question;Pourquoi les joues de Léon sont-elles rougies ?;à cause du froid et de l'effort;il a de la fièvre;il a trop mangé;il est en colère;24588;I
24608;question;Qu'est-ce qui montre que Léon adore la luge ?;il refait la descente une dizaine de fois de suite;il abandonne après une seule descente;il préfère rentrer au chaud;il pleure à chaque descente;24588;I
24609;passage;Anna s'installe confortablement autour d'un grand feu de camp avec toute sa famille, un soir d'été. Les flammes orangées dansent et crépitent doucement dans l'obscurité grandissante de la nuit. Assise sur un tronc d'arbre, Anna fait griller un marshmallow au bout d'un long bâton. Son papa raconte alors une histoire mystérieuse qui donne des frissons à tous les enfants. Au-dessus d'eux, des milliers d'étoiles scintillent dans un ciel parfaitement dégage. Anna entend au loin le chant grave d'un hibou cache quelque part dans les arbres. Tout le monde finit par chanter ensemble une chanson connue de tous. Anna se sent particulièrement bien, blottie près de la chaleur du feu.;;;;;;
24610;question;Avec qui Anna s'installe-t-elle autour du feu ?;sa famille;sa classe;ses voisins;personne;24609;L
24611;question;Quand se passe cette scène ?;un soir d'été;un matin d'hiver;en plein après-midi;un jour de pluie;24609;L
24612;question;Comment sont les flammes ?;orangées et elles dansent;éteintes;bleues;toutes petites et invisibles;24609;L
24613;question;Que font les flammes en plus de danser ?;elles crépitent doucement;elles font un bruit assourdissant;elles restent totalement silencieuses;elles sifflent;24609;L
24614;question;Où Anna est-elle assise ?;sur un tronc d'arbre;sur une chaise pliante;à même le sol;sur les genoux de son papa;24609;L
24615;question;Que fait griller Anna ?;un marshmallow;une saucisse;une pomme;du pain;24609;L
24616;question;Avec quoi Anna fait-elle griller le marshmallow ?;un long bâton;une fourchette;ses mains;une pince en métal;24609;L
24617;question;Qui raconte une histoire mystérieuse ?;le papa d'Anna;la maman d'Anna;sa mamie;personne;24609;L
24618;question;Quel effet à cette histoire sur les enfants ?;elle leur donne des frissons;elle les endort;elle les ennuie;elle les fait rire;24609;L
24619;question;Comment est le ciel au-dessus d'eux ?;parfaitement dégage avec des étoiles;couvert de nuages;plein de brouillard;orageux;24609;L
24620;question;Quel animal Anna entend-elle au loin ?;un hibou;un loup;un chien;un chat;24609;L
24621;question;Où se trouve le hibou ?;cache dans les arbres;tout près du feu;dans une grotte;on ne sait pas où il est;24609;L
24622;question;Que fait tout le monde à un moment ?;chanter une chanson ensemble;danser;dormir tout de suite;partir se coucher;24609;L
24623;question;Comment Anna se sent-elle près du feu ?;particulièrement bien;elle a froid;elle a peur;elle s'ennuie;24609;L
24624;question;Où Anna est-elle blottie ?;près de la chaleur du feu;loin du feu;dans une tente;dans la voiture;24609;L
24625;question;Quel événement rassemble Anna et sa famille ce soir-là ?;un feu de camp;un anniversaire;un repas au restaurant;une fête de village;24609;L
24626;question;"Que veut dire ""crépitent"" dans le texte ?";font un petit bruit sec et répète;restent complètement silencieuses;sentent très fort;changent de couleur;24609;V
24627;question;"Que veut dire ""scintillent"" dans le texte ?";brillent avec de petits éclats;sont invisibles;sont très grosses;se déplacent vite;24609;V
24628;question;Pourquoi l'histoire du papa donne-t-elle des frissons aux enfants ?;elle est racontée de façon mystérieuse et impressionnante;elle est très drôle;elle est ennuyeuse;elle est trop longue;24609;I
24629;question;Qu'est-ce qui montre qu'Anna se sent bien ce soir-là ?;elle se sent particulièrement bien près du feu;elle a hâte de rentrer;elle s'ennuie tout le long;elle a très froid malgré le feu;24609;I
24630;passage;Félix part camper sous la tente pendant une semaine avec ses parents, au bord d'un grand lac. Dès leur arrivée, toute la famille s'active pour monter la tente sur un emplacement plat. Félix aide son papa à planter solidement chaque piquet dans le sol un peu sec. Avec une pompe manuelle, il gonfle ensuite avec application son matelas gonflable préféré. Le soir, la famille dîne dehors, installée autour d'une petite table pliante. Une fois la nuit tombée, Félix entend le concert des grenouilles qui chantent près du lac. Blotti dans son sac de couchage bien chaud, il s'endort rapidement, bercée par ces bruits familiers. Félix adore par-dessus tout dormir ainsi en pleine nature.;;;;;;
24631;question;Où Félix part-il camper ?;sous une tente;dans un hôtel;chez sa mamie;dans une caravane;24630;L
24632;question;Combien de temps dure ce séjour de camping ?;une semaine;un seul jour;un mois;un week-end seulement;24630;L
24633;question;Près de quoi installent-ils le camp ?;un grand lac;la mer;la montagne;une rivière gelée;24630;L
24634;question;Que fait toute la famille dès leur arrivée ?;elle monte la tente;elle se baigne d'abord;elle prépare le repas;elle part se promener;24630;L
24635;question;Où installent-ils la tente ?;sur un emplacement plat;sur une pente raide;dans l'eau;sur des rochers;24630;L
24636;question;Que fait Félix pour aider son papa ?;il plante les piquets;il cuisine le repas;il conduit la voiture;il monte la table;24630;L
24637;question;Comment est le sol où ils plantent les piquets ?;un peu sec;très boueux;gelé;recouvert de sable;24630;L
24638;question;Avec quoi Félix gonfle-t-il son matelas ?;une pompe manuelle;sa bouche;un compresseur électrique;rien, il ne le gonfle pas;24630;L
24639;question;Où la famille dîne-t-elle le soir ?;dehors, autour d'une table pliante;dans la voiture;dans la tente;au restaurant;24630;L
24640;question;Qu'entend Félix une fois la nuit tombée ?;le concert des grenouilles;des voitures;de la musique;des oiseaux seulement;24630;L
24641;question;Où chantent les grenouilles ?;près du lac;loin du campement;dans la tente;dans les arbres;24630;L
24642;question;Dans quoi Félix dort-il ?;un sac de couchage;un grand lit;un hamac;un canapé;24630;L
24643;question;Comment Félix s'endort-il ?;rapidement, berce par les bruits;avec beaucoup de difficulté;en pleurant;il ne dort pas de la nuit;24630;L
24644;question;Comment Félix trouve-t-il le camping ?;il adore ça;il déteste ça;il a peur;il s'ennuie;24630;L
24645;question;Avec qui Félix part-il camper ?;ses parents;sa classe;ses cousins;seul;24630;L
24646;question;Qu'est-ce que Félix gonfle avec la pompe ?;son matelas;un ballon;une bouée;un pneu de vélo;24630;L
24647;question;"Que veut dire ""s'active"" dans le texte ?";se met au travail avec énergie;reste immobile;dort;se dispute;24630;V
24648;question;"Que veut dire ""avec application"" dans le texte ?";avec soin et concentration;n'importe comment;avec paresse;avec colère;24630;V
24649;question;Pourquoi Félix aide-t-il son papa à planter les piquets ?;pour que la tente tienne bien et ne s'envole pas;parce qu'il n'a rien d'autre à faire;parce que son papa n'y arrive pas seul;par obligation stricte de ses parents;24630;I
24650;question;Qu'est-ce qui montre que Félix apprécie particulièrement ce mode de vie ?;il adore par-dessus tout dormir en pleine nature;il a hâte de rentrer chez lui;il se plaint du bruit des grenouilles;il préfère dormir dans un hôtel;24630;I
24651;passage;Louis part à la pêche avec son grand-père très tôt un matin de printemps. Ils s'installent silencieusement au bord d'une rivière calme, entourée de roseaux. Louis tient fermement sa canne à pêche, les yeux fixés sur le bouchon flottant. Il patiente longtemps, sans faire le moindre bruit pour ne pas effrayer les poissons. Soudain, quelque chose tire violemment sur le fil, ce qui surprend beaucoup Louis. Avec l'aide de son grand-père, il remonte lentement un joli poisson argenté. Fier de sa prise, Louis observe un instant le poisson avant de le relâcher doucement dans l'eau. Son grand-père le félicite chaleureusement pour sa première prise.;;;;;;
24652;question;Avec qui Louis part-il à la pêche ?;son grand-père;son papa;sa mamie;sa classe;24651;L
24653;question;Quand partent-ils à la pêche ?;très tôt un matin de printemps;le soir en été;à midi en hiver;la nuit;24651;L
24654;question;Où s'installent-ils ?;au bord d'une rivière calme;sur un bateau en mer;au bord d'un lac gelé;dans la forêt;24651;L
24655;question;De quoi la rivière est-elle entourée ?;de roseaux;de rochers;de sable;de neige;24651;L
24656;question;Que tient fermement Louis ?;sa canne à pêche;un filet;un seau;une épuisette;24651;L
24657;question;Sur quoi Louis fixe-t-il les yeux ?;le bouchon flottant;son grand-père;la rivière entière;un livre;24651;L
24658;question;Pourquoi Louis reste-t-il silencieux ?;pour ne pas effrayer les poissons;il n'a rien à dire;il est fatigué;son grand-père le lui interdit;24651;L
24659;question;Que se passe-t-il soudainement ?;quelque chose tire sur le fil;il commence à pleuvoir;le fil se casse;Louis tombe à l'eau;24651;L
24660;question;Comment Louis réagit-il à cette secousse ?;il est surpris;il n'y prête pas attention;il lâche sa canne;il rit fort;24651;L
24661;question;Qui aide Louis à remonter le poisson ?;son grand-père;personne, il le fait seul;un autre pêcheur;sa mamie;24651;L
24662;question;Comment Louis remonte-t-il le poisson ?;lentement;très brusquement;en courant;en jetant sa canne;24651;L
24663;question;De quelle couleur est le poisson ?;argenté;rouge;vert;noir;24651;L
24664;question;Que fait Louis avant de relâcher le poisson ?;il l'observe un instant;il le photographie;il le montre à tout le village;il le pèse;24651;L
24665;question;Comment Louis relâche-t-il le poisson ?;doucement;brutalement;il ne le relâche pas;en le jetant de loin;24651;L
24666;question;Que fait le grand-père de Louis après la prise ?;il le félicite chaleureusement;il se fâche;il rit de lui;il part sans rien dire;24651;L
24667;question;Quelle est cette prise pour Louis ?;sa première prise;sa dixième prise;il n'a rien attrape;une prise ratée;24651;L
24668;question;"Que veut dire ""patiente"" dans le texte ?";attend calmement sans s'impatienter;s'ennuie fortement;s'endort;abandonne rapidement;24651;V
24669;question;"Que veut dire ""chaleureusement"" dans ce contexte ?";avec beaucoup de gentillesse et d'enthousiasme;froidement;brièvement;avec ironie;24651;V
24670;question;Pourquoi Louis et son grand-père restent-ils silencieux au bord de l'eau ?;le bruit ferait fuir les poissons;ils sont fatigués de parler;ils se sont disputés;ils n'ont rien à se dire;24651;I
24671;question;Qu'est-ce qui montre que Louis respecte la nature ?;il relâche doucement le poisson qu'il a attrapé;il garde le poisson pour le manger;il jette le poisson n'importe comment;il attrape le plus de poissons possible;24651;I
24672;passage;Charlotte monte à cheval pour la toute première fois, dans un centre équestre proche de chez elle. Avant de commencer, elle caresse doucement la crinière épaisse d'un poney brun nomme Cannelle. La monitrice aide patiemment Charlotte à s'installer correctement en selle. Une fois assise, Charlotte tient fermement les rênes de ses deux mains, un peu nerveuse. Le poney avance tranquillement dans le manège, guidé par la voix rassurante de la monitrice. Petit à petit, Charlotte apprend à faire trotter Cannelle en douceur. à la fin de la séance, elle offre fièrement une carotte à son nouveau compagnon. Charlotte ne pense plus qu'à une chose : revenir le plus vite possible.;;;;;;
24673;question;Où Charlotte monte-t-elle à cheval ?;un centre équestre;une ferme;un zoo;un cirque;24672;L
24674;question;Que fait Charlotte avant de commencer ?;elle caresse la crinière du poney;elle nourrit le poney;elle brosse le poney;elle observe seulement de loin;24672;L
24675;question;De quelle couleur est le poney ?;brun;blanc;noir;gris;24672;L
24676;question;Comment s'appelle le poney ?;Cannelle;Fraise;Réglisse;Noisette;24672;L
24677;question;Qui aide Charlotte à s'installer en selle ?;la monitrice;sa maman;son papa;personne;24672;L
24678;question;Que tient Charlotte une fois assise ?;les rênes;la selle;un bâton;une carotte;24672;L
24679;question;Comment Charlotte se sent-elle en tenant les rênes ?;un peu nerveuse;totalement confiante;en colère;endormie;24672;L
24680;question;Comment le poney avance-t-il dans le manège ?;tranquillement;en courant;en refusant d'avancer;en sautant;24672;L
24681;question;Qui guide le poney par la voix ?;la monitrice;Charlotte;personne;un autre cavalier;24672;L
24682;question;Qu'apprend Charlotte petit à petit ?;à faire trotter le poney;à galoper vite;à faire des sauts d'obstacles;à monter sans selle;24672;L
24683;question;Comment Charlotte fait-elle trotter le poney ?;en douceur;brutalement;elle n'y arrive pas;avec l'aide d'un fouet;24672;L
24684;question;Que fait Charlotte à la fin de la séance ?;elle offre une carotte au poney;elle brosse le poney;elle repart immédiatement;elle pleure de fatigue;24672;L
24685;question;Comment Charlotte offre-t-elle la carotte ?;fièrement;avec indifférence;avec dégoût;en pleurant;24672;L
24686;question;Comment Charlotte appelle-t-elle le poney à la fin ?;son nouveau compagnon;un animal comme un autre;une bête dangereuse;un jouet vivant;24672;L
24687;question;À quoi Charlotte pense-t-elle après cette séance ?;revenir le plus vite possible;ne plus jamais remonter à cheval;changer d'activité;oublier cette expérience;24672;L
24688;question;Quelle activité Charlotte découvre-t-elle ?;l'équitation;la natation;le vélo;la danse;24672;L
24689;question;"Que veut dire ""rassurante"" dans le texte ?";qui apaise, qui enlève la peur;qui fait peur;qui est très forte;qui est silencieuse;24672;V
24690;question;"Que veut dire ""compagnon"" dans le texte ?";un ami avec qui on partage un moment;un simple objet;un adversaire;un inconnu;24672;V
24691;question;Pourquoi Charlotte est-elle un peu nerveuse au début ?;c'est sa toute première fois à cheval;le poney est agressif;elle n'aime pas les animaux;la monitrice est sévère avec elle;24672;I
24692;question;Qu'est-ce qui montre que Charlotte a adoré cette expérience ?;elle ne pense qu'à revenir le plus vite possible;elle ne veut plus jamais remonter;elle est restée indifférente durant la séance;elle a eu peur du poney toute la séance;24672;I
24693;passage;Gabriel joue tranquillement dehors quand de gros nuages noirs envahissent soudain le ciel. Sans perdre une minute, il enfile ses bottes jaunes et son imperméable avant que la pluie ne redouble. Dès les premières gouttes, Gabriel saute joyeusement dans toutes les flaques qu'il trouve. Il s'amuse aussi à faire naviguer une feuille dans le petit torrent du caniveau. Un escargot avance très lentement sur le trottoir devenu tout luisant de pluie. Gabriel ouvre alors un grand parapluie rouge pour continuer sa promenade au sec. De retour chez lui, trempe mais radieux, il raconte son aventure à sa maman. Celle-ci lui prépare aussitôt une serviette bien chaude et un bon goûter.;;;;;;
24694;question;Que fait Gabriel au début de l'histoire ?;il joue dehors;il dort;il fait ses devoirs;il regarde la télévision;24693;L
24695;question;Qu'envahit soudain le ciel ?;de gros nuages noirs;un arc-en-ciel;un soleil éclatant;de la brume légère;24693;L
24696;question;Que fait Gabriel avant que la pluie ne redouble ?;il enfile ses bottes et son imperméable;il rentre immédiatement;il continue de jouer sans se protéger;il appelle sa maman;24693;L
24697;question;De quelle couleur sont les bottes de Gabriel ?;jaunes;rouges;bleues;vertes;24693;L
24698;question;Que fait Gabriel dès les premières gouttes ?;il saute dans les flaques;il court se cacher;il pleure;il rentre tout de suite;24693;L
24699;question;Comment Gabriel saute-t-il dans les flaques ?;joyeusement;avec peur;à contrecoeur;sans y penser;24693;L
24700;question;Que fait naviguer Gabriel dans le caniveau ?;une feuille;un bateau en papier;une bille;un bâton;24693;L
24701;question;Quel animal avance lentement sur le trottoir ?;un escargot;une grenouille;un ver de terre;un chat;24693;L
24702;question;Comment est le trottoir à cause de la pluie ?;luisant;sec et poussiéreux;couvert de neige;recouvert de feuilles mortes;24693;L
24703;question;De quelle couleur est le parapluie de Gabriel ?;rouge;jaune;bleu;noir;24693;L
24704;question;Pourquoi Gabriel ouvre-t-il son parapluie ?;pour continuer sa promenade au sec;car il a trop froid;car il ne veut plus jouer;car sa maman le lui ordonne au téléphone;24693;L
24705;question;Comment Gabriel rentre-t-il chez lui ?;trempe mais radieux;sec et triste;en colère;malade;24693;L
24706;question;Que fait Gabriel en rentrant ?;il raconte son aventure à sa maman;il va directement se coucher;il se tait complètement;il repart aussitôt jouer dehors;24693;L
24707;question;Que prépare la maman de Gabriel ?;une serviette chaude et un goûter;un bain froid;rien de particulier;des vêtements secs seulement;24693;L
24708;question;Que porte Gabriel pour se protéger de la pluie ?;un imperméable;un manteau d'hiver;un chapeau de soleil;un maillot de bain;24693;L
24709;question;Où Gabriel joue-t-il au début ?;dehors;dans sa chambre;à la piscine;à l'école;24693;L
24710;question;"Que veut dire ""redouble"" dans le texte ?";devient encore plus fort;s'arrête complètement;reste identique;devient plus doux;24693;V
24711;question;"Que veut dire ""radieux"" dans le texte ?";très heureux, rayonnant de joie;très triste;malade;fatigué;24693;V
24712;question;Pourquoi Gabriel s'habille-t-il rapidement dès les premiers nuages ?;pour pouvoir continuer à jouer sous la pluie qui arrive;il a peur de l'orage;sa maman le gronde s'il ne le fait pas;il veut rentrer tout de suite;24693;I
24713;question;Qu'est-ce qui montre que Gabriel adore jouer sous la pluie ?;il rentre trempe mais radieux et raconte son aventure avec enthousiasme;il rentre en pleurant à cause du froid;il refuse de sortir malgré la pluie;il s'ennuie fortement dehors;24693;I
24714;passage;Julia construit une cabane en bois au fond du jardin avec l'aide de son papa. Pendant tout un week-end, ils clouent ensemble des planches de récupération pour former les murs. Julia peint elle-même la porte d'un joli bleu vif qu'elle a choisi. Son papa installe ensuite une petite fenêtre ronde pour laisser entrer la lumière. à l'intérieur, Julia range soigneusement ses jouets préfères sur une petite étagère. Un oiseau curieux vient parfois se poser sur le toit fraîchement construit. Fière de son travail, Julia invite sa meilleure amie à venir découvrir sa cabane. Les deux amies passent désormais tous leurs mercredis après-midi dans ce petit refuge.;;;;;;
24715;question;Où Julia construit-elle une cabane ?;au fond du jardin;dans la forêt;dans sa chambre;à l'école;24714;L
24716;question;Avec qui la construit-elle ?;son papa;sa maman;son frère;sa classe;24714;L
24717;question;Pendant combien de temps construisent-ils la cabane ?;tout un week-end;une seule heure;un mois entier;toute une semaine de classe;24714;L
24718;question;Avec quoi construisent-ils les murs ?;des planches de récupération;des cartons;des briques;des pierres;24714;L
24719;question;Qui peint la porte ?;Julia elle-même;son papa;personne, elle reste sans couleur;un artiste engage pour l'occasion;24714;L
24720;question;De quelle couleur Julia peint-elle la porte ?;bleu vif;rouge;vert;jaune;24714;L
24721;question;Qu'installe le papa de Julia ?;une petite fenêtre ronde;une cheminée;un toit en tuiles;une porte double;24714;L
24722;question;Pourquoi cette fenêtre est-elle installée ?;pour laisser entrer la lumière;pour laisser sortir la fumée;pour surveiller le jardin;sans raison particulière;24714;L
24723;question;Que range Julia dans la cabane ?;ses jouets préfères;ses vêtements;ses livres d'école;de la nourriture;24714;L
24724;question;Où range-t-elle ses jouets ?;sur une petite étagère;par terre;dans une valise;elle ne les range pas;24714;L
24725;question;Qu'est-ce qui se pose parfois sur le toit ?;un oiseau curieux;un chat;un écureuil;une abeille;24714;L
24726;question;Comment est le toit sur lequel se pose l'oiseau ?;fraîchement construit;très vieux et abîme;recouvert de neige;il n'y à pas de toit;24714;L
24727;question;Qui Julia invite-t-elle à découvrir sa cabane ?;sa meilleure amie;sa maîtresse;toute sa classe;personne;24714;L
24728;question;Comment Julia se sent-elle en montrant son travail ?;fière;déçue;gênée;indifférente;24714;L
24729;question;Quand les deux amies se retrouvent-elles désormais dans la cabane ?;tous les mercredis après-midi;seulement les week-ends;une fois par an;jamais, la cabane reste vide;24714;L
24730;question;Que construisent Julia et son papa ?;une cabane;une piscine;un potager;un garage;24714;L
24731;question;"Que veut dire ""planches de récupération"" dans le texte ?";du bois déjà utilise, réutilisé pour un nouveau projet;du bois neuf acheté en magasin;du plastique recycle;des planches en métal;24714;V
24732;question;"Que veut dire ""refuge"" dans le texte ?";un endroit ou l'on se sent bien et protège;un endroit dangereux;un endroit interdit d'accès;un endroit très bruyant;24714;V
24733;question;Pourquoi Julia peint-elle elle-même la porte de la cabane ?;pour personnaliser son espace à son goût;parce que son papa le lui impose;parce que c'est plus rapide;pour cacher un défaut du bois;24714;I
24734;question;Qu'est-ce qui montre que la cabane est devenue importante pour Julia ?;elle y passe désormais tous ses mercredis avec son amie;elle n'y retourne jamais;elle préfère jouer ailleurs;elle a fini par la démonter;24714;I
24735;passage;Victor participe à une grande chasse au trésor organisée par sa mamie pour son anniversaire. Dès le début, il reçoit une carte mystérieuse couverte d'indices écrits à l'encre violette. Le premier indice le conduit sous le grand chêne qui trône au milieu du jardin. Là-bas, Victor découvre une petite boite en bois contenant un nouvel indice. Le deuxième indice l'envoie ensuite près de la vieille fontaine de pierre. Victor court partout dans le jardin, de plus en plus excite par sa recherche. Finalement, il découvre un coffre en bois rempli de bonbons et de petits jouets. Ravi de sa découverte, Victor partage aussitôt son trésor avec tous ses cousins.;;;;;;
24736;question;Qui organise la chasse au trésor ?;sa mamie;sa maîtresse;son papa;un ami;24735;L
24737;question;À quelle occasion cette chasse au trésor est-elle organisée ?;l'anniversaire de Victor;la fête de l'école;Noël;sans occasion particulière;24735;L
24738;question;Que reçoit Victor pour commencer ?;une carte mystérieuse;une pelle;un plan de la ville;un livre;24735;L
24739;question;Avec quoi les indices sont-ils écrits ?;de l'encre violette;un crayon gris;de la peinture rouge;ils sont tapés à l'ordinateur;24735;L
24740;question;Où le premier indice conduit-il Victor ?;sous le grand chêne;derrière la maison;dans le garage;dans sa chambre;24735;L
24741;question;Que trouve Victor sous le chêne ?;une boite en bois avec un indice;rien du tout;un animal;un autre enfant;24735;L
24742;question;Où l'envoie le deuxième indice ?;près de la vieille fontaine;dans la cuisine;sous un banc;dans le potager;24735;L
24743;question;Comment Victor se sent-il pendant sa recherche ?;de plus en plus excité;de plus en plus déçu;indifférent;fatigué et ennuyé;24735;L
24744;question;Où Victor court-il pendant la chasse au trésor ?;partout dans le jardin;seulement dans la maison;il reste immobile;dans la rue;24735;L
24745;question;Que découvre Victor à la fin ?;un coffre rempli de bonbons et de jouets;une boite vide;un livre ancien;un jouet casse;24735;L
24746;question;En quoi est fait le coffre ?;en bois;en métal;en carton;en plastique;24735;L
24747;question;Comment Victor se sent-il en trouvant le trésor ?;ravi;déçu;indifférent;fatigué;24735;L
24748;question;Avec qui Victor partage-t-il son trésor ?;ses cousins;sa classe;personne;ses voisins;24735;L
24749;question;Où se passe cette chasse au trésor ?;dans le jardin;en forêt;à l'école;à la plage;24735;L
24750;question;Qu'est-ce qui guide Victor pendant le jeu ?;une carte avec des indices;une boussole;un livre de contes;un téléphone;24735;L
24751;question;Qui a préparé les indices de la chasse au trésor ?;la mamie de Victor;Victor lui-même;un ami de la famille;personne, ils étaient déjà la;24735;L
24752;question;"Que veut dire ""trône"" dans le texte ?";occupe une place centrale et importante;est caché dans un coin;est très petit;est en train de tomber;24735;V
24753;question;"Que veut dire ""ravi"" dans le texte ?";très content, enchanté;déçu;fatigué;en colère;24735;V
24754;question;Pourquoi Victor court-il de plus en plus vite pendant le jeu ?;l'excitation de la recherche grandit à chaque indice trouve;il est en retard pour un rendez-vous;il a peur de quelque chose;il veut simplement faire de l'exercice;24735;I
24755;question;Qu'est-ce qui montre que Victor aime partager ses joies avec les autres ?;il partage son trésor avec tous ses cousins;il cache le trésor pour lui seul;il refuse de montrer sa découverte;il jette les bonbons trouvés;24735;I
24756;passage;Rosa assiste à un spectacle de magie impressionnant lors de la fête annuelle de son village. Sur scène, le magicien porte un grand chapeau noir et une cape aux reflets étincelants. D'un geste théâtral, il fait disparaître complètement une colombe blanche sous les yeux ébahis du public. Rosa n'en croit pas ses yeux et se demande comment un tel tour est possible. Le magicien sort ensuite un lapin tout blanc de son fameux chapeau. A la surprise générale, il invite Rosa à monter sur scène pour participer à un tour. Rosa choisit une carte sans la montrer, et le magicien devine son choix exact. Rosa redescend de scène complètement émerveillée par cette expérience magique.;;;;;;
24757;question;Où Rosa assiste-t-elle au spectacle ?;la fête annuelle du village;au cirque;à l'école;au théâtre municipal;24756;L
24758;question;Que porte le magicien ?;un grand chapeau noir et une cape;une cape rouge seulement;des lunettes;un costume blanc simple;24756;L
24759;question;Comment est la cape du magicien ?;aux reflets étincelants;toute simple et grise;déchirée;invisible;24756;L
24760;question;Que fait disparaître le magicien en premier ?;une colombe blanche;une pièce de monnaie;un foulard;une carte;24756;L
24761;question;Comment le public réagit-il à cette disparition ?;il est ébahi;il est indifférent;il rit fort;il quitte la salle;24756;L
24762;question;Que se demande Rosa après ce tour ?;comment un tel tour est possible;si le spectacle est terminé;quelle heure il est;si elle peut partir;24756;L
24763;question;Que sort le magicien de son chapeau ensuite ?;un lapin tout blanc;un chat;un oiseau;une fleur;24756;L
24764;question;Qui le magicien invite-t-il sur scène ?;Rosa;un autre enfant;personne;le maire du village;24756;L
24765;question;Comment cette invitation est-elle accueillie ?;avec surprise générale;avec indifférence totale;avec de la déception;avec de la colère;24756;L
24766;question;Que choisit Rosa pendant le tour ?;une carte;un numéro;une couleur;un objet dans une boite;24756;L
24767;question;Comment Rosa choisit-elle sa carte ?;sans la montrer;en la montrant à tout le public;en la nommant à voix haute;elle refuse de choisir;24756;L
24768;question;Que devine le magicien ?;la carte de Rosa;son âge;son prénom;sa couleur préférée;24756;L
24769;question;Comment Rosa se sent-elle en redescendant de scène ?;complètement émerveillée;déçue;effrayée;fâchée;24756;L
24770;question;Que fait Rosa en voyant la colombe disparaître ?;elle n'en croit pas ses yeux;elle rit fort;elle pleure;elle s'endort;24756;L
24771;question;Quel type de spectacle Rosa regarde-t-elle ?;un spectacle de magie;un concert;une pièce de théâtre;un spectacle de danse;24756;L
24772;question;Quand a lieu ce spectacle ?;pendant la fête annuelle du village;un jour d'école ordinaire;pendant les vacances de Noël seulement;lors d'un mariage;24756;L
24773;question;"Que veut dire ""ébahis"" dans le texte ?";très étonnés, stupéfaits;totalement indifférents;endormis;en colère;24756;V
24774;question;"Que veut dire ""théâtral"" dans le texte ?";fait avec des gestes amples et impressionnants;fait discrètement, sans attirer l'attention;fait par accident;fait très lentement;24756;V
24775;question;Pourquoi Rosa n'en croit-elle pas ses yeux ?;le tour de magie semble impossible à expliquer;elle connaît déjà le truc du magicien;elle n'a pas bien regarde le tour;le magicien lui a expliqué le secret;24756;I
24776;question;Qu'est-ce qui montre que Rosa a adoré participer au spectacle ?;elle redescend de scène complètement émerveillée;elle refuse de monter sur scène;elle s'ennuie pendant tout le tour;elle quitte la fête avant la fin;24756;I
24777;passage;Simon assiste à un théâtre de marionnettes installé temporairement dans le parc de son quartier. Le petit théâtre en bois arbore de jolis rideaux rouges brodés de motifs dorés. Une marionnette de loup, très expressive, fait immédiatement rire tous les enfants présents. Simon rit de bon coeur avec ses copains assis juste à côté de lui. Une marionnette de princesse chante ensuite une chanson douce et mélodieuse. à chaque fin de scène, les enfants applaudissent très fort, ravis du spectacle. Une fois la représentation terminée, Simon s'approche pour toucher les marionnettes de près. Il repart de la, le sourire aux lèvres, en pensant déjà au prochain spectacle.;;;;;;
24778;question;Où Simon assiste-t-il au spectacle ?;dans le parc de son quartier;à l'école;au cirque;chez lui;24777;L
24779;question;Comment le théâtre est-il installé ?;temporairement;de façon permanente;il est mobile sur un camion;il est construit en dur;24777;L
24780;question;En quoi est fait le petit théâtre ?;en bois;en carton;en tissu;en plastique;24777;L
24781;question;Comment sont les rideaux du théâtre ?;rouges et brodes de motifs dorés;bleus et unis;verts et transparents;il n'y à pas de rideaux;24777;L
24782;question;Quelle marionnette fait rire les enfants ?;le loup;le lapin;le chat;le renard;24777;L
24783;question;Comment est cette marionnette de loup ?;très expressive;totalement immobile;silencieuse;effrayante pour tous;24777;L
24784;question;Avec qui Simon rit-il ?;ses copains;sa classe;sa famille;personne;24777;L
24785;question;Qui chante une chanson douce ?;une marionnette de princesse;un roi;un dragon;une fée;24777;L
24786;question;Comment est cette chanson ?;douce et mélodieuse;très bruyante;triste et lente;elle n'y à pas de chanson;24777;L
24787;question;Que font les enfants à chaque fin de scène ?;ils applaudissent très fort;ils crient de peur;ils pleurent;ils s'ennuient;24777;L
24788;question;Comment les enfants se sentent-ils pendant le spectacle ?;ravis;déçus;indifférents;fatigues;24777;L
24789;question;Que fait Simon une fois la représentation terminée ?;il s'approche pour toucher les marionnettes;il rentre tout de suite;il pleure;il s'endort;24777;L
24790;question;Comment Simon repart-il du spectacle ?;le sourire aux lèvres;triste;fatigué et fâche;sans rien dire;24777;L
24791;question;À quoi Simon pense-t-il en repartant ?;au prochain spectacle;à rentrer vite chez lui;à ses devoirs;à autre chose sans rapport;24777;L
24792;question;Quel spectacle Simon regarde-t-il ?;un théâtre de marionnettes;un spectacle de magie;un concert;un film;24777;L
24793;question;Où est situé ce théâtre de marionnettes ?;dans un parc;dans une salle fermée;dans une église;dans un centre commercial;24777;L
24794;question;"Que veut dire ""expressive"" dans le texte ?";qui montre beaucoup d'émotions visibles;totalement immobile et sans vie;silencieuse et discrète;effrayante;24777;V
24795;question;"Que veut dire ""mélodieuse"" dans le texte ?";agréable à l'oreille, harmonieuse;criarde et désagréable;totalement silencieuse;rapide et saccadée;24777;V
24796;question;Pourquoi les enfants applaudissent-ils à chaque fin de scène ?;ils apprécient beaucoup le spectacle;c'est une règle qu'on leur impose;ils veulent que ça s'arrête;ils ne savent pas quoi faire d'autre;24777;I
24797;question;Qu'est-ce qui montre que Simon à beaucoup aime ce spectacle ?;il repart le sourire aux lèvres en pensant au prochain spectacle;il s'ennuie visiblement pendant la représentation;il quitte le parc avant la fin;il ne veut plus jamais revoir de marionnettes;24777;I
24798;passage;Emma chante avec passion dans la chorale de son école depuis le début de l'année. Chaque mardi après-midi, elle répète avec sa classe de nouvelles chansons pour le concert. Le jour du grand concert, Emma enfile une chemise blanche impeccable pour l'occasion. Juste avant de monter sur scène, elle ressent un peu de trac, le coeur battant. Le professeur de musique lève enfin la main pour donner le signal de départ. Emma chante alors de tout son coeur, aux côtés de ses camarades unis. à la fin du morceau, les parents applaudissent longuement, visiblement très touches. Emma redescend de scène extrêmement fière d'avoir si bien chante devant tout le monde.;;;;;;
24799;question;Où Emma chante-t-elle ?;dans la chorale de son école;dans un groupe professionnel;à la télévision;au cirque;24798;L
24800;question;Depuis quand Emma fait-elle partie de la chorale ?;depuis le début de l'année;depuis une semaine seulement;depuis toujours;depuis hier;24798;L
24801;question;Quel jour Emma répète-t-elle ?;le mardi après-midi;le lundi matin;le vendredi soir;le dimanche;24798;L
24802;question;Que répètent-ils chaque semaine ?;de nouvelles chansons pour le concert;les mêmes chansons depuis toujours;des poèmes;des leçons de grammaire;24798;L
24803;question;Que porte Emma le jour du concert ?;une chemise blanche impeccable;une robe rouge;un pull vert;un costume noir;24798;L
24804;question;Que ressent Emma juste avant de monter sur scène ?;un peu de trac;de la joie seulement;de la colère;rien du tout;24798;L
24805;question;Comment est son coeur à ce moment-là ?;battant;très calme;immobile;on ne sait pas;24798;L
24806;question;Qui donne le signal de départ ?;le professeur de musique;la directrice;Emma;un parent;24798;L
24807;question;Comment le professeur donne-t-il le signal ?;en levant la main;en criant fort;en sifflant;en frappant dans les mains;24798;L
24808;question;Comment Emma chante-t-elle ?;de tout son coeur;sans conviction;en chuchotant;en pleurant;24798;L
24809;question;Avec qui Emma chante-t-elle sur scène ?;ses camarades;seule;sa famille;des inconnus;24798;L
24810;question;Comment sont ses camarades pendant le concert ?;unis;disperses;en désaccord;absents;24798;L
24811;question;Que font les parents à la fin du morceau ?;ils applaudissent longuement;ils partent vite;ils restent silencieux;ils critiquent;24798;L
24812;question;Comment les parents semblent-ils touches ?;visiblement très touches;totalement indifférents;un peu agaces;moyennement intéressés;24798;L
24813;question;Comment Emma se sent-elle en redescendant de scène ?;extrêmement fière;déçue;gêne;fatiguée et triste;24798;L
24814;question;Quel événement Emma prépare-t-elle depuis des semaines ?;un concert de chorale;un spectacle de danse;une pièce de théâtre;une fête d'anniversaire;24798;L
24815;question;"Que veut dire ""trac"" dans le texte ?";une petite peur avant de se produire en public;une grande joie;de la fatigue;de l'ennui;24798;V
24816;question;"Que veut dire ""impeccable"" dans le texte ?";parfaitement propre et soignée;sale et froissée;trop grande;trop petite;24798;V
24817;question;Pourquoi Emma ressent-elle du trac avant de monter sur scène ?;chanter devant beaucoup de monde est impressionnant;elle n'a pas répète du tout;elle n'aime pas chanter;elle a peur du professeur de musique;24798;I
24818;question;Qu'est-ce qui montre qu'Emma a réussi sa prestation ?;les parents applaudissent longuement et elle se sent très fière;les parents restent silencieux et déçus;elle oublie les paroles sur scène;elle refuse de remonter sur scène après;24798;I
24819;passage;Nathan participe avec enthousiasme à la journée sportive annuelle organisée par son école. Dès le matin, il s'élancé dans une course de vitesse au milieu de la cour. Un peu plus tard, Nathan tente sa chance à l'épreuve du saut en longueur. Son équipe dispute ensuite un match anime de ballon prisonnier contre une autre classe. La maîtresse, munie d'un sifflet, chronomètre soigneusement chaque course de la journée. Entre deux épreuves, Nathan boit une grande gorgée d'eau pour reprendre des forces. à la fin de la journée, tous les enfants reçoivent fièrement une médaille souvenir. Nathan rentre chez lui épuise mais extrêmement satisfait de sa performance.;;;;;;
24820;question;À quoi Nathan participe-t-il ?;la journée sportive de l'école;un match de football professionnel;une course cycliste;un spectacle de danse;24819;L
24821;question;Quand a lieu cette journée sportive ?;chaque année;une seule fois dans la scolarité;tous les mois;on ne sait pas;24819;L
24822;question;Que fait Nathan dès le matin ?;il s'élancé dans une course de vitesse;il regarde seulement les autres;il rentre chez lui;il fait ses devoirs;24819;L
24823;question;Où se déroule cette course ?;au milieu de la cour;au stade municipal;en forêt;à la piscine;24819;L
24824;question;À quelle épreuve Nathan tente-t-il sa chance ensuite ?;le saut en longueur;le saut en hauteur;la corde à sauter;le saut à la perche;24819;L
24825;question;À quel jeu l'équipe de Nathan joue-t-elle ?;le ballon prisonnier;le foot;le basket;le tennis;24819;L
24826;question;Contre qui joue l'équipe de Nathan ?;une autre classe;une autre école;personne, c'est un entraînement;des adultes;24819;L
24827;question;Qui chronomètre les courses ?;la maîtresse;un parent;le directeur;Nathan lui-même;24819;L
24828;question;Avec quoi la maîtresse chronomètre-t-elle ?;un sifflet;une cloche;un chronomètre silencieux;sa voix;24819;L
24829;question;Comment la maîtresse chronomètre-t-elle les courses ?;soigneusement;sans faire attention;en se trompant souvent;elle ne chronomètre pas vraiment;24819;L
24830;question;Que fait Nathan entre deux épreuves ?;il boit de l'eau;il se repose allonge;il rentre chez lui;il mange un sandwich;24819;L
24831;question;Pourquoi Nathan boit-il de l'eau ?;pour reprendre des forces;il n'a pas soif mais on le lui demande;pour se rafraîchir seulement;par habitude sans raison;24819;L
24832;question;Que reçoivent tous les enfants à la fin ?;une médaille souvenir;un trophée;un livre;un ballon;24819;L
24833;question;Comment les enfants reçoivent-ils leur médaille ?;fièrement;avec indifférence;avec déception;en se disputant;24819;L
24834;question;Comment Nathan se sent-il en rentrant chez lui ?;épuise mais satisfait;déçu et fâche;totalement indifférent;malade;24819;L
24835;question;Qui organise cette journée sportive ?;l'école de Nathan;la mairie;les parents;personne en particulier;24819;L
24836;question;"Que veut dire ""épuise"" dans le texte ?";très fatigué après un effort;plein d'énergie;malade;ennuyé;24819;V
24837;question;"Que veut dire ""anime"" dans le texte, à propos du match ?";vivant, plein d'action;calme et sans intérêt;triste;silencieux;24819;V
24838;question;Pourquoi Nathan est-il épuise à la fin de la journée ?;il a participé à de nombreuses épreuves physiques;il n'a presque rien fait de la journée;il a mal dormi la veille;il est malade depuis le matin;24819;I
24839;question;Qu'est-ce qui montre que Nathan est content de sa journée malgré la fatigue ?;il se sent extrêmement satisfait de sa performance;il regrette d'avoir participé;il est déçu de ses résultats;il ne veut plus jamais refaire de sport;24819;I
24840;passage;Sara découvre un parcours d'obstacles impressionnant lors d'une sortie au centre de loisirs. Sans hésiter, elle rampe la première sous un grand filet vert tendu bas au sol. Un peu plus loin, Sara saute avec agilité par-dessus une série de pneus alignés. Elle grimpe ensuite courageusement sur un haut mur recouvert de mousse épaisse. Un moniteur attentif encourage Sara à chaque étape difficile du parcours. Elle traverse enfin un pont de corde suspendu qui se balance légèrement sous ses pas. Dans un dernier effort, Sara franchit la ligne d'arrivée en courant à toute vitesse. Elle termine ce parcours extrêmement fière d'avoir surmonté toutes les difficultés.;;;;;;
24841;question;Où Sara découvre-t-elle le parcours d'obstacles ?;au centre de loisirs;à l'école;au stade;à la piscine;24840;L
24842;question;Sous quoi Sara rampe-t-elle ?;un grand filet vert;une table;une corde tendue;un tunnel en bois;24840;L
24843;question;Comment est tendu ce filet ?;bas au sol;très haut;il n'est pas tendu;il flotte dans les airs;24840;L
24844;question;Par-dessus quoi Sara saute-t-elle ensuite ?;une série de pneus alignes;des bancs;des caisses;des cordes;24840;L
24845;question;Sur quoi Sara grimpe-t-elle courageusement ?;un haut mur recouvert de mousse;un arbre;une échelle;un rocher;24840;L
24846;question;Qui encourage Sara à chaque étape ?;un moniteur attentif;sa maman;sa classe;personne;24840;L
24847;question;Que traverse Sara pour finir ?;un pont de corde suspendu;une rivière;un tunnel sombre;une passerelle en bois fixe;24840;L
24848;question;Comment ce pont se comporte-t-il sous ses pas ?;il se balance légèrement;il reste totalement immobile;il s'effondre;il est très rigide;24840;L
24849;question;Comment Sara franchit-elle la ligne d'arrivée ?;en courant à toute vitesse;en marchant lentement;en rampant;en sautant à cloche-pied;24840;L
24850;question;Comment Sara se sent-elle à la fin ?;extrêmement fière;déçue;fatiguée et triste;effrayée;24840;L
24851;question;Que fait Sara au parcours d'obstacles ?;elle surmonte plusieurs difficultés physiques;elle regarde seulement les autres;elle abandonne au milieu;elle refuse de participer;24840;L
24852;question;Qui aide Sara pendant le parcours ?;un moniteur;sa mamie;sa classe;personne;24840;L
24853;question;Où se trouve le mur que Sara escalade ?;sur le parcours d'obstacles;dans une autre salle;dehors, loin du parcours;il n'y à pas de mur;24840;L
24854;question;Comment Sara aborde-t-elle chaque obstacle ?;sans hésiter;avec beaucoup de peur;en pleurant;en refusant d'avancer;24840;L
24855;question;Quel type d'activité Sara pratique-t-elle ce jour-là ?;un parcours d'obstacles;une course de natation;un match de foot;une chasse au trésor;24840;L
24856;question;De quoi le mur est-il recouvert ?;de mousse épaisse;de pierre;de métal;de sable;24840;L
24857;question;"Que veut dire ""agilité"" dans le texte ?";une grande souplesse et rapidité de mouvement;une grande lenteur;de la maladresse;de la peur;24840;V
24858;question;"Que veut dire ""surmonte"" dans le texte ?";réussit à dépasser une difficulté;abandonne face à une difficulté;ignore complètement;crée une difficulté;24840;V
24859;question;Pourquoi le moniteur encourage-t-il Sara pendant le parcours ?;pour l'aider à garder confiance face aux difficultés;parce qu'elle pleure tout le long;parce qu'elle refuse d'avancer;pour la faire aller plus vite que les autres;24840;I
24860;question;Qu'est-ce qui montre que Sara a bien réussi ce parcours ?;elle franchit la ligne d'arrivée fière d'avoir surmonté les difficultés;elle abandonne avant la fin;elle refuse de recommencer;elle se blesse pendant le parcours;24840;I
24861;passage;Adam passe une journée formidable au parc aquatique avec ses parents, en plein été. Dès son arrivée, il grimpe tout en haut d'un immense toboggan bleu vif. Pendant toute la descente, Adam crie de joie, les bras levés bien haut. Il atterrit finalement dans le grand bassin avec un énorme plouf éclaboussant. Sa maman nage joyeusement à ses côtés dans la rivière artificielle du parc. Après plusieurs heures de baignade, Adam savoure une glace au bord de l'eau. Encore et encore, il refait le même toboggan, sans jamais se lasser. A la fermeture du parc, Adam supplie ses parents de revenir dès le lendemain.;;;;;;
24862;question;Où Adam passe-t-il sa journée ?;au parc aquatique;à la piscine du quartier;à la plage;au lac;24861;L
24863;question;Avec qui y va-t-il ?;ses parents;sa classe;ses cousins;ses voisins;24861;L
24864;question;À quelle saison se passe cette journée ?;en plein été;en hiver;au printemps;en automne;24861;L
24865;question;De quelle couleur est le grand toboggan ?;bleu vif;rouge;vert;jaune;24861;L
24866;question;Que fait Adam pendant la descente ?;il crie de joie;il pleure;il ferme les yeux de peur;il reste silencieux;24861;L
24867;question;Comment sont ses bras pendant la descente ?;levés bien haut;colles au corps;croises;cachant son visage;24861;L
24868;question;Comment Adam atterrit-il ?;avec un énorme plouf;tout doucement;sur le sable;sur un tapis;24861;L
24869;question;Avec qui Adam nage-t-il dans la rivière artificielle ?;sa maman;son papa;un moniteur;personne;24861;L
24870;question;Que fait Adam après plusieurs heures de baignade ?;il mange une glace;il rentre directement;il fait la sieste;il pleure de fatigue;24861;L
24871;question;Où Adam mange-t-il sa glace ?;au bord de l'eau;dans la voiture;sur le toboggan;dans les vestiaires;24861;L
24872;question;Que fait Adam encore et encore ?;il refait le même toboggan;il change constamment d'activité;il reste assis;il demande à partir;24861;L
24873;question;Comment Adam se lasse-t-il du toboggan ?;il ne se lasse jamais;il s'en lasse vite;il en a peur;il n'y va qu'une fois;24861;L
24874;question;Que fait Adam à la fermeture du parc ?;il supplie ses parents de revenir;il est soulagé de partir;il pleure de fatigue;il oublie déjà sa journée;24861;L
24875;question;Quand Adam veut-il revenir au parc ?;dès le lendemain;dans un mois;l'année prochaine;il ne veut plus revenir;24861;L
24876;question;Comment Adam qualifie-t-il sa journée ?;formidable;ennuyeuse;fatigante et décevante;moyenne;24861;L
24877;question;Où se passe cette journée ?;au parc aquatique;à l'école;à la ferme;en montagne;24861;L
24878;question;"Que veut dire ""éclaboussant"" dans le texte ?";qui projette de l'eau autour de soi;qui reste totalement silencieux;qui est très discret;qui fait très peu de bruit;24861;V
24879;question;"Que veut dire ""se lasser"" dans le texte ?";perdre l'intérêt pour quelque chose à force de le répéter;adorer de plus en plus quelque chose;avoir peur de quelque chose;oublier quelque chose complètement;24861;V
24880;question;Pourquoi Adam refait-il le toboggan tant de fois ?;il prend un plaisir immense à cette activité;il n'a rien d'autre à faire;ses parents l'y obligent;il attend un ami;24861;I
24881;question;Qu'est-ce qui montre qu'Adam a adoré sa journée au parc aquatique ?;il supplie ses parents de revenir dès le lendemain;il est soulagé quand le parc ferme;il refuse de refaire le toboggan une seconde fois;il s'ennuie visiblement toute la journée;24861;I
24882;passage;Léna monte pour la toute première fois dans le grand huit de la fête foraine. Le coeur battant, elle attache soigneusement sa ceinture de sécurité avant le départ. Le wagon grimpe lentement tout en haut d'une côte impressionnante et très raide. Arrivée au sommet, Léna ferme les yeux un court instant, prise d'une petite frayeur. Soudain, le wagon dévale la pente à une vitesse folle en enchaînant les virages. Léna lève alors les bras très haut, en poussant un grand cri joyeux. Après deux minutes intenses, le tour se termine enfin dans un dernier virage. Léna demande immédiatement à son papa de refaire un tour, encore et encore.;;;;;;
24883;question;Où Léna monte-t-elle dans le grand huit ?;à la fête foraine;au cirque;au parc de la ville;à l'école;24882;L
24884;question;Comment est le coeur de Léna avant le départ ?;battant;très calme;on ne sait pas;endormi;24882;L
24885;question;Que fait Léna avant le départ ?;elle attache sa ceinture;elle ferme la porte;elle appelle sa maman;elle enlève ses chaussures;24882;L
24886;question;Que fait le wagon au début ?;il grimpe lentement une côte raide;il descend directement très vite;il reste immobile;il roule sur un pont;24882;L
24887;question;Comment est cette côte ?;impressionnante et très raide;toute petite et facile;presque plate;invisible;24882;L
24888;question;Que fait Léna arrivée au sommet ?;elle ferme les yeux un instant;elle chante;elle dort;elle mange;24882;L
24889;question;Que ressent Léna à ce moment-là ?;une petite frayeur;de l'ennui;de la faim;rien de particulier;24882;L
24890;question;Comment le wagon dévale-t-il la pente ?;à une vitesse folle;très lentement;en s'arrêtant souvent;à reculons;24882;L
24891;question;Que fait le wagon en descendant ?;il enchaîne les virages;il roule tout droit;il s'arrête à chaque virage;il ralentit progressivement;24882;L
24892;question;Que fait Léna dans les virages ?;elle lève les bras et crie de joie;elle se cache les yeux;elle pleure;elle reste totalement immobile;24882;L
24893;question;Combien de temps dure le tour ?;deux minutes;dix minutes;une heure;trente secondes;24882;L
24894;question;Comment le tour se termine-t-il ?;dans un dernier virage;en s'arrêtant brutalement au sommet;il ne se termine jamais vraiment;par une chute;24882;L
24895;question;Que demande Léna à la fin ?;de refaire un tour;de rentrer vite;de manger une glace;de partir de la fête;24882;L
24896;question;À qui Léna fait-elle sa demande ?;son papa;sa maman;sa mamie;un employé;24882;L
24897;question;Combien de fois Léna veut-elle refaire le tour ?;encore et encore;une seule fois de plus;elle ne veut plus jamais recommencer;elle hésite encore;24882;L
24898;question;Quelle attraction Léna essaie-t-elle ?;le grand huit;le manège à chevaux;la grande roue;les autos tamponneuses;24882;L
24899;question;"Que veut dire ""frayeur"" dans le texte ?";une peur soudaine et passagère;une grande joie;de l'ennui profond;de la fatigue;24882;V
24900;question;"Que veut dire ""intenses"" dans le texte, à propos des deux minutes ?";fortes en émotions et en sensations;ennuyeuses et longues;totalement calmes;sans aucune sensation;24882;V
24901;question;Pourquoi Léna ferme-t-elle les yeux au sommet de la côte ?;l'appréhension avant la descente rapide;elle a sommeil;elle n'aime pas la lumière;elle a terminé le tour;24882;I
24902;question;Qu'est-ce qui montre que Léna a adoré cette expérience malgré sa frayeur initiale ?;elle demande à refaire un tour encore et encore;elle refuse absolument de remonter;elle pleure à la fin du tour;elle veut quitter la fête tout de suite;24882;I
24903;passage;Paul monte avec entrain sur un magnifique cheval de bois, installé sur le vieux manège de la fête. Sa petite soeur grimpe juste à côté de lui, sur un cheval blanc voisin. Une musique entraînante se met alors à jouer très fort dans les haut-parleurs. Paul agrippe fermement la barre dorée, un large sourire aux lèvres. Le manège se met en mouvement doucement, tournant de plus en plus vite. Sa soeur agite joyeusement la main à chaque fois qu'ils passent devant leurs parents. Pendant le tour, Paul tente d'attraper un petit anneau en bois suspendu au passage. Une fois le manège termine, toute la famille file rejoindre la grande roue voisine.;;;;;;
24904;question;Sur quoi Paul monte-t-il d'abord ?;un cheval de bois;un dragon;une voiture;un avion;24903;L
24905;question;Où est installé le manège ?;à la fête;au cirque;à l'école;au zoo;24903;L
24906;question;Avec qui Paul monte-t-il sur le manège ?;sa petite soeur;son grand frère;sa mamie;un ami;24903;L
24907;question;Sur quoi monte la soeur de Paul ?;un cheval blanc voisin;le même cheval que Paul;une voiture;elle ne monte pas sur le manège;24903;L
24908;question;Comment est la musique du manège ?;entraînante et forte;très douce et discrète;il n'y à pas de musique;triste;24903;L
24909;question;D'ou vient la musique ?;des haut-parleurs;d'un musicien présent;d'un instrument que joue Paul;de nulle part;24903;L
24910;question;Que tient fermement Paul ?;la barre dorée;les rênes;un ballon;un bouton rouge;24903;L
24911;question;Comment est le sourire de Paul ?;large;absent;un peu force;cache;24903;L
24912;question;Comment le manège se met-il en mouvement ?;doucement, puis de plus en plus vite;très vite dès le début;il ne bouge pas vraiment;à l'envers;24903;L
24913;question;Que fait la soeur de Paul à chaque passage devant les parents ?;elle agite la main;elle crie de peur;elle pleure;elle ferme les yeux;24903;L
24914;question;Qu'essaie d'attraper Paul pendant le tour ?;un petit anneau en bois;une pomme;un chapeau;un ballon;24903;L
24915;question;Où est suspendu cet anneau ?;au passage du manège;loin du manège;dans les mains d'un employé;il n'y à pas d'anneau;24903;L
24916;question;Que font-ils une fois le manège termine ?;ils rejoignent la grande roue;ils rentrent chez eux;ils mangent une glace;ils font les autos tamponneuses;24903;L
24917;question;Comment la famille se dirige-t-elle vers la grande roue ?;en filant rapidement;en traînant les pieds;en se disputant;elle n'y va pas finalement;24903;L
24918;question;Où se trouvent les parents pendant le tour de manège ?;ils regardent depuis le bord;ils sont montes aussi;ils sont partis ailleurs;on ne sait pas;24903;L
24919;question;Sur quel type de manège se trouve la famille de Paul ?;le vieux manège de la fête;un manège moderne en ville;un manège à l'école;il n'y à pas de manège;24903;L
24920;question;"Que veut dire ""entrain"" dans le texte ?";de l'enthousiasme et de l'énergie joyeuse;de la fatigue;de la tristesse;de l'indifférence;24903;V
24921;question;"Que veut dire ""agrippe"" dans le texte ?";tient fermement quelque chose;lâche quelque chose;touche à peine quelque chose;regarde quelque chose;24903;V
24922;question;Pourquoi Paul tient-il si fermement la barre dorée ?;pour ne pas glisser pendant que le manège tourne;parce que la barre est fragile;pour impressionner sa soeur;parce qu'on le lui ordonne;24903;I
24923;question;Qu'est-ce qui montre que Paul et sa soeur s'amusent beaucoup sur le manège ?;le large sourire de Paul et les signes joyeux de sa soeur;ils restent silencieux et immobiles;ils demandent à descendre tout de suite;ils se disputent pendant le tour;24903;I
24924;passage;Iris dort chez ses grands-parents pour la toute première fois, un week-end de vacances. Dans sa petite valise, elle a soigneusement glissé son doudou lapin adoré. Pour le dîner, mamie prépare une bonne soupe de légumes du jardin. Iris aide son papi à mettre la table, fière de se rendre utile. Après le repas, papi raconte une longue histoire tirée de son enfance. Iris se glisse ensuite dans un grand lit très douillet, préparé spécialement pour elle. Mamie lui chante doucement une berceuse que sa propre maman lui chantait autrefois. Bercée par cette douce mélodie, Iris s'endort très vite, parfaitement heureuse.;;;;;;
24925;question;Où Iris dort-elle pour la première fois ?;chez ses grands-parents;chez ses cousins;à l'école;chez une amie;24924;L
24926;question;Quand se passe cette nuit particulière ?;un week-end de vacances;un jour d'école;le jour de son anniversaire;pendant une sortie scolaire;24924;L
24927;question;Que glisse Iris dans sa valise ?;son doudou lapin;ses jouets;ses livres;ses vêtements de sport;24924;L
24928;question;Comment Iris range-t-elle son doudou ?;soigneusement;n'importe comment;elle oublie de le prendre;elle le laisse à la maison;24924;L
24929;question;Que prépare mamie pour le dîner ?;une soupe de légumes du jardin;des pâtés;une pizza;un poulet rôti;24924;L
24930;question;Que fait Iris avant le repas ?;elle aide à mettre la table;elle regarde la télévision;elle dort déjà;elle joue dehors;24924;L
24931;question;Comment Iris se sent-elle en aidant papi ?;fière de se rendre utile;gênée;ennuyée;indifférente;24924;L
24932;question;Que raconte papi après le repas ?;une histoire de son enfance;un conte de fées invente;une blague courte;les nouvelles du jour;24924;L
24933;question;Où Iris se glisse-t-elle pour dormir ?;un grand lit très douillet;un sac de couchage;un canapé;un lit superpose;24924;L
24934;question;Comment ce lit à-t-il été prépare ?;spécialement pour elle;à la dernière minute;il n'a pas été prépare;par Iris elle-même;24924;L
24935;question;Que fait mamie pour aider Iris à s'endormir ?;elle chante une berceuse;elle lit une histoire;elle allume la télévision;elle ferme juste la porte;24924;L
24936;question;D'ou vient cette berceuse ?;la propre maman de mamie la lui chantait;mamie l'a inventée ce soir-là;elle l'a apprise à la radio;Iris la connaissait déjà;24924;L
24937;question;Comment Iris s'endort-elle ?;très vite et heureuse;difficilement;en pleurant;très tard dans la nuit;24924;L
24938;question;Chez qui Iris passe-t-elle la nuit ?;ses grands-parents;ses cousins;une amie;sa mamie seule;24924;L
24939;question;Que fait Iris pour la première fois ?;dormir chez ses grands-parents;manger de la soupe;voyager en train;aller à l'école;24924;L
24940;question;Qui a aidé à mettre la table ?;Iris;papi seul;mamie seule;personne;24924;L
24941;question;"Que veut dire ""douillet"" dans le texte ?";doux et confortable;dur et inconfortable;froid;bruyant;24924;V
24942;question;"Que veut dire ""bercée"" dans le texte ?";endormie doucement par un mouvement ou un son apaisant;réveillée brusquement;effrayée;gênée;24924;V
24943;question;Pourquoi papi raconte-t-il une histoire de son enfance à Iris ?;pour partager un moment complice avant le coucher;parce qu'il n'a rien d'autre à faire;parce qu'Iris le lui demande avec insistance;par obligation avant chaque nuit;24924;I
24944;question;Qu'est-ce qui montre qu'Iris se sent bien chez ses grands-parents ?;elle s'endort vite, parfaitement heureuse;elle pleure avant de dormir;elle demande à rentrer chez elle;elle a du mal à s'endormir;24924;I
24945;passage;Milan revient de vacances avec sa famille, après deux semaines passées au bord de la mer. à peine arrive, il aide son papa à sortir les lourdes valises du coffre de la voiture. Milan range ensuite avec soin ses coquillages préfères dans une petite boite en carton. Son chat, visiblement ravi de son retour, l'attendait patiemment devant la porte. Sa maman commence déjà à laver les vêtements couverts de sable fin. Assis avec son papa, Milan regarde avec plaisir les photos prises pendant le séjour. En repensant à l'école qui reprend bientôt, il ressent un petit pincement au coeur. Malgré tout, Milan garde de ces vacances un très bon souvenir.;;;;;;
24946;question;D'ou Milan revient-il ?;de vacances au bord de la mer;de l'école;de chez ses cousins;de la montagne;24945;L
24947;question;Combien de temps a duré le séjour ?;deux semaines;un week-end;un mois;trois jours;24945;L
24948;question;Que fait Milan à peine arrive ?;il aide à sortir les valises;il va se coucher tout de suite;il part jouer dehors;il appelle ses amis;24945;L
24949;question;D'ou sortent les valises ?;du coffre de la voiture;du grenier;de la maison;elles restent dans la voiture;24945;L
24950;question;Où Milan range-t-il ses coquillages ?;dans une boite en carton;dans un tiroir;dans sa poche;il les jette;24945;L
24951;question;Comment Milan range-t-il ses coquillages ?;avec soin;n'importe comment;il ne les range pas;il les casse en les rangeant;24945;L
24952;question;Qui attendait Milan devant la porte ?;son chat;son chien;son poisson rouge;personne;24945;L
24953;question;Comment le chat semble-t-il à son retour ?;visiblement ravi;indifférent;en colère;effrayé;24945;L
24954;question;Que fait la maman de Milan ?;elle lave les vêtements pleins de sable;elle range la voiture;elle prépare les valises pour un autre voyage;elle nettoie les fenêtres;24945;L
24955;question;Que regarde Milan avec son papa ?;les photos du séjour;un film;un livre;la télévision;24945;L
24956;question;Comment Milan regarde-t-il ces photos ?;avec plaisir;avec ennui;avec tristesse;sans y prêter attention;24945;L
24957;question;À quoi Milan pense-t-il en repensant à l'école ?;elle reprend bientôt;elle a déjà repris;il n'y pense pas du tout;elle est annulée cette année;24945;L
24958;question;Que ressent Milan en pensant à la reprise de l'école ?;un petit pincement au coeur;une grande joie;de l'indifférence totale;de la colère;24945;L
24959;question;Comment Milan garde-t-il ses souvenirs de vacances malgré tout ?;un très bon souvenir;il les oublie vite;un souvenir plutôt triste;il ne s'en souvient pas bien;24945;L
24960;question;Où Milan à-t-il passe ses vacances ?;au bord de la mer;à la montagne;à la campagne;chez sa mamie;24945;L
24961;question;Qui range les coquillages dans la boite ?;Milan;son papa;sa maman;personne;24945;L
24962;question;"Que veut dire ""un pincement au coeur"" dans le texte ?";une petite tristesse passagère;une grande joie;une douleur physique;de la fatigue;24945;V
24963;question;"Que veut dire ""patiemment"" dans le texte ?";en attendant calmement, sans s'impatienter;en s'agitant beaucoup;en dormant;en pleurant;24945;V
24964;question;Pourquoi Milan ressent-il un pincement au coeur en pensant à l'école ?;cela signifie la fin des vacances qu'il a appréciées;il n'aime pas du tout l'école;il a oublié ses affaires scolaires;il est déjà en retard pour la rentrée;24945;I
24965;question;Qu'est-ce qui montre que Milan a passé de bonnes vacances ?;il garde un très bon souvenir malgré la fin des vacances;il est soulagé que les vacances soient finies;il n'a rien à raconter de son séjour;il ne veut plus jamais repartir en vacances;24945;I
24966;passage;Selma visite un magnifique jardin rempli de papillons multicolores, accompagnée de toute sa classe. Dès son arrivée, un grand papillon bleu vient se poser délicatement sur sa main tendue. Selma reste parfaitement immobile, retenant presque sa respiration pour ne pas l'effrayer. La guide du jardin explique alors avec passion comment naissent et se transforment les papillons. Curieuse, Selma observe longuement une chenille verte qui avance lentement sur une feuille. Tout autour d'elle flotte un doux parfum de fleurs qui embaume l'air chaud. Avant de repartir, Selma prend le temps de dessiner soigneusement un papillon dans son cahier. Elle rentre chez elle en gardant précieusement ce joli souvenir dans son coeur.;;;;;;
24967;question;Que visite Selma avec sa classe ?;un jardin de papillons;un zoo;un musée;une ferme;24966;L
24968;question;De quelle couleur est le papillon qui se pose sur sa main ?;bleu;rouge;jaune;orange;24966;L
24969;question;Où se pose ce papillon ?;sur sa main tendue;sur sa tête;sur son épaule;il ne se pose pas;24966;L
24970;question;Que fait Selma pour ne pas effrayer le papillon ?;elle reste immobile;elle court vite;elle crie;elle ferme les yeux;24966;L
24971;question;Que retient presque Selma ?;sa respiration;ses larmes;un éclat de rire;un cri de surprise;24966;L
24972;question;Qui explique comment naissent les papillons ?;la guide du jardin;la maîtresse;un livre;personne;24966;L
24973;question;Comment la guide explique-t-elle cela ?;avec passion;avec ennui;très rapidement;sans grand intérêt;24966;L
24974;question;Quel animal Selma observe-t-elle longuement ?;une chenille verte;une coccinelle;une abeille;une araignée;24966;L
24975;question;Où se trouve cette chenille ?;sur une feuille;sur le sol;dans l'air;sur un papillon;24966;L
24976;question;Comment la chenille avance-t-elle ?;lentement;très rapidement;elle ne bouge pas;en sautant;24966;L
24977;question;Que flotte tout autour de Selma ?;un doux parfum de fleurs;une odeur de pluie;une odeur d'herbe coupée;aucune odeur particulière;24966;L
24978;question;Comment est cet air parfume ?;chaud;glacial;humide et froid;on ne sait pas;24966;L
24979;question;Que fait Selma avant de repartir ?;elle dessine un papillon;elle achète une carte postale;elle cueille des fleurs;elle attrape un papillon;24966;L
24980;question;Où Selma dessine-t-elle ?;dans son cahier;sur une feuille volante;sur le mur;sur son bras;24966;L
24981;question;Comment Selma dessine-t-elle le papillon ?;soigneusement;très vite et sans soin;elle ne le dessine pas vraiment;en copiant sur une amie;24966;L
24982;question;Comment Selma garde-t-elle ce souvenir ?;précieusement dans son coeur;elle l'oublie vite;elle est déçue;elle a eu peur;24966;L
24983;question;"Que veut dire ""embaume"" dans le texte ?";remplit l'air d'une odeur agréable;assombrit l'air;rend l'air froid;rend l'air bruyant;24966;V
24984;question;"Que veut dire ""précieusement"" dans le texte ?";avec beaucoup de soin et d'attachement;sans y faire attention;avec indifférence;en le négligeant;24966;V
24985;question;Pourquoi Selma reste-t-elle immobile quand le papillon se pose sur sa main ?;pour ne pas faire fuir le papillon apeuré;elle est trop fatiguée pour bouger;on le lui interdit formellement;elle n'a pas remarque le papillon;24966;I
24986;question;Qu'est-ce qui montre que cette visite à beaucoup touche Selma ?;elle garde précieusement ce souvenir dans son coeur;elle oublie cette sortie dès le lendemain;elle trouve la visite ennuyeuse;elle a hâte de repartir dès le début;24966;I
