id;type;text;correct_answer;choice_2;choice_3;choice_4;passage_id;qtype
25000;passage;Léa passe la journée à la plage avec son papa. Elle a emporté un seau bleu et une pelle rouge. Dès qu'elle arrive près de l'eau, elle commence à creuser le sable mouillé. Elle veut bâtir un grand château. Le château prend forme peu à peu. Il à quatre tours pointues et un petit pont. Léa plante fièrement un drapeau jaune tout en haut de la tour principale. Elle recule pour admirer son travail. Son papa l'aide à ramasser des coquillages sur le rivage. Ensemble, ils décorent les murs du château avec soin. Peu à peu, la marée monte. L'eau vient de plus en plus près du château. Léa ne s'inquiète pas du tout. Elle regarde les vagues s'approcher doucement de sa création. Elle sait que son château va bientôt disparaître. Pourtant, elle rit très fort, contente d'avoir joue toute la journée.;;;;;;
25001;question;Où Léa passe-t-elle sa journée ?;à la plage;à la piscine;à la maison;au parc;25000;L
25002;question;Avec qui est Léa ?;son papa;sa maman;son frère;sa mamie;25000;L
25003;question;Que emporte Léa ?;un seau et une pelle;une serviette et un livre;un ballon et un cerf-volant;des lunettes et une casquette;25000;L
25004;question;De quelle couleur est le seau ?;bleu;rouge;vert;jaune;25000;L
25005;question;Combien de tours à le château ?;quatre;deux;trois;cinq;25000;L
25006;question;De quelle couleur est le drapeau ?;jaune;bleu;rouge;vert;25000;L
25007;question;Que ramasse le papa de Léa ?;des coquillages;des algues;des cailloux;du bois flotte;25000;L
25008;question;Qu'est-ce qui monte peu à peu ?;la marée;la température;le vent;le soleil;25000;L
25009;question;Que fait Léa en regardant les vagues approcher ?;elle rit très fort;elle pleure;elle crie de peur;elle s'enfuit;25000;L
25010;question;Que sait Léa à propos de son château ?;qu'il va bientôt disparaître;qu'il va rester pour toujours;qu'il va s'envoler;rien de particulier;25000;L
25011;question;Que fait Léa après avoir planté le drapeau ?;elle recule pour admirer son travail;elle recommence tout depuis le début;elle pleure de fatigue;elle part se baigner;25000;L
25012;question;Comment Léa et son papa décorent-ils les murs ?;avec des coquillages;avec de la peinture;avec des algues;avec des fleurs;25000;L
25013;question;Que veut dire 'rivage' dans le texte ?;le bord de la mer;le fond de l'eau;une île;un bateau;25000;V
25014;question;Que veut dire 'fièrement' dans le texte ?;avec fierté;avec tristesse;avec peur;avec colère;25000;V
25015;question;Que veut dire 'prend forme' dans le texte ?;devient visible petit à petit;disparaît lentement;reste invisible;s'écroule;25000;V
25016;question;Que veut dire 'création' dans le texte, à propos du château ?;l'oeuvre que Léa à fabriquée;un objet acheté au magasin;un jouet casse;une photo;25000;V
25017;question;Pourquoi Léa ne s'inquiète-t-elle pas en voyant la marée monter ?;elle profite du moment sans se soucier de la suite;elle n'a pas remarque la marée;elle pense que le château est solide face à l'eau;elle veut que le château soit détruit;25000;I
25018;question;Que peut-on déduire du caractère de Léa dans cette histoire ?;elle sait profiter du moment présent;elle est très anxieuse de nature;elle n'aime pas construire de châteaux;elle préfère jouer seule;25000;I
25019;question;Pourquoi le papa de Léa l'aide-t-il à ramasser des coquillages ?;pour partager un moment avec elle et l'aider dans son projet;parce qu'il n'a rien d'autre à faire;parce que Léa le lui ordonne;pour vendre les coquillages ensuite;25000;I
25020;question;Que va probablement arriver au château une fois l'histoire terminée ?;il va être emporte par la mer;il va durer pour toujours;il va être agrandi;rien ne va changer;25000;I
25021;passage;Hugo part visiter une ferme avec toute sa classe. Le car dépose les enfants devant un grand portail en bois. La maîtresse rassemble tout le monde près du poulailler. Hugo observe des poules toutes blanches qui picorent des graines. Un peu plus loin, il caresse doucement un lapin gris. L'animal reste immobile, comme s'il faisait confiance à Hugo. Dans le pré voisin, une grosse vache brune mange de l'herbe fraîche sans se presser. Hugo tend un morceau de pain à une chèvre curieuse. Elle vient renifler sa main avant de manger. Soudain, un coq pousse un cri très fort du haut de son perchoir. Tous les enfants sursautent puis éclatent de rire. A midi, ils s'installent dehors pour manger leur pique-nique. Le fermier leur explique comment il s'occupe de ses bêtes chaque jour. Hugo trouve cette sortie formidable. Il rentre à l'école avec le sourire, en pensant déjà à raconter sa journée à ses parents.;;;;;;
25022;question;Où Hugo part-il en sortie ?;à la ferme;au musée;à la piscine;au zoo;25021;L
25023;question;Comment les enfants arrivent-ils à la ferme ?;en car;à pied;en vélo;en train;25021;L
25024;question;De quelle couleur sont les poules ?;blanches;noires;grises;rousses;25021;L
25025;question;Quel animal Hugo caresse-t-il ?;un lapin gris;un chat noir;un chien;un mouton;25021;L
25026;question;Que mange la vache ?;de l'herbe fraîche;du pain;des carottes;des graines;25021;L
25027;question;Que tend Hugo à la chèvre ?;un morceau de pain;une carotte;de l'herbe;une pomme;25021;L
25028;question;D'ou vient le cri du coq ?;du haut de son perchoir;du poulailler ferme;de la cour;du pré;25021;L
25029;question;Que font les enfants à midi ?;ils pique-niquent dehors;ils rentrent à l'école;ils dorment;ils jouent au ballon;25021;L
25030;question;Qui explique aux enfants comment il s'occupe des bêtes ?;le fermier;la maîtresse;personne;un autre enfant;25021;L
25031;question;Comment Hugo rentre-t-il à l'école ?;avec le sourire;en pleurant;fatigué et fâche;silencieux;25021;L
25032;question;À quoi Hugo pense-t-il en rentrant ?;raconter sa journée à ses parents;retourner tout de suite à la ferme;oublier cette sortie;faire ses devoirs;25021;L
25033;question;Que fait la vache pendant que Hugo la regarde ?;elle mange sans se presser;elle court;elle dort;elle beugle fort;25021;L
25034;question;Que veut dire 'picorent' dans le texte ?;mangent de petits bouts avec leur bec;dorment debout;courent vite;volent bas;25021;V
25035;question;Que veut dire 'renifler' dans le texte ?;sentir avec le nez;goûter avec la langue;regarder de près;toucher avec la patte;25021;V
25036;question;Que veut dire 'sursautent' dans le texte ?;font un mouvement brusque de surprise;restent parfaitement immobiles;s'endorment;applaudissent;25021;V
25037;question;Que veut dire 'perchoir' dans le texte ?;l'endroit où un oiseau se pose en hauteur;un enclos pour les vaches;une mangeoire;un abri contre la pluie;25021;V
25038;question;Pourquoi le lapin reste-t-il immobile quand Hugo le caresse ?;il semble faire confiance à Hugo;il dort profondément;il est effrayé;il est malade;25021;I
25039;question;Pourquoi la chèvre vient-elle vers Hugo ?;elle sent le pain et veut le manger;elle a peur de lui;elle veut jouer;elle le reconnaît;25021;I
25040;question;Qu'est-ce qui montre que Hugo à beaucoup aime la sortie ?;il rentre avec le sourire et veut la raconter;il pleure au moment de partir;il ne dit rien de la journée;il veut repartir chez lui plus tôt;25021;I
25041;question;Que peut-on déduire du travail du fermier ?;il demande de l'attention et des soins chaque jour;il ne demande aucun effort;il se fait seulement une fois par an;il est fait uniquement par des machines;25021;I
25042;passage;Nora part faire une randonnée en montagne avec sa maman, tôt un samedi matin. Le soleil se lève à peine. Elles empruntent un sentier étroit qui grimpe entre les sapins. Nora remarque des fleurs violettes au bord du chemin. Un peu plus haut, elle entend le bruit d'une cascade. L'eau tombe quelque part derrière les rochers, cachée à la vue. Un écureuil roux traverse soudain le sentier. Il disparaît aussitôt dans un arbre, effraye par les pas des randonneuses. Nora commence à sentir ses jambes fatiguer. Elle s'arrête pour boire un peu d'eau fraîche de sa gourde. Sa maman l'encourage à continuer. Elle lui rappelle que le sommet n'est plus très loin désormais. Quand elles atteignent enfin le sommet, on peut voir tout le village en contrebas. Les toits ressemblent à de petits carrés colorés. Nora se sent très fière d'avoir grimpé jusqu'en haut sans se plaindre. Elle a hâte de raconter cette aventure à son papa.;;;;;;
25043;question;Avec qui Nora part-elle en randonnée ?;sa maman;son papa;sa mamie;sa classe;25042;L
25044;question;Quel jour partent-elles ?;un samedi;un dimanche;un mercredi;un jour de semaine;25042;L
25045;question;Où passe le sentier qu'elles empruntent ?;entre les sapins;au bord de la mer;dans un village;dans un champ;25042;L
25046;question;De quelle couleur sont les fleurs ?;violettes;jaunes;rouges;blanches;25042;L
25047;question;Qu'entend Nora un peu plus haut ?;le bruit d'une cascade;un train;un chien qui aboie;de la musique;25042;L
25048;question;Quel animal traverse le sentier ?;un écureuil roux;un lapin gris;un renard;un cerf;25042;L
25049;question;Que fait Nora quand ses jambes fatiguent ?;elle boit de l'eau de sa gourde;elle abandonne la randonnée;elle demande à être portée;elle s'endort sur place;25042;L
25050;question;Que rappelle la maman de Nora ?;le sommet n'est plus très loin;il faut rentrer;il va pleuvoir;elles se sont perdues;25042;L
25051;question;À quoi ressemblent les toits vus depuis le sommet ?;de petits carres colorés;des points noirs;on ne les distingue pas;des triangles blancs;25042;L
25052;question;Comment Nora se sent-elle en haut ?;très fière;déçue;en colère;indifférente;25042;L
25053;question;À qui Nora a-t-elle hâte de raconter son aventure ?;son papa;sa maîtresse;ses amis seulement;personne en particulier;25042;L
25054;question;Qu'a fait Nora pendant toute la montée ?;elle n'a pas se plaindre;elle a beaucoup pleure;elle a demandé à rentrer;elle s'est arrêtée tout le temps;25042;L
25055;question;Que veut dire 'étroit' dans le texte ?;peu large;très long;très pentu;glissant;25042;V
25056;question;Que veut dire 'en contrebas' dans le texte ?;plus bas, en dessous;tout en haut;très loin sur le côté;au milieu;25042;V
25057;question;Que veut dire 'randonneuses' dans le texte ?;des personnes qui font une randonnée;des habitantes du village;des sportives professionnelles;des guides de montagne;25042;V
25058;question;Que veut dire 'désormais' dans le texte ?;à partir de maintenant;avant ce moment;jamais;de temps en temps;25042;V
25059;question;Pourquoi l'écureuil disparaît-il aussitôt ?;il est effrayé par les pas des randonneuses;il cherche de la nourriture ailleurs;il suit Nora;il n'aime pas les fleurs;25042;I
25060;question;Pourquoi Nora est-elle fière en arrivant au sommet ?;elle a réussi à grimper sans se plaindre;elle a gagné une course;on lui a offert un cadeau;elle a retrouvé des amis;25042;I
25061;question;Qu'est-ce que la randonnée a demandé à Nora ?;de l'effort et de la persévérance;aucun effort particulier;de l'argent;de la chance seulement;25042;I
25062;question;Que peut-on déduire de la relation entre Nora et sa maman ?;sa maman la soutient et l'encourage;sa maman est indifférente à son effort;sa maman est sévère avec elle;elles ne s'entendent pas bien;25042;I
25063;passage;Tom se rend à la fête foraine avec son grand frère, un samedi soir de fin d'été. Dès leur arrivée, Tom monte sur le manège à chevaux qui tourne en musique. Il choisit un cheval blanc à crinière dorée. Il achète ensuite une grosse barbe à papa rose. Le sucre fond doucement sur sa langue et colle un peu à ses doigts. Au stand de tir, Tom vise avec attention et gagne un ours en peluche marron. Il le serre aussitôt contre lui. La nuit tombe peu à peu. Des milliers de lumières colorées s'allument alors tout autour d'eux. Tom entend de la musique qui semble venir de partout à la fois. Les cris joyeux des visiteurs se mêlent aux airs entraînants. Pour finir la soirée, il rit aux éclats sur les autos tamponneuses avec son frère. Ils se percutent en riant, sans jamais se lasser. Quand ils rentrent enfin chez eux, Tom garde son ours serre contre lui. Quelle soirée merveilleuse pour Tom !;;;;;;
25064;question;Quand Tom va-t-il à la fête foraine ?;un samedi soir de fin d'été;un dimanche matin;un mercredi après-midi;pendant l'hiver;25063;L
25065;question;Sur quoi Tom monte-t-il en premier ?;le manège à chevaux;la grande roue;le train fantôme;le grand huit;25063;L
25066;question;Quel cheval Tom choisit-il ?;un cheval blanc à crinière dorée;un cheval noir;un cheval marron;il ne choisit pas de cheval en particulier;25063;L
25067;question;Qu'achète Tom ensuite ?;une barbe à papa;une glace;une pomme d'amour;des bonbons;25063;L
25068;question;Que gagne Tom au stand de tir ?;un ours en peluche;une poupée;un ballon;une voiture jouet;25063;L
25069;question;De quelle couleur est l'ours ?;marron;blanc;rose;noir;25063;L
25070;question;Que se passe-t-il quand la nuit tombe ?;des lumières colorées s'allument;tout s'éteint;la fête ferme;il commence à pleuvoir;25063;L
25071;question;Comment se termine la soirée de Tom ?;il rit sur les autos tamponneuses;il s'ennuie et rentre;il pleure de fatigue;il perd son ours;25063;L
25072;question;Que fait Tom dès son arrivée à la fête ?;il monte sur le manège;il mange d'abord;il rentre chez lui;il cherche son frère;25063;L
25073;question;Que garde Tom en rentrant chez lui ?;son ours serre contre lui;seulement des souvenirs;sa barbe à papa;rien du tout;25063;L
25074;question;Avec qui Tom fait-il les autos tamponneuses ?;son frère;sa mamie;seul;des inconnus;25063;L
25075;question;Que fait Tom et son frère sur les autos tamponneuses ?;ils se percutent en riant;ils évitent tous les chocs;ils s'arrêtent tout de suite;ils se disputent;25063;L
25076;question;Que veut dire 'colle' dans le texte ?;reste attachée;tombe par terre;fond vite;sent bon;25063;V
25077;question;Que veut dire 'rit aux éclats' dans le texte ?;rit très fort;pleure un peu;chante fort;crie de peur;25063;V
25078;question;Que veut dire 'se mêlent' dans le texte ?;se mélangent, se confondent;restent bien séparés;disparaissent complètement;s'arrêtent brusquement;25063;V
25079;question;Que veut dire 'entraînants' dans le texte, à propos des airs de musique ?;qui donnent envie de bouger et danser;tristes et lents;silencieux;effrayants;25063;V
25080;question;Pourquoi la barbe à papa colle-t-elle aux doigts de Tom ?;c'est du sucre qui devient collant en fondant;Tom à les mains sales;elle est trop chaude;elle est cassée;25063;I
25081;question;Qu'est-ce qui montre que Tom passe une très bonne soirée ?;il rit et qualifie la soirée de merveilleuse;il regarde tout le temps l'heure;il demande à rentrer tôt;il reste seul dans un coin;25063;I
25082;question;Pourquoi Tom serre-t-il son ours contre lui en rentrant ?;c'est un souvenir précieux de sa victoire au stand de tir;il a peur de le perdre par accident;sa maman le lui demande;il veut le donner à son frère;25063;I
25083;question;Que peut-on déduire de la relation entre Tom et son grand frère ?;ils passent un moment complice ensemble;ils se disputent tout du long;ils s'ignorent pendant la soirée;ils ne s'entendent pas bien;25063;I
25084;passage;Alice prend le train avec sa mamie pour passer le week-end à la campagne. Elle range ses affaires dans une petite valise rouge. Une fois assise, Alice regarde par la fenêtre. Le paysage défile à toute vitesse devant ses yeux. Le train traverse de grands champs verts. Des vaches y paissent tranquillement, sans se soucier du bruit. Vers midi, sa mamie sort un goûter de son sac. Elles le partagent en discutant de tout et de rien. Un contrôleur passe alors dans le wagon. Il vérifie le billet de chaque voyageur avec un petit sourire. Bercée par le mouvement régulier du train, Alice finit par s'endormir un moment. Elle rêve qu'elle court dans un champ. Quand elle se réveille, le train ralentit doucement. Il arrive enfin en gare, après un long trajet. Alice descend du train avec sa mamie, impatiente de découvrir la maison de campagne. Elle sait que de belles vacances l'attendent.;;;;;;
25085;question;Avec qui Alice prend-elle le train ?;sa mamie;son papa;sa classe;sa soeur;25084;L
25086;question;Où vont-elles ?;à la campagne;à la mer;en ville;à la montagne;25084;L
25087;question;De quelle couleur est la valise ?;rouge;bleue;verte;noire;25084;L
25088;question;Que traverse le train ?;de grands champs verts;une forêt sombre;un désert;une grande ville;25084;L
25089;question;Que font les vaches dans les champs ?;elles paissent tranquillement;elles courent;elles dorment;elles boivent;25084;L
25090;question;Que fait la mamie d'Alice vers midi ?;elle sort un goûter;elle va au wagon-restaurant;elle dort;elle téléphone;25084;L
25091;question;Qui passe dans le wagon ?;un contrôleur;un serveur;un policier;un autre voyageur;25084;L
25092;question;Que fait Alice, bercée par le train ?;elle s'endort un moment;elle chante;elle pleure;elle court dans le wagon;25084;L
25093;question;De quoi Alice rêve-t-elle ?;elle court dans un champ;elle vole dans le ciel;elle nage dans la mer;elle ne rêve de rien;25084;L
25094;question;Que fait le train quand Alice se réveille ?;il ralentit doucement;il accélère brusquement;il s'arrête en pleine campagne;il a déjà dépassé la gare;25084;L
25095;question;Comment Alice descend-elle du train ?;impatiente de découvrir la maison de campagne;déçue de son voyage;fatiguée et grognon;en pleurant;25084;L
25096;question;Combien de temps dure le séjour d'Alice ?;le week-end;une seule journée;un mois;toute une semaine;25084;L
25097;question;Que veut dire 'défile' dans le texte ?;passe rapidement devant les yeux;reste immobile;disparaît;devient flou;25084;V
25098;question;Que veut dire 'bercée' dans le texte ?;endormie doucement par un mouvement régulier;réveillée brusquement;effrayée;gênée;25084;V
25099;question;Que veut dire 'paissent' dans le texte ?;mangent de l'herbe dans un pré;dorment debout;courent en groupe;boivent de l'eau;25084;V
25100;question;Que veut dire 'impatiente' dans le texte ?;qui a hâte que quelque chose arrive;qui n'a aucune envie particulière;qui est fatiguée;qui est déçue;25084;V
25101;question;Pourquoi Alice s'endort-elle pendant le trajet ?;le mouvement régulier du train la berce;elle est malade;elle s'ennuie beaucoup;il fait très sombre dans le wagon;25084;I
25102;question;Que peut-on deviner sur la relation d'Alice avec sa mamie ?;elles passent un moment agréable ensemble;elles se disputent souvent;elles se voient pour la première fois;Alice n'aime pas voyager avec elle;25084;I
25103;question;Pourquoi le contrôleur sourit-il en vérifiant les billets ?;cela fait probablement partie de son travail habituel et agréable;il a reconnu Alice;il trouve la situation drôle;il se moque des voyageurs;25084;I
25104;question;Que peut-on déduire de l'état d'esprit d'Alice à son arrivée ?;elle est joyeuse à l'idée de ses vacances;elle regrette d'être partie;elle est indifférente au voyage;elle a hâte de repartir tout de suite;25084;I
25105;passage;Diego prend l'avion pour la toute première fois de sa vie. L'avion doit l'emmener en Espagne avec son papa. Un peu nerveux, Diego serre fort la main de son papa pendant le décollage. L'avion s'élève très vite dans le ciel. Diego sent alors son ventre se serrer, comme lors d'une descente rapide. Il ferme les yeux un instant. Par le hublot, il observe ensuite les nuages blancs. Ils ressemblent à de la barbe à papa flottant dans le ciel bleu. Une hôtesse souriante lui apporte un jus d'orange et un petit gâteau sale. Diego la remercie poliment. Il observe longuement la mer bleue qui s'étend à perte de vue sous l'avion. Aucun bateau n'est visible de si haut. Peu à peu, Diego se détend. Il commence même à trouver ce voyage passionnant, bien plus que ce qu'il imaginait. Quand l'avion se pose enfin sur la piste, Diego sourit largement. Il a déjà hâte de reprendre l'avion un jour.;;;;;;
25106;question;Que fait Diego pour la première fois ?;il prend l'avion;il prend le bateau;il nage dans la mer;il conduit une voiture;25105;L
25107;question;Vers quel pays vole l'avion ?;l'Espagne;l'Italie;le Portugal;la Grèce;25105;L
25108;question;Que fait Diego pendant le décollage ?;il serre la main de son papa;il chante;il dort;il pleure très fort;25105;L
25109;question;Que ressent Diego quand l'avion s'élève ?;son ventre se serre;il a très chaud;il a mal à la tête;rien du tout;25105;L
25110;question;À quoi ressemblent les nuages selon Diego ?;à de la barbe à papa;à des montagnes;à des animaux;à rien de particulier;25105;L
25111;question;Que lui apporte l'hôtesse ?;un jus d'orange et un gâteau;un repas complet;juste de l'eau;rien du tout;25105;L
25112;question;Que fait Diego quand l'hôtesse lui apporte à manger ?;il la remercie poliment;il ne dit rien;il refuse;il se plaint;25105;L
25113;question;Que regarde Diego longtemps sous l'avion ?;la mer bleue;des montagnes;une ville;le désert;25105;L
25114;question;Que voit-on sur la mer, vue de si haut ?;aucun bateau;des dizaines de bateaux;seulement des îles;des vagues énormes;25105;L
25115;question;Comment Diego trouve-t-il finalement ce voyage ?;passionnant;ennuyeux;effrayant;trop long;25105;L
25116;question;Que fait Diego quand l'avion se pose ?;il sourit largement;il pleure de soulagement;il reste inquiet;il s'endort;25105;L
25117;question;Qu'a hâte de faire Diego après ce voyage ?;reprendre l'avion un jour;ne plus jamais voler;rentrer tout de suite chez lui;dormir très longtemps;25105;L
25118;question;Que veut dire 'nerveux' dans le texte ?;un peu inquiet;très joyeux;très fatigué;en colère;25105;V
25119;question;Que veut dire 's'étend à perte de vue' dans le texte ?;va très loin, jusqu'à l'horizon;est toute petite;est invisible;est très agitée;25105;V
25120;question;Que veut dire 'se détend' dans le texte ?;devient plus calme, moins tendu;devient plus nerveux;s'endort complètement;se met en colère;25105;V
25121;question;Que veut dire 'poliment' dans le texte ?;avec courtoisie et bonnes manières;avec impatience;sans un mot;avec méfiance;25105;V
25122;question;Pourquoi le ventre de Diego se serre-t-il au décollage ?;c'est la sensation inhabituelle de l'accélération;il est malade;il a faim;il a trop mangé;25105;I
25123;question;Qu'est-ce qui montre que Diego a changé d'avis pendant le vol ?;il passe de nerveux à passionné par le voyage;il pleure de plus en plus;il demande à rentrer;il reste inquiet jusqu'à la fin;25105;I
25124;question;Pourquoi ne voit-on aucun bateau depuis l'avion ?;l'avion vole trop haut pour bien les distinguer;il n'y à pas de bateaux sur cette mer;c'est la nuit;les hublots sont trop sales;25105;I
25125;question;Que peut-on déduire du caractère de Diego à la fin du voyage ?;il est devenu curieux et confiant face à la nouveauté;il restera toujours effrayé par l'avion;il ne veut plus jamais voyager;il regrette d'être parti;25105;I
25126;passage;Ingrid embarque pour une croisière en mer avec ses parents, pour la première semaine des vacances. Le bateau est immense et tout blanc. Plusieurs étages sont reliés par de larges escaliers. Accoudée au bastingage, Ingrid regarde la mer d'un bleu profond. L'eau s'étend à l'infini tout autour du bateau. Soudain, un groupe de dauphins bondit hors de l'eau tout près du bateau. Ingrid pousse un cri de joie. Le capitaine, en uniforme blanc, salue chaleureusement les passagers réunis sur le pont. Il leur souhaite un bon voyage. Le soir, Ingrid dîne dans une grande salle décorée de lumières scintillantes. Le repas lui semble très raffine. Bercée par le roulis du bateau, elle s'endort dans sa petite cabine. Le bruit des vagues l'accompagne toute la nuit. Le lendemain matin, Ingrid se réveille avec le sourire. Elle espère déjà pouvoir refaire une croisière l'année prochaine.;;;;;;
25127;question;Avec qui Ingrid part-elle en croisière ?;ses parents;sa classe;ses cousins;sa mamie;25126;L
25128;question;Comment est le bateau ?;immense et blanc;petit et vieux;en bois;rouge et jaune;25126;L
25129;question;Où Ingrid regarde-t-elle la mer ?;accoudée au bastingage;depuis sa cabine;depuis la salle à manger;elle ne la regarde pas;25126;L
25130;question;Que fait un groupe de dauphins ?;il bondit hors de l'eau;il reste cache;il suit un poisson;il s'approche du rivage;25126;L
25131;question;Comment Ingrid réagit-elle en voyant les dauphins ?;elle pousse un cri de joie;elle a peur;elle est indifférente;elle pleure de surprise;25126;L
25132;question;Comment est habillé le capitaine ?;en uniforme blanc;en costume noir;en tenue de marin raye;en vêtements de sport;25126;L
25133;question;Que souhaite le capitaine aux passagers ?;un bon voyage;bon appétit seulement;de faire attention;rien de particulier;25126;L
25134;question;Comment est décorée la salle du dîner ?;avec des lumières scintillantes;elle n'est pas décorée;avec des fleurs seulement;avec des tableaux;25126;L
25135;question;Comment Ingrid trouve-t-elle le repas ?;très raffine;très simple;mauvais;trop copieux;25126;L
25136;question;Qu'est-ce qui accompagne Ingrid toute la nuit ?;le bruit des vagues;de la musique;le silence total;des cris d'animaux;25126;L
25137;question;Comment Ingrid se réveille-t-elle le lendemain ?;avec le sourire;fatiguée et grognon;malade;en pleurant;25126;L
25138;question;Qu'espère Ingrid pour l'année prochaine ?;refaire une croisière;ne plus jamais prendre le bateau;aller à la montagne;rester à la maison;25126;L
25139;question;Que veut dire 'le roulis' dans le texte ?;le mouvement de balancement du bateau;le bruit du moteur;la vitesse du bateau;la couleur de la mer;25126;V
25140;question;Que veut dire 's'étend à l'infini' dans le texte ?;semble ne jamais s'arrêter;est très petite;change de couleur;est dangereuse;25126;V
25141;question;Que veut dire 'raffine' dans le texte, à propos du repas ?;élabore avec soin et élégance;simple et rapide à préparer;froid et sans goût;trop épice;25126;V
25142;question;Que veut dire 'bastingage' dans le texte ?;la rambarde sur le bord d'un bateau;la cuisine du bateau;le moteur du bateau;l'ancre du bateau;25126;V
25143;question;Pourquoi Ingrid pousse-t-elle un cri de joie en voyant les dauphins ?;c'est un spectacle rare et magnifique en pleine mer;elle a peur des dauphins d'habitude;elle ne les avait jamais vus en photo;le capitaine le lui avait promis;25126;I
25144;question;Qu'est-ce qui montre qu'Ingrid a passé un bon séjour ?;elle espère refaire une croisière l'an prochain;elle est pressée de rentrer;elle ne parle pas de la croisière;elle veut essayer un autre transport;25126;I
25145;question;Pourquoi le capitaine salue-t-il chaleureusement les passagers ?;il veut que le voyage se passe dans une bonne ambiance;c'est une obligation stricte imposée par la loi;il connaît personnellement Ingrid;il cherche à vendre autre chose aux passagers;25126;I
25146;question;Que peut-on déduire du confort de cette croisière ?;elle offre un cadre agréable et soigne aux passagers;elle est très inconfortable;elle manque cruellement d'organisation;elle ne propose aucun service;25126;I
25147;passage;Marco passe toute la journée chez ses cousins, qui habitent une grande maison avec un jardin. Dès son arrivée, il retrouve sa cousine Livia. Ensemble, ils jouent au ballon sous le soleil. Livia propose ensuite de fabriquer une cabane. Ils empilent des couvertures sur plusieurs chaises du salon. Leur tante prépare des cookies encore chauds. Les enfants les dégustent avec grand plaisir, assis dans leur cabane. Marco et Livia rient beaucoup en se racontant des histoires drôles. Le temps passe très vite dans leur refuge improvise. Le soir venu, toute la famille se retrouve dans le salon pour regarder un film ensemble. Marco s'installe près de sa cousine, un plaid sur les genoux. Personne n'a envie que la soirée se termine. Quand ses parents viennent le chercher, Marco n'a vraiment pas envie de repartir. Il promet de revenir très vite.;;;;;;
25148;question;Chez qui Marco passe-t-il la journée ?;ses cousins;ses grands-parents;ses voisins;sa marraine;25147;L
25149;question;Où habitent les cousins de Marco ?;une grande maison avec jardin;un appartement en ville;une ferme;au bord de la mer;25147;L
25150;question;Comment s'appelle la cousine de Marco ?;Livia;Sofia;Inès;Zoé;25147;L
25151;question;À quoi jouent-ils dès l'arrivée de Marco ?;au ballon;aux cartes;aux billes;à la corde à sauter;25147;L
25152;question;Avec quoi construisent-ils la cabane ?;des couvertures sur des chaises;des cartons;des coussins par terre;du bois;25147;L
25153;question;Que prépare la tante de Marco ?;des cookies;un gâteau;des crêpes;une tarte;25147;L
25154;question;Où les enfants dégustent-ils les cookies ?;dans leur cabane;à table;dans le jardin;dans la voiture;25147;L
25155;question;Que font Marco et Livia dans la cabane ?;ils se racontent des histoires drôles;ils font leurs devoirs;ils dorment;ils se disputent;25147;L
25156;question;Que fait la famille le soir ?;elle regarde un film;elle sort au restaurant;elle va se coucher tôt;elle joue aux cartes;25147;L
25157;question;Où Marco s'installe-t-il pour regarder le film ?;près de sa cousine, avec un plaid;seul dans un coin;sur le sol froid;dans une autre pièce;25147;L
25158;question;Qui vient chercher Marco à la fin ?;ses parents;sa mamie;un voisin;personne, il rentre seul;25147;L
25159;question;Que promet Marco en repartant ?;de revenir très vite;de ne plus jamais revenir;de rester encore un peu;rien de particulier;25147;L
25160;question;Que veut dire 'improvisée' dans le texte ?;faite rapidement, sans préparation;très solide et durable;achetée dans un magasin;cachée dans un coin secret;25147;V
25161;question;Que veut dire 'dégustent' dans le texte ?;mangent en appréciant le goût;avalent très vite;refusent de manger;partagent avec d'autres;25147;V
25162;question;Que veut dire 'un plaid' dans le texte ?;une couverture douce pour se réchauffer;un jeu de société;un vêtement d'extérieur;un coussin;25147;V
25163;question;Que veut dire 'refuge' dans le texte, à propos de la cabane ?;un endroit ou l'on se sent bien et protège;un endroit dangereux;un endroit interdit;un endroit très bruyant;25147;V
25164;question;Pourquoi Marco ne veut-il pas repartir à la fin de la journée ?;il a passé un très bon moment avec ses cousins;il s'est disputé avec ses parents;il a oublié quelque chose chez sa tante;il a peur de rentrer seul;25147;I
25165;question;Qu'est-ce qui montre que Marco et Livia s'entendent bien ?;ils jouent, rient et inventent des histoires ensemble;ils se disputent tout le temps;ils restent chacun de leur côté;ils ne se parlent presque pas;25147;I
25166;question;Pourquoi personne n'a-t-il envie que la soirée se termine ?;tout le monde passe un moment agréable ensemble;le film est trop long;il est déjà très tard;les enfants ont peur de la nuit;25147;I
25167;question;Que peut-on déduire de l'ambiance chez les cousins de Marco ?;c'est une famille chaleureuse et accueillante;c'est une famille très stricte;c'est une maison ou l'on s'ennuie;c'est une famille distante;25147;I
25168;passage;Sofia part pique-niquer à la campagne un dimanche ensoleillé, avec toute sa famille. Ils installent une grande nappe à carreaux à l'ombre d'un vieux chêne. L'herbe est fraîche et douce sous leurs pieds. Sofia croque avec plaisir dans un sandwich au fromage préparé par sa maman. Elle trouve qu'il a un goût délicieux. Sa maman découpe ensuite une pastèque bien sucrée en tranches épaisses. Chacun en prend un morceau bien juteux. Non loin de la, des vaches broutent tranquillement dans un pré entouré de fleurs. Sofia les observe un long moment. Elle s'amuse ensuite à courir après des papillons multicolores. Ils volent au-dessus de l'herbe, insaisissables et légers. Son papa sort sa guitare et joue quelques airs joyeux. Toute la famille chante en tapant dans les mains. Fatiguée par sa journée, Sofia finit par s'endormir paisiblement dans l'herbe tendre, bercée par la musique.;;;;;;
25169;question;Quel jour Sofia pique-nique-t-elle ?;un dimanche ensoleillé;un lundi pluvieux;un jour de neige;un soir d'hiver;25168;L
25170;question;Où installent-ils la nappe ?;à l'ombre d'un vieux chêne;en plein soleil;sous une tente;au bord de l'eau;25168;L
25171;question;Que mange Sofia avec plaisir ?;un sandwich au fromage;une pizza;une soupe froide;un gâteau;25168;L
25172;question;Que découpe la maman de Sofia ensuite ?;une pastèque;une pomme;un melon vert;une orange;25168;L
25173;question;Comment est la pastèque ?;bien sucrée;un peu acide;pas encore mure;trop dure;25168;L
25174;question;Que font les vaches non loin de la ?;elles broutent tranquillement;elles courent partout;elles dorment;elles boivent dans une rivière;25168;L
25175;question;À quoi Sofia s'amuse-t-elle ?;courir après des papillons;sauter à la corde;jouer au ballon;construire un château;25168;L
25176;question;Comment sont les papillons ?;multicolores;tout noirs;tout blancs;invisibles;25168;L
25177;question;Que sort le papa de Sofia ?;sa guitare;un ballon;un livre;un appareil photo;25168;L
25178;question;Que fait toute la famille pendant que le papa joue ?;elle chante en tapant dans les mains;elle reste silencieuse;elle danse debout;elle range le pique-nique;25168;L
25179;question;Où Sofia s'endort-elle ?;dans l'herbe;dans la voiture;sur un banc;dans sa chambre;25168;L
25180;question;Comment est l'herbe sous leurs pieds ?;fraîche et douce;sèche et piquante;boueuse;recouverte de sable;25168;L
25181;question;Que veut dire 'paisiblement' dans le texte ?;calmement, sans agitation;brutalement;rapidement, en courant;avec de la peur;25168;V
25182;question;Que veut dire 'entoure' dans le texte ?;se trouve tout autour;est loin de;est caché sous;est au-dessus de;25168;V
25183;question;Que veut dire 'insaisissables' dans le texte, à propos des papillons ?;difficiles à attraper;faciles à attraper;invisibles;dangereux;25168;V
25184;question;Que veut dire 'juteux' dans le texte ?;plein de jus;sec et dur;amer;froid;25168;V
25185;question;Pourquoi Sofia s'endort-elle à la fin de la journée ?;elle est fatiguée par une journée active et agréable;elle est malade;elle s'ennuie beaucoup;il fait très froid dehors;25168;I
25186;question;Qu'est-ce qui montre que la famille de Sofia passe un bon moment ensemble ?;chacun profite du pique-nique et de la musique;ils se disputent pour la nourriture;ils veulent rentrer très vite;personne ne parle pendant le repas;25168;I
25187;question;Pourquoi les papillons sont-ils qualifies d''insaisissables' dans le texte ?;ils volent vite et changent sans cesse de direction;ils sont trop gros à attraper;Sofia ne veut pas vraiment les attraper;ils restent immobiles au sol;25168;I
25188;question;Que peut-on déduire de cette journée en famille ?;c'est un moment simple mais très agréable pour tous;c'est une journée ratée pour la famille;personne n'apprécie vraiment le pique-nique;la famille préfère rester à la maison;25168;I
25189;passage;Elias se rend à la plage avec son cerf-volant rouge et jaune tout neuf. Il a hâte de le faire voler. Ce jour-là, un vent fort souffle depuis la mer. C'est une condition idéale pour faire voler un cerf-volant. Elias court sur le sable en tenant fermement la ficelle tendue. Le sable chaud lui chatouille les pieds. Peu à peu, le cerf-volant s'élève et monte très haut dans le ciel bleu. Il ondule doucement au gré du vent. Sa soeur applaudit et l'encourage depuis sa serviette de plage. Elle prend même quelques photos avec son appareil. Un petit chien noir court joyeusement autour d'eux en aboyant. Il semble vouloir attraper le cerf-volant lui aussi. Malgré les rafales qui secouent parfois le cerf-volant, Elias maintient fermement la ficelle. Il n'a pas peur de le perdre. Quand il rentre chez lui, les bras un peu fatigués, Elias est extrêmement fier de son exploit. Il a hâte de recommencer.;;;;;;
25190;question;Où Elias se rend-il avec son cerf-volant ?;à la plage;au parc;en montagne;dans son jardin;25189;L
25191;question;De quelles couleurs est le cerf-volant ?;rouge et jaune;bleu et blanc;vert et noir;rose et violet;25189;L
25192;question;Comment est le vent ce jour-là ?;fort;très faible;absent;glacial;25189;L
25193;question;Que fait Elias sur le sable ?;il court en tenant la ficelle;il marche lentement;il s'assoit;il construit un château;25189;L
25194;question;Que fait le cerf-volant peu à peu ?;il s'élève très haut;il reste au sol;il tombe dans l'eau;il se déchire;25189;L
25195;question;Qui applaudit Elias ?;sa soeur;son papa;sa mamie;sa maîtresse;25189;L
25196;question;Que fait la soeur d'Elias en plus d'applaudir ?;elle prend des photos;elle repart tout de suite;elle dort;elle joue avec le chien;25189;L
25197;question;Quel animal court autour d'eux ?;un petit chien noir;un chat;un oiseau;un crabe;25189;L
25198;question;Que semble vouloir faire le chien ?;attraper le cerf-volant;mordre Elias;s'enfuir très loin;manger le sable;25189;L
25199;question;Que fait Elias malgré les rafales ?;il maintient fermement la ficelle;il lâche le cerf-volant;il rentre tout de suite;il pleure;25189;L
25200;question;Comment Elias se sent-il en rentrant chez lui ?;extrêmement fier;déçu;fatigué et triste;indifférent;25189;L
25201;question;Comment sont les bras d'Elias en rentrant ?;un peu fatigués;totalement reposés;blesses;engourdis par le froid;25189;L
25202;question;Que veut dire 'rafales' dans le texte ?;des coups de vent soudains et forts;des vagues;des nuages noirs;des bruits forts;25189;V
25203;question;Que veut dire 'exploit' dans le texte ?;une réussite dont on est fier;un échec;une erreur;un accident;25189;V
25204;question;Que veut dire 'ondule' dans le texte ?;bouge doucement de haut en bas;reste parfaitement immobile;tombe brusquement;disparaît;25189;V
25205;question;Que veut dire 'au gré du vent' dans le texte ?;en suivant les mouvements du vent;en s'y opposant;sans lien avec le vent;malgré l'absence de vent;25189;V
25206;question;Pourquoi Elias tient-il si fermement la ficelle ?;pour que le vent ne lui arrache pas le cerf-volant;parce que la ficelle est fragile;pour impressionner sa soeur;parce qu'il a peur du chien;25189;I
25207;question;Qu'est-ce qui montre que la sortie est une réussite pour Elias ?;il rentre extrêmement fier de lui;il perd son cerf-volant à la fin;il pleure en rentrant;il ne veut plus jamais recommencer;25189;I
25208;question;Pourquoi ce jour est-il particulièrement propice au cerf-volant ?;le vent fort permet au cerf-volant de bien voler;il n'y à pas de vent du tout;la plage est vidé ce jour-là;le sable est particulièrement chaud;25189;I
25209;question;Que peut-on déduire du lien entre Elias et sa soeur ?;elle le soutient et partage ce moment avec lui;elle est indifférente à son activité;elle se moque de lui;elle préfère rester loin de la plage;25189;I
25210;passage;Greta accompagne son papi en forêt pour cueillir des champignons, un matin d'automne brumeux. Elle porte un panier en osier accroche à son bras. La brume donne à la forêt un air mystérieux. Papi lui explique comment reconnaître les bons champignons des mauvais. Il faut regarder la couleur et la forme du chapeau. Sous un vieux chêne, Greta découvre un énorme cèpe cache dans les feuilles mortes. Elle appelle papi tout excitée. Un oiseau chante quelque part au-dessus d'eux. Ils avancent lentement entre les arbres, l'oreille attentive. Greta ramasse aussi plusieurs châtaignes tombées au sol, encore dans leur bogue piquante. Elle fait attention à ne pas se piquer. Au fil de la promenade, son panier devient de plus en plus lourd. Greta commence à sentir ses bras fatiguer un peu. De retour à la maison, elle est très fière de montrer sa récolte à toute la famille. Chacun admire le gros cèpe.;;;;;;
25211;question;Où Greta va-t-elle avec son papi ?;en forêt;au marche;au jardin;à la plage;25210;L
25212;question;Quand se passe cette sortie ?;un matin d'automne;un soir d'été;en plein hiver;au printemps;25210;L
25213;question;Que porte Greta ?;un panier en osier;un sac à dos;une boite en carton;un seau;25210;L
25214;question;À quoi faut-il faire attention pour reconnaître un champignon ?;sa couleur et sa forme;son odeur uniquement;sa taille uniquement;l'endroit où il pousse uniquement;25210;L
25215;question;Où Greta trouve-t-elle un énorme cèpe ?;sous un vieux chêne;près d'un ruisseau;dans l'herbe;sur un rocher;25210;L
25216;question;Comment Greta appelle-t-elle papi après sa découverte ?;toute excitée;avec indifférence;en pleurant;en chuchotant à peine;25210;L
25217;question;Que ramasse aussi Greta ?;des châtaignes;des noisettes;des glands;des champignons vénéneux;25210;L
25218;question;À quoi Greta fait-elle attention avec les châtaignes ?;ne pas se piquer;ne pas les écraser;ne pas les perdre;ne pas les manger crues;25210;L
25219;question;Que devient le panier au fil de la promenade ?;de plus en plus lourd;de plus en plus léger;vide;casse;25210;L
25220;question;Que ressent Greta à cause du poids du panier ?;ses bras fatiguent un peu;elle a très mal au dos;elle ne ressent rien;elle doit poser le panier;25210;L
25221;question;Que fait Greta en rentrant à la maison ?;elle montre sa récolte;elle cache le panier;elle jette les champignons;elle repart aussitôt;25210;L
25222;question;Que fait la famille en voyant le cèpe ?;elle l'admire;elle n'y prête pas attention;elle le trouve trop petit;elle demande à le jeter;25210;L
25223;question;Que veut dire 'brumeux' dans le texte ?;couvert d'une légère brume;très ensoleillé;glacial;venteux;25210;V
25224;question;Que veut dire 'récolte' dans le texte ?;ce qu'on a ramassé ou cueilli;un repas complet;un jeu;une promenade;25210;V
25225;question;Que veut dire 'mystérieux' dans le texte, à propos de la forêt ?;qui semble cacher des secrets, intriguant;parfaitement clair et connu;très bruyant;dangereux et hostile;25210;V
25226;question;Que veut dire 'bogue' dans le texte ?;l'enveloppe piquante autour d'une châtaigne;le tronc d'un arbre;une petite racine;un type de champignon;25210;V
25227;question;Pourquoi papi explique-t-il à Greta comment reconnaître les champignons ?;pour qu'elle ne ramasse pas de champignons dangereux;pour qu'elle apprenne à cuisiner;pour qu'elle devienne jardinière;pour l'occuper pendant la promenade;25210;I
25228;question;Qu'est-ce qui montre que la cueillette a été une réussite ?;le panier devient lourd et Greta est fière;Greta rentre les mains vides;papi est déçu du résultat;Greta ne trouve rien du tout;25210;I
25229;question;Pourquoi la brume donne-t-elle un air mystérieux à la forêt ?;elle cache une partie du paysage et crée une atmosphère particulière;elle rend la forêt plus claire;elle fait fuir tous les animaux;elle empêche totalement d'avancer;25210;I
25230;question;Que peut-on déduire de la relation entre Greta et son papi ?;ils partagent un moment complice autour d'une activité commune;ils ne s'entendent pas très bien;papi s'ennuie pendant la sortie;Greta préfère être seule;25210;I
25231;passage;Oskar se réveille un matin et découvre un épais tapis de neige blanche recouvrant le jardin. Il n'en revient pas. Tout excite, il enfile rapidement ses bottes fourrées et son gros bonnet de laine. Il ne veut pas perdre une minute. Dehors, Oskar et son frère fabriquent des boules de neige bien compactes. Ils se préparent à une bataille amicale. Ensuite, ils grimpent sur une petite pente proche de la maison. Ils glissent en riant jusqu'en bas, encore et encore. Un merle rouge se pose sur une branche couverte de givre, juste au-dessus d'eux. Il les observe avec curiosité. Après un moment, Oskar sent ses mains devenir toutes rouges de froid malgré ses gants. Il souffle dessus pour les réchauffer. Sa maman lui prépare alors un grand bol de chocolat chaud dès qu'il rentre. La chaleur du bol lui fait beaucoup de bien. Oskar termine cette journée enneigée complètement ravi. Il espère déjà qu'il neigera encore demain.;;;;;;
25232;question;Que découvre Oskar en se réveillant ?;un tapis de neige blanche;de la pluie;un jardin fleuri;du brouillard;25231;L
25233;question;Comment Oskar se sent-il en voyant la neige ?;tout excité;indifférent;en colère;fatigué;25231;L
25234;question;Que met Oskar avant de sortir ?;des bottes fourrées et un bonnet;un maillot de bain;des sandales;une casquette;25231;L
25235;question;Avec qui Oskar joue-t-il dehors ?;son frère;sa mamie;sa classe;son chien;25231;L
25236;question;À quoi se préparent Oskar et son frère avec leurs boules de neige ?;une bataille amicale;un concours de sculpture;un jeu de cache-cache;rien de précis;25231;L
25237;question;Sur quoi glissent-ils ?;une petite pente proche de la maison;un lac gelé;un toboggan;un tapis;25231;L
25238;question;Où se pose le merle rouge ?;sur une branche couverte de givre;sur la tête d'Oskar;sur le toit;sur la neige;25231;L
25239;question;Comment le merle regarde-t-il les enfants ?;avec curiosité;avec indifférence;avec peur;il ne les regarde pas;25231;L
25240;question;Que ressent Oskar après un moment dehors ?;ses mains deviennent rouges de froid;il a très chaud;il a soif;il a sommeil;25231;L
25241;question;Que fait Oskar pour réchauffer ses mains ?;il souffle dessus;il les frotte contre la neige;il rentre en courant;il enlève ses gants;25231;L
25242;question;Que prépare la maman d'Oskar ?;un chocolat chaud;une soupe;un thé;un jus d'orange;25231;L
25243;question;Comment Oskar termine-t-il sa journée ?;complètement ravi;très triste;fâche;malade;25231;L
25244;question;Que veut dire 'givre' dans le texte ?;une fine couche de glace sur les branches;de la pluie fine;du sable blanc;de la brume épaisse;25231;V
25245;question;Que veut dire 'compactes' dans le texte ?;serrées et dures;molles et fondantes;toutes petites;invisibles;25231;V
25246;question;Que veut dire 'il n'en revient pas' dans le texte ?;il est très surpris;il refuse de sortir;il se rendort;il est déçu;25231;V
25247;question;Que veut dire 'enneigée' dans le texte ?;couverte de neige;ensoleillée;pluvieuse;venteuse;25231;V
25248;question;Pourquoi les mains d'Oskar deviennent-elles rouges ?;à cause du froid intense dehors;il s'est fait mal;il a trop serré les boules de neige;il a une allergie;25231;I
25249;question;Qu'est-ce qui montre qu'Oskar a passé une excellente journée ?;il termine la journée complètement ravi;il pleure en rentrant;il refuse de ressortir le lendemain;il se plaint tout du long;25231;I
25250;question;Pourquoi le chocolat chaud fait-il tant de bien à Oskar ?;il vient de passer du temps dehors dans le froid;il n'a rien mange de la journée;il déteste le froid en général;il a couru un long marathon;25231;I
25251;question;Que peut-on déduire du goût d'Oskar pour la neige ?;il adore les jours de neige et espère qu'il en tombera encore;il préfère largement les journées d'été;il a peur de la neige;il trouve la neige ennuyeuse;25231;I
25252;passage;Chiara fête son anniversaire à la maison, entourée de sa famille et de ses amis. Sa maman a préparé un énorme gâteau au chocolat décore de fraises fraîches. Chiara le trouve magnifique. Elle souffle ses huit bougies d'un seul coup, sous les applaudissements de tous. Tout le monde chante en choeur. Ses amis lui offrent des cadeaux colorés, emballés dans du papier brillant. Chiara les ouvre un à un avec impatience. Dans le jardin, les enfants organisent une partie de cache-cache endiablée. Ils courent partout en riant. Parmi ses cadeaux, Chiara découvre avec joie un livre qu'elle voulait depuis longtemps. Elle serre le livre contre elle. Toute la soirée, on chante et on danse dans le salon. Les grands eux-mêmes se laissent entraîner par la musique. Chiara garde de cette journée un souvenir merveilleux. Elle remercie tout le monde avant d'aller se coucher, fatiguée mais heureuse.;;;;;;
25253;question;Où Chiara fête-t-elle son anniversaire ?;à la maison;au restaurant;à l'école;au parc;25252;L
25254;question;Quel gâteau a préparé la maman de Chiara ?;un gâteau au chocolat;un gâteau aux fraises;une tarte aux pommes;des cookies;25252;L
25255;question;Combien de bougies Chiara souffle-t-elle ?;huit;six;dix;sept;25252;L
25256;question;Que fait tout le monde en même temps que les bougies ?;on chante en choeur;on applaudit en silence;on éteint les lumières;on prend des photos seulement;25252;L
25257;question;Que lui offrent ses amis ?;des cadeaux colorés;des fleurs;des bonbons;de l'argent;25252;L
25258;question;Comment Chiara ouvre-t-elle ses cadeaux ?;avec impatience;sans grand intérêt;en pleurant;très lentement;25252;L
25259;question;À quoi jouent-ils dans le jardin ?;à caché-cache;au ballon;aux billes;à la corde à sauter;25252;L
25260;question;Que découvre Chiara parmi ses cadeaux ?;un livre qu'elle voulait;un jouet électronique;des vêtements;un animal;25252;L
25261;question;Que fait Chiara en découvrant ce livre ?;elle le serre contre elle;elle le range sans le regarder;elle le donne à une amie;elle est déçue;25252;L
25262;question;Que fait-on toute la soirée ?;on chante et on danse;on regarde un film;on dort tôt;on range la maison;25252;L
25263;question;Qui se laisse entraîner par la musique ?;les grands eux-mêmes;seulement les enfants;personne;seulement Chiara;25252;L
25264;question;Que fait Chiara avant d'aller se coucher ?;elle remercie tout le monde;elle part sans un mot;elle pleure de fatigue;elle range seule toute la maison;25252;L
25265;question;Que veut dire 'endiablée' dans le texte ?;très animée et joyeuse;très calme et silencieuse;dangereuse;ennuyeuse;25252;V
25266;question;Que veut dire 'entourée' dans le texte ?;accompagnée de personnes autour d'elle;seule dans une pièce;loin de tous;cachée quelque part;25252;V
25267;question;Que veut dire 'en choeur' dans le texte ?;tous ensemble, en même temps;chacun à son tour;en silence;un par un seulement;25252;V
25268;question;Que veut dire 'se laisser entraîner' dans le texte ?;se mettre à participer sans y avoir pensé au début;refuser catégoriquement de participer;observer sans bouger;quitter la pièce;25252;V
25269;question;Pourquoi tout le monde applaudit-il quand Chiara souffle les bougies ?;c'est une façon de féliciter et célébrer avec elle;elle a gagné un jeu;elle a fait une erreur amusante;c'est la fin de la fête;25252;I
25270;question;Qu'est-ce qui montre que cette fête à beaucoup plu à Chiara ?;elle garde un souvenir merveilleux de cette journée;elle oublie vite cette journée;elle est pressée que ça se termine;elle préfère ses anniversaires précédents;25252;I
25271;question;Pourquoi Chiara serre-t-elle le livre contre elle ?;elle est très contente de recevoir ce cadeau attendu;elle a peur qu'on le lui reprenne;elle ne sait pas quoi en faire;c'est un geste habituel sans signification;25252;I
25272;question;Que peut-on déduire de l'ambiance de cette fête d'anniversaire ?;c'est une fête joyeuse et chaleureuse pour tous;c'est une fête triste et ennuyeuse;peu de gens s'amusent vraiment;la fête se termine mal;25252;I
25273;passage;Chaque mercredi, Liam se rend à la bibliothèque du quartier avec sa maman. C'est son moment préféré de la semaine. Ce jour-là, il cherche activement un livre passionnant sur les dinosaures. Il en a déjà lu plusieurs sur ce sujet. La bibliothécaire, très serviable, l'aide à trouver plusieurs ouvrages illustrés. Elle connaît bien les goûts de Liam. Liam s'installe confortablement dans un grand fauteuil près de la fenêtre. C'est toujours sa place préférée. Il plonge alors dans une histoire de dragons pleine d'aventures. Les pages défilent très vite, tant l'histoire le captive. Non loin de lui, un autre garçon lit tranquillement une bande dessinée. Les deux enfants échangent un sourire complice. Avant de repartir, Liam choisit trois livres qu'il emporte chez lui. Il les choisit avec le plus grand soin. Il a déjà hâte de retrouver son fauteuil favori la semaine prochaine, pour continuer sa lecture au calme.;;;;;;
25274;question;Quel jour Liam va-t-il à la bibliothèque ?;le mercredi;le lundi;le samedi;le dimanche;25273;L
25275;question;Comment Liam considère-t-il ce moment de la semaine ?;c'est son moment préféré;c'est une corvée;c'est un moment ordinaire;il n'y pense pas;25273;L
25276;question;Que cherche Liam ce jour-là ?;un livre sur les dinosaures;un jeu vidéo;un cahier;un jouet;25273;L
25277;question;Combien de livres sur ce sujet Liam à-t-il déjà lus ?;plusieurs;aucun;un seul;tous ceux de la bibliothèque;25273;L
25278;question;Qui l'aide à trouver un livre ?;la bibliothécaire;sa maman;son ami;la maîtresse;25273;L
25279;question;Que sait la bibliothécaire à propos de Liam ?;elle connaît bien ses goûts;elle ne le connaît pas;elle le confond avec un autre enfant;rien de particulier;25273;L
25280;question;Où Liam s'installe-t-il pour lire ?;un grand fauteuil près de la fenêtre;une chaise en bois;le sol;une table haute;25273;L
25281;question;Comment Liam qualifie-t-il cette place ?;sa place préférée;une place inconfortable;une place qu'il n'aime pas;une place occupée par un autre enfant;25273;L
25282;question;Quelle histoire Liam lit-il ?;une histoire de dragons;une histoire de princesses;une histoire de pirates;une histoire de robots;25273;L
25283;question;Pourquoi les pages défilent-elles vite selon le texte ?;l'histoire captive beaucoup Liam;le livre est très court;Liam lit très mal;il tourne les pages sans lire;25273;L
25284;question;Que font Liam et l'autre garçon ?;ils échangent un sourire complice;ils se disputent;ils s'ignorent complètement;ils changent de place;25273;L
25285;question;Comment Liam choisit-il ses trois livres ?;avec le plus grand soin;au hasard;sans y réfléchir;en suivant les conseils de sa maman uniquement;25273;L
25286;question;Que veut dire 'serviable' dans le texte ?;toujours prête à aider;toujours pressée;peu aimable;très sévère;25273;V
25287;question;Que veut dire 'captive' dans le texte ?;retient l'attention avec beaucoup d'intérêt;ennuie profondément;rend triste;fait peur;25273;V
25288;question;Que veut dire 'complice' dans le texte, à propos du sourire ?;qui exprime une entente silencieuse et partagée;qui exprime de la moquerie;qui exprime de la tristesse;qui exprime de la colère;25273;V
25289;question;Que veut dire 'ouvrages' dans le texte ?;des livres;des jouets;des cahiers d'exercices;des jeux de société;25273;V
25290;question;Pourquoi Liam choisit-il un livre sur les dinosaures ?;ce sujet le passionne visiblement;sa maman le lui impose;c'est le seul livre disponible;il n'aime pas vraiment ce sujet;25273;I
25291;question;Qu'est-ce qui montre que Liam aime beaucoup lire ?;il a hâte de retrouver son fauteuil pour lire encore;il rend ses livres sans les ouvrir;il préfère jouer dehors;il oublie souvent d'aller à la bibliothèque;25273;I
25292;question;Pourquoi Liam et l'autre garçon échangent-ils un sourire ?;ils partagent silencieusement le plaisir de la lecture;ils se connaissent depuis toujours;ils viennent de se disputer;ils s'ennuient tous les deux;25273;I
25293;question;Que peut-on déduire de la relation de Liam avec la bibliothèque ?;c'est un lieu familier et important pour lui;c'est un endroit qu'il découvre pour la première fois;c'est un lieu qu'il n'aime pas fréquenter;il y va contre son gré;25273;I
25294;passage;Amelia va à la piscine municipale chaque samedi matin avec son papa. C'est devenu une véritable habitude. Dès son arrivée, elle enfile son maillot de bain rose préféré. Elle est toujours impatiente de plonger dans l'eau. Sans hésiter, Amelia saute dans le grand bassin et commence à s'exercer à nager. Elle progresse un peu plus chaque semaine. Son papa la regarde depuis le bord, fier de voir ses progrès rapides. Il l'encourage à chaque longueur. Amelia glisse ensuite plusieurs fois sur le grand toboggan bleu. Elle rit à chaque descente, sans jamais se lasser. Un maître nageur surveille attentivement tous les enfants qui jouent dans l'eau. Il siffle parfois pour rappeler les règles. Après la séance, Amelia mange une glace au chocolat sur une chaise longue. Le soleil réchauffe agréablement sa peau. Fatiguée mais très heureuse, elle a déjà hâte de revenir la semaine suivante. Elle en parle même à l'école toute la semaine.;;;;;;
25295;question;Où Amelia va-t-elle chaque samedi ?;à la piscine municipale;au parc;à l'école;au zoo;25294;L
25296;question;Comment Amelia considère-t-elle cette sortie ?;c'est devenu une véritable habitude;c'est une nouveauté pour elle;elle n'y va que rarement;elle déteste y aller;25294;L
25297;question;De quelle couleur est son maillot ?;rose;bleu;vert;jaune;25294;L
25298;question;À quoi Amelia s'exerce-t-elle dans le bassin ?;nager;plonger du plongeoir;faire des sauts;flotter seulement;25294;L
25299;question;Comment ses progrès évoluent-ils selon le texte ?;elle progresse un peu plus chaque semaine;elle stagne depuis le début;elle régresse un peu;elle sait déjà tout faire;25294;L
25300;question;D'ou son papa la regarde-t-il ?;depuis le bord;depuis la voiture;il ne la regarde pas;depuis les vestiaires;25294;L
25301;question;Que fait son papa pendant qu'elle nage ?;il l'encourage à chaque longueur;il lit un livre sans la regarder;il dort;il part faire des courses;25294;L
25302;question;Sur quoi Amelia glisse-t-elle ensuite ?;le grand toboggan bleu;un petit toboggan;une corde;un plongeoir;25294;L
25303;question;Qui surveille les enfants dans l'eau ?;un maître nageur;le papa d'Amelia;personne;un autre enfant;25294;L
25304;question;Que fait le maître nageur parfois ?;il siffle pour rappeler les règles;il nage avec les enfants;il ferme la piscine;il vend des glaces;25294;L
25305;question;Que mange Amelia après la séance ?;une glace au chocolat;un fruit;un sandwich;rien du tout;25294;L
25306;question;De quoi Amelia parle-t-elle toute la semaine à l'école ?;de la piscine;de ses devoirs;de son anniversaire;d'un film;25294;L
25307;question;Que veut dire 'attentivement' dans le texte ?;avec beaucoup d'attention;sans faire attention;rapidement;de loin;25294;V
25308;question;Que veut dire 'progrès' dans le texte ?;amélioration dans ce qu'on apprend;des erreurs répétées;de la fatigue;de la peur;25294;V
25309;question;Que veut dire 'se lasser' dans le texte ?;perdre l'intérêt à force de répéter;adorer de plus en plus quelque chose;avoir peur de quelque chose;oublier quelque chose;25294;V
25310;question;Que veut dire 'véritable habitude' dans le texte ?;quelque chose que l'on fait très régulièrement;quelque chose de rare et exceptionnel;quelque chose de nouveau;quelque chose d'interdit;25294;V
25311;question;Pourquoi le papa d'Amelia est-il fier ?;il voit qu'elle progresse vite en natation;elle a gagné une compétition;elle a offert un cadeau;elle a bien rangé ses affaires;25294;I
25312;question;Qu'est-ce qui montre qu'Amelia aime beaucoup la piscine ?;elle a hâte d'y retourner la semaine suivante;elle demande à ne plus y aller;elle reste toujours au bord sans se baigner;elle s'ennuie tout le temps;25294;I
25313;question;Pourquoi le maître nageur siffle-t-il parfois ?;pour assurer la sécurité des enfants dans l'eau;pour annoncer la fermeture de la piscine;pour appeler Amelia spécifiquement;sans raison particulière;25294;I
25314;question;Que peut-on déduire du goût d'Amelia pour la natation ?;elle est en train de devenir une bonne nageuse et adore ça;elle n'aime pas du tout nager;elle nage seulement par obligation;elle préfère d'autres activités à la piscine;25294;I
25315;passage;Mateo part faire une longue balade à vélo avec sa maman, le long de la rivière. Le temps est ensoleillé et doux. Avant de partir, il attache soigneusement son casque bleu sous son menton. Sa maman vérifie que tout est bien en place. Pendant le trajet, Mateo observe des canards qui nagent tranquillement près de la berge. Il ralentit pour mieux les regarder. Un peu essouffle, il s'arrête pour boire une gorgée d'eau fraîche. Le soleil commence à taper un peu plus fort. Une côte assez raide se dresse ensuite devant eux. Rien qu'à la regarder, Mateo sent déjà ses jambes se fatiguer. Sa maman l'encourage gentiment. Elle lui rappelle qu'il est presque arrive en haut, et que l'effort en vaut la peine. Avec un dernier effort, Mateo pédale de toutes ses forces et atteint enfin le sommet de la côte. Il se sent extrêmement fier d'avoir tenu bon jusqu'au bout. La descente qui suit lui parait bien plus facile.;;;;;;
25316;question;Avec qui Mateo fait-il du vélo ?;sa maman;son papa;sa classe;son frère;25315;L
25317;question;Le long de quoi roulent-ils ?;la rivière;la route principale;la forêt;la plage;25315;L
25318;question;Comment est le temps ce jour-là ?;ensoleillé et doux;pluvieux;très froid;orageux;25315;L
25319;question;De quelle couleur est le casque de Mateo ?;bleu;rouge;vert;noir;25315;L
25320;question;Que Mateo observe-t-il pendant le trajet ?;des canards;des poissons;des cygnes;des grenouilles;25315;L
25321;question;Pourquoi Mateo ralentit-il ?;pour mieux regarder les canards;car son vélo est cassé;car sa maman le lui demande;car il est fatigué;25315;L
25322;question;Pourquoi Mateo s'arrête-t-il un peu plus tard ?;il est essoufflé et boit de l'eau;il a crevé un pneu;il a oublié quelque chose;il veut faire une pause photo;25315;L
25323;question;Que se dresse devant eux ensuite ?;une côte raide;un pont casse;une rivière à traverser;un champ boueux;25315;L
25324;question;Que ressent Mateo rien qu'en regardant la côte ?;ses jambes se fatiguer déjà;une grande envie de foncer;de l'indifférence;de la joie;25315;L
25325;question;Que lui rappelle sa maman ?;qu'il est presque en haut;qu'il doit rentrer tout de suite;qu'il faut faire demi-tour;qu'il roule trop vite;25315;L
25326;question;Comment Mateo atteint-il le sommet ?;avec un dernier effort;très facilement;en marchant à côté du vélo;en abandonnant puis recommençant;25315;L
25327;question;Comment la descente parait-elle à Mateo après la côte ?;bien plus facile;encore plus difficile;impossible à faire;sans intérêt;25315;L
25328;question;Que veut dire 'essouffle' dans le texte ?;à bout de souffle après un effort;très en forme;endormi;malade;25315;V
25329;question;Que veut dire 'se dresse' dans le texte ?;se trouve, apparaît devant eux;disparaît;s'écroule;recule;25315;V
25330;question;Que veut dire 'l'effort en vaut la peine' dans le texte ?;le résultat mérite les efforts fournis;l'effort ne sert à rien;il vaut mieux abandonner;l'effort fait mal pour rien;25315;V
25331;question;Que veut dire 'tenir bon' dans le texte ?;ne pas abandonner malgré la difficulté;abandonner rapidement;se reposer longtemps;changer d'activité;25315;V
25332;question;Pourquoi la maman de Mateo l'encourage-t-elle dans la côte ?;pour l'aider à ne pas abandonner;pour le faire aller plus vite que nécessaire;pour le punir de s'être arrête;parce qu'elle est pressée de rentrer;25315;I
25333;question;Qu'est-ce qui montre que Mateo est persévérant ?;il continue malgré la fatigue et atteint le sommet;il abandonne des la première difficulté;il demande à rentrer à mi-chemin;il refuse de refaire du vélo ensuite;25315;I
25334;question;Pourquoi la descente parait-elle plus facile à Mateo après la côte ?;l'effort de la montée rend le reste plus léger en comparaison;la descente est objectivement très courte;il roule désormais moins vite;il n'a plus à pédaler;25315;I
25335;question;Que peut-on déduire du caractère de Mateo dans cette histoire ?;il sait se dépasser malgré la difficulté;il abandonne facilement;il n'aime pas le sport;il préfère rester à la maison;25315;I
25336;passage;Freya découvre une cabane secrète dans les bois en jouant avec ses amis. Personne ne l'avait remarquée avant. Construite avec des branches et des feuilles, la cabane possède une petite porte basse. Il faut se baisser pour entrer. à l'intérieur, les enfants trouvent une table en bois fabriquée par un ancien visiteur. Elle est un peu abîmée mais solide. Ses amis apportent alors des coussins moelleux pour rendre l'endroit plus confortable. Chacun choisit sa place préférée. Un écureuil curieux les observe de loin, cache derrière le tronc d'un arbre. Il finit par s'approcher un peu. Freya décide de décorer les murs avec des dessins et des fleurs séchées. Le résultat lui plaît énormément. Chaque jour après l'école, les enfants reviennent dans leur refuge secret. Ils y inventent mille histoires et jeux. Freya adore par-dessus tout cet endroit rien qu'à eux. Elle espère que personne d'autre ne le découvrira jamais.;;;;;;
25337;question;Où Freya découvre-t-elle une cabane ?;dans les bois;dans son jardin;à l'école;à la plage;25336;L
25338;question;Est-ce que d'autres personnes connaissaient cette cabane avant ?;non, personne ne l'avait remarquée;oui, tout le village la connaissait;oui, seulement les adultes;on ne sait pas;25336;L
25339;question;En quoi est construite la cabane ?;des branches et des feuilles;du carton;des pierres;du métal;25336;L
25340;question;Comment faut-il entrer dans la cabane ?;en se baissant;en sautant;en rampant longtemps;il n'y à pas de porte;25336;L
25341;question;Que trouvent les enfants à l'intérieur ?;une table en bois;un lit;une cuisine;rien du tout;25336;L
25342;question;Comment est cette table ?;un peu abîmée mais solide;toute neuve;cassée et inutilisable;immense;25336;L
25343;question;Que apportent les amis de Freya ?;des coussins moelleux;des couvertures;des lampes;des livres;25336;L
25344;question;Quel animal les observe de loin ?;un écureuil;un oiseau;un renard;un lapin;25336;L
25345;question;Que fait finalement l'écureuil ?;il s'approche un peu;il s'enfuit définitivement;il attaque les enfants;il reste immobile toute la journée;25336;L
25346;question;Avec quoi Freya décore-t-elle les murs ?;des dessins et des fleurs séchées;de la peinture seulement;des photos;rien de particulier;25336;L
25347;question;Quand les enfants reviennent-ils dans la cabane ?;chaque jour après l'école;seulement le week-end;une fois par mois;jamais plus;25336;L
25348;question;Que fait Freya en voyant le résultat de sa décoration ?;cela lui plaît énormément;elle est déçue;elle recommence tout;elle s'en désintéresse;25336;L
25349;question;Que veut dire 'moelleux' dans le texte ?;doux et confortable;dur et rigide;froid;mouillé;25336;V
25350;question;Que veut dire 'refuge' dans le texte ?;un endroit ou l'on se sent bien et en sécurité;un endroit dangereux;un endroit interdit;un endroit très bruyant;25336;V
25351;question;Que veut dire 'rien qu'à eux' dans le texte ?;un endroit uniquement pour ce groupe d'amis;un endroit ouvert à tout le monde;un endroit partage avec des adultes;un endroit loue;25336;V
25352;question;Que veut dire 'ancien visiteur' dans le texte ?;une personne venue avant eux, il y a longtemps;un membre de leur famille;un animal de la forêt;un habitant du village;25336;V
25353;question;Pourquoi Freya décore-t-elle la cabane ?;pour se l'approprier et la rendre agréable;parce qu'un adulte le lui demande;pour la vendre ensuite;par obligation de l'école;25336;I
25354;question;Qu'est-ce qui montre que la cabane compte beaucoup pour les enfants ?;ils y reviennent chaque jour après l'école;ils l'oublient rapidement;ils n'y retournent jamais;ils la détruisent à la fin;25336;I
25355;question;Pourquoi Freya espère-t-elle que personne d'autre ne découvrira la cabane ?;elle veut garder cet endroit spécial rien que pour son groupe;elle a honte de la cabane;elle pense que la cabane est dangereuse;elle veut la démolir bientôt;25336;I
25356;question;Que peut-on déduire de l'imagination des enfants dans cette histoire ?;ils savent transformer un lieu simple en un univers à eux;ils manquent totalement d'imagination;ils préfèrent les jeux électroniques;ils s'ennuient dans la cabane;25336;I
25357;passage;Antoine promène son chien Rex dans le grand parc près de chez lui, comme chaque soir. C'est un rituel qu'il adore. Soudain, Rex aperçoit un chat noir et se met à courir à toute vitesse. Antoine n'a pas le temps de réagir. Il court derrière lui en criant son nom, mais Rex disparaît entre les buissons touffus. Antoine sent son coeur s'emballer. Pris de panique, il cherche partout et appelle son chien de plus en plus fort. Personne autour ne semble l'avoir vu. Une dame promenant elle aussi son chien finit par retrouver Rex près d'une fontaine. Il tremblait un peu, apeuré. Elle le ramène doucement à Antoine, qui n'en croit pas ses yeux de soulagement. Il remercie la dame chaleureusement. Antoine serre très fort son chien dans ses bras. Il promet à Rex de faire plus attention la prochaine fois. Depuis ce jour, il attache toujours la laisse plus solidement. Cette frayeur lui a appris une leçon importante.;;;;;;
25358;question;Comment s'appelle le chien d'Antoine ?;Rex;Milo;Max;Fido;25357;L
25359;question;Où Antoine promène-t-il son chien ?;dans un grand parc;à la plage;en forêt;dans la rue;25357;L
25360;question;Comment Antoine considère-t-il cette promenade quotidienne ?;c'est un rituel qu'il adore;c'est une corvée;il l'oublie souvent;c'est nouveau pour lui;25357;L
25361;question;Qu'aperçoit Rex soudainement ?;un chat noir;un os;un autre chien;un oiseau;25357;L
25362;question;Que ressent Antoine en voyant Rex disparaître ?;son coeur s'emballe;il reste très calme;il en rit;il n'y prête pas attention;25357;L
25363;question;Où Rex disparaît-il ?;entre des buissons touffus;sous une voiture;dans une maison;dans l'eau;25357;L
25364;question;Comment se sent Antoine pendant la recherche ?;pris de panique;très calme;indifférent;amusé;25357;L
25365;question;Qui retrouve Rex ?;une dame promenant son chien;un policier;un autre enfant;personne;25357;L
25366;question;Comment est Rex quand on le retrouve ?;un peu tremblant et apeuré;totalement calme;en colère;endormi;25357;L
25367;question;Que fait Antoine en retrouvant Rex ?;il n'en croit pas ses yeux de soulagement;il est indifférent;il gronde son chien;il repart sans le prendre;25357;L
25368;question;Comment Antoine remercie-t-il la dame ?;chaleureusement;froidement;il oublie de la remercier;il lui donne de l'argent;25357;L
25369;question;Que promet Antoine à Rex ?;de faire plus attention la prochaine fois;de ne plus jamais le promener;de le vendre;rien de particulier;25357;L
25370;question;Que veut dire 'panique' dans le texte ?;une peur soudaine et intense;une grande joie;une envie de dormir;un ennui profond;25357;V
25371;question;Que veut dire 'soulage' dans le texte ?;libère d'une inquiétude;encore plus inquiet;fâche;fatigué;25357;V
25372;question;Que veut dire 'apeuré' dans le texte ?;qui a eu peur;qui est très calme;qui est en colère;qui dort;25357;V
25373;question;Que veut dire 'un rituel' dans le texte ?;une habitude que l'on répète régulièrement;un événement rare et exceptionnel;une obligation détestée;un jeu invente sur le moment;25357;V
25374;question;Pourquoi Antoine attache-t-il désormais la laisse plus solidement ?;pour éviter que Rex ne s'échappe à nouveau;parce que Rex est devenu plus fort;parce que la dame le lui a demandé;parce que la laisse était cassée avant;25357;I
25375;question;Qu'est-ce qui montre qu'Antoine tient beaucoup à son chien ?;sa panique quand il le perd et son soulagement quand il le retrouve;il ne cherche pas longtemps Rex;il est indifférent à sa disparition;il en profite pour rentrer plus tôt;25357;I
25376;question;Quelle leçon Antoine tire-t-il de cette expérience ?;il faut rester vigilant même pendant une activité habituelle;il ne faut jamais promener son chien;il faut toujours courir plus vite que son chien;les chats sont dangereux;25357;I
25377;question;Que peut-on déduire du lien entre Antoine et Rex ?;c'est un lien fort, presque comme avec un ami;Antoine n'aime pas vraiment son chien;Rex n'est pas attache à Antoine;leur relation est distante;25357;I
25378;passage;Zoé fait sa rentrée des classes ce matin, un peu nerveuse mais surtout impatiente. Elle a mal dormi tant elle était excitée. Elle porte fièrement son nouveau cartable violet, achète spécialement pour l'occasion. Elle l'a choisi elle-même au magasin. Dans la cour, Zoé retrouve avec joie ses copains qu'elle n'avait pas vus depuis l'été. Ils ont tous beaucoup à se raconter. Sa nouvelle maîtresse, madame Dubois, accueille chaleureusement chaque élève à l'entrée de la classe. Elle sourit à tout le monde. Zoé découvre sa nouvelle salle, décorée de dessins colorés accroches aux murs. L'ambiance lui parait très accueillante. Elle range soigneusement ses crayons et ses cahiers dans sa trousse neuve. Chaque objet trouve sa place avec application. A la récréation, Zoé s'amuse à la corde à sauter avec ses amies. Elles rient tellement qu'elles en oublient l'heure. Le soir venu, Zoé raconte sa journée avec enthousiasme à toute sa famille. Elle a déjà hâte d'être au lendemain.;;;;;;
25379;question;Quel jour se passe l'histoire ?;le jour de la rentrée;un jour de vacances;un dimanche;un jour de neige;25378;L
25380;question;Comment Zoé à-t-elle dormi la veille ?;elle a mal dormi tant elle était excitée;elle a très bien dormi;elle n'a pas dormi du tout de peur;elle a dormi normalement;25378;L
25381;question;Que porte Zoé ?;un nouveau cartable violet;un sac à dos rouge;une valise;un panier;25378;L
25382;question;Qui a choisi le cartable ?;Zoé elle-même;sa maîtresse;sa mamie;personne, il lui a été imposé;25378;L
25383;question;Où Zoé retrouve-t-elle ses copains ?;dans la cour;dans le bus;à la cantine;chez elle;25378;L
25384;question;Comment s'appelle la nouvelle maîtresse ?;madame Dubois;madame Petit;madame Roy;madame Simon;25378;L
25385;question;Comment la maîtresse accueille-t-elle les élèves ?;chaleureusement, en souriant;froidement;avec impatience;sans les regarder;25378;L
25386;question;Comment Zoé trouve-t-elle l'ambiance de la nouvelle classe ?;très accueillante;froide et désagréable;ennuyeuse;trop bruyante;25378;L
25387;question;Comment Zoé range-t-elle ses affaires ?;avec application;n'importe comment;elle ne les range pas;en les cachant;25378;L
25388;question;À quoi Zoé joue-t-elle à la récréation ?;à la corde à sauter;au ballon;aux billes;à caché-cache;25378;L
25389;question;Qu'oublient Zoé et ses amies à force de rire ?;l'heure;leurs affaires;leurs noms;la corde à sauter;25378;L
25390;question;Que fait Zoé le soir venu ?;elle raconte sa journée avec enthousiasme;elle se couche sans rien dire;elle pleure;elle fait ses devoirs;25378;L
25391;question;Que veut dire 'chaleureusement' dans le texte ?;avec beaucoup de gentillesse;froidement;rapidement, sans s'arrêter;avec sévérité;25378;V
25392;question;Que veut dire 'enthousiasme' dans le texte ?;une grande joie et énergie positive;une grande fatigue;de la tristesse;de l'indifférence;25378;V
25393;question;Que veut dire 'accueillante' dans le texte ?;qui donne une impression chaleureuse et agréable;qui donne une impression froide;qui fait peur;qui est vidé;25378;V
25394;question;Que veut dire 'avec application' dans le texte ?;avec soin et concentration;n'importe comment;avec paresse;avec colère;25378;V
25395;question;Pourquoi Zoé est-elle à la fois nerveuse et impatiente ?;une rentrée apporte de la nouveauté et un peu d'inconnu;elle déteste l'école;elle a peur de sa maîtresse;elle a perdu ses affaires;25378;I
25396;question;Qu'est-ce qui montre que la journée de Zoé s'est bien passée ?;elle raconte sa journée avec enthousiasme le soir;elle refuse de parler de sa journée;elle pleure en rentrant;elle veut changer d'école;25378;I
25397;question;Pourquoi Zoé a-t-elle hâte d'être au lendemain ?;elle a hâte de retrouver sa nouvelle classe et ses amis;elle veut déjà rentrer chez sa mamie;elle n'aime pas le week-end;elle a oublié quelque chose à l'école;25378;I
25398;question;Que peut-on déduire du caractère de Zoé dans cette histoire ?;elle s'adapte facilement aux nouveautés;elle a beaucoup de mal à s'adapter;elle préfère rester seule;elle n'aime pas l'école;25378;I
25399;passage;Noah présente fièrement son expérience lors de l'exposition de sciences de son école. Il a préparé son stand depuis des semaines. Avec l'aide de son papa, il a fabriqué un petit volcan en carton peint en gris. Le résultat ressemble à une vraie montagne. Devant un public attentif, Noah verse doucement du vinaigre sur du bicarbonate de soude. Tout le monde retient son souffle. Une mousse orange spectaculaire jaillit alors du sommet du volcan. Des cris d'admiration parcourent aussitôt la salle. Les autres élèves applaudissent chaleureusement cette expérience réussie. Certains demandent même à Noah comment il a fait. La maîtresse félicite Noah pour son travail sérieux et sa belle présentation. Elle souligne sa clarté devant le public. En récompense, Noah reçoit un diplôme qu'il accroche fièrement dans sa chambre. Il le regarde chaque soir avant de dormir. Cette expérience lui donne désormais très envie de devenir scientifique plus tard. Il imagine déjà sa prochaine expérience.;;;;;;
25400;question;Que présente Noah lors de l'exposition ?;son expérience;un dessin;un poème;une chanson;25399;L
25401;question;Depuis combien de temps Noah prépare-t-il son stand ?;des semaines;quelques minutes;une seule journée;il ne l'a pas préparé;25399;L
25402;question;Qui a aidé Noah à fabriquer son volcan ?;son papa;sa maman;la maîtresse;personne;25399;L
25403;question;En quoi est fait le volcan ?;en carton peint en gris;en pâte à modeler;en pierre;en papier mâche blanc;25399;L
25404;question;Que verse Noah sur le bicarbonate ?;du vinaigre;de l'eau;du sirop;du savon;25399;L
25405;question;Que fait le public juste avant l'éruption ?;il retient son souffle;il applaudit déjà;il quitte la salle;il rit fort;25399;L
25406;question;Que jaillit du sommet du volcan ?;une mousse orange;de la fumée noire;de l'eau claire;rien du tout;25399;L
25407;question;Que provoque cette mousse chez le public ?;des cris d'admiration;de l'indifférence;de la peur;des rires moqueurs;25399;L
25408;question;Que demandent certains élèves à Noah ?;comment il a fait;de recommencer plus tard;de leur donner le volcan;rien de particulier;25399;L
25409;question;Que souligne la maîtresse dans son travail ?;sa clarté devant le public;sa rapidité seulement;son costume;sa chance;25399;L
25410;question;Que reçoit Noah en récompense ?;un diplôme;une médaille;un livre;un jouet;25399;L
25411;question;Que fait Noah chaque soir avec son diplôme ?;il le regarde avant de dormir;il le range dans un tiroir ferme;il l'oublie complètement;il le donne à un ami;25399;L
25412;question;Que veut dire 'spectaculaire' dans le texte ?;impressionnant, qui attire le regard;discret et silencieux;dangereux;très lent;25399;V
25413;question;Que veut dire 'jaillit' dans le texte ?;sort brusquement et avec force;coule très doucement;reste immobile;disparaît;25399;V
25414;question;Que veut dire 'retient son souffle' dans le texte ?;attend avec tension et impatience;respire très fort;s'endort;éclate de rire;25399;V
25415;question;Que veut dire 'souligne' dans le texte, à propos de la maîtresse ?;met en avant, insiste sur un point;critique sévèrement;ignore complètement;oublie de mentionner;25399;V
25416;question;Pourquoi la mousse orange provoque-t-elle des cris d'admiration ?;l'effet visuel surprend et impressionne le public;les élèves ont peur d'une explosion;c'est la première expérience de la journée;personne ne s'attendait à une expérience;25399;I
25417;question;Qu'est-ce qui montre que Noah a pris cette expérience très au sérieux ?;il l'a préparée avec soin et en est fier;il l'a faite au dernier moment;il n'a pas voulu la présenter;il l'a copiée sur un ami;25399;I
25418;question;Pourquoi Noah regarde-t-il son diplôme chaque soir ?;il en est très fier et cela l'encourage;il a peur de le perdre;sa maman le lui ordonne;il ne sait pas où le ranger;25399;I
25419;question;Que peut-on déduire du goût de Noah pour les sciences ?;il pourrait bien en faire son métier plus tard;il n'aime pas vraiment les sciences;il a fait cette expérience par obligation;il préfère d'autres matières;25399;I
25420;passage;Camille passe l'après-midi à cuisiner des crêpes avec sa grand-mère, comme chaque dimanche. C'est un moment qu'elle attend toute la semaine. Ensemble, elles mélangent avec soin la farine, les oeufs frais et le lait tiède. La pâte doit avoir la bonne texture. Camille verse ensuite la pâte dans une poêle bien chaude et beurrée. Un délicieux parfum se répand dans toute la cuisine. D'un geste habile, sa grand-mère retourne la crêpe sans jamais la faire tomber. Camille admire toujours ce tour de main. Camille ajoute du sucre et une bonne cuillère de confiture de fraises sur sa crêpe. Elle roule ensuite sa crêpe avec soin. Assises à table, elles dégustent leurs créations en discutant joyeusement de tout et de rien. Le temps semble s'arrêter. Un peu de farine s'est retrouvée sur le nez de Camille, ce qui la fait beaucoup rire. Sa grand-mère rit aussi de bon coeur. Camille adore par-dessus tout ces moments partagés avec sa grand-mère. Elle espère pouvoir cuisiner ainsi toute sa vie.;;;;;;
25421;question;Que cuisine Camille ?;des crêpes;un gâteau;une tarte;des cookies;25420;L
25422;question;Avec qui cuisine-t-elle ?;sa grand-mère;sa maman;sa tâta;sa soeur;25420;L
25423;question;Comment Camille attend-elle ce moment ?;toute la semaine;sans y penser vraiment;avec ennui;avec indifférence;25420;L
25424;question;Que mélangent-elles ?;farine, oeufs et lait;farine et sucre seulement;oeufs et beurre;lait et chocolat;25420;L
25425;question;Où Camille verse-t-elle la pâte ?;dans une poêle chaude;dans un bol;dans le four;dans une casserole;25420;L
25426;question;Que se répand dans la cuisine ?;un délicieux parfum;de la fumée noire;une odeur désagréable;rien de particulier;25420;L
25427;question;Qui retourne la crêpe ?;sa grand-mère;Camille;personne;son papa;25420;L
25428;question;Comment Camille perçoit-elle ce geste de sa grand-mère ?;elle l'admire;elle le trouve dangereux;elle n'y fait pas attention;elle en a peur;25420;L
25429;question;Que Camille ajoute-t-elle sur sa crêpe ?;du sucre et de la confiture;du miel seulement;du fromage;de la crème;25420;L
25430;question;Que fait Camille après avoir garni sa crêpe ?;elle la roule avec soin;elle la coupe en morceaux;elle la laisse ouverte;elle la jette;25420;L
25431;question;De quoi Camille se retrouve-t-elle couverte ?;de farine sur le nez;de confiture sur les mains;d'eau;de chocolat;25420;L
25432;question;Que fait la grand-mère en voyant Camille couverte de farine ?;elle rit aussi de bon coeur;elle se fâche;elle l'ignore;elle pleure;25420;L
25433;question;Que veut dire 'habile' dans le texte ?;adroit, qui fait bien les gestes;maladroit;lent;distrait;25420;V
25434;question;Que veut dire 'déguster' dans le texte ?;manger en savourant avec plaisir;avaler très vite;refuser de manger;cuisiner;25420;V
25435;question;Que veut dire 'tour de main' dans le texte ?;un geste habile appris avec l'expérience;un accident malheureux;un jeu d'enfant;une recette secrète;25420;V
25436;question;Que veut dire 'le temps semble s'arrêter' dans le texte ?;le moment est si agréable qu'on ne voit pas le temps passer;l'horloge de la cuisine est cassée;elles doivent partir très vite;elles s'ennuient beaucoup;25420;V
25437;question;Pourquoi la grand-mère de Camille réussit-elle à retourner la crêpe sans la faire tomber ?;elle a de l'expérience et du savoir-faire;elle a dé la chance à chaque fois;la poêle est magique;Camille l'aide en secret;25420;I
25438;question;Qu'est-ce qui montre que Camille apprécie ce moment avec sa grand-mère ?;elle adore ces moments partagés et en rit de bon coeur;elle regarde l'heure sans arrêt;elle préfère cuisiner seule;elle s'ennuie pendant la recette;25420;I
25439;question;Pourquoi Camille espère-t-elle cuisiner ainsi toute sa vie ?;elle associe la cuisine à des moments heureux avec sa grand-mère;elle veut devenir cuisinière professionnelle;elle n'a jamais essaye d'autres activités;sa grand-mère le lui impose;25420;I
25440;question;Que peut-on déduire de la relation entre Camille et sa grand-mère ?;elles sont très proches et complices;elles se voient rarement;elles ne s'entendent pas très bien;leur relation est distante;25420;I
25441;passage;Bruno aide son papi à jardiner dans le potager tous les samedis après-midi. C'est devenu un rituel qu'il apprécie beaucoup. Ensemble, ils plantent avec attention de petites graines de tomates dans la terre meuble. Chaque geste demande de la précision. Bruno arrose ensuite chaque rangée à l'aide de son arrosoir vert préféré. Il veille à ne pas trop en mettre. Soudain, un ver de terre surgit du sol fraîchement retourne, ce qui amuse beaucoup Bruno. Il l'observe un long moment. Papi lui montre patiemment comment reconnaître et retirer les mauvaises herbes. Il faut faire attention à ne pas abîmer les jeunes plants. Une coccinelle rouge se pose délicatement sur une feuille de salade toute proche. Bruno la regarde s'envoler quelques instants plus tard. Bruno attend avec impatience de voir pousser les premières tomates bien rouges. Il vient vérifier leur croissance chaque semaine. Jardiner avec papi est devenu son moment préféré de la semaine. Il espère pouvoir avoir son propre potager plus tard.;;;;;;
25442;question;Où Bruno aide-t-il son papi ?;dans le potager;dans la cuisine;au garage;au marche;25441;L
25443;question;Quand jardinent-ils habituellement ensemble ?;le samedi après-midi;tous les matins;seulement en hiver;pendant les vacances scolaires uniquement;25441;L
25444;question;Que plantent-ils ?;des graines de tomates;des fleurs;des pommes de terre;des carottes;25441;L
25445;question;Comment est la terre où ils plantent ?;meuble;très dure;gelée;recouverte de cailloux;25441;L
25446;question;Avec quoi Bruno arrose-t-il la terre ?;son arrosoir vert;un seau;une bouteille;un tuyau;25441;L
25447;question;À quoi Bruno veille-t-il en arrosant ?;ne pas trop en mettre;arroser le plus possible;arroser très vite;éviter d'arroser les tomates;25441;L
25448;question;Qu'est-ce qui surgit du sol retourne ?;un ver de terre;une souris;un serpent;une grenouille;25441;L
25449;question;Que montre papi à Bruno ?;reconnaître les mauvaises herbes;planter un arbre;faire du compost;couper du bois;25441;L
25450;question;À quoi faut-il faire attention en retirant les mauvaises herbes ?;ne pas abîmer les jeunes plants;ne pas se salir les mains;ne pas se piquer;ne pas faire de bruit;25441;L
25451;question;Quel insecte se pose sur une feuille de salade ?;une coccinelle rouge;une abeille;une fourmi;un papillon;25441;L
25452;question;Que fait la coccinelle un peu plus tard ?;elle s'envole;elle reste immobile toute la journée;elle est mangée par un oiseau;elle se cache dans la terre;25441;L
25453;question;Qu'attend Bruno avec impatience ?;voir pousser les tomates;manger un gâteau;rentrer chez lui;jouer au ballon;25441;L
25454;question;Que veut dire 'surgit' dans le texte ?;apparaît brusquement;disparaît lentement;se cache;reste immobile;25441;V
25455;question;Que veut dire 'délicatement' dans le texte ?;avec douceur et précaution;avec force;rapidement;par accident;25441;V
25456;question;Que veut dire 'un rituel' dans le texte ?;une habitude répétée et appréciée;un événement rare;une obligation pénible;un jeu sans règle;25441;V
25457;question;Que veut dire 'croissance' dans le texte ?;le fait de grandir, de pousser;le fait de mourir;le fait de se flétrir;le fait de tomber;25441;V
25458;question;Pourquoi papi apprend-il patiemment à Bruno à reconnaître les mauvaises herbes ?;pour que Bruno puisse jardiner correctement plus tard;parce que Bruno se trompe tout le temps exprès;pour l'occuper le temps qu'il travaille lui-même;parce que c'est obligatoire à l'école;25441;I
25459;question;Qu'est-ce qui montre que Bruno aime jardiner avec son papi ?;c'est devenu son moment préféré de la semaine;il cherche des excuses pour ne pas y aller;il s'ennuie à chaque fois;il préfère jardiner seul;25441;I
25460;question;Pourquoi Bruno vient-il vérifier la croissance des tomates chaque semaine ?;il est impatient et curieux de voir les progrès;papi le lui ordonne strictement;il pense que les tomates vont disparaître;il s'ennuie et n'a rien d'autre à faire;25441;I
25461;question;Que peut-on déduire de l'avenir de Bruno concernant le jardinage ?;il pourrait continuer à jardiner en grandissant;il abandonnera sûrement cette activité;il n'aime pas vraiment jardiner;il préfère d'autres activités;25441;I
25462;passage;Inès visite un grand musée d'histoire naturelle avec toute sa classe. Elle attendait cette sortie depuis longtemps. Dès l'entrée, elle est impressionnée par un immense squelette de dinosaure suspendu au plafond. Elle lève la tête pour tout voir. Le guide raconte avec passion l'histoire de ces animaux disparus depuis des millions d'années. Tout le monde écoute attentivement. Curieuse, Inès pose de nombreuses questions sur la taille et l'alimentation des dinosaures. Le guide répond à chacune avec plaisir. Elle prend le temps de dessiner soigneusement le squelette dans son carnet de croquis. Elle veut garder une trace de sa visite. Ses copains, eux, admirent surtout les vitrines remplies de fossiles et de roches anciennes. Certains fossiles semblent très vieux. Avant de repartir, Inès achète une carte postale représentant son dinosaure préféré. Elle compte l'accrocher dans sa chambre. Elle rentre chez elle en ayant appris une multitude de choses passionnantes. Elle raconte tout à ses parents dès le soir même.;;;;;;
25463;question;Quel type de musée Inès visite-t-elle ?;un musée d'histoire naturelle;un musée d'art moderne;un musée de voitures;un musée de la musique;25462;L
25464;question;Depuis quand Inès attendait-elle cette sortie ?;depuis longtemps;elle vient d'en entendre parler;elle n'attendait rien de particulier;depuis la veille seulement;25462;L
25465;question;Que voit Inès dès l'entrée ?;un squelette de dinosaure suspendu;des tableaux anciens;des voitures;des bijoux;25462;L
25466;question;Que raconte le guide ?;l'histoire des dinosaures disparus;l'histoire du musée;sa propre histoire;rien de précis;25462;L
25467;question;Comment les élèves écoutent-ils le guide ?;attentivement;distraitement;en bavardant fort;sans intérêt;25462;L
25468;question;Sur quoi Inès pose-t-elle dès questions ?;la taille et l'alimentation des dinosaures;le prix des billets;l'heure de fermeture;les horaires du bus;25462;L
25469;question;Comment le guide répond-il aux questions d'Inès ?;avec plaisir;avec agacement;il ne répond pas;en changeant de sujet;25462;L
25470;question;Que fait Inès avec son carnet ?;elle dessine le squelette;elle prend des notes de cours;elle écrit une lettre;elle ne l'utilise pas;25462;L
25471;question;Que font les copains d'Inès pendant la visite ?;ils admirent les vitrines de fossiles;ils courent partout;ils crient;ils dorment;25462;L
25472;question;Qu'achète Inès avant de repartir ?;une carte postale;un livre;un jouet;un bonbon;25462;L
25473;question;Où Inès compte-t-elle mettre sa carte postale ?;dans sa chambre;elle va la donner;elle va la jeter;elle ne sait pas encore;25462;L
25474;question;À qui Inès raconte-t-elle sa visite le soir même ?;ses parents;personne;seulement sa maîtresse;ses grands-parents uniquement;25462;L
25475;question;Que veut dire 'impressionnée' dans le texte ?;très marquée, admirative;peu intéressée;effrayée;ennuyée;25462;V
25476;question;Que veut dire 'multitude' dans le texte ?;un très grand nombre;un tout petit nombre;aucune quantité;une seule chose;25462;V
25477;question;Que veut dire 'avec passion' dans le texte, à propos du guide ?;avec beaucoup d'enthousiasme et d'intérêt;sans conviction;avec ennui;de façon distraite;25462;V
25478;question;Que veut dire 'garder une trace' dans le texte ?;conserver un souvenir de quelque chose;effacer complètement un souvenir;oublier volontairement;cacher quelque chose;25462;V
25479;question;Pourquoi Inès pose-t-elle beaucoup de questions au guide ?;elle est curieuse et intéressée par les dinosaures;elle veut faire perdre du temps à la classe;elle n'a pas écoute les explications;elle veut impressionner ses copains;25462;I
25480;question;Qu'est-ce qui montre qu'Inès à beaucoup aime cette visite ?;elle rentre avoir appris une multitude de choses passionnantes;elle s'ennuie tout le long de la visite;elle ne retient rien de la visite;elle préférait rentrer plus tôt;25462;I
25481;question;Pourquoi Inès dessine-t-elle le squelette dans son carnet ?;pour garder un souvenir précis de ce qu'elle a vu;car la maîtresse l'y oblige;car elle s'ennuie et n'a rien d'autre à faire;car elle veut vendre son dessin;25462;I
25482;question;Que peut-on déduire de l'intérêt d'Inès pour les sciences naturelles ?;elle semble passionnée par ce domaine;elle n'aime pas du tout ce sujet;elle y est totalement indifférente;elle préfère largement d'autres matières;25462;I
25483;passage;Lucas passe toute une journée au zoo avec sa famille, un dimanche ensoleillé de printemps. Il attendait cette sortie avec impatience. Devant l'enclos des lions, il observe longuement ces grands félins qui dorment paisiblement au soleil. Ils semblent totalement détendus. Un peu plus loin, les singes acrobates font beaucoup rire Lucas avec leurs pitreries. Ils se balancent d'une branche à l'autre. Une girafe immense étire son long cou pour attraper les feuilles d'un grand arbre. Lucas trouve ce mouvement fascinant. Lucas confie à son papa que l'éléphant reste définitivement son animal préféré. Il aime sa grande taille et sa douceur. Près du bassin, il observe avec fascination les manchots plonger et nager avec agilité. Ils semblent très à l'aise dans l'eau. A la boutique du zoo, Lucas choisit une peluche de lion pour garder un souvenir. Il la serre dans ses bras aussitôt. Il rentre chez lui, les yeux encore remplis d'images extraordinaires. Il a hâte de raconter sa journée à ses amis à l'école.;;;;;;
25484;question;Où Lucas passe-t-il sa journée ?;au zoo;au musée;à la ferme;à la piscine;25483;L
25485;question;Comment Lucas attendait-il cette sortie ?;avec impatience;sans grand intérêt;avec inquiétude;il n'y pensait pas;25483;L
25486;question;Que font les lions que Lucas observe ?;ils dorment paisiblement au soleil;ils courent partout;ils rugissent fort;ils mangent;25483;L
25487;question;Comment les lions semblent-ils selon le texte ?;totalement détendus;très agites;effrayes;affames;25483;L
25488;question;Quels animaux font rire Lucas avec leurs pitreries ?;les singes;les lions;les éléphants;les tigres;25483;L
25489;question;Que font les singes en plus de faire rire Lucas ?;ils se balancent d'une branche à l'autre;ils restent immobiles;ils dorment;ils mangent seulement;25483;L
25490;question;Que fait la girafe pour manger ?;elle étire son cou vers les feuilles;elle broute de l'herbe au sol;elle mange des fruits qu'on lui donne;elle ne mange rien devant Lucas;25483;L
25491;question;Quel est l'animal préféré de Lucas ?;l'éléphant;le lion;le singe;la girafe;25483;L
25492;question;Que Lucas aime-t-il chez l'éléphant ?;sa grande taille et sa douceur;sa rapidité;sa couleur;son cri puissant;25483;L
25493;question;Comment sont les manchots dans l'eau selon Lucas ?;très à l'aise;maladroits;effrayes;immobiles;25483;L
25494;question;Que choisit Lucas comme souvenir ?;une peluche de lion;une glace;un livre;un ballon;25483;L
25495;question;À qui Lucas a-t-il hâte de raconter sa journée ?;ses amis à l'école;personne en particulier;seulement ses parents;son professeur de sport;25483;L
25496;question;Que veut dire 'pitreries' dans le texte ?;des bêtises amusantes qui font rire;des cris de peur;des combats;des siestes;25483;V
25497;question;Que veut dire 'agilité' dans le texte ?;une grande souplesse et rapidité de mouvement;une grande lenteur;de la maladresse;de la fatigue;25483;V
25498;question;Que veut dire 'fascinant' dans le texte, à propos du mouvement de la girafe ?;qui suscite un grand intérêt et de l'admiration;qui est très ennuyeux;qui fait peur;qui passe inaperçu;25483;V
25499;question;Que veut dire 'définitivement' dans le texte ?;de façon certaine et durable;peut-être, sans certitude;temporairement;presque pas;25483;V
25500;question;Pourquoi la girafe étire-t-elle son cou ?;pour atteindre les feuilles en hauteur;pour saluer les visiteurs;parce qu'elle a mal au cou;pour imiter un autre animal;25483;I
25501;question;Qu'est-ce qui montre que Lucas a passé une journée inoubliable ?;il rentre les yeux remplis d'images extraordinaires;il oublie vite sa visite;il s'est ennuie devant chaque enclos;il ne veut plus jamais revenir au zoo;25483;I
25502;question;Pourquoi Lucas serre-t-il sa peluche de lion dès l'achat ?;il est déjà attaché à ce souvenir de sa journée;il a peur de la perdre en la portant autrement;sa maman le lui demande;elle est trop lourde pour être portée autrement;25483;I
25503;question;Que peut-on déduire de l'intérêt de Lucas pour les animaux ?;il est passionné et curieux de la nature;il a peur des animaux;il s'ennuie devant les enclos;il préfère les animaux domestiques uniquement;25483;I
25504;passage;Marta se promène dans la forêt avec son papa, un dimanche après-midi d'automne. Les feuilles crissent sous leurs pas. Le chemin qu'ils empruntent est entièrement recouvert de feuilles mortes bruissantes. Leurs couleurs varient du jaune au rouge fonce. En chemin, Marta ramasse un joli caillou gris parfaitement lisse et rond. Elle le glisse dans la poche de sa veste. Un renard roux traverse soudain le sentier avant de disparaître dans les fourres. Marta n'a pas le temps de le photographier. Marta s'arrête un instant pour écouter le vent qui souffle doucement dans les arbres. Elle ferme les yeux pour mieux entendre. Son papa lui montre un chêne énorme, plante la depuis plus de deux cents ans. Marta n'arrive pas à l'entourer avec ses bras. Ils croisent un promeneur accompagné de son chien, qui les salue amicalement. Le chien vient renifler la main de Marta. Marta rentre chez elle avec de très beaux souvenirs plein la tête. Elle range son caillou sur son étagère en rentrant.;;;;;;
25505;question;Où Marta se promène-t-elle ?;en forêt;à la plage;en ville;à la montagne;25504;L
25506;question;Que fait-on entendre les feuilles sous leurs pas ?;elles crissent;elles sont silencieuses;elles font un bruit d'eau;elles ne font aucun bruit;25504;L
25507;question;Que recouvre le chemin ?;des feuilles mortes;de la neige;du sable;de l'eau;25504;L
25508;question;Comment varient les couleurs des feuilles ?;du jaune au rouge fonce;elles sont toutes vertes;elles sont toutes blanches;elles sont toutes noires;25504;L
25509;question;Que ramasse Marta en chemin ?;un caillou gris;une fleur;un bâton;une feuille rouge;25504;L
25510;question;Où Marta met-elle son caillou ?;dans la poche de sa veste;elle le laissé par terre;dans son sac à dos;elle le donne à son papa;25504;L
25511;question;Quel animal traverse le sentier ?;un renard roux;un sanglier;un lapin;un cerf;25504;L
25512;question;Pourquoi Marta ne photographie-t-elle pas le renard ?;elle n'a pas le temps;elle n'a pas d'appareil photo;elle n'y pense pas du tout;le renard le lui interdit;25504;L
25513;question;Que fait Marta pour mieux entendre le vent ?;elle ferme les yeux;elle bouche ses oreilles;elle court plus vite;elle crie fort;25504;L
25514;question;Depuis combien de temps le chêne est-il plante ?;plus de deux cents ans;quelques mois;dix ans;on ne sait pas;25504;L
25515;question;Que fait le chien du promeneur ?;il vient renifler la main de Marta;il aboie fort;il s'enfuit;il ignore Marta;25504;L
25516;question;Que fait Marta avec son caillou en rentrant ?;elle le range sur son étagère;elle le jette;elle le perd;elle le donne à un ami;25504;L
25517;question;Que veut dire 'bruissantes' dans le texte ?;qui font un petit bruit sec en bougeant;totalement silencieuses;collantes;mouillées;25504;V
25518;question;Que veut dire 'fourres' dans le texte ?;des buissons denses;des trous dans le sol;des rochers;des flaques d'eau;25504;V
25519;question;Que veut dire 'crissent' dans le texte ?;font un petit bruit sec en se froissant;flottent sans bruit;restent immobiles;sentent très fort;25504;V
25520;question;Que veut dire 'amicalement' dans le texte ?;de façon aimable et sympathique;avec méfiance;avec indifférence;avec agressivité;25504;V
25521;question;Pourquoi le renard disparaît-il rapidement dans les fourres ?;il est sauvage et se méfie des humains;il connaît bien Marta;il cherche à jouer avec elle;il est fatigué;25504;I
25522;question;Qu'est-ce qui montre que Marta a appris quelque chose pendant cette promenade ?;son papa lui montre et explique des choses sur la nature;elle reste tout le temps sur son téléphone;elle ne regarde jamais autour d'elle;elle refuse d'écouter son papa;25504;I
25523;question;Pourquoi Marta garde-t-elle le caillou trouve pendant la promenade ?;elle veut garder un souvenir concret de cette sortie;elle pense qu'il a de la valeur financière;son papa le lui demande;elle l'a trouvé par hasard sans y penser;25504;I
25524;question;Que peut-on déduire de la relation entre Marta et son papa ?;ils partagent des moments simples et complices dans la nature;ils se disputent souvent en promenade;Marta préfère rester à la maison;le papa s'ennuie pendant la sortie;25504;I
25525;passage;Julian passe la journée à la ferme de son papi pendant la période des moissons. C'est un moment qu'il attend chaque été. Assis à côté de lui dans la cabine, Julian observe son papi conduire l'énorme tracteur. Il adore le bruit du moteur. Devant eux s'étend un champ de blé entièrement dore, prêt à être récolte. La chaleur de l'été rend l'air un peu tremblant. La moissonneuse-batteuse avance lentement et coupe le blé en dégageant une fine poussière jaune. Julian tousse un peu à cause de la poussière. Effrayes par le bruit de la machine, plusieurs lièvres bondissent hors du champ. Julian les regarde s'enfuir en courant. A midi, toute la famille se retrouve pour déjeuner à l'ombre d'un grand arbre. Le repas est simple mais très apprécie de tous. Julian se sent très utile d'avoir pu aider un peu son papi ce jour-là. Il espère pouvoir recommencer l'année prochaine. Ce moment restera longtemps grave dans sa mémoire. Il en parlera sûrement encore dans plusieurs années à ses propres enfants.;;;;;;
25526;question;Où Julian passe-t-il la journée ?;à la ferme de son papi;à l'école;chez ses cousins;à la plage;25525;L
25527;question;Pendant quelle période se passe cette journée ?;la période des moissons;les vendanges;la période des semis;l'hiver;25525;L
25528;question;Comment Julian attend-il ce moment chaque année ?;il l'attend chaque été;il l'oublie souvent;il n'y pense jamais;il le redoute;25525;L
25529;question;Que conduit papi ?;un énorme tracteur;une petite voiture;un camion;un cheval;25525;L
25530;question;De quelle couleur est le champ de blé ?;dore;vert;gris;blanc;25525;L
25531;question;Comment est l'air à cause de la chaleur ?;un peu tremblant;très froid;humide et brumeux;parfaitement clair;25525;L
25532;question;Que fait la moissonneuse-batteuse ?;elle coupe le blé;elle plante des graines;elle arrose le champ;elle transporte le lait;25525;L
25533;question;Pourquoi Julian tousse-t-il un peu ?;à cause de la poussière;il est enrhumé;il a avalé de la poussière de son goûter;il fait trop chaud;25525;L
25534;question;Que font des lièvres effrayes par le bruit ?;ils bondissent hors du champ;ils se cachent sous la machine;ils restent immobiles;ils s'approchent des enfants;25525;L
25535;question;Où déjeune la famille ?;à l'ombre d'un grand arbre;dans la maison;dans le tracteur;au village;25525;L
25536;question;Comment est le repas de midi selon le texte ?;simple mais très apprécie;très élabore;peu apprécie de tous;il n'y à pas de repas de midi;25525;L
25537;question;Comment Julian se sent-il d'avoir aidé ?;très utile;inutile;gêne;fatigué et fâche;25525;L
25538;question;Que veut dire 'moissonneuse-batteuse' dans le texte ?;une grosse machine agricole qui récolte le blé;une petite charrette tirée par un cheval;un outil que l'on tient à la main;un type de tracteur ancien sans moteur;25525;V
25539;question;Que veut dire 'gravée dans sa mémoire' dans le texte ?;un souvenir qui restera longtemps;un souvenir vite oublie;une photo imprimée;un dessin dans un cahier;25525;V
25540;question;Que veut dire 'un champ dore' dans le texte ?;un champ de blé mur, de couleur jaune-brun;un champ recouvert d'or véritable;un champ tout vert;un champ en friche;25525;V
25541;question;Que veut dire 'apprécie' dans le texte, à propos du repas ?;qui plaît, que l'on aime;que l'on n'aime pas du tout;qui est trop copieux;qui est immangeable;25525;V
25542;question;Pourquoi les lièvres bondissent-ils hors du champ ?;le bruit de la machine les effraie;ils veulent jouer avec le tracteur;ils cherchent de la nourriture ailleurs;papi les chasse volontairement;25525;I
25543;question;Qu'est-ce qui montre que cette journée compte beaucoup pour Julian ?;il dit que ce moment restera grave dans sa mémoire;il oublie cette journée dès le lendemain;il préfère rester à la maison la prochaine fois;il trouve la journée ennuyeuse;25525;I
25544;question;Pourquoi Julian pense-t-il déjà à raconter cette journée à ses futurs enfants ?;c'est un souvenir marquant qu'il souhaite transmettre;il n'a rien d'autre à raconter;sa mamie le lui a demandé;c'est une tradition obligatoire de la famille;25525;I
25545;question;Que peut-on déduire de la relation entre Julian et son papi ?;ils partagent une complicité autour du travail de la ferme;ils se voient rarement;Julian n'aime pas la ferme;papi préfère travailler seul;25525;I
25546;passage;Erik se réveille un matin et découvre le jardin entièrement recouvert de neige fraîche. Il pousse un cri de joie. Il enfile très vite ses bottes, son manteau chaud et ses gros gants de laine. Il ne veut pas perdre une seule minute dehors. Dans le jardin, Erik commence par rouler une grosse boule de neige bien compacte. Elle grossit vite en roulant sur le sol. Il empile ensuite deux autres boules, un peu plus petites, les unes sur les autres. Le bonhomme prend forme peu à peu. Pour les yeux, Erik utilise deux morceaux de charbon noir trouves dans la cave. Pour le nez, il ajoute une carotte orange. Sa maman lui prête une vieille écharpe rouge et un chapeau use pour habiller le bonhomme. Erik trouve son bonhomme magnifique. Ses voisins passent devant la maison et admirent le résultat avec de grands sourires. Erik est très fier de son travail. Le soir, Erik regarde le bonhomme depuis la fenêtre de sa chambre avant de s'endormir. Il espère qu'il tiendra plusieurs jours.;;;;;;
25547;question;Que découvre Erik en se réveillant ?;le jardin recouvert de neige;un jardin fleuri;un jardin inonde;un jardin tout sec;25546;L
25548;question;Comment Erik réagit-il en voyant la neige ?;il pousse un cri de joie;il se met à pleurer;il retourne se coucher;il ferme les volets;25546;L
25549;question;Que met Erik avant de sortir ?;des bottes, un manteau et des gants;un maillot de bain;des sandales;un simple tee-shirt;25546;L
25550;question;Que fait Erik en premier dans le jardin ?;il roule une grosse boule de neige;il fait un château de sable;il plante des fleurs;il balaie la terrasse;25546;L
25551;question;Combien de boules empile Erik en tout ?;trois;une seule;cinq;sept;25546;L
25552;question;Que trouve Erik pour faire les yeux du bonhomme ?;deux morceaux de charbon;deux boutons;deux cailloux blancs;deux pièces de monnaie;25546;L
25553;question;Qu'utilise Erik pour le nez du bonhomme ?;une carotte;un bâton;un citron;une pomme;25546;L
25554;question;Que prête la maman d'Erik ?;une écharpe et un chapeau;des gants et des bottes;un manteau d'hiver;une paire de lunettes;25546;L
25555;question;Que font les voisins en passant devant la maison ?;ils admirent le bonhomme en souriant;ils se moquent du bonhomme;ils ne le remarquent pas;ils demandent à Erik de le détruire;25546;L
25556;question;Comment Erik se sent-il de son travail ?;très fier;un peu déçu;indifférent;inquiet;25546;L
25557;question;D'ou Erik regarde-t-il le bonhomme le soir ?;depuis la fenêtre de sa chambre;depuis le jardin;depuis la cuisine;depuis la rue;25546;L
25558;question;Que fait Erik en s'endormant ?;il espère que le bonhomme tiendra plusieurs jours;il oublie complètement le bonhomme;il pleure car il fait trop froid;il décide de le refaire demain;25546;L
25559;question;Que veut dire 'compacte' à propos de la boule de neige ?;bien tassée et dense;toute molle et qui s'effrite;transparente;extrêmement légère;25546;V
25560;question;Que veut dire 'use' à propos du chapeau ?;vieux et abîme par le temps;tout neuf;très colore;imperméable;25546;V
25561;question;Que veut dire 'admirent' dans le texte ?;regardent avec plaisir et admiration;regardent avec dégoût;ignorent complètement;critiquent durement;25546;V
25562;question;Que veut dire 'peu à peu' dans le texte ?;progressivement, petit à petit;immédiatement;trop rapidement;au hasard;25546;V
25563;question;Pourquoi Erik s'habille-t-il si vite le matin de neige ?;il est impatient de profiter de la neige fraîche;il a peur d'être en retard à l'école;sa maman le presse fortement;il fait très chaud dans la maison;25546;I
25564;question;Qu'est-ce qui montre qu'Erik est fier de sa création ?;il regarde le bonhomme depuis sa fenêtre avant de dormir;il détruit le bonhomme le soir même;il refuse de le montrer à ses voisins;il oublie le bonhomme dès le lendemain;25546;I
25565;question;Pourquoi Erik espère-t-il que le bonhomme tienne plusieurs jours ?;il veut continuer à profiter de son oeuvre;il pense que la neige va fondre tout de suite;il veut le vendre à ses voisins;il doit le refaire pour l'école;25546;I
25566;question;Que peut-on déduire du plaisir d'Erik à construire ce bonhomme ?;les activités simples en famille lui procurent une grande joie;il préfère rester devant les écrans;il n'aime pas du tout la neige;il fait cela seulement par obligation;25546;I
25567;passage;Mia va pour la première fois de sa vie à la patinoire avec sa grande soeur. Elle est à la fois excitée et un peu inquiète. En entrant, elle sent tout de suite le froid qui monte de la glace brillante. Une agréable musique résonne dans toute la salle. A l'accueil, Mia enfile des patins un peu trop grands pour ses pieds. Sa soeur l'aide à bien serrer les lacets. Dès son premier pas sur la glace, Mia manque de tomber plusieurs fois de suite. Elle s'accroche fermement à la barrière. Petit à petit, elle apprend à garder son équilibre en pliant légèrement les genoux. Sa soeur la guide en la tenant par la main. Après une heure d'efforts, Mia arrive enfin à faire quelques mètres toute seule sans tomber. Elle est extrêmement fière d'elle. D'autres enfants tournent autour d'elles en riant et en s'encourageant mutuellement. L'ambiance est joyeuse et chaleureuse. En repartant, Mia annonce qu'elle veut absolument revenir la semaine prochaine. Sa soeur promet de l'accompagner à nouveau.;;;;;;
25568;question;Où Mia va-t-elle pour la première fois ?;à la patinoire;à la piscine;au cinéma;au musée;25567;L
25569;question;Avec qui Mia y va-t-elle ?;avec sa grande soeur;avec ses parents;avec sa classe;toute seule;25567;L
25570;question;Que ressent Mia en entrant ?;le froid qui monte de la glace;une forte chaleur;une odeur de fleurs;un grand silence;25567;L
25571;question;Que résonne dans la salle ?;une agréable musique;des cris d'animaux;le bruit de la pluie;rien du tout;25567;L
25572;question;Que met Mia à l'accueil ?;des patins un peu trop grands;des chaussures de sport;des bottes de neige;des sandales;25567;L
25573;question;Qui aide Mia à serrer ses lacets ?;sa soeur;sa maman;un employé de la patinoire;personne;25567;L
25574;question;Que fait Mia dès son premier pas sur la glace ?;elle manque de tomber;elle glisse parfaitement;elle fait un saut;elle s'assoit directement;25567;L
25575;question;À quoi Mia s'accroche-t-elle ?;à la barrière;à sa soeur uniquement;à un autre enfant;à rien du tout;25567;L
25576;question;Que fait Mia pour garder son équilibre ?;elle plie légèrement les genoux;elle ferme les yeux;elle lève les bras très haut;elle s'arrête complètement;25567;L
25577;question;Après combien de temps Mia avance-t-elle seule ?;une heure;cinq minutes;toute la journée;elle n'y arrive jamais;25567;L
25578;question;Comment se sent Mia après avoir avancé seule ?;extrêmement fière;déçue;en colère;indifférente;25567;L
25579;question;Que fait Mia en repartant ?;elle annonce vouloir revenir;elle dit qu'elle ne reviendra jamais;elle pleure de fatigue;elle s'endort dans la voiture;25567;L
25580;question;Que veut dire 'inquiète' au début du texte ?;un peu anxieuse, pas totalement rassurée;très joyeuse;totalement indifférente;extrêmement fatiguée;25567;V
25581;question;Que veut dire 'mutuellement' dans le texte ?;l'un envers l'autre, réciproquement;seulement pour soi-même;sans aucune interaction;de manière agressive;25567;V
25582;question;Que veut dire 'chaleureuse' à propos de l'ambiance ?;conviviale et sympathique;froide et distante;bruyante et désagréable;vide et silencieuse;25567;V
25583;question;Que veut dire 'petit à petit' dans le texte ?;progressivement, avec le temps;immédiatement;de façon brutale;au hasard;25567;V
25584;question;Pourquoi Mia s'accroche-t-elle à la barrière au début ?;elle a peur de tomber car elle débute;elle veut faire une pause;sa soeur le lui demande;la glace est cassée à cet endroit;25567;I
25585;question;Qu'est-ce qui montre que Mia progresse pendant la séance ?;elle finit par avancer seule sans tomber;elle tombe de plus en plus souvent;elle refuse de continuer;elle reste assise tout le temps;25567;I
25586;question;Pourquoi Mia veut-elle revenir la semaine suivante ?;elle a pris beaucoup de plaisir malgré les difficultés;elle a oublié ses patins sur place;sa soeur l'y oblige;elle n'a pas du tout aime l'expérience;25567;I
25587;question;Que peut-on déduire du rôle de la soeur de Mia dans cette histoire ?;elle la soutient et l'encourage avec patience;elle se moque d'elle constamment;elle l'ignore pendant toute la séance;elle est plus intéressée par autre chose;25567;I
25588;passage;Léon part avec son papa passer une journée à la montagne pour faire de la luge. Il attend ce moment depuis des semaines. Arrives en haut de la piste, Léon observe la longue pente blanche qui descend devant lui. Elle lui parait immense au premier regard. Il s'installe sur sa luge rouge, bien serre dans sa combinaison de neige. Son papa vérifie une dernière fois son casque. Au signal de son papa, Léon se laisse glisser et prend rapidement de la vitesse. Le vent froid lui fouette agréablement le visage. A un virage, la luge de Léon fait une petite embardée et il tombe doucement dans la neige. Il se relève aussitôt en riant. Il remonte la pente à pied, la luge attachée par une corde derrière lui. Ses jambes commencent déjà à fatiguer un peu. Léon redescend encore plusieurs fois, de plus en plus confiant à chaque tentative. Il apprend à mieux diriger sa luge. Le soir venu, fatigue mais très heureux, Léon raconte sa journée à toute sa famille autour du dîner. Il veut déjà revenir.;;;;;;
25589;question;Où Léon part-il passer sa journée ?;à la montagne;à la mer;en forêt;en ville;25588;L
25590;question;Que fait Léon à la montagne ?;de la luge;du ski;de la natation;du vélo;25588;L
25591;question;Depuis quand Léon attend-il ce moment ?;des semaines;quelques minutes;un an;il n'attendait pas ce moment;25588;L
25592;question;Que voit Léon en haut de la piste ?;une longue pente blanche;un lac gelé;une forêt sombre;un petit chemin de terre;25588;L
25593;question;De quelle couleur est la luge de Léon ?;rouge;bleue;verte;jaune;25588;L
25594;question;Que vérifie son papa avant le départ ?;son casque;ses chaussures;ses gants;sa luge uniquement;25588;L
25595;question;Que ressent Léon en descendant à grande vitesse ?;le vent froid sur son visage;une forte chaleur;un grand silence;de la fatigue immédiate;25588;L
25596;question;Que se passe-t-il à un virage ?;Léon tombe doucement dans la neige;Léon percute un arbre;la luge se casse;Léon s'arrête brusquement;25588;L
25597;question;Comment Léon réagit-il après sa chute ?;il se relève en riant;il se met à pleurer;il refuse de continuer;il appelle son papa au secours;25588;L
25598;question;Comment Léon remonte-t-il la pente ?;à pied, en tirant sa luge;en télésiège;en voiture;il ne remonte pas;25588;L
25599;question;Que fait Léon à chaque nouvelle descente ?;il devient plus confiant;il a de plus en plus peur;il descend moins vite;il abandonne petit à petit;25588;L
25600;question;Que fait Léon le soir venu ?;il raconte sa journée à sa famille;il s'endort immédiatement;il refuse de parler de sa journée;il repart tout de suite à la montagne;25588;L
25601;question;Que veut dire 'embardée' dans le texte ?;un écart brusque de trajectoire;un arrêt complet;une accélération soudaine;un demi-tour volontaire;25588;V
25602;question;Que veut dire 'fouette' à propos du vent sur le visage ?;frappe vivement la peau;caresse très doucement;refroidit légèrement;ne touche pas du tout;25588;V
25603;question;Que veut dire 'confiant' dans le texte ?;qui a de plus en plus d'assurance;qui a très peur;qui est fatigué;qui est indifférent;25588;V
25604;question;Que veut dire 'immense' à propos de la pente ?;très grande;toute petite;plate et courte;invisible;25588;V
25605;question;Pourquoi Léon se relève-t-il aussitôt après sa chute ?;il n'a pas peur et trouve cela amusant;il s'est fait très mal;son papa le gronde;il a peur d'un autre enfant;25588;I
25606;question;Qu'est-ce qui montre que Léon progresse au fil de la journée ?;il descend de mieux en mieux à chaque tentative;il tombe de plus en plus souvent;il refuse de recommencer après sa première chute;il ne veut plus faire de luge;25588;I
25607;question;Pourquoi Léon veut-il déjà revenir le soir même ?;il a passé un très bon moment malgré la fatigue;il a oublié sa luge sur place;son papa le lui impose;il n'a pas eu le temps de faire de la luge;25588;I
25608;question;Que peut-on déduire de la relation entre Léon et son papa pendant cette sortie ?;son papa l'accompagne avec attention et bienveillance;son papa reste indifférent à ses activités;ils se disputent pendant la sortie;son papa préfère rester en bas de la piste;25588;I
25609;passage;Anna passe le week-end en famille dans une maison à la campagne, loin de la ville. Le soir venu, tout le monde se réunit dehors. Son oncle empile plusieurs bûches de bois sèches au centre d'un cercle de pierres. Il allume ensuite le feu avec des allumettes. Les flammes montent peu à peu et éclairent tous les visages autour du feu. Anna trouve ce spectacle absolument magnifique. Assise sur une couverture épaisse, Anna écoute son grand-père raconter une vieille histoire de son enfance. Elle adore ces récits. Toute la famille chante ensuite quelques chansons connues autour du feu crépitant. Anna chante fort, même si elle se trompe parfois. On fait griller des marshmallows au bout de longs bâtons en bois. Anna adore quand ils deviennent bien dorés et fondants. Le ciel est très dégage et on distingue des centaines d'étoiles brillantes au-dessus d'eux. Anna essaie d'en compter quelques-unes. Avant de rentrer se coucher, Anna remercie son oncle pour cette très belle soirée. Elle espère pouvoir recommencer bientôt.;;;;;;
25610;question;Où Anna passe-t-elle le week-end ?;à la campagne;à la mer;en ville;à la montagne;25609;L
25611;question;Que fait l'oncle d'Anna au centre du cercle de pierres ?;il empile des bûches de bois;il plante des fleurs;il installe une tente;il allume un barbecue électrique;25609;L
25612;question;Avec quoi l'oncle allume-t-il le feu ?;des allumettes;un briquet uniquement;une loupe;des pierres qu'il frotte;25609;L
25613;question;Que fait Anna en regardant les flammes monter ?;elle trouve le spectacle magnifique;elle a très peur;elle s'ennuie;elle détourne le regard;25609;L
25614;question;Sur quoi Anna est-elle assise ?;une couverture épaisse;une chaise en bois;l'herbe directement;un banc de pierre;25609;L
25615;question;Que raconte le grand-père d'Anna ?;une histoire de son enfance;un conte invente;les nouvelles du village;une recette de cuisine;25609;L
25616;question;Que fait la famille autour du feu ?;elle chante des chansons;elle regarde la télévision;elle joue aux cartes;elle dort déjà;25609;L
25617;question;Que fait-on griller au bout de longs bâtons ?;des marshmallows;des saucisses;des châtaignes;du pain;25609;L
25618;question;Comment Anna aime-t-elle les marshmallows ?;bien dorés et fondants;totalement brûlés;froids;crus;25609;L
25619;question;Comment est le ciel ce soir-là ?;très dégage, avec des étoiles;couvert de nuages;pluvieux;brumeux;25609;L
25620;question;Que fait Anna en regardant le ciel ?;elle essaie de compter les étoiles;elle ferme les yeux;elle rentre immédiatement;elle a peur du noir;25609;L
25621;question;Que fait Anna avant de se coucher ?;elle remercie son oncle;elle se dispute avec sa cousine;elle oublie de dire au revoir;elle part sans un mot;25609;L
25622;question;Que veut dire 'crépitant' à propos du feu ?;qui fait de petits bruits secs en brûlant;totalement silencieux;qui s'éteint rapidement;qui dégage une odeur forte;25609;V
25623;question;Que veut dire 'dégage' à propos du ciel ?;sans nuages, clair;très nuageux;orageux;brumeux et sombre;25609;V
25624;question;Que veut dire 'récits' dans le texte, à propos des histoires du grand-père ?;des histoires racontées;des chansons;des calculs;des jeux de société;25609;V
25625;question;Que veut dire 'fondants' à propos des marshmallows ?;qui deviennent mous à l'intérieur en chauffant;qui restent durs;qui sont glaces;qui explosent en cuisant;25609;V
25626;question;Pourquoi Anna aime-t-elle particulièrement écouter son grand-père ?;elle apprécie ses histoires et ce moment de partage;elle n'a rien d'autre à faire;elle doit l'écouter par politesse;elle préfère regarder le feu;25609;I
25627;question;Qu'est-ce qui montre qu'Anna passe une très bonne soirée ?;elle remercie son oncle et espère recommencer bientôt;elle demande à rentrer plus tôt;elle s'ennuie pendant toute la soirée;elle regrette d'être venue;25609;I
25628;question;Pourquoi la famille se réunit-elle autour du feu le soir ?;pour partager un moment convivial ensemble;car il n'y à pas d'électricité dans la maison;car il fait très froid à l'intérieur;car ils n'ont rien d'autre à faire;25609;I
25629;question;Que peut-on déduire de l'ambiance de cette soirée en famille ?;elle est chaleureuse et pleine de partage;elle est tendue et inconfortable;tout le monde s'ennuie;les enfants sont tenus à l'écart;25609;I
25630;passage;Félix part camper pour la première fois avec ses parents au bord d'une rivière. Il a préparé son sac depuis plusieurs jours. En arrivant, toute la famille installe ensemble la grande tente sur un emplacement plat et ombrage. Félix aide en tenant les piquets. à l'intérieur, Félix déroule son petit matelas gonflable et son sac de couchage bien chaud. Il trouve l'installation très confortable. L'après-midi, Félix se baigne dans l'eau fraîche de la rivière avec son papa. L'eau est froide mais très agréable sous le soleil. Le soir, ses parents allument un petit réchaud pour préparer le dîner. Félix adore l'odeur de nourriture qui flotte dans l'air. Une fois la nuit tombée, Félix entend de nombreux bruits étranges venant de la forêt voisine. Il se sent un peu impressionne. Son papa lui explique que ce sont simplement des oiseaux nocturnes et de petits animaux. Félix se rassure rapidement. Félix s'endort finalement, berce par le doux bruit de l'eau qui coule non loin de la tente. Il dort très bien toute la nuit.;;;;;;
25631;question;Où Félix part-il camper ?;au bord d'une rivière;au bord de la mer;en montagne;dans un jardin public;25630;L
25632;question;Depuis quand Félix à-t-il prépare son sac ?;plusieurs jours;le matin même;une heure avant de partir;il ne l'a pas préparé;25630;L
25633;question;Qu'installe la famille en arrivant ?;la grande tente;une caravane;un bateau;une piscine gonflable;25630;L
25634;question;Comment est l'emplacement choisi ?;plat et ombrage;en pente et ensoleillé;dans l'eau;sur du sable;25630;L
25635;question;Que fait Félix pour aider à l'installation ?;il tient les piquets;il fait la cuisine;il conduit la voiture;il reste dans la voiture;25630;L
25636;question;Que déroule Félix à l'intérieur de la tente ?;son matelas et son sac de couchage;une couverture uniquement;un tapis de sol seulement;rien du tout;25630;L
25637;question;Que fait Félix l'après-midi ?;il se baigne dans la rivière;il fait du vélo;il dort tout l'après-midi;il regarde un film;25630;L
25638;question;Comment est l'eau de la rivière ?;froide mais agréable;très chaude;sale et troublé;gelée;25630;L
25639;question;Qu'allument les parents le soir ?;un petit réchaud;un grand feu de camp;une lampe électrique;rien, ils mangent froid;25630;L
25640;question;Qu'entend Félix une fois la nuit tombée ?;des bruits étranges venant de la forêt;de la musique au loin;des voitures qui passent;rien du tout;25630;L
25641;question;Que lui explique son papa à propos des bruits ?;ce sont des oiseaux nocturnes et de petits animaux;ce sont des voisins bruyants;c'est le vent dans la tente;c'est un orage qui approche;25630;L
25642;question;Comment Félix s'endort-il finalement ?;berce par le bruit de l'eau;en pleurant de peur;difficilement, sans dormir;en écoutant de la musique;25630;L
25643;question;Que veut dire 'ombrage' à propos de l'emplacement ?;protège du soleil par des arbres;en plein soleil;recouvert d'eau;très pentu;25630;V
25644;question;Que veut dire 'impressionne' dans le texte, à propos de Félix ?;un peu troublé, marqué par une émotion forte;totalement indifférent;très en colère;extrêmement fatigué;25630;V
25645;question;Que veut dire 'berce' à propos de Félix qui s'endort ?;doucement accompagné, apaisé;brusquement réveille;effrayé;empêche de dormir;25630;V
25646;question;Que veut dire 'nocturnes' à propos des oiseaux ?;actifs pendant la nuit;actifs seulement le jour;qui ne volent jamais;qui vivent dans l'eau;25630;V
25647;question;Pourquoi Félix se sent-il impressionne la nuit ?;les bruits de la forêt lui sont inconnus;il a trop mangé au dîner;il a peur de la rivière;il n'aime pas la tente;25630;I
25648;question;Qu'est-ce qui permet à Félix de se rassurer ?;les explications rassurantes de son papa;le fait de rester éveille toute la nuit;l'absence totale de bruit;le retour à la maison;25630;I
25649;question;Qu'est-ce qui montre que Félix apprécie cette expérience de camping ?;il participe activement et dort très bien la nuit;il pleure pendant tout le séjour;il demande à rentrer dès le premier soir;il refuse de se baigner;25630;I
25650;question;Que peut-on déduire du rôle du papa de Félix dans cette histoire ?;il rassure et accompagne son fils avec patience;il laisse Félix se débrouiller seul;il s'inquiète plus que Félix;il n'est pas présent lors du camping;25630;I
25651;passage;Louis se lève très tôt un samedi matin pour aller à la pêche avec son grand-père. Le soleil se lève à peine sur l'étang. Ils s'installent tous les deux sur la petite berge herbeuse, leurs cannes à pêche solidement plantées dans le sol. Le grand-père de Louis lui montre comment fixer correctement l'appât au bout de l'hameçon. Louis observe attentivement chaque geste. Ils attendent ensuite en silence, les yeux fixes sur le petit flotteur qui bouge doucement sur l'eau calme. Le temps parait long. Soudain, le flotteur de Louis s'enfonce brusquement sous l'eau. Louis sent une forte tension au bout de sa ligne. Avec l'aide de son grand-père, Louis remonte lentement un beau poisson argenté qui se débat vigoureusement. Il n'en revient pas. Louis et son grand-père examinent ensemble le poisson avant de le remettre délicatement à l'eau. Louis est extrêmement fier. Sur le chemin du retour, Louis raconte déjà cette pêche à tous les gens qu'ils croisent. Il attend déjà la prochaine sortie.;;;;;;
25652;question;À quelle heure Louis se lève-t-il ?;très tôt;très tard;à midi;en fin d'après-midi;25651;L
25653;question;Avec qui Louis va-t-il à la pêche ?;son grand-père;sa maman;son grand frère;seul;25651;L
25654;question;Où se passe la pêche ?;sur un étang;en mer;dans une piscine;dans une rivière gelée;25651;L
25655;question;Où s'installent Louis et son grand-père ?;sur la berge herbeuse;dans un bateau;sur un ponton en bois;au milieu de l'eau;25651;L
25656;question;Que montre le grand-père à Louis ?;comment fixer l'appât;comment nager;comment construire une canne;comment cuisiner un poisson;25651;L
25657;question;Que regardent-ils en attendant ?;le petit flotteur sur l'eau;le ciel;les autres pêcheurs;leurs téléphones;25651;L
25658;question;Que fait le flotteur de Louis soudainement ?;il s'enfonce brusquement sous l'eau;il flotte immobile toute la journée;il disparaît dans les herbes;il se casse;25651;L
25659;question;Que ressent Louis au bout de sa ligne ?;une forte tension;rien du tout;une légère secousse sans suite;un poids très léger;25651;L
25660;question;Que remonte finalement Louis ?;un beau poisson argenté;une vieille botte;des algues;rien, la ligne était vidé;25651;L
25661;question;Que fait le poisson en étant remonte ?;il se débat vigoureusement;il reste totalement immobile;il s'échappe aussitôt;il est déjà mort;25651;L
25662;question;Que font Louis et son grand-père avec le poisson ?;ils le remettent à l'eau;ils le ramènent à la maison;ils le donnent à un voisin;ils le vendent;25651;L
25663;question;Que fait Louis sur le chemin du retour ?;il raconte sa pêche aux gens croises;il reste silencieux;il s'endort dans la voiture;il oublie déjà sa pêche;25651;L
25664;question;Que veut dire 'hameçon' dans le texte ?;le petit crochet métallique au bout de la ligne;le manche de la canne;le flotteur;le sac à pêche;25651;V
25665;question;Que veut dire 'vigoureusement' à propos du poisson qui se débat ?;avec beaucoup de force et d'énergie;très mollement;sans aucun mouvement;très lentement;25651;V
25666;question;Que veut dire 'délicatement' à propos du geste de remettre le poisson à l'eau ?;avec beaucoup de douceur et de précaution;avec brusquerie;avec indifférence;avec rapidité excessive;25651;V
25667;question;Que veut dire 'attentivement' à propos de la manière dont Louis observe ?;avec beaucoup de concentration;sans y prêter attention;avec ennui;en détournant le regard;25651;V
25668;question;Pourquoi Louis et son grand-père restent-ils longtemps silencieux ?;il faut du calme pour ne pas effrayer les poissons;ils sont fâches l'un contre l'autre;ils n'ont rien à se dire;le règlement de l'étang l'interdit;25651;I
25669;question;Pourquoi remettent-ils le poisson à l'eau après l'avoir attrapé ?;ils pêchent pour le plaisir, pas pour manger le poisson;le poisson est trop petit pour être garde;ils n'ont pas de quoi le transporter;le poisson n'est pas comestible;25651;I
25670;question;Qu'est-ce qui montre que cette sortie compte beaucoup pour Louis ?;il en parle à tous ceux qu'il croise sur le chemin;il oublie l'événement dès le lendemain;il ne veut plus jamais y retourner;il ne dit rien à personne;25651;I
25671;question;Que peut-on déduire de la relation entre Louis et son grand-père ?;ils partagent un moment de complicité et d'apprentissage;ils se disputent souvent en pêche;Louis n'aime pas vraiment la pêche;le grand-père préfère pécher seul;25651;I
25672;passage;Charlotte se rend au centre équestre chaque samedi matin pour ses cours d'équitation. C'est le moment qu'elle préfère de la semaine. En arrivant, elle va d'abord dire bonjour à son poney préféré, un petit poney brun nomme Cookie. Elle lui caresse doucement le nez. Charlotte brosse ensuite soigneusement le pelage de Cookie avant chaque séance. Elle enlève la poussière et les brins de paille. Sa monitrice l'aide à poser la selle et à ajuster les étriers à la bonne hauteur. Charlotte vérifie tout deux fois par sécurité. Une fois en selle, Charlotte guide Cookie autour du manège en suivant les conseils de sa monitrice. Elle se tient bien droite. Aujourd'hui, elle apprend enfin à faire trotter Cookie sans perdre l'équilibre. C'est plus difficile qu'elle ne le pensait. Après plusieurs essais, Charlotte réussit un joli petit trot sous les applaudissements de sa monitrice. Elle est très heureuse. à la fin du cours, Charlotte donne une carotte à Cookie pour le remercier. Elle a hâte d'être au samedi suivant.;;;;;;
25673;question;Où Charlotte se rend-elle chaque samedi ?;au centre équestre;à la piscine;à la bibliothèque;au parc;25672;L
25674;question;Comment s'appelle le poney préféré de Charlotte ?;Cookie;Caramel;Biscuit;Nuage;25672;L
25675;question;De quelle couleur est Cookie ?;brun;blanc;noir;gris;25672;L
25676;question;Que fait Charlotte en arrivant ?;elle dit bonjour à Cookie;elle range la sellerie;elle nettoie le manège;elle rentre directement en cours;25672;L
25677;question;Que fait Charlotte avant chaque séance ?;elle brosse le pelage de Cookie;elle donne à manger à Cookie;elle lave les sabots de Cookie;elle joue avec Cookie;25672;L
25678;question;Qui aide Charlotte à poser la selle ?;sa monitrice;son papa;un autre élève;personne;25672;L
25679;question;Que vérifie Charlotte deux fois ?;la selle et les étriers;les sabots de Cookie;la porte du manège;son casque uniquement;25672;L
25680;question;Que fait Charlotte une fois en selle ?;elle guide Cookie autour du manège;elle descend immédiatement;elle attend sans bouger;elle change de poney;25672;L
25681;question;Que Charlotte apprend-elle aujourd'hui ?;à faire trotter Cookie;à faire galoper Cookie;à seller un cheval;à nourrir les poneys;25672;L
25682;question;Comment Charlotte trouve-t-elle cet apprentissage ?;plus difficile qu'elle ne le pensait;très facile;sans aucune difficulté;impossible à réaliser;25672;L
25683;question;Que se passe-t-il après plusieurs essais ?;Charlotte réussit un joli petit trot;Charlotte abandonne;Charlotte tombe de cheval;Charlotte change d'activité;25672;L
25684;question;Que donne Charlotte à Cookie à la fin du cours ?;une carotte;une pomme;du sucre;rien du tout;25672;L
25685;question;Que veut dire 'étriers' dans le texte ?;les supports métalliques ou l'on pose les pieds sur la selle;les rênes du cheval;le harnais de la selle;les fers du cheval;25672;V
25686;question;Que veut dire 'soigneusement' à propos de la manière dont Charlotte brosse Cookie ?;avec beaucoup d'attention et de soin;très rapidement et sans attention;avec brusquerie;sans réfléchir;25672;V
25687;question;Que veut dire 'monitrice' dans le texte ?;la personne qui enseigne l'équitation;la propriétaire du centre;une autre élève;la maman de Charlotte;25672;V
25688;question;Que veut dire 'trotter' dans le texte ?;avancer à une allure plus rapide que le pas;s'arrêter complètement;reculer;sauter un obstacle;25672;V
25689;question;Pourquoi Charlotte vérifie-t-elle la selle et les étriers deux fois ?;pour éviter tout accident pendant la séance;parce que sa monitrice l'oblige sans raison;car elle aime perdre du temps;car Cookie n'aime pas attendre;25672;I
25690;question;Qu'est-ce qui montre que Charlotte progresse en équitation ?;elle réussit à faire trotter Cookie après plusieurs essais;elle refuse de monter sur Cookie;elle abandonne des la première difficulté;elle ne veut plus revenir au centre équestre;25672;I
25691;question;Pourquoi Charlotte donne-t-elle une carotte à Cookie à la fin ?;pour le remercier de la séance passée ensemble;car elle a oublié de le nourrir le matin;car sa monitrice le lui impose;car Cookie refuse de rentrer sans récompense;25672;I
25692;question;Que peut-on déduire du lien entre Charlotte et Cookie ?;une véritable complicité s'est créée entre eux;Charlotte n'aime pas vraiment ce poney;Cookie est indifférent à Charlotte;Charlotte préfère un autre poney;25672;I
25693;passage;Ce mercredi après-midi, une pluie très forte tombe sans arrêt sur la ville depuis le matin. Gabriel regarde par la fenêtre, déçu. Il pensait aller jouer au parc avec ses amis, mais tout le monde reste finalement à l'intérieur à cause de l'orage. Sa maman lui propose alors d'enfiler ses bottes en caoutchouc jaunes et son imperméable pour sortir quand même un peu. Gabriel saute avec grand plaisir dans toutes les flaques d'eau qu'il trouve sur le trottoir. L'eau éclabousse ses jambes. Les gouttes tombent bruyamment sur son capuchon et font un bruit amusant qui le fait beaucoup rire. Il adore ce son. De retour à la maison, trempe mais très content, Gabriel enfile des vêtements bien secs et chauds. Sa maman lui prépare un chocolat chaud. L'après-midi, Gabriel construit un grand château fort avec ses blocs de construction pendant que la pluie continue dehors. Le soir, en regardant par la fenêtre, Gabriel remarque un magnifique arc-en-ciel qui apparaît dans le ciel encore gris.;;;;;;
25694;question;Quel jour se déroule l'histoire ?;un mercredi;un lundi;un samedi;un dimanche;25693;L
25695;question;Depuis quand pleut-il ?;depuis le matin;depuis la veille;depuis une semaine;il ne pleut pas;25693;L
25696;question;Que pensait faire Gabriel cet après-midi ?;aller jouer au parc;aller à la piscine;aller à l'école;aller au cinéma;25693;L
25697;question;Que propose la maman de Gabriel ?;d'enfiler des bottes et un imperméable;de rester dans son lit;d'aller à la bibliothèque;de regarder la télévision;25693;L
25698;question;De quelle couleur sont les bottes de Gabriel ?;jaunes;rouges;bleues;vertes;25693;L
25699;question;Que fait Gabriel dans les flaques d'eau ?;il saute dedans;il les évite;il les regarde de loin;il les mesure;25693;L
25700;question;Que fait l'eau quand Gabriel saute dedans ?;elle éclabousse ses jambes;elle reste immobile;elle disparaît;elle gelé;25693;L
25701;question;Que font les gouttes sur son capuchon ?;elles font un bruit amusant;elles ne font aucun bruit;elles percent le tissu;elles font peur à Gabriel;25693;L
25702;question;Comment est Gabriel en rentrant à la maison ?;trempe mais content;sec et déçu;en colère;malade;25693;L
25703;question;Que prépare la maman de Gabriel à son retour ?;un chocolat chaud;un jus de fruit froid;rien du tout;une glace;25693;L
25704;question;Que construit Gabriel l'après-midi ?;un château fort avec des blocs;un puzzle;un avion en papier;rien, il regarde la télévision;25693;L
25705;question;Que remarque Gabriel le soir en regardant par la fenêtre ?;un arc-en-ciel;un coucher de soleil rouge;de la neige;un oiseau;25693;L
25706;question;Que veut dire 'imperméable' dans le texte ?;un vêtement qui protège de la pluie;un chapeau léger;des chaussures de sport;une couverture chaude;25693;V
25707;question;Que veut dire 'éclabousse' dans le texte ?;projette de l'eau autour;absorbé l'eau silencieusement;gelé instantanément;s'évapore rapidement;25693;V
25708;question;Que veut dire 'trempe' à propos de Gabriel en rentrant ?;complètement mouillé;parfaitement sec;légèrement sale;très fatigué;25693;V
25709;question;Que veut dire 'déçu' au début du texte ?;un peu triste car quelque chose ne se passe pas comme prévu;très content;en colère;très fatigué;25693;V
25710;question;Pourquoi Gabriel est-il déçu en début d'après-midi ?;il ne peut pas jouer au parc comme prévu;il n'aime pas le chocolat chaud;il doit ranger sa chambre;il a perdu son jouet préfère;25693;I
25711;question;Pourquoi la maman de Gabriel lui propose-t-elle de sortir malgré la pluie ?;pour qu'il puisse quand même profiter un peu dehors;car elle doit absolument sortir faire des courses;car il n'y à plus d'activité possible à la maison;car Gabriel refuse de rester à l'intérieur;25693;I
25712;question;Qu'est-ce qui montre que Gabriel a su s'adapter à la pluie ?;il trouve du plaisir à sauter dans les flaques et à jouer à la maison;il reste triste toute la journée;il refuse de sortir puis de jouer;il pleure jusqu'au soir;25693;I
25713;question;Que peut-on déduire de l'apparition de l'arc-en-ciel à la fin de l'histoire ?;elle marque la fin de la pluie après une journée difficile;elle annonce une nouvelle tempête;elle n'a aucun rapport avec la journée de Gabriel;elle inquiète Gabriel;25693;I
25714;passage;Julia décide de construire une cabane au fond du jardin avec l'aide de son grand frère. C'est un projet qu'elle prépare depuis longtemps. Ensemble, ils rassemblent de vieilles planches de bois trouvées dans le garage de leur papa. Certaines planches sont un peu abîmées. Le grand frère de Julia mesure et coupe soigneusement chaque planche à la bonne taille. Julia tient fermement les planches pendant la coupe. Ils clouent ensuite patiemment les planches les unes aux autres pour former les quatre murs de la cabane. Le travail avance lentement. Pour le toit, ils utilisent une grande bâches en plastique verte trouvée dans le cabanon. Elle protégera bien de la pluie. Julia décore ensuite l'intérieur avec un vieux tapis colore et quelques coussins moelleux. Elle ajoute aussi une petite lampe. Une fois terminée, la cabane devient rapidement l'endroit préféré de Julia pour lire tranquillement ou jouer avec ses amies. Le soir, Julia invite toute sa famille à venir admirer sa nouvelle cabane. Tout le monde la félicite pour son beau travail.;;;;;;
25715;question;Que décide de construire Julia ?;une cabane au fond du jardin;une piscine;un potager;une balançoire;25714;L
25716;question;Qui aide Julia dans ce projet ?;son grand frère;sa maman;sa maîtresse;personne;25714;L
25717;question;Où trouvent-ils les planches de bois ?;dans le garage de leur papa;au magasin;chez un voisin;dans la forêt;25714;L
25718;question;Comment sont certaines des planches ?;un peu abîmées;toutes neuves;trop lourdes à porter;peintes en rouge;25714;L
25719;question;Que fait le grand frère de Julia avec les planches ?;il les mesure et les coupe;il les peint;il les jette;il les empile sans les toucher;25714;L
25720;question;Que fait Julia pendant que son frère coupe ?;elle tient fermement les planches;elle regarde la télévision;elle va jouer ailleurs;elle dort;25714;L
25721;question;Comment forment-ils les murs de la cabane ?;en clouant les planches ensemble;en les collant avec de la colle;en les empilant sans les fixer;avec des briques;25714;L
25722;question;Qu'utilisent-ils pour le toit ?;une bâche en plastique verte;des tuiles;de la paille;rien, il n'y à pas de toit;25714;L
25723;question;Avec quoi Julia décore-t-elle l'intérieur ?;un tapis colore et des coussins;des posters uniquement;rien, elle laisse vide;des jouets casses;25714;L
25724;question;Que devient rapidement la cabane pour Julia ?;son endroit préféré pour lire et jouer;un endroit qu'elle n'utilise jamais;un simple rangement;un endroit qui lui fait peur;25714;L
25725;question;Que fait Julia le soir avec sa famille ?;elle les invite à admirer la cabane;elle leur cache la cabane;elle démonte déjà la cabane;elle oublie de leur montrer;25714;L
25726;question;Comment la famille réagit-elle en voyant la cabane ?;elle félicite Julia pour son travail;elle critique le résultat;elle reste indifférente;elle demande de la détruire;25714;L
25727;question;Que veut dire 'cabanon' dans le texte ?;un petit abri de jardin pour ranger des affaires;une grande maison;une cabane dans un arbre;un garage pour voitures;25714;V
25728;question;Que veut dire 'moelleux' à propos des coussins ?;doux et confortables;durs et rigides;froids;transparents;25714;V
25729;question;Que veut dire 'patiemment' à propos de la manière dont ils clouent les planches ?;avec calme et persévérance;avec impatience;avec colère;de façon précipitée;25714;V
25730;question;Que veut dire 'rassemblent' dans le texte ?;réunissent au même endroit;dispersent partout;cachent soigneusement;vendent rapidement;25714;V
25731;question;Pourquoi Julia et son frère prennent-ils le temps de bien mesurer les planches ?;pour que la cabane soit solide et bien construite;car ils n'ont rien d'autre à faire;car leur papa les surveille;car les planches sont toutes identiques;25714;I
25732;question;Qu'est-ce qui montre que Julia est fière de sa cabane ?;elle invite toute sa famille à venir l'admirer;elle refuse de montrer la cabane à quiconque;elle démonte la cabane le lendemain;elle ne veut plus y retourner;25714;I
25733;question;Pourquoi la cabane devient-elle vite un endroit important pour Julia ?;elle y trouve un espace bien à elle pour se détendre;elle est obligée d'y aller par ses parents;elle n'a nulle part ailleurs pour jouer;elle veut impressionner ses voisins;25714;I
25734;question;Que peut-on déduire de la collaboration entre Julia et son grand frère ?;ils travaillent bien ensemble et se complètent;ils se disputent tout le long du projet;le grand frère fait tout seul;Julia ne participe pas vraiment;25714;I
25735;passage;Pour son anniversaire, Victor reçoit une invitation spéciale à une chasse au trésor organisée par son papa dans tout le quartier. Le matin même, Victor reçoit un premier indice glisse sous la porte de sa chambre. Il le lit avec beaucoup d'excitation. L'indice le mène d'abord vers le grand arbre du jardin, où il trouve un deuxième message cache dans un trou du tronc. Victor court ensuite jusqu'à la boite aux lettres du voisin, comme l'indiquait le second indice. Un troisième message l'y attend. Le troisième indice parle d'un endroit ou l'eau coule toute l'année, ce qui mène Victor tout droit vers la fontaine de la place. Près de la fontaine, Victor découvre une petite carte dessinée à la main indiquant un dernier emplacement mystérieux. En suivant attentivement la carte, Victor arrive enfin devant le local à vélos ou une boite décorée l'attend patiemment. à l'intérieur de la boite, Victor trouve un magnifique jeu de société qu'il réclamait depuis des mois. Il saute de joie.;;;;;;
25736;question;Pourquoi Victor reçoit-il une invitation spéciale ?;pour son anniversaire;pour la rentrée des classes;pour Noël;sans raison particulière;25735;L
25737;question;Qui organise la chasse au trésor ?;son papa;sa maîtresse;son grand frère;un voisin;25735;L
25738;question;Où Victor reçoit-il le premier indice ?;sous la porte de sa chambre;dans la boite aux lettres;sur la table du petit-déjeuner;à l'école;25735;L
25739;question;Où le premier indice mène-t-il Victor ?;vers le grand arbre du jardin;vers la cuisine;vers le garage;vers la fontaine;25735;L
25740;question;Où est caché le deuxième message ?;dans un trou du tronc;sous une pierre;dans la boite aux lettres;sur la porte d'entrée;25735;L
25741;question;Où Victor court-il ensuite ?;vers la boite aux lettres du voisin;vers l'école;vers le parc;vers la fontaine directement;25735;L
25742;question;De quoi parle le troisième indice ?;d'un endroit ou l'eau coule toute l'année;d'un arbre très haut;d'une porte rouge;d'un banc en bois;25735;L
25743;question;Où ce troisième indice mène-t-il Victor ?;vers la fontaine de la place;vers la piscine;vers la rivière;vers le lac;25735;L
25744;question;Que découvre Victor près de la fontaine ?;une petite carte dessinée à la main;un nouveau message écrit;rien du tout;un autre enfant qui l'attend;25735;L
25745;question;Où la carte mène-t-elle finalement Victor ?;vers le local à vélos;vers sa chambre;vers l'école;vers la maison du voisin;25735;L
25746;question;Que trouve Victor dans la boite décorée ?;un jeu de société;des bonbons;un livre;rien, la boite est vidé;25735;L
25747;question;Comment Victor réagit-il en trouvant son cadeau ?;il saute de joie;il est déçu;il reste indifférent;il se met à pleurer;25735;L
25748;question;Que veut dire 'patiemment' à propos de la boite qui attend Victor ?;sans bouger, en attendant calmement;en faisant du bruit;en se déplaçant;en s'ouvrant seule;25735;V
25749;question;Que veut dire 'mystérieux' à propos du dernier emplacement ?;difficile à deviner, intriguant;très facile à trouver;totalement connu de tous;sans aucun intérêt;25735;V
25750;question;Que veut dire 'attentivement' à propos de la manière dont Victor suit la carte ?;avec beaucoup de concentration;sans y prêter attention;avec ennui;au hasard;25735;V
25751;question;Que veut dire 'réclamait' à propos du jeu de société ?;demandait avec insistance depuis longtemps;n'avait jamais mentionné;détestait;avait déjà reçu auparavant;25735;V
25752;question;Pourquoi le papa de Victor organise-t-il cette chasse au trésor ?;pour rendre l'anniversaire de Victor plus amusant et original;car il n'avait pas le temps d'acheter un cadeau;car Victor le lui a demandé la veille;par obligation familiale;25735;I
25753;question;Qu'est-ce qui montre que Victor est très excite par cette chasse au trésor ?;il lit le premier indice avec beaucoup d'excitation et court d'indice en indice;il refuse de chercher les indices;il abandonne après le premier message;il demande à quelqu'un d'autre de chercher à sa place;25735;I
25754;question;Pourquoi le papa de Victor à-t-il cache les indices dans des endroits familiers du quartier ?;pour que Victor puisse facilement les reconnaître et les suivre;car il n'avait pas d'autres endroits disponibles;pour compliquer volontairement la chasse;par hasard, sans réfléchir;25735;I
25755;question;Que peut-on déduire de l'attention portée par le papa de Victor pour cet anniversaire ?;il a soigneusement préparé une surprise personnalisée pour son fils;il a improvisé au dernier moment sans y penser;il n'aime pas organiser ce genre d'activité;il a demandé à quelqu'un d'autre de tout organiser;25735;I
25756;passage;Rosa accompagne ses parents voir un spectacle de magie dans une grande salle du centre-ville. Elle attend ce jour depuis des semaines. Assise au premier rang, Rosa observe attentivement le magicien qui entre sur scène dans un costume noir et brillant. Le magicien commence par faire disparaître complètement une carte à jouer sous les yeux impressionnés du public. Rosa n'en croit pas ses yeux. Ensuite, il sort un lapin blanc d'un chapeau apparemment vide devant toute la salle. Les enfants applaudissent très fort. Le magicien demande alors un volontaire dans le public, et Rosa lève immédiatement la main avec beaucoup d'enthousiasme. Choisie parmi tous les enfants, Rosa monte fièrement sur scène pour participer à un nouveau tour de magie impressionnant. Le magicien fait apparaître une fleur colorée directement dans la main de Rosa, sous les applaudissements enthousiastes du public. De retour à sa place, Rosa n'arrête pas de sourire et de raconter ce moment magique à ses parents. Elle rêve déjà de devenir magicienne.;;;;;;
25757;question;Où Rosa va-t-elle voir le spectacle ?;dans une grande salle du centre-ville;à l'école;au parc;chez elle;25756;L
25758;question;Depuis quand Rosa attendait-elle ce jour ?;des semaines;quelques minutes;un an;elle ne l'attendait pas;25756;L
25759;question;Où Rosa est-elle assise ?;au premier rang;au dernier rang;debout au fond de la salle;dans les coulisses;25756;L
25760;question;Comment est habillé le magicien ?;un costume noir et brillant;un costume blanc simple;des vêtements de tous les jours;un costume rouge et jaune;25756;L
25761;question;Que fait disparaître le magicien en premier ?;une carte à jouer;une pièce de monnaie;un foulard;un chapeau;25756;L
25762;question;Que sort le magicien d'un chapeau vide ?;un lapin blanc;un pigeon;un chat noir;des fleurs;25756;L
25763;question;Comment réagissent les enfants en voyant le lapin ?;ils applaudissent très fort;ils restent silencieux;ils ont peur;ils quittent la salle;25756;L
25764;question;Que demande le magicien au public ?;un volontaire;de fermer les yeux;de partir;de chanter;25756;L
25765;question;Comment Rosa réagit-elle à cette demande ?;elle lève immédiatement la main;elle se cache;elle reste indifférente;elle demande à sa maman de le faire;25756;L
25766;question;Où Rosa monte-t-elle finalement ?;sur scène;sur sa chaise;dans les coulisses;elle ne monte nulle part;25756;L
25767;question;Que fait apparaître le magicien dans la main de Rosa ?;une fleur colorée;une pièce d'or;un bonbon;rien du tout;25756;L
25768;question;Que fait Rosa en retournant à sa place ?;elle n'arrête pas de sourire et de raconter le moment;elle reste silencieuse;elle s'endort;elle est déçue du spectacle;25756;L
25769;question;Que veut dire 'enthousiasme' dans le texte, à propos de Rosa qui lève la main ?;une grande envie et une joie manifeste;une grande peur;de l'indifférence totale;de la fatigue;25756;V
25770;question;Que veut dire 'volontaire' dans le texte ?;une personne qui accepte de participer de son plein gré;une personne choisie au hasard sans son accord;un employé du théâtre;un autre magicien;25756;V
25771;question;Que veut dire 'impressionnes' à propos du public regardant le premier tour ?;très marques, étonnés par ce qu'ils voient;totalement indifférents;ennuyés;en colère;25756;V
25772;question;Que veut dire 'fièrement' à propos de Rosa qui monte sur scène ?;avec beaucoup de fierté et d'assurance;avec beaucoup de honte;avec de la peur;avec indifférence;25756;V
25773;question;Pourquoi Rosa lève-t-elle la main aussi rapidement quand le magicien cherche un volontaire ?;elle est très enthousiaste à l'idée de participer au spectacle;elle veut juste se dégourdir les jambes;sa maman l'y oblige;elle n'a pas compris la question;25756;I
25774;question;Qu'est-ce qui montre que Rosa a adoré ce spectacle ?;elle sourit et en parle sans arrêt à ses parents après coup;elle oublie le spectacle dès sa sortie de la salle;elle dit qu'elle s'est ennuyée;elle refuse d'en reparler;25756;I
25775;question;Pourquoi Rosa rêve-t-elle de devenir magicienne après ce spectacle ?;elle a été fascinée par la magie et sa participation au tour;elle veut simplement faire comme ses amis;elle a trouvé le spectacle plutôt ennuyeux;on le lui a imposé;25756;I
25776;question;Que peut-on déduire de l'expérience vécue par Rosa ce jour-là ?;ce spectacle restera un souvenir marquant et inspirant pour elle;ce spectacle n'aura aucun impact sur elle;Rosa regrette d'être montée sur scène;Rosa n'aime pas la magie;25756;I
25777;passage;Simon se rend avec sa classe au théâtre de marionnettes installé sur la place du village pour l'après-midi. Tous les élèves sont ravis. Les enfants s'installent sagement sur de petits bancs en bois disposés devant une grande scène miniature colorée. Le rideau rouge s'ouvre lentement et dévoile deux marionnettes de bois habillées en costumes de chevaliers. Simon est captivé. L'histoire raconte les aventures d'un jeune chevalier courageux qui doit sauver un dragon devenu son ami inattendu. Simon rit beaucoup lorsque le dragon, censé faire peur, se met plutôt à danser maladroitement sur la petite scène. A un moment, le marionnettiste demande aux enfants de crier tous ensemble pour prévenir le chevalier d'un danger. Simon crie très fort. à la fin du spectacle, le marionnettiste montre aux enfants comment fonctionnent les fils qui font bouger les marionnettes. Simon repart enchante, en imaginant déjà fabriquer sa propre marionnette avec de vieilles chaussettes à la maison.;;;;;;
25778;question;Avec qui Simon va-t-il voir le spectacle ?;sa classe;ses parents;son grand frère;seul;25777;L
25779;question;Où se trouve le théâtre de marionnettes ?;sur la place du village;à l'école;au parc;dans un grand théâtre en ville;25777;L
25780;question;Sur quoi les enfants s'installent-ils ?;de petits bancs en bois;des chaises pliantes;l'herbe;des coussins;25777;L
25781;question;De quelle couleur est le rideau ?;rouge;bleu;vert;jaune;25777;L
25782;question;Comment sont habillées les deux premières marionnettes ?;en costumes de chevaliers;en costumes de pirates;en costumes d'animaux;en costumes de princesses;25777;L
25783;question;Que doit faire le jeune chevalier de l'histoire ?;sauver un dragon devenu son ami;combattre un autre chevalier;trouver un trésor cache;traverser une rivière;25777;L
25784;question;Pourquoi Simon rit-il beaucoup ?;le dragon se met à danser maladroitement;le chevalier tombe;les marionnettes se cassent;le rideau tombe par erreur;25777;L
25785;question;Que demande le marionnettiste aux enfants ?;de crier ensemble pour prévenir le chevalier;de rester silencieux;de sortir de la salle;d'applaudir doucement;25777;L
25786;question;Comment Simon réagit-il à cette demande ?;il crie très fort;il reste muet;il a peur de crier;il quitte la salle;25777;L
25787;question;Que montre le marionnettiste à la fin du spectacle ?;comment fonctionnent les fils des marionnettes;comment fabriquer un costume;comment écrire une histoire;comment construire une scène;25777;L
25788;question;Comment Simon repart-il du spectacle ?;enchanté;déçu;fatigué et triste;en colère;25777;L
25789;question;Que veut déjà faire Simon à la maison ?;fabriquer sa propre marionnette;regarder le même spectacle à nouveau;dessiner un dragon;écrire une lettre au marionnettiste;25777;L
25790;question;Que veut dire 'captive' à propos de Simon regardant le spectacle ?;totalement absorbé et intéresse;totalement indifférent;endormi;effrayé;25777;V
25791;question;Que veut dire 'inattendu' à propos de l'amitié entre le chevalier et le dragon ?;surprenant, que l'on n'attendait pas;prévu depuis le début;impossible à réaliser;sans importance;25777;V
25792;question;Que veut dire 'maladroitement' à propos de la danse du dragon ?;sans grâce, de façon un peu ratée;avec beaucoup de grâce;très rapidement;avec force;25777;V
25793;question;Que veut dire 'enchante' à propos de Simon en repartant ?;très content, ravi;très déçu;indifférent;fatigué;25777;V
25794;question;Pourquoi Simon rit-il en voyant le dragon danser maladroitement ?;la scène est comique et inattendue;il se moque du marionnettiste;il a peur du dragon;il ne comprend pas l'histoire;25777;I
25795;question;Qu'est-ce qui montre que Simon à beaucoup aime le spectacle ?;il repart enchanté et veut fabriquer sa propre marionnette;il s'endort pendant la représentation;il demande à partir avant la fin;il critique l'histoire racontée;25777;I
25796;question;Pourquoi le marionnettiste montre-t-il les fils aux enfants à la fin ?;pour leur expliquer comment fonctionne cet art et satisfaire leur curiosité;car le spectacle s'est mal déroule;car les enfants le demandent avec insistance;car les fils se sont cassés;25777;I
25797;question;Que peut-on déduire de l'effet de ce spectacle sur Simon ?;il a suscité chez lui une nouvelle envie créative;il n'a eu aucun effet sur lui;il l'a rendu triste;il l'a dégoûté des marionnettes;25777;I
25798;passage;Emma participe cette année à la chorale de son école, tous les mardis après la classe. Elle adore chanter depuis toute petite. Chaque semaine, la maîtresse de musique apprend aux enfants une nouvelle chanson en plusieurs voix différentes. Emma chante dans le groupe des aigus. Aujourd'hui, la chorale prépare un grand concert de fin d'année qui aura lieu dans la salle des fêtes du village. Tout le monde est un peu nerveux. Emma répète sa partition tous les soirs à la maison, devant le miroir de sa chambre. Elle veut absolument ne faire aucune erreur. Le jour du concert arrive enfin, et Emma enfile la tenue blanche demandée par la maîtresse de musique pour tous les enfants. Sur scène, Emma sent son coeur battre très fort en voyant tout le public installé devant elle. Elle cherche ses parents du regard. Dès les premières notes, Emma oublie son trac et se concentre uniquement sur le plaisir de chanter avec ses camarades. à la fin du concert, les applaudissements du public remplissent toute la salle. Emma est fière d'avoir participé à ce beau moment.;;;;;;
25799;question;Quel jour a lieu la chorale d'Emma ?;le mardi;le lundi;le mercredi;le vendredi;25798;L
25800;question;Depuis quand Emma aime-t-elle chanter ?;depuis toute petite;depuis cette année seulement;elle n'aime pas vraiment chanter;depuis le concert;25798;L
25801;question;Qui apprend les chansons aux enfants ?;la maîtresse de musique;le directeur de l'école;les parents;personne, ils apprennent seuls;25798;L
25802;question;Dans quel groupe chante Emma ?;le groupe des aigus;le groupe des graves;elle chante seule;elle ne chante pas encore;25798;L
25803;question;Que prépare la chorale aujourd'hui ?;un concert de fin d'année;un examen de musique;une sortie scolaire;un film;25798;L
25804;question;Où aura lieu ce concert ?;dans la salle des fêtes du village;à l'école;chez Emma;dans un grand théâtre en ville;25798;L
25805;question;Que fait Emma tous les soirs à la maison ?;elle répète sa partition devant le miroir;elle regarde la télévision;elle oublie complètement la chorale;elle dessine des costumes;25798;L
25806;question;Que veut absolument Emma ?;ne faire aucune erreur;arriver en retard;changer de groupe;arrêter la chorale;25798;L
25807;question;Que porte Emma le jour du concert ?;une tenue blanche;sa tenue de tous les jours;un costume rouge;un déguisement;25798;L
25808;question;Que ressent Emma sur scène en voyant le public ?;son coeur bat très fort;elle ne ressent rien de particulier;elle a envie de partir;elle s'endort presque;25798;L
25809;question;Que fait Emma dès les premières notes ?;elle oublie son trac;elle se trompe de chanson;elle quitte la scène;elle pleure;25798;L
25810;question;Que se passe-t-il à la fin du concert ?;les applaudissements remplissent la salle;personne n'applaudit;le concert est annulé;Emma part avant la fin;25798;L
25811;question;Que veut dire 'nerveux' à propos des enfants avant le concert ?;un peu inquiets, tendus par l'événement;totalement calmes;très joyeux uniquement;indifférents;25798;V
25812;question;Que veut dire 'trac' dans le texte ?;une peur ou un stress avant de se produire en public;une grande joie;une chanson particulière;un costume de scène;25798;V
25813;question;Que veut dire 'partition' dans le texte ?;le texte et la musique d'une chanson à apprendre;un instrument de musique;un costume de scène;une salle de concert;25798;V
25814;question;Que veut dire 'aigus' à propos du groupe de voix d'Emma ?;des voix hautes;des voix graves et basses;des voix qui ne chantent pas;des instruments de musique;25798;V
25815;question;Pourquoi Emma répète-t-elle sa partition tous les soirs ?;elle veut être bien préparée pour le concert;sa maîtresse l'y oblige chaque jour;elle a oublié les paroles à l'école;elle n'a rien d'autre à faire le soir;25798;I
25816;question;Qu'est-ce qui aide Emma à oublier son trac sur scène ?;le plaisir de chanter avec ses camarades;la présence du public uniquement;le fait de porter une jolie tenue;l'absence de ses parents dans la salle;25798;I
25817;question;Pourquoi Emma cherche-t-elle ses parents du regard avant de chanter ?;leur présence la rassure avant l'épreuve du concert;elle a oublié ses paroles et veut de l'aide;elle veut leur faire signe de partir;elle ne les à pas vus entrer dans la salle;25798;I
25818;question;Que peut-on déduire du parcours d'Emma à travers cette expérience de chorale ?;elle gagne en confiance et en plaisir malgré son stress initial;elle regrette d'avoir participé à la chorale;elle n'aime pas du tout chanter en public;elle abandonne la chorale après le concert;25798;I
25819;passage;L'école de Nathan organise une grande journée sportive dans le stade municipal, juste avant les vacances d'été. Tous les élèves participent. Le matin commence par une course de vitesse sur la piste, ou Nathan s'aligne avec ses camarades de classe. Il est un peu stressé. Au signal du départ, Nathan court de toutes ses forces jusqu'à la ligne d'arrivée. Il termine troisième de sa course, très satisfait. Ensuite, les élèves participent à un concours de saut en longueur sur le sable fin du bac à sable aménagé pour l'occasion. Nathan prend un bon élan avant de sauter le plus loin possible. Son saut impressionne même sa maîtresse de sport. A midi, tous les enfants déjeunent ensemble sur l'herbe, assis en petits groupes joyeux. Nathan partage son goûter avec ses amis. L'après-midi est consacré à un grand relais par équipes, ou chaque enfant doit courir à son tour en passant un témoin. Nathan court le dernier relais de son équipe et franchit la ligne d'arrivée en premier. Toute son équipe le félicite chaleureusement.;;;;;;
25820;question;Où a lieu la journée sportive ?;dans le stade municipal;dans la cour de l'école;au parc;à la piscine;25819;L
25821;question;Quand a lieu cette journée ?;juste avant les vacances d'été;juste après la rentrée;en hiver;pendant les vacances;25819;L
25822;question;Par quoi commence la matinée ?;une course de vitesse;un match de football;une course de sac;un tournoi d'échecs;25819;L
25823;question;Comment Nathan se sent-il avant sa course ?;un peu stressé;totalement calme;très fatigué;en colère;25819;L
25824;question;À quelle place Nathan termine-t-il sa course ?;troisième;premier;dernier;il abandonne la course;25819;L
25825;question;À quel concours les élèves participent-ils ensuite ?;le saut en longueur;le lancer de poids;la course de haies;la natation;25819;L
25826;question;Sur quoi se déroule le saut en longueur ?;sur du sable fin;sur de l'herbe;sur du bitume;dans l'eau;25819;L
25827;question;Que fait Nathan avant de sauter ?;il prend un bon élan;il s'assoit un instant;il change de chaussures;il attend longtemps;25819;L
25828;question;Où les enfants déjeunent-ils à midi ?;sur l'herbe;dans la cantine;chez eux;dans le bus;25819;L
25829;question;Que fait Nathan avec son goûter ?;il le partage avec ses amis;il le mange seul;il le donne à la maîtresse;il le garde pour le soir;25819;L
25830;question;À quoi est consacré l'après-midi ?;un grand relais par équipes;un tournoi de basket;une chasse au trésor;un spectacle de danse;25819;L
25831;question;Que doit faire chaque enfant durant le relais ?;courir à son tour en passant un témoin;attendre sans bouger;encourager les autres seulement;compter les points;25819;L
25832;question;Que veut dire 'élan' dans le texte, à propos du saut ?;une accumulation de vitesse avant de sauter;un arrêt complet avant de sauter;un signal de départ;un type de chaussure de sport;25819;V
25833;question;Que veut dire 'satisfait' à propos de Nathan après sa course ?;content du résultat obtenu;déçu du résultat obtenu;indifférent au résultat;en colère contre lui-même;25819;V
25834;question;Que veut dire 'témoin' dans le texte, à propos du relais ?;un petit bâton que l'on se transmet en courant;une personne qui regarde la course;un chronomètre;une médaille;25819;V
25835;question;Que veut dire 'chaleureusement' à propos des félicitations de l'équipe ?;avec beaucoup d'enthousiasme et de sincérité;froidement et sans entrain;avec indifférence;avec moquerie;25819;V
25836;question;Pourquoi Nathan est-il un peu stressé avant sa course de vitesse ?;il veut bien faire devant ses camarades;il n'aime pas du tout courir;il a peur de tomber;il n'a pas envie de participer;25819;I
25837;question;Qu'est-ce qui montre que le saut de Nathan est réussi ?;il impressionne même sa maîtresse de sport;il termine dernier du concours;il refuse de recommencer;personne ne le remarque;25819;I
25838;question;Pourquoi toute l'équipe félicite-t-elle Nathan à la fin du relais ?;il a permis à son équipe de franchir la ligne en premier;il a fait tomber un adversaire;il a triché pendant la course;il a refusé de courir au début;25819;I
25839;question;Que peut-on déduire de l'attitude de Nathan tout au long de cette journée sportive ?;il s'investit avec sérieux et enthousiasme dans chaque épreuve;il ne participe qu'à contrecoeur;il préfère rester spectateur;il se dispute avec ses camarades;25819;I
25840;passage;L'école de Sara installe un grand parcours d'obstacles dans la cour pendant la semaine du sport. Sara est impatiente d'essayer. Le parcours commence par une série de gros pneus poses au sol, où il faut poser un pied dans chacun sans trébucher. Sara traverse les pneus avec beaucoup de concentration, en levant bien haut les genoux à chaque pas. Elle ne trébuche pas une seule fois. Elle arrive ensuite devant un mur d'escalade très bas, spécial pour les élèves de son âge. Elle grimpe rapidement jusqu'en haut. Après le mur, Sara doit ramper sous un long filet tendu près du sol. La terre est un peu humide sous ses mains. Elle se relève ensuite pour franchir une rangée de haies basses en sautant par-dessus chacune d'elles sans les toucher. Le dernier obstacle est une poutre en bois sur laquelle Sara doit marcher en gardant l'équilibre jusqu'au bout. Sara termine le parcours sans la moindre erreur et lève les bras en signe de victoire. Sa maîtresse la félicite chaleureusement.;;;;;;
25841;question;Où est installé le parcours d'obstacles ?;dans la cour de l'école;au stade municipal;au parc;à la piscine;25840;L
25842;question;Pendant quelle semaine ce parcours est-il installe ?;la semaine du sport;la semaine de la lecture;la semaine des sciences;la semaine des arts;25840;L
25843;question;Par quoi commence le parcours ?;des pneus poses au sol;un mur d'escalade;une poutre en bois;des haies;25840;L
25844;question;Que fait Sara en traversant les pneus ?;elle lève bien haut les genoux;elle rampe au sol;elle saute à pieds joints;elle marche très lentement;25840;L
25845;question;Devant quoi Sara arrive-t-elle ensuite ?;un mur d'escalade très bas;une piscine;un grand trampoline;une rivière;25840;L
25846;question;Comment est ce mur d'escalade ?;spécial pour les élèves de son âge;très haut et difficile;fait de corde uniquement;impossible à grimper;25840;L
25847;question;Que doit faire Sara après le mur ?;ramper sous un long filet;sauter par-dessus un trou;grimper à une corde;traverser une rivière;25840;L
25848;question;Comment est la terre sous ses mains en rampant ?;un peu humide;totalement sèche;gelée;recouverte de sable;25840;L
25849;question;Que fait Sara après avoir rampé ?;elle franchit des haies basses en sautant;elle s'arrête pour se reposer;elle recommence le parcours;elle abandonne;25840;L
25850;question;Quel est le dernier obstacle du parcours ?;une poutre en bois;un filet à ramper;un mur d'escalade;des pneus;25840;L
25851;question;Que doit faire Sara sur la poutre ?;garder l'équilibre en marchant dessus;sauter par-dessus;ramper dessous;s'asseoir dessus;25840;L
25852;question;Comment Sara termine-t-elle le parcours ?;sans la moindre erreur;en tombant plusieurs fois;en abandonnant à mi-parcours;en pleurant de fatigue;25840;L
25853;question;Que veut dire 'trébucher' dans le texte ?;perdre l'équilibre et faillir tomber;courir très vite;s'arrêter volontairement;sauter très haut;25840;V
25854;question;Que veut dire 'ramper' dans le texte ?;avancer au sol sur le ventre;sauter par-dessus un obstacle;courir très vite;marcher normalement;25840;V
25855;question;Que veut dire 'chaleureusement' à propos des félicitations de la maîtresse ?;avec beaucoup d'enthousiasme et de sincérité;froidement;avec indifférence;avec moquerie;25840;V
25856;question;Que veut dire 'impatiente' au début du texte, à propos de Sara ?;très pressée, avec hâte de commencer;totalement indifférente;un peu inquiété;fatiguée d'avance;25840;V
25857;question;Pourquoi Sara lève-t-elle bien haut les genoux en traversant les pneus ?;pour éviter de trébucher dans les pneus;pour aller plus vite possible;car sa maîtresse le lui demande sans raison;car les pneus sont très hauts;25840;I
25858;question;Qu'est-ce qui montre que Sara maîtrise bien ce parcours ?;elle le termine sans la moindre erreur;elle tombe à chaque obstacle;elle abandonne avant la fin;elle refuse de continuer;25840;I
25859;question;Pourquoi Sara lève-t-elle les bras à la fin du parcours ?;elle est fière d'avoir réussi sans erreur;elle demande de l'aide;elle a mal aux bras;elle veut arrêter le parcours;25840;I
25860;question;Que peut-on déduire des capacités physiques de Sara à travers cette histoire ?;elle est agile, concentrée et bien coordonnée;elle a beaucoup de difficultés en sport;elle n'aime pas les activités physiques;elle préfère rester spectatrice;25840;I
25861;passage;Adam passe une journée entière au parc aquatique avec toute sa famille pendant les vacances d'été. Il attend ce jour depuis longtemps. Dès l'entrée, Adam aperçoit un immense toboggan bleu qui serpente tout autour du parc. Il veut absolument l'essayer en premier. Sa maman lui rappelle les règles de sécurité avant de le laisser filer vers la file d'attente du grand toboggan. Une fois en haut, Adam hésite quelques secondes avant de se laisser glisser tout en bas dans un grand cri de joie. L'eau du bassin d'arrivée est fraîche et l'éclabousse complètement en touchant l'eau. Adam remonte aussitôt pour recommencer. Après plusieurs descentes, toute la famille se retrouve dans la piscine à vagues pour se détendre un peu ensemble. Adam et son petit frère s'amusent à sauter dans chaque nouvelle vague qui arrive, en riant aux éclats. En fin d'après-midi, épuisé mais très heureux, Adam savoure une glace en racontant sa journée incroyable à ses parents.;;;;;;
25862;question;Où Adam passe-t-il sa journée ?;au parc aquatique;à la piscine municipale;à la plage;au lac;25861;L
25863;question;Quand cette journée a-t-elle lieu ?;pendant les vacances d'été;pendant l'hiver;un jour d'école;un jour de pluie;25861;L
25864;question;Que voit Adam dès l'entrée ?;un immense toboggan bleu;une grande piscine ronde;un manège;un stand de nourriture;25861;L
25865;question;Que rappelle la maman d'Adam avant qu'il ne parte ?;les règles de sécurité;l'heure du déjeuner;de ne pas courir;de rester avec elle;25861;L
25866;question;Où Adam se dirige-t-il après cela ?;vers la file d'attente du toboggan;vers la sortie;vers le stand de glaces;vers la voiture;25861;L
25867;question;Que fait Adam en haut du toboggan ?;il hésite puis se laisse glisser;il redescend par les escaliers;il attend son papa;il refuse de glisser;25861;L
25868;question;Comment est l'eau du bassin d'arrivée ?;fraîche;très chaude;sale;gelée;25861;L
25869;question;Que fait Adam après sa première descente ?;il remonte pour recommencer;il rentre à la maison;il va se reposer;il pleure de peur;25861;L
25870;question;Où se retrouve toute la famille après plusieurs descentes ?;dans la piscine à vagues;au restaurant;dans la voiture;sur le parking;25861;L
25871;question;Que font Adam et son petit frère dans cette piscine ?;ils sautent dans chaque vague;ils restent immobiles;ils construisent un château de sable;ils pleurent;25861;L
25872;question;Comment Adam se sent-il en fin d'après-midi ?;épuise mais très heureux;en pleine forme;triste et déçu;en colère;25861;L
25873;question;Que savoure Adam à la fin de la journée ?;une glace;un sandwich;une soupe chaude;rien du tout;25861;L
25874;question;Que veut dire 'serpente' à propos du toboggan ?;forme des courbes comme un serpent;va tout droit sans virage;est totalement immobile;est très court;25861;V
25875;question;Que veut dire 'éclabousse' dans le texte ?;projette de l'eau autour;reste totalement calme;s'évapore rapidement;gelé instantanément;25861;V
25876;question;Que veut dire 'épuise' à propos d'Adam en fin de journée ?;très fatigué;en pleine forme;affame uniquement;malade;25861;V
25877;question;Que veut dire 'aux éclats' à propos des rires des enfants ?;des rires très forts et joyeux;des pleurs silencieux;des chuchotements;des cris de peur;25861;V
25878;question;Pourquoi Adam hésite-t-il quelques secondes en haut du toboggan ?;la hauteur l'impressionne un peu avant de se lancer;il a changé d'avis et veut redescendre;il attend son petit frère;le toboggan est fermé momentanément;25861;I
25879;question;Qu'est-ce qui montre qu'Adam a adoré le toboggan ?;il remonte aussitôt pour recommencer;il refuse d'y retourner;il pleure après sa descente;il préfère rester dans la piscine à vagues;25861;I
25880;question;Pourquoi la maman d'Adam rappelle-t-elle les règles de sécurité avant qu'il ne parte ?;elle veut s'assurer qu'il profite du parc en toute sécurité;elle ne fait pas confiance à Adam;le personnel du parc l'y oblige à chaque fois;elle a peur de la foule;25861;I
25881;question;Que peut-on déduire de la journée vécue par Adam et sa famille ?;c'est une journée de détente et de plaisir partagée en famille;c'est une journée stressante pour tous;Adam préfère rester seul de son côté;la famille s'ennuie pendant la journée;25861;I
25882;passage;Léna visite pour la première fois un grand parc d'attractions avec ses parents et sa cousine. Elle est très impatiente de tout découvrir. Dès l'entrée, Léna aperçoit au loin les rails immenses et tordus d'un grand huit impressionnant. Elle sent son coeur s'accélérer. Sa cousine, plus grande qu'elle, la rassure et lui propose de faire ce grand huit ensemble pour son premier tour. Elles font la queue pendant un long moment, en observant les wagons filer à toute vitesse au-dessus de leurs têtes. Une fois assise dans le wagon, Léna serre très fort la barre de sécurité avec ses deux mains. Son coeur bat très vite. Le wagon grimpe lentement tout en haut de la première montée, puis plonge soudainement à toute vitesse vers le bas. Léna hurle de peur et de joie mélangées pendant toute la descente, les cheveux totalement décoiffés par le vent. à la fin du tour, Léna descend du wagon les jambes un peu tremblantes mais le sourire jusqu'aux oreilles. Elle veut absolument y retourner.;;;;;;
25883;question;Où Léna se rend-elle pour la première fois ?;dans un grand parc d'attractions;au zoo;au parc aquatique;à la foire du village;25882;L
25884;question;Avec qui Léna visite-t-elle ce parc ?;ses parents et sa cousine;sa classe;ses grands-parents;seule;25882;L
25885;question;Que voit Léna dès l'entrée ?;les rails d'un grand huit;une grande roue;un carrousel;une piscine;25882;L
25886;question;Que propose la cousine de Léna ?;de faire le grand huit ensemble;de faire un manège plus calme;de rentrer à la maison;d'attendre dehors;25882;L
25887;question;Que font-elles pendant la file d'attente ?;elles observent les wagons filer;elles jouent à un jeu;elles mangent une glace;elles dorment;25882;L
25888;question;Que fait Léna avec ses mains une fois assise ?;elle serre fort la barre de sécurité;elle applaudit;elle se cache le visage;elle agite les bras;25882;L
25889;question;Que fait le wagon en premier ?;il grimpe lentement en haut de la montée;il plonge directement vers le bas;il tourne sur lui-même;il s'arrête brusquement;25882;L
25890;question;Que fait le wagon après la montée ?;il plonge soudainement à toute vitesse;il ralentit très doucement;il remonte à nouveau;il s'arrête complètement;25882;L
25891;question;Que fait Léna pendant la descente ?;elle hurle de peur et de joie;elle reste totalement silencieuse;elle ferme les yeux sans bouger;elle demande à s'arrêter;25882;L
25892;question;Que devient sa coiffure pendant la descente ?;ses cheveux sont décoiffés par le vent;ses cheveux restent parfaitement en place;elle perd son chapeau;rien ne change;25882;L
25893;question;Comment Léna descend-elle du wagon ?;les jambes un peu tremblantes;en courant très vite;en pleurant fort;sans aucune émotion;25882;L
25894;question;Que veut faire Léna à la fin du tour ?;y retourner;ne plus jamais remonter;aller se reposer;changer d'attraction uniquement;25882;L
25895;question;Que veut dire 'impressionnant' à propos du grand huit ?;qui provoque un fort sentiment, marquant;totalement banal;très petit;peu visible;25882;V
25896;question;Que veut dire 'décoiffés' à propos des cheveux de Léna ?;en désordre, ébouriffés;parfaitement coiffes;coupes courts;mouilles;25882;V
25897;question;Que veut dire 'tremblantes' à propos des jambes de Léna ?;qui tremblent légèrement sous l'effet de l'émotion;parfaitement immobiles et fermes;très fortes;endolories par la marche;25882;V
25898;question;Que veut dire 'rassure' à propos de la cousine de Léna ?;aide à calmer une inquiétude;fait peur davantage;ignore complètement;se moque gentiment;25882;V
25899;question;Pourquoi Léna serre-t-elle si fort la barre de sécurité ?;elle est impressionnée et cherche à se rassurer;elle a peur de perdre son téléphone;sa cousine le lui demande;la barre est instable;25882;I
25900;question;Qu'est-ce qui montre que Léna a finalement adoré cette expérience malgré sa peur ?;elle sourit largement et veut y retourner;elle refuse de remonter dans une attraction;elle pleure encore en descendant;elle demande à rentrer immédiatement;25882;I
25901;question;Pourquoi la cousine de Léna propose-t-elle de faire ce tour avec elle ?;pour l'accompagner et la rassurer pour ce premier grand huit;car elle n'a personne d'autre avec qui le faire;car ses parents le lui demandent;car elle n'aime pas les autres attractions;25882;I
25902;question;Que peut-on déduire du sentiment de Léna à la fin de cette journée ?;elle a surmonté sa peur et en garde un excellent souvenir;elle regrette d'être venue au parc;elle a eu très peur sans aucun plaisir;elle préfère ne plus jamais y retourner;25882;I
25903;passage;Paul se rend à la fête foraine installée sur la grande place avec son papi, comme chaque année au printemps. Il adore cette tradition. En arrivant, Paul repère immédiatement son manège préféré, orne de chevaux de bois colorés tournant lentement en musique. Il choisit un cheval blanc avec une crinière dorée et grimpe dessus avec l'aide de son papi. Il tient fermement la barre en métal. Le manège démarre doucement, puis prend progressivement de la vitesse en tournant au rythme d'une musique entraînante. Paul fait de grands signes de la main à son papi à chaque tour, en riant aux éclats. Son papi lui répond à chaque passage. Après le manège, ils se dirigent vers la grande roue installée un peu plus loin, illuminée de lumières multicolores. Une fois en haut de la grande roue, Paul observe toute la ville depuis les airs, émerveillé par cette vue impressionnante. En redescendant, Paul remercie chaleureusement son papi pour cette merveilleuse après-midi. Il attend déjà le printemps prochain.;;;;;;
25904;question;Où Paul se rend-il avec son papi ?;à la fête foraine;au zoo;au musée;à la piscine;25903;L
25905;question;Quand cette sortie a-t-elle lieu chaque année ?;au printemps;en hiver;en automne;à Noël;25903;L
25906;question;Que repère Paul en arrivant ?;son manège préféré;un stand de nourriture;la grande roue;un spectacle de magie;25903;L
25907;question;Que fait tourner le manège préféré de Paul ?;des chevaux de bois colorés;des voitures miniatures;des bateaux;des avions;25903;L
25908;question;Quel cheval choisit Paul ?;un cheval blanc à crinière dorée;un cheval noir;un cheval marron;il ne choisit pas de cheval;25903;L
25909;question;Qui aide Paul à grimper sur le cheval ?;son papi;un employé du manège;personne, il grimpe seul;sa maman;25903;L
25910;question;À quoi Paul se tient-il fermement ?;la barre en métal;la crinière du cheval;son papi;rien du tout;25903;L
25911;question;Comment démarre le manège ?;doucement, puis il accélère progressivement;très vite dès le début;il ne démarre pas;en faisant beaucoup de bruit;25903;L
25912;question;Que fait Paul à chaque tour ?;il fait des signes de la main à son papi;il ferme les yeux;il crie de peur;il reste immobile;25903;L
25913;question;Où vont-ils après le manège ?;vers la grande roue;vers la sortie;vers un stand de tir;vers un autre manège;25903;L
25914;question;Comment est illuminée la grande roue ?;de lumières multicolores;elle n'est pas illuminée;uniquement en blanc;en rouge uniquement;25903;L
25915;question;Que fait Paul en haut de la grande roue ?;il observe toute la ville depuis les airs;il ferme les yeux de peur;il regarde son téléphone;il s'endort;25903;L
25916;question;Que veut dire 'orne' à propos du manège ?;décore, embelli;totalement vide;abîme;éteint;25903;V
25917;question;Que veut dire 'entraînante' à propos de la musique du manège ?;qui donne envie de bouger, de danser;très triste et lente;totalement silencieuse;effrayante;25903;V
25918;question;Que veut dire 'émerveille' à propos de Paul en haut de la grande roue ?;rempli d'admiration et d'étonnement;totalement indifférent;effrayé;ennuyé;25903;V
25919;question;Que veut dire 'chaleureusement' à propos de la manière dont Paul remercie son papi ?;avec beaucoup de sincérité et d'affection;froidement;avec indifférence;avec une pointe de moquerie;25903;V
25920;question;Pourquoi Paul fait-il des signes de la main à son papi pendant le manège ?;il veut partager sa joie avec lui à chaque passage;il demande de l'aide car il a peur;son papi le lui demande sans arrêt;il veut descendre du manège;25903;I
25921;question;Qu'est-ce qui montre que cette sortie est une tradition importante pour Paul ?;il dit adorer cette tradition et attend déjà l'année suivante;il oublie cette sortie dès le lendemain;il préfère rester à la maison chaque année;il n'aime pas la fête foraine;25903;I
25922;question;Pourquoi Paul est-il émerveille en haut de la grande roue ?;la vue sur la ville depuis les airs est impressionnante pour lui;il a peur du vide;il n'a jamais vu de grande roue;il attendait ce moment avec ennui;25903;I
25923;question;Que peut-on déduire de la relation entre Paul et son papi à travers cette histoire ?;ils partagent un moment complice et attendu chaque année;ils se voient rarement dans l'année;Paul préfère sortir avec ses amis;le papi s'ennuie pendant la sortie;25903;I
25924;passage;Iris passe la nuit chez ses grands-parents pour la toute première fois, sans ses parents. Elle est à la fois excitée et un peu nerveuse. En arrivant, sa mamie lui montre la petite chambre d'amis préparée spécialement pour elle, avec des draps à fleurs colorées. Avant le dîner, Iris aide son papi à arroser les plantes du jardin avec un petit arrosoir vert adapte à sa taille. Au dîner, mamie prépare le plat préféré d'Iris, des pâtés avec de la sauce tomate maison, ce qui fait très plaisir à la fillette. Après le repas, papi sort un vieux jeu de société qu'il jouait déjà lorsqu'il était enfant. Iris trouve ce jeu fascinant. Au moment du coucher, Iris ressent une petite pointe de nostalgie en pensant à ses parents restes à la maison. Mamie s'assoit alors près du lit et lui raconte une histoire douce jusqu'à ce qu'Iris s'endorme paisiblement. Le lendemain matin, Iris se réveille très contente et annonce à ses grands-parents qu'elle aimerait revenir très bientôt.;;;;;;
25925;question;Chez qui Iris passe-t-elle la nuit ?;ses grands-parents;sa tante;sa voisine;sa cousine;25924;L
25926;question;Est-ce la première fois qu'Iris fait cela sans ses parents ?;oui, c'est la toute première fois;non, c'est une habitude;non, elle le fait chaque semaine;on ne sait pas;25924;L
25927;question;Que montre mamie à Iris en arrivant ?;la petite chambre d'amis préparée pour elle;le jardin;la cuisine;le grenier;25924;L
25928;question;De quoi sont décorés les draps de son lit ?;de fleurs colorées;d'étoiles;d'animaux;ils sont unis;25924;L
25929;question;Que fait Iris avant le dîner ?;elle aide papi à arroser les plantes;elle regarde la télévision;elle fait ses devoirs;elle dort déjà;25924;L
25930;question;Que prépare mamie pour le dîner ?;des pâtés avec de la sauce tomate maison;de la soupe;une pizza;un gâteau uniquement;25924;L
25931;question;Comment Iris réagit-elle à ce repas ?;cela lui fait très plaisir;elle n'aime pas ce plat;elle refuse de manger;elle est indifférente;25924;L
25932;question;Que sort papi après le repas ?;un vieux jeu de société;un livre d'images;un puzzle;des cartes à jouer;25924;L
25933;question;Que ressent Iris au moment du coucher ?;une petite pointe de nostalgie;beaucoup de joie uniquement;de la colère;de la fatigue seulement;25924;L
25934;question;Que fait mamie pour aider Iris à s'endormir ?;elle lui raconte une histoire douce;elle allume la télévision;elle la laisse seule;elle chante très fort;25924;L
25935;question;Comment Iris se réveille-t-elle le lendemain ?;très contente;encore fatiguée et triste;en pleurant;avec de la fièvre;25924;L
25936;question;Que dit Iris à ses grands-parents le lendemain matin ?;elle aimerait revenir très bientôt;elle ne veut plus jamais revenir;elle veut rentrer immédiatement;elle veut appeler ses parents;25924;L
25937;question;Que veut dire 'nerveuse' au début du texte, à propos d'Iris ?;un peu inquiété, tendue;totalement calme;très joyeuse uniquement;fatiguée;25924;V
25938;question;Que veut dire 'nostalgie' dans le texte ?;un sentiment doux-amer en pensant à quelque chose d'absent;une grande joie soudaine;une peur intense;une grande fatigue;25924;V
25939;question;Que veut dire 'paisiblement' à propos du sommeil d'Iris ?;de façon calme et tranquille;en s'agitant beaucoup;avec des cauchemars;difficilement;25924;V
25940;question;Que veut dire 'fascinant' à propos du jeu de société de papi ?;qui suscite un grand intérêt;très ennuyeux;totalement inconnu;difficile à comprendre;25924;V
25941;question;Pourquoi Iris ressent-elle de la nostalgie au moment du coucher ?;c'est sa première nuit loin de ses parents;elle n'aime pas la maison de ses grands-parents;elle a peur du noir;elle a faim;25924;I
25942;question;Qu'est-ce qui aide Iris à s'endormir malgré sa nostalgie ?;la douce histoire racontée par sa mamie;le silence total de la maison;le fait de rester éveillée toute la nuit;un appel téléphonique à ses parents;25924;I
25943;question;Qu'est-ce qui montre que cette expérience s'est bien passée pour Iris ?;elle se réveille contente et veut revenir bientôt;elle pleure encore le lendemain matin;elle refuse de reparler de cette nuit;elle demande à rentrer dès le réveil;25924;I
25944;question;Que peut-on déduire de la relation entre Iris et ses grands-parents ?;ils prennent soin d'elle avec beaucoup de tendresse;ils ne savent pas s'occuper d'un enfant;Iris se sent mal à l'aise chez eux;ils sont trop occupes pour s'occuper d'elle;25924;I
25945;passage;Milan rentre de vacances avec ses parents après trois semaines passées chez ses grands-parents à la mer. Le trajet en voiture est un peu long. Pendant le voyage, Milan repense à tous les bons moments vécus pendant l'été: les baignades, les glaces et les jeux de plage. En arrivant devant chez lui, Milan retrouve sa maison avec un plaisir mélange à une petite tristesse de voir les vacances finies. Il retrouve d'abord sa chambre, restée exactement comme il l'avait laissée, avec tous ses jouets bien ranges à leur place. Son chat, reste chez une voisine pendant les vacances, vient l'accueillir en se frottant contre ses jambes. Milan le caresse longuement. Le soir, en défaisant sa valise, Milan retrouve un joli coquillage qu'il avait ramassé sur la plage en souvenir de ses vacances. Il décide de poser ce coquillage bien en vue sur son bureau, pour se rappeler cet été chaque fois qu'il le regardera. Le lendemain, Milan retrouve ses amis du quartier et leur raconte avec enthousiasme toutes ses aventures de vacances.;;;;;;
25946;question;D'ou Milan rentre-t-il ?;de chez ses grands-parents à la mer;de l'école;d'un voyage à l'étranger;d'un camp de vacances;25945;L
25947;question;Combien de temps Milan à-t-il passe là-bas ?;trois semaines;un week-end;un mois complet;une seule journée;25945;L
25948;question;Comment est le trajet en voiture du retour ?;un peu long;très court;il n'y à pas de trajet en voiture;extrêmement rapide;25945;L
25949;question;À quoi Milan repense-t-il pendant le voyage ?;aux baignades, aux glaces et aux jeux de plage;à ses devoirs de vacances;à son école;à rien de particulier;25945;L
25950;question;Que ressent Milan en arrivant devant chez lui ?;du plaisir mélange à une petite tristesse;seulement de la joie;seulement de la tristesse;de la colère;25945;L
25951;question;Comment Milan retrouve-t-il sa chambre ?;exactement comme il l'avait laissée;complètement changée;toute vide;en désordre;25945;L
25952;question;Où était le chat de Milan pendant les vacances ?;chez une voisine;avec eux en vacances;chez les grands-parents;il n'a pas de chat;25945;L
25953;question;Que fait le chat en accueillant Milan ?;il se frotte contre ses jambes;il se cache;il miaule de colère;il l'ignore complètement;25945;L
25954;question;Que retrouve Milan dans sa valise le soir ?;un joli coquillage;un jouet casse;des vêtements sales uniquement;rien de spécial;25945;L
25955;question;Où Milan ramasse-t-il ce coquillage à l'origine ?;sur la plage;dans le jardin;au marche;chez ses grands-parents;25945;L
25956;question;Où Milan pose-t-il le coquillage ?;bien en vue sur son bureau;dans un tiroir ferme;il le jette;il le donne à un ami;25945;L
25957;question;Que fait Milan le lendemain avec ses amis ?;il leur raconte ses aventures de vacances;il ne leur parle pas de ses vacances;il reste seul chez lui;il repart en voyage;25945;L
25958;question;Que veut dire 'enthousiasme' à propos de la manière dont Milan raconte ses vacances ?;avec beaucoup d'entrain et de joie;avec ennui;avec tristesse;avec indifférence;25945;V
25959;question;Que veut dire 'mélange' à propos du sentiment ressenti par Milan en arrivant chez lui ?;compose de plusieurs émotions à la fois;totalement simple et unique;absent, sans émotion;très violent;25945;V
25960;question;Que veut dire 'souvenir' à propos du coquillage ?;un objet qui rappelle un moment passe;un objet sans aucune importance;un jouet à offrir;un objet dangereux;25945;V
25961;question;Que veut dire 'bien en vue' à propos de l'endroit où Milan pose le coquillage ?;à un endroit visible facilement;cache et difficile à trouver;dans un tiroir ferme;à l'extérieur de la maison;25945;V
25962;question;Pourquoi Milan ressent-il une petite tristesse en rentrant chez lui ?;il regrette que ses belles vacances soient terminées;il n'aime pas sa maison;il a peur de retourner à l'école;il s'est disputé avec ses grands-parents;25945;I
25963;question;Pourquoi Milan garde-t-il le coquillage bien en vue sur son bureau ?;il veut se souvenir de ses vacances chaque jour;il pense que le coquillage à une grande valeur;sa maman le lui demande;il l'a trouvé par hasard sans y penser;25945;I
25964;question;Qu'est-ce qui montre que Milan a passé de très bonnes vacances ?;il raconte ses aventures avec enthousiasme à ses amis;il refuse de parler de ses vacances;il est content que les vacances soient finies;il ne se souvient de rien;25945;I
25965;question;Que peut-on déduire du lien entre Milan et son chat ?;ils sont attachés l'un à l'autre malgré la séparation;le chat ne reconnaît plus Milan;Milan n'aime pas vraiment son chat;le chat préfère la voisine à Milan;25945;I
25966;passage;Selma visite un magnifique jardin aux papillons avec sa classe, lors d'une sortie scolaire de fin d'année. Elle est impatiente d'y entrer. Dès l'entrée du jardin, des dizaines de papillons colorés volent librement autour des visiteurs. Selma n'en a jamais vu autant. Un guide explique aux enfants que ce jardin abrite plus de cent espèces de papillons venus du monde entier. Selma écoute attentivement. Selma s'arrête longuement devant un immense papillon bleu aux ailes brillantes, pose tranquillement sur une fleur rouge. Le guide explique ensuite comment une simple chenille se transforme peu à peu en magnifique papillon dans son cocon. Selma trouve cela fascinant. Plus loin, un papillon orange se pose doucement sur l'épaule de Selma, qui reste totalement immobile pour ne pas l'effrayer. Ses camarades de classe s'approchent doucement pour observer le papillon poser sur elle, émerveillés par ce moment. à la fin de la visite, Selma achète une petite carte postale avec un papillon dessine, pour se souvenir de cette sortie magique.;;;;;;
25967;question;Où Selma se rend-elle avec sa classe ?;dans un jardin aux papillons;dans un musée;dans une ferme;au zoo;25966;L
25968;question;Quand a lieu cette sortie ?;en fin d'année scolaire;pendant les vacances;un dimanche;pendant l'hiver;25966;L
25969;question;Que voit Selma dès l'entrée du jardin ?;des dizaines de papillons colorés;des oiseaux;des poissons;des fleurs uniquement, sans papillons;25966;L
25970;question;Que dit le guide sur ce jardin ?;il abrite plus de cent espèces de papillons;il n'y à que dix papillons;c'est le plus petit jardin du pays;les papillons y sont rares;25966;L
25971;question;Devant quoi Selma s'arrête-t-elle longuement ?;un immense papillon bleu;une fontaine;une statue;un arbre fruitier;25966;L
25972;question;Où ce grand papillon bleu est-il pose ?;sur une fleur rouge;sur la tête du guide;sur le sol;sur un arbre;25966;L
25973;question;Que devient une chenille selon le guide ?;elle se transforme en papillon dans son cocon;elle reste chenille toute sa vie;elle se transforme en fleur;elle disparaît complètement;25966;L
25974;question;Que fait un papillon orange plus loin dans le jardin ?;il se pose sur l'épaule de Selma;il s'envole très loin;il se pose sur le guide;il disparaît;25966;L
25975;question;Comment Selma reste-t-elle quand le papillon se pose sur elle ?;totalement immobile;elle bouge beaucoup;elle crie de surprise;elle court partout;25966;L
25976;question;Que font les camarades de Selma en voyant cela ?;ils s'approchent doucement pour observer;ils s'enfuient en courant;ils ne remarquent rien;ils se moquent d'elle;25966;L
25977;question;Que fait Selma à la fin de la visite ?;elle achète une carte postale avec un papillon;elle attrape un papillon;elle ne garde aucun souvenir;elle pleure de devoir partir;25966;L
25978;question;Pourquoi Selma achète-t-elle cette carte postale ?;pour se souvenir de cette sortie magique;car sa maîtresse le lui demande;car elle l'a trouvée par terre;car elle n'aime pas les papillons;25966;L
25979;question;Que veut dire 'abrite' à propos du jardin et des papillons ?;accueille et protège;chasse et rejette;vend;détruit;25966;V
25980;question;Que veut dire 'cocon' dans le texte ?;l'enveloppe protectrice où la chenille se transforme;le nom d'une fleur;un type de papillon;une cage à insectes;25966;V
25981;question;Que veut dire 'émerveilles' à propos des camarades de Selma ?;remplis d'admiration et d'étonnement;totalement indifférents;effrayes;ennuyés;25966;V
25982;question;Que veut dire 'fascinant' à propos de la transformation expliquée par le guide ?;qui suscite un grand intérêt et de l'admiration;très ennuyeux;totalement banal;difficile à croire;25966;V
25983;question;Pourquoi Selma reste-t-elle immobile quand le papillon se pose sur elle ?;elle ne veut pas effrayer le papillon fragile;elle a trop peur pour bouger;la maîtresse le lui ordonne;elle est fatiguée et n'a pas envie de bouger;25966;I
25984;question;Qu'est-ce qui montre que Selma à beaucoup appris pendant cette visite ?;elle écoute attentivement les explications du guide;elle s'ennuie pendant toute la visite;elle ne retient aucune information;elle préfère jouer plutôt qu'écouter;25966;I
25985;question;Pourquoi Selma garde-t-elle une carte postale en souvenir plutôt qu'un vrai papillon ?;elle respecte les papillons et ne veut pas leur faire de mal;elle n'a pas réussi à en attraper un;les papillons sont interdits à la vente;elle préfère les cartes postales aux papillons;25966;I
25986;question;Que peut-on déduire du plaisir ressenti par Selma pendant cette sortie ?;elle a vécu un moment émerveillant et mémorable;elle a trouvé la sortie ennuyeuse;elle avait peur des papillons durant toute la visite;elle préférait rester en classe;25966;I
