id;text;correct_answer;choice_2;choice_3;choice_4
10040;Comment conjugue-t-on le verbe 'choisir' avec 'vous' au présent ?;vous choisissez;vous choisis;vous choisissent;vous choisissons
10041;Comment conjugue-t-on le verbe 'obéir' avec 'tu' au présent ?;tu obéis;tu obéissent;tu obéissez;tu obéiss
10042;Comment conjugue-t-on le verbe 'punir' avec 'ils' au présent ?;ils punissent;ils punissons;ils punis;ils punit
10043;Comment conjugue-t-on le verbe 'réussir' avec 'tu' au présent ?;tu réussis;tu réussissent;tu réussissez;tu réussiss
10044;Comment conjugue-t-on le verbe 'obéir' avec 'il' au présent ?;il obéit;il obéissez;il obéis;il obéissent
10045;Comment conjugue-t-on le verbe 'obéir' avec 'je' au présent ?;j'obéis;j'obéissons;j'obéit;j'obéiss
10046;Comment conjugue-t-on le verbe 'agir' avec 'je' au présent ?;j'agis;j'agissent;j'agissons;j'agissez
10047;Comment conjugue-t-on le verbe 'agir' avec 'tu' au présent ?;tu agis;tu agissons;tu agissent;tu agit
10048;Comment conjugue-t-on le verbe 'nourrir' avec 'nous' au présent ?;nous nourrissons;nous nourrit;nous nourrissent;nous nourrissonss
10049;Comment conjugue-t-on le verbe 'grandir' avec 'il' au présent ?;il grandit;il grandissons;il grandissent;il grandis
10050;Comment conjugue-t-on le verbe 'aller' avec 'ils' au présent ?;ils vont;ils va;ils allez;ils vontt
10051;Comment conjugue-t-on le verbe 'venir' avec 'je' au présent ?;je viens;je viennent;je venez;je vient
10052;Comment conjugue-t-on le verbe 'dire' avec 'nous' au présent ?;nous disons;nous dit;nous disent;nous dis
10053;Comment conjugue-t-on le verbe 'aller' avec 'vous' au présent ?;vous allez;vous vais;vous va;vous vas
10054;Comment conjugue-t-on le verbe 'faire' avec 'nous' au présent ?;nous faisons;nous fait;nous fais;nous font
10055;Comment conjugue-t-on le verbe 'venir' avec 'nous' au présent ?;nous venons;nous viennent;nous viens;nous vient
10056;Comment conjugue-t-on le verbe 'aller' avec 'je' au présent ?;je vais;je vas;je vont;j'allez
10057;Comment conjugue-t-on le verbe 'venir' avec 'il' au présent ?;il vient;il viennent;il venons;il vientt
10058;Comment conjugue-t-on le verbe 'dire' avec 'ils' au présent ?;ils disent;ils dit;ils dis;ils disentt
10059;Comment conjugue-t-on le verbe 'venir' avec 'ils' au présent ?;ils viennent;ils venons;ils vient;ils viens
10060;Comment conjugue-t-on le verbe 'pêcher' avec 'tu' au futur simple ?;tu pêcheras;tu pêcheront;tu pêchera;tu pêcherons
10061;Comment conjugue-t-on le verbe 'skier' avec 'ils' au futur simple ?;ils skieront;ils skiera;ils skierez;ils skierai
10062;Comment conjugue-t-on le verbe 'griller' avec 'nous' au futur simple ?;nous grillerons;nous grillerai;nous grilleront;nous grilleras
10063;Comment conjugue-t-on le verbe 'camper' avec 'nous' au futur simple ?;nous camperons;nous camperont;nous campera;nous camperonss
10064;Comment conjugue-t-on le verbe 'pêcher' avec 'je' au futur simple ?;je pêcherai;je pêcherons;je pêcheras;je pêcheront
10065;Comment conjugue-t-on le verbe 'bricoler' avec 'je' au futur simple ?;je bricolerai;je bricolerez;je bricoleras;je bricoleront
10066;Comment conjugue-t-on le verbe 'camper' avec 'je' au futur simple ?;je camperai;je campera;je camperez;je camperaii
10067;Comment conjugue-t-on le verbe 'bricoler' avec 'il' au futur simple ?;il bricolera;il bricolerai;il bricoleront;il bricoleras
10068;Comment conjugue-t-on le verbe 'patiner' avec 'nous' au futur simple ?;nous patinerons;nous patineront;nous patinerez;nous patinera
10069;Comment conjugue-t-on le verbe 'griller' avec 'vous' au futur simple ?;vous grillerez;vous grilleront;vous grillerons;vous grillera
10070;Comment conjugue-t-on le verbe 'ranger' avec 'tu' à l'imparfait ?;tu rangais;tu rangait;tu rangiez;tu rangaient
10071;Comment conjugue-t-on le verbe 'parler' avec 'nous' à l'imparfait ?;nous parlions;nous parlait;nous parlaient;nous parlionss
10072;Comment conjugue-t-on le verbe 'ranger' avec 'nous' à l'imparfait ?;nous rangions;nous rangiez;nous rangais;nous rangait
10073;Comment conjugue-t-on le verbe 'habiter' avec 'vous' à l'imparfait ?;vous habitiez;vous habitions;vous habitais;vous habitaient
10074;Comment conjugue-t-on le verbe 'habiter' avec 'nous' à l'imparfait ?;nous habitions;nous habitiez;nous habitais;nous habitaient
10075;Comment conjugue-t-on le verbe 'habiter' avec 'ils' à l'imparfait ?;ils habitaient;ils habitions;ils habitait;ils habitais
10076;Comment conjugue-t-on le verbe 'parler' avec 'vous' à l'imparfait ?;vous parliez;vous parlais;vous parlaient;vous parlions
10077;Comment conjugue-t-on le verbe 'chanter' avec 'ils' à l'imparfait ?;ils chantaient;ils chantais;ils chantions;ils chantiez
10078;Comment conjugue-t-on le verbe 'être' avec 'je' à l'imparfait ?;j'étais;j'étaient;j'étiez;j'étaiss
10079;Comment conjugue-t-on le verbe 'être' avec 'tu' à l'imparfait ?;tu étais;tu étaient;tu étiez;tu étaiss
10080;Comment conjugue-t-on le verbe 'être' avec 'il' à l'imparfait ?;il était;il étais;il étaient;il étiez
10081;Comment conjugue-t-on le verbe 'être' avec 'nous' à l'imparfait ?;nous étions;nous était;nous étiez;nous étaient
10082;Comment conjugue-t-on le verbe 'être' avec 'vous' à l'imparfait ?;vous étiez;vous étaient;vous étais;vous était
10083;Comment conjugue-t-on le verbe 'être' avec 'ils' à l'imparfait ?;ils étaient;ils étiez;ils était;ils étais
10084;Comment conjugue-t-on le verbe 'avoir' avec 'je' à l'imparfait ?;j'avais;j'avions;j'aviez;j'avaient
10085;Comment conjugue-t-on le verbe 'avoir' avec 'tu' à l'imparfait ?;tu avais;tu aviez;tu avait;tu avions
10086;Comment conjugue-t-on le verbe 'avoir' avec 'il' à l'imparfait ?;il avait;il avais;il avions;il aviez
10087;Comment conjugue-t-on le verbe 'avoir' avec 'nous' à l'imparfait ?;nous avions;nous avais;nous aviez;nous avionss
10088;Comment conjugue-t-on le verbe 'avoir' avec 'vous' à l'imparfait ?;vous aviez;vous avaient;vous avais;vous avait
10089;Comment conjugue-t-on le verbe 'avoir' avec 'ils' à l'imparfait ?;ils avaient;ils avais;ils avait;ils aviez
32000;Comment conjugue-t-on le verbe 'aller' avec 'tu' au présent ?;tu vas;tu allez;tu va;tu allons
32001;Comment conjugue-t-on le verbe 'aller' avec 'il' au présent ?;il va;il vais;il vont;il allons
32002;Comment conjugue-t-on le verbe 'aller' avec 'elle' au présent ?;elle va;elle vas;elle allons;elle vais
32003;Comment conjugue-t-on le verbe 'aller' avec 'nous' au présent ?;nous allons;nous vais;nous vas;nous allez
32004;Comment conjugue-t-on le verbe 'aller' avec 'elles' au présent ?;elles vont;elles va;elles vais;elles allons
32005;Comment conjugue-t-on le verbe 'faire' avec 'je' au présent ?;je fais;je font;je faisons;je faiss
32006;Comment conjugue-t-on le verbe 'faire' avec 'tu' au présent ?;tu fais;tu fait;tu faites;tu faiss
32007;Comment conjugue-t-on le verbe 'faire' avec 'il' au présent ?;il fait;il faites;il fais;il font
32008;Comment conjugue-t-on le verbe 'faire' avec 'elle' au présent ?;elle fait;elle font;elle fais;elle faisons
32009;Comment conjugue-t-on le verbe 'faire' avec 'vous' au présent ?;vous faites;vous faisons;vous fais;vous font
32010;Comment conjugue-t-on le verbe 'faire' avec 'ils' au présent ?;ils font;ils fait;ils faites;ils faisons
32011;Comment conjugue-t-on le verbe 'faire' avec 'elles' au présent ?;elles font;elles fais;elles fait;elles faisons
32012;Comment conjugue-t-on le verbe 'dire' avec 'je' au présent ?;je dis;je disons;je dites;je diss
32013;Comment conjugue-t-on le verbe 'dire' avec 'tu' au présent ?;tu dis;tu dites;tu dit;tu disons
32014;Comment conjugue-t-on le verbe 'dire' avec 'il' au présent ?;il dit;il dites;il disons;il dis
32015;Comment conjugue-t-on le verbe 'dire' avec 'elle' au présent ?;elle dit;elle disons;elle disent;elle dites
32016;Comment conjugue-t-on le verbe 'dire' avec 'vous' au présent ?;vous dites;vous dis;vous disent;vous dit
32017;Comment conjugue-t-on le verbe 'dire' avec 'elles' au présent ?;elles disent;elles dites;elles dit;elles dis
32018;Comment conjugue-t-on le verbe 'venir' avec 'tu' au présent ?;tu viens;tu viennent;tu venez;tu vienss
32019;Comment conjugue-t-on le verbe 'venir' avec 'elle' au présent ?;elle vient;elle venons;elle viennent;elle viens
32020;Comment conjugue-t-on le verbe 'venir' avec 'vous' au présent ?;vous venez;vous viens;vous vient;vous viennent
32021;Comment conjugue-t-on le verbe 'venir' avec 'elles' au présent ?;elles viennent;elles viens;elles venez;elles vient
32022;Comment conjugue-t-on le verbe 'divertir' avec 'ils' au présent ?;ils divertissent;ils divertissons;ils divertissez;ils divertis
32023;Comment conjugue-t-on le verbe 'saisir' avec 'nous' au présent ?;nous saisissons;nous saisit;nous saisissez;nous saisis
32024;Comment conjugue-t-on le verbe 'accomplir' avec 'ils' au présent ?;ils accomplissent;ils accomplissons;ils accomplis;ils accomplit
32025;Comment conjugue-t-on le verbe 'unir' avec 'elle' au présent ?;elle unit;elle unissent;elle unis;elle unissez
32026;Comment conjugue-t-on le verbe 'jaillir' avec 'elle' au présent ?;elle jaillit;elle jaillissez;elle jaillissent;elle jaillissons
32027;Comment conjugue-t-on le verbe 'ralentir' avec 'elle' au présent ?;elle ralentit;elle ralentis;elle ralentissez;elle ralentissons
32028;Comment conjugue-t-on le verbe 'avertir' avec 'je' au présent ?;j'avertis;j'avertit;j'avertissons;j'avertissent
32029;Comment conjugue-t-on le verbe 'pâlir' avec 'ils' au présent ?;ils pâlissent;ils pâlissez;ils pâlis;ils pâlit
32030;Comment conjugue-t-on le verbe 'garantir' avec 'ils' au présent ?;ils garantissent;ils garantis;ils garantissons;ils garantit
32031;Comment conjugue-t-on le verbe 'rougir' avec 'tu' au présent ?;tu rougis;tu rougissons;tu rougissent;tu rougissez
32032;Comment conjugue-t-on le verbe 'vieillir' avec 'il' au présent ?;il vieillit;il vieillissez;il vieillis;il vieillissent
32033;Comment conjugue-t-on le verbe 'accomplir' avec 'il' au présent ?;il accomplit;il accomplissez;il accomplissent;il accomplissons
32034;Comment conjugue-t-on le verbe 'frémir' avec 'ils' au présent ?;ils frémissent;ils frémis;ils frémissez;ils frémit
32035;Comment conjugue-t-on le verbe 'atterrir' avec 'ils' au présent ?;ils atterrissent;ils atterrissons;ils atterrit;ils atterris
32036;Comment conjugue-t-on le verbe 'bondir' avec 'elles' au présent ?;elles bondissent;elles bondit;elles bondissez;elles bondis
32037;Comment conjugue-t-on le verbe 'bâtir' avec 'ils' au présent ?;ils bâtissent;ils bâtis;ils bâtit;ils bâtissez
32038;Comment conjugue-t-on le verbe 'maigrir' avec 'tu' au présent ?;tu maigris;tu maigrissez;tu maigrissent;tu maigrissons
32039;Comment conjugue-t-on le verbe 'accomplir' avec 'elle' au présent ?;elle accomplit;elle accomplis;elle accomplissez;elle accomplissent
32040;Comment conjugue-t-on le verbe 'surgir' avec 'il' au présent ?;il surgit;il surgis;il surgissons;il surgissent
32041;Comment conjugue-t-on le verbe 'réunir' avec 'il' au présent ?;il réunit;il réunissons;il réunis;il réunissent
32042;Comment conjugue-t-on le verbe 'divertir' avec 'elles' au présent ?;elles divertissent;elles divertis;elles divertissons;elles divertit
32043;Comment conjugue-t-on le verbe 'salir' avec 'je' au présent ?;je salis;je salissez;je salissent;je salit
32044;Comment conjugue-t-on le verbe 'guérir' avec 'ils' au présent ?;ils guérissent;ils guérissons;ils guéris;ils guérissez
32045;Comment conjugue-t-on le verbe 'maigrir' avec 'il' au présent ?;il maigrit;il maigrissons;il maigris;il maigrissent
32046;Comment conjugue-t-on le verbe 'grossir' avec 'elle' au présent ?;elle grossit;elle grossissons;elle grossissez;elle grossis
32047;Comment conjugue-t-on le verbe 'rougir' avec 'ils' au présent ?;ils rougissent;ils rougissons;ils rougit;ils rougissez
32048;Comment conjugue-t-on le verbe 'ramollir' avec 'elle' au présent ?;elle ramollit;elle ramollissez;elle ramollis;elle ramollissent
32049;Comment conjugue-t-on le verbe 'frémir' avec 'il' au présent ?;il frémit;il frémissons;il frémissent;il frémissez
32050;Comment conjugue-t-on le verbe 'refroidir' avec 'tu' au présent ?;tu refroidis;tu refroidissons;tu refroidissez;tu refroidit
32051;Comment conjugue-t-on le verbe 'atterrir' avec 'elle' au présent ?;elle atterrit;elle atterrissez;elle atterrissons;elle atterris
32052;Comment conjugue-t-on le verbe 'atterrir' avec 'elles' au présent ?;elles atterrissent;elles atterrissons;elles atterrit;elles atterris
32053;Comment conjugue-t-on le verbe 'mugir' avec 'ils' au présent ?;ils mugissent;ils mugissez;ils mugissons;ils mugis
32054;Comment conjugue-t-on le verbe 'rougir' avec 'elles' au présent ?;elles rougissent;elles rougit;elles rougis;elles rougissons
32055;Comment conjugue-t-on le verbe 'divertir' avec 'il' au présent ?;il divertit;il divertissons;il divertissent;il divertissez
32056;Comment conjugue-t-on le verbe 'garantir' avec 'je' au présent ?;je garantis;je garantissent;je garantissons;je garantissez
32057;Comment conjugue-t-on le verbe 'blanchir' avec 'il' au présent ?;il blanchit;il blanchis;il blanchissez;il blanchissent
32058;Comment conjugue-t-on le verbe 'mugir' avec 'nous' au présent ?;nous mugissons;nous mugissent;nous mugissez;nous mugit
32059;Comment conjugue-t-on le verbe 'salir' avec 'nous' au présent ?;nous salissons;nous salissez;nous salit;nous salis
32060;Comment conjugue-t-on le verbe 'garantir' avec 'nous' au présent ?;nous garantissons;nous garantit;nous garantissent;nous garantissez
32061;Comment conjugue-t-on le verbe 'applaudir' avec 'vous' au présent ?;vous applaudissez;vous applaudit;vous applaudissons;vous applaudissent
32062;Comment conjugue-t-on le verbe 'accomplir' avec 'nous' au présent ?;nous accomplissons;nous accomplissez;nous accomplit;nous accomplis
32063;Comment conjugue-t-on le verbe 'pâlir' avec 'vous' au présent ?;vous pâlissez;vous pâlissons;vous pâlit;vous pâlissent
32064;Comment conjugue-t-on le verbe 'refroidir' avec 'elles' au présent ?;elles refroidissent;elles refroidit;elles refroidis;elles refroidissez
32065;Comment conjugue-t-on le verbe 'finir' avec 'nous' au présent ?;nous finissons;nous finissent;nous finissez;nous finis
32066;Comment conjugue-t-on le verbe 'remplir' avec 'tu' au présent ?;tu remplis;tu remplit;tu remplissons;tu remplissez
32067;Comment conjugue-t-on le verbe 'fleurir' avec 'elle' au présent ?;elle fleurit;elle fleurissons;elle fleurissent;elle fleurissez
32068;Comment conjugue-t-on le verbe 'blanchir' avec 'nous' au présent ?;nous blanchissons;nous blanchissent;nous blanchis;nous blanchissez
32069;Comment conjugue-t-on le verbe 'guérir' avec 'il' au présent ?;il guérit;il guéris;il guérissez;il guérissons
32070;Comment conjugue-t-on le verbe 'réunir' avec 'ils' au présent ?;ils réunissent;ils réunis;ils réunissons;ils réunit
32071;Comment conjugue-t-on le verbe 'avertir' avec 'tu' au présent ?;tu avertis;tu avertissent;tu avertit;tu avertissons
32072;Comment conjugue-t-on le verbe 'refroidir' avec 'nous' au présent ?;nous refroidissons;nous refroidis;nous refroidit;nous refroidissez
32073;Comment conjugue-t-on le verbe 'refroidir' avec 'vous' au présent ?;vous refroidissez;vous refroidit;vous refroidis;vous refroidissent
32074;Comment conjugue-t-on le verbe 'bâtir' avec 'il' au présent ?;il bâtit;il bâtissent;il bâtissons;il bâtis
32075;Comment conjugue-t-on le verbe 'frémir' avec 'elles' au présent ?;elles frémissent;elles frémis;elles frémit;elles frémissez
32076;Comment conjugue-t-on le verbe 'frémir' avec 'nous' au présent ?;nous frémissons;nous frémissent;nous frémissez;nous frémis
32077;Comment conjugue-t-on le verbe 'fleurir' avec 'tu' au présent ?;tu fleuris;tu fleurissez;tu fleurissons;tu fleurit
32078;Comment conjugue-t-on le verbe 'trahir' avec 'ils' au présent ?;ils trahissent;ils trahissez;ils trahis;ils trahissons
32079;Comment conjugue-t-on le verbe 'franchir' avec 'nous' au présent ?;nous franchissons;nous franchis;nous franchissent;nous franchit
32080;Comment conjugue-t-on le verbe 'munir' avec 'elles' au présent ?;elles munissent;elles munis;elles munissez;elles munissons
32081;Comment conjugue-t-on le verbe 'atterrir' avec 'il' au présent ?;il atterrit;il atterrissez;il atterris;il atterrissent
32082;Comment conjugue-t-on le verbe 'refroidir' avec 'ils' au présent ?;ils refroidissent;ils refroidissons;ils refroidit;ils refroidis
32083;Comment conjugue-t-on le verbe 'finir' avec 'elles' au présent ?;elles finissent;elles finis;elles finissez;elles finit
32084;Comment conjugue-t-on le verbe 'maigrir' avec 'vous' au présent ?;vous maigrissez;vous maigrit;vous maigris;vous maigrissent
32085;Comment conjugue-t-on le verbe 'saisir' avec 'il' au présent ?;il saisit;il saisissez;il saisissent;il saisissons
32086;Comment conjugue-t-on le verbe 'périr' avec 'elles' au présent ?;elles périssent;elles périssons;elles périssez;elles périt
32087;Comment conjugue-t-on le verbe 'noircir' avec 'elle' au présent ?;elle noircit;elle noircissent;elle noircissons;elle noircissez
32088;Comment conjugue-t-on le verbe 'accomplir' avec 'tu' au présent ?;tu accomplis;tu accomplissent;tu accomplissez;tu accomplissons
32089;Comment conjugue-t-on le verbe 'fournir' avec 'vous' au présent ?;vous fournissez;vous fournissent;vous fournissons;vous fournis
32090;Comment conjugue-t-on le verbe 'vernir' avec 'elles' au présent ?;elles vernissent;elles vernissez;elles vernit;elles vernis
32091;Comment conjugue-t-on le verbe 'périr' avec 'ils' au présent ?;ils périssent;ils péris;ils périt;ils périssez
32092;Comment conjugue-t-on le verbe 'noircir' avec 'nous' au présent ?;nous noircissons;nous noircis;nous noircit;nous noircissent
32093;Comment conjugue-t-on le verbe 'finir' avec 'elle' au présent ?;elle finit;elle finissons;elle finissent;elle finis
32094;Comment conjugue-t-on le verbe 'salir' avec 'elle' au présent ?;elle salit;elle salissent;elle salis;elle salissons
32095;Comment conjugue-t-on le verbe 'grossir' avec 'il' au présent ?;il grossit;il grossissez;il grossissons;il grossissent
32096;Comment conjugue-t-on le verbe 'accomplir' avec 'je' au présent ?;j'accomplis;j'accomplissent;j'accomplissons;j'accomplissez
32097;Comment conjugue-t-on le verbe 'maigrir' avec 'elles' au présent ?;elles maigrissent;elles maigrissez;elles maigrissons;elles maigrit
32098;Comment conjugue-t-on le verbe 'pâlir' avec 'je' au présent ?;je pâlis;je pâlissez;je pâlissons;je pâlit
32099;Comment conjugue-t-on le verbe 'pâlir' avec 'nous' au présent ?;nous pâlissons;nous pâlissent;nous pâlissez;nous pâlis
32100;Comment conjugue-t-on le verbe 'trahir' avec 'elle' au présent ?;elle trahit;elle trahis;elle trahissent;elle trahissez
32101;Comment conjugue-t-on le verbe 'munir' avec 'vous' au présent ?;vous munissez;vous munit;vous munissent;vous munis
32102;Comment conjugue-t-on le verbe 'bondir' avec 'je' au présent ?;je bondis;je bondissons;je bondissez;je bondissent
32103;Comment conjugue-t-on le verbe 'frémir' avec 'elle' au présent ?;elle frémit;elle frémissons;elle frémissez;elle frémissent
32104;Comment conjugue-t-on le verbe 'bâtir' avec 'vous' au présent ?;vous bâtissez;vous bâtit;vous bâtissent;vous bâtis
32105;Comment conjugue-t-on le verbe 'avertir' avec 'vous' au présent ?;vous avertissez;vous avertis;vous avertit;vous avertissons
32106;Comment conjugue-t-on le verbe 'finir' avec 'il' au présent ?;il finit;il finissent;il finissons;il finissez
32107;Comment conjugue-t-on le verbe 'guérir' avec 'elle' au présent ?;elle guérit;elle guérissons;elle guérissez;elle guérissent
32108;Comment conjugue-t-on le verbe 'atterrir' avec 'je' au présent ?;j'atterris;j'atterrit;j'atterrissez;j'atterrissent
32109;Comment conjugue-t-on le verbe 'jaunir' avec 'je' au présent ?;je jaunis;je jaunissez;je jaunit;je jaunissons
32110;Comment conjugue-t-on le verbe 'bâtir' avec 'nous' au présent ?;nous bâtissons;nous bâtit;nous bâtissez;nous bâtissent
32111;Comment conjugue-t-on le verbe 'établir' avec 'je' au présent ?;j'établis;j'établissez;j'établissent;j'établissons
32112;Comment conjugue-t-on le verbe 'ramollir' avec 'nous' au présent ?;nous ramollissons;nous ramollissent;nous ramollit;nous ramollissez
32113;Comment conjugue-t-on le verbe 'vernir' avec 'tu' au présent ?;tu vernis;tu vernissez;tu vernissons;tu vernit
32114;Comment conjugue-t-on le verbe 'périr' avec 'je' au présent ?;je péris;je périssez;je périt;je périssons
32115;Comment conjugue-t-on le verbe 'ralentir' avec 'il' au présent ?;il ralentit;il ralentissent;il ralentis;il ralentissez
32116;Comment conjugue-t-on le verbe 'franchir' avec 'elle' au présent ?;elle franchit;elle franchissent;elle franchissez;elle franchis
32117;Comment conjugue-t-on le verbe 'rougir' avec 'nous' au présent ?;nous rougissons;nous rougis;nous rougissez;nous rougit
32118;Comment conjugue-t-on le verbe 'munir' avec 'nous' au présent ?;nous munissons;nous munissent;nous munissez;nous munit
32119;Comment conjugue-t-on le verbe 'jaunir' avec 'elle' au présent ?;elle jaunit;elle jaunissez;elle jaunissons;elle jaunissent
32120;Comment conjugue-t-on le verbe 'périr' avec 'elle' au présent ?;elle périt;elle péris;elle périssons;elle périssez
32121;Comment conjugue-t-on le verbe 'grossir' avec 'ils' au présent ?;ils grossissent;ils grossit;ils grossis;ils grossissez
32122;Comment conjugue-t-on le verbe 'refroidir' avec 'il' au présent ?;il refroidit;il refroidis;il refroidissez;il refroidissons
32123;Comment conjugue-t-on le verbe 'surgir' avec 'vous' au présent ?;vous surgissez;vous surgis;vous surgissons;vous surgit
32124;Comment conjugue-t-on le verbe 'mugir' avec 'je' au présent ?;je mugis;je mugissent;je mugissons;je mugit
32125;Comment conjugue-t-on le verbe 'applaudir' avec 'tu' au présent ?;tu applaudis;tu applaudissons;tu applaudissent;tu applaudissez
32126;Comment conjugue-t-on le verbe 'franchir' avec 'je' au présent ?;je franchis;je franchit;je franchissent;je franchissons
32127;Comment conjugue-t-on le verbe 'rougir' avec 'elle' au présent ?;elle rougit;elle rougissez;elle rougissent;elle rougissons
32128;Comment conjugue-t-on le verbe 'remplir' avec 'nous' au présent ?;nous remplissons;nous remplit;nous remplis;nous remplissez
32129;Comment conjugue-t-on le verbe 'ralentir' avec 'elles' au présent ?;elles ralentissent;elles ralentit;elles ralentis;elles ralentissons
32130;Comment conjugue-t-on le verbe 'ralentir' avec 'tu' au présent ?;tu ralentis;tu ralentissez;tu ralentit;tu ralentissons
32131;Comment conjugue-t-on le verbe 'établir' avec 'nous' au présent ?;nous établissons;nous établit;nous établissez;nous établissent
32132;Comment conjugue-t-on le verbe 'franchir' avec 'tu' au présent ?;tu franchis;tu franchissons;tu franchissent;tu franchit
32133;Comment conjugue-t-on le verbe 'trahir' avec 'il' au présent ?;il trahit;il trahissons;il trahis;il trahissez
32134;Comment conjugue-t-on le verbe 'jaunir' avec 'ils' au présent ?;ils jaunissent;ils jaunit;ils jaunis;ils jaunissez
32135;Comment conjugue-t-on le verbe 'jaunir' avec 'vous' au présent ?;vous jaunissez;vous jaunissent;vous jaunis;vous jaunit
32136;Comment conjugue-t-on le verbe 'garantir' avec 'vous' au présent ?;vous garantissez;vous garantissent;vous garantit;vous garantis
32137;Comment conjugue-t-on le verbe 'surgir' avec 'ils' au présent ?;ils surgissent;ils surgis;ils surgit;ils surgissons
32138;Comment conjugue-t-on le verbe 'jaillir' avec 'nous' au présent ?;nous jaillissons;nous jaillis;nous jaillissent;nous jaillissez
32139;Comment conjugue-t-on le verbe 'établir' avec 'il' au présent ?;il établit;il établissez;il établis;il établissent
32140;Comment conjugue-t-on le verbe 'ramollir' avec 'je' au présent ?;je ramollis;je ramollissez;je ramollit;je ramollissent
32141;Comment conjugue-t-on le verbe 'pâlir' avec 'elle' au présent ?;elle pâlit;elle pâlissez;elle pâlissons;elle pâlis
32142;Comment conjugue-t-on le verbe 'franchir' avec 'il' au présent ?;il franchit;il franchissent;il franchissons;il franchis
32143;Comment conjugue-t-on le verbe 'finir' avec 'je' au présent ?;je finis;je finissez;je finissent;je finit
32144;Comment conjugue-t-on le verbe 'blanchir' avec 'elles' au présent ?;elles blanchissent;elles blanchit;elles blanchis;elles blanchissez
32145;Comment conjugue-t-on le verbe 'vieillir' avec 'elle' au présent ?;elle vieillit;elle vieillissons;elle vieillissent;elle vieillissez
32146;Comment conjugue-t-on le verbe 'bondir' avec 'vous' au présent ?;vous bondissez;vous bondissent;vous bondit;vous bondissons
32147;Comment conjugue-t-on le verbe 'garantir' avec 'il' au présent ?;il garantit;il garantissons;il garantis;il garantissez
32148;Comment conjugue-t-on le verbe 'applaudir' avec 'elle' au présent ?;elle applaudit;elle applaudis;elle applaudissez;elle applaudissons
32149;Comment conjugue-t-on le verbe 'envahir' avec 'tu' au présent ?;tu envahis;tu envahissons;tu envahissez;tu envahissent
32150;Comment conjugue-t-on le verbe 'applaudir' avec 'nous' au présent ?;nous applaudissons;nous applaudissent;nous applaudis;nous applaudissez
32151;Comment conjugue-t-on le verbe 'noircir' avec 'il' au présent ?;il noircit;il noircis;il noircissons;il noircissent
32152;Comment conjugue-t-on le verbe 'fournir' avec 'ils' au présent ?;ils fournissent;ils fournis;ils fournissons;ils fournissez
32153;Comment conjugue-t-on le verbe 'envahir' avec 'je' au présent ?;j'envahis;j'envahit;j'envahissons;j'envahissent
32154;Comment conjugue-t-on le verbe 'grossir' avec 'elles' au présent ?;elles grossissent;elles grossissons;elles grossissez;elles grossit
32155;Comment conjugue-t-on le verbe 'surgir' avec 'elles' au présent ?;elles surgissent;elles surgissons;elles surgis;elles surgit
32156;Comment conjugue-t-on le verbe 'divertir' avec 'je' au présent ?;je divertis;je divertissez;je divertissent;je divertissons
32157;Comment conjugue-t-on le verbe 'finir' avec 'ils' au présent ?;ils finissent;ils finis;ils finissez;ils finissons
32158;Comment conjugue-t-on le verbe 'munir' avec 'tu' au présent ?;tu munis;tu munit;tu munissez;tu munissent
32159;Comment conjugue-t-on le verbe 'établir' avec 'tu' au présent ?;tu établis;tu établissent;tu établissons;tu établit
32160;Comment conjugue-t-on le verbe 'applaudir' avec 'il' au présent ?;il applaudit;il applaudis;il applaudissons;il applaudissez
32161;Comment conjugue-t-on le verbe 'bâtir' avec 'je' au présent ?;je bâtis;je bâtit;je bâtissez;je bâtissons
32162;Comment conjugue-t-on le verbe 'colorier' avec 'nous' au futur simple ?;nous colorierons;nous colorierai;nous colorieras;nous colorierez
32163;Comment conjugue-t-on le verbe 'empiler' avec 'vous' au futur simple ?;vous empilerez;vous empilera;vous empileront;vous empileras
32164;Comment conjugue-t-on le verbe 'tester' avec 'nous' au futur simple ?;nous testerons;nous testerez;nous testeront;nous testera
32165;Comment conjugue-t-on le verbe 'garder' avec 'je' au futur simple ?;je garderai;je garderons;je garderas;je garderont
32166;Comment conjugue-t-on le verbe 'observer' avec 'tu' au futur simple ?;tu observeras;tu observerai;tu observera;tu observerez
32167;Comment conjugue-t-on le verbe 'autoriser' avec 'il' au futur simple ?;il autorisera;il autoriserons;il autoriseras;il autoriserai
32168;Comment conjugue-t-on le verbe 'échanger' avec 'vous' au futur simple ?;vous échangerez;vous échangerai;vous échangeras;vous échangerons
32169;Comment conjugue-t-on le verbe 'skier' avec 'tu' au futur simple ?;tu skieras;tu skierons;tu skierai;tu skieront
32170;Comment conjugue-t-on le verbe 'préparer' avec 'je' au futur simple ?;je préparerai;je préparerez;je préparerons;je prépareront
32171;Comment conjugue-t-on le verbe 'commander' avec 'il' au futur simple ?;il commandera;il commanderas;il commanderai;il commanderez
32172;Comment conjugue-t-on le verbe 'fermer' avec 'je' au futur simple ?;je fermerai;je fermera;je fermerons;je fermeront
32173;Comment conjugue-t-on le verbe 'brancher' avec 'il' au futur simple ?;il branchera;il brancherai;il brancheront;il brancherez
32174;Comment conjugue-t-on le verbe 'balayer' avec 'vous' au futur simple ?;vous balayerez;vous balayerons;vous balayeront;vous balayerai
32175;Comment conjugue-t-on le verbe 'rentrer' avec 'elle' au futur simple ?;elle rentrera;elle rentrerai;elle rentreras;elle rentrerez
32176;Comment conjugue-t-on le verbe 'décorer' avec 'ils' au futur simple ?;ils décoreront;ils décorerez;ils décorera;ils décorerons
32177;Comment conjugue-t-on le verbe 'emporter' avec 'nous' au futur simple ?;nous emporterons;nous emporterez;nous emporteront;nous emporteras
32178;Comment conjugue-t-on le verbe 'frapper' avec 'tu' au futur simple ?;tu frapperas;tu frapperont;tu frappera;tu frapperez
32179;Comment conjugue-t-on le verbe 'planter' avec 'elles' au futur simple ?;elles planteront;elles planterez;elles plantera;elles planteras
32180;Comment conjugue-t-on le verbe 'bricoler' avec 'elles' au futur simple ?;elles bricoleront;elles bricolera;elles bricolerez;elles bricolerai
32181;Comment conjugue-t-on le verbe 'calculer' avec 'elles' au futur simple ?;elles calculeront;elles calculerai;elles calculera;elles calculeras
32182;Comment conjugue-t-on le verbe 'monter' avec 'il' au futur simple ?;il montera;il monterez;il monterons;il monterai
32183;Comment conjugue-t-on le verbe 'autoriser' avec 'vous' au futur simple ?;vous autoriserez;vous autoriserons;vous autoriseras;vous autorisera
32184;Comment conjugue-t-on le verbe 'décorer' avec 'tu' au futur simple ?;tu décoreras;tu décorerez;tu décorera;tu décorerons
32185;Comment conjugue-t-on le verbe 'ranger' avec 'tu' au futur simple ?;tu rangeras;tu rangeront;tu rangerez;tu rangera
32186;Comment conjugue-t-on le verbe 'ramasser' avec 'je' au futur simple ?;je ramasserai;je ramasserez;je ramassera;je ramasserons
32187;Comment conjugue-t-on le verbe 'entrer' avec 'il' au futur simple ?;il entrera;il entrerons;il entrerez;il entreront
32188;Comment conjugue-t-on le verbe 'visiter' avec 'je' au futur simple ?;je visiterai;je visiterez;je visitera;je visiterons
32189;Comment conjugue-t-on le verbe 'livrer' avec 'elle' au futur simple ?;elle livrera;elle livreront;elle livrerez;elle livreras
32190;Comment conjugue-t-on le verbe 'frapper' avec 'ils' au futur simple ?;ils frapperont;ils frapperas;ils frapperez;ils frapperons
32191;Comment conjugue-t-on le verbe 'fermer' avec 'elle' au futur simple ?;elle fermera;elle fermeront;elle fermeras;elle fermerez
32192;Comment conjugue-t-on le verbe 'créer' avec 'nous' au futur simple ?;nous créerons;nous créera;nous créerai;nous créerez
32193;Comment conjugue-t-on le verbe 'siffler' avec 'je' au futur simple ?;je sifflerai;je sifflera;je siffleront;je sifflerons
32194;Comment conjugue-t-on le verbe 'imaginer' avec 'je' au futur simple ?;j'imaginerai;j'imagineras;j'imagineront;j'imaginera
32195;Comment conjugue-t-on le verbe 'calculer' avec 'il' au futur simple ?;il calculera;il calculeront;il calculerez;il calculeras
32196;Comment conjugue-t-on le verbe 'ramasser' avec 'vous' au futur simple ?;vous ramasserez;vous ramasseront;vous ramasserons;vous ramassera
32197;Comment conjugue-t-on le verbe 'échanger' avec 'il' au futur simple ?;il échangera;il échangerai;il échangeront;il échangerons
32198;Comment conjugue-t-on le verbe 'classer' avec 'nous' au futur simple ?;nous classerons;nous classeront;nous classera;nous classerez
32199;Comment conjugue-t-on le verbe 'souffler' avec 'il' au futur simple ?;il soufflera;il souffleras;il soufflerai;il soufflerons
32200;Comment conjugue-t-on le verbe 'raconter' avec 'elle' au futur simple ?;elle racontera;elle raconteront;elle raconterons;elle raconterez
32201;Comment conjugue-t-on le verbe 'recommencer' avec 'nous' au futur simple ?;nous recommencerons;nous recommenceras;nous recommencerez;nous recommencera
32202;Comment conjugue-t-on le verbe 'expliquer' avec 'ils' au futur simple ?;ils expliqueront;ils expliquerai;ils expliquera;ils expliqueras
32203;Comment conjugue-t-on le verbe 'sauter' avec 'elle' au futur simple ?;elle sautera;elle sauteront;elle sauteras;elle sauterons
32204;Comment conjugue-t-on le verbe 'attacher' avec 'elles' au futur simple ?;elles attacheront;elles attacherai;elles attachera;elles attacherons
32205;Comment conjugue-t-on le verbe 'fabriquer' avec 'ils' au futur simple ?;ils fabriqueront;ils fabriquerez;ils fabriquerai;ils fabriqueras
32206;Comment conjugue-t-on le verbe 'glisser' avec 'nous' au futur simple ?;nous glisserons;nous glisserai;nous glisserez;nous glisseront
32207;Comment conjugue-t-on le verbe 'balayer' avec 'ils' au futur simple ?;ils balayeront;ils balayerons;ils balayerez;ils balayerai
32208;Comment conjugue-t-on le verbe 'camper' avec 'ils' au futur simple ?;ils camperont;ils camperez;ils campera;ils camperons
32209;Comment conjugue-t-on le verbe 'décorer' avec 'elle' au futur simple ?;elle décorera;elle décorerai;elle décoreras;elle décorerons
32210;Comment conjugue-t-on le verbe 'tester' avec 'je' au futur simple ?;je testerai;je testeront;je testerez;je testerons
32211;Comment conjugue-t-on le verbe 'serrer' avec 'je' au futur simple ?;je serrerai;je serrerez;je serreras;je serreront
32212;Comment conjugue-t-on le verbe 'planter' avec 'nous' au futur simple ?;nous planterons;nous planterez;nous planterai;nous planteront
32213;Comment conjugue-t-on le verbe 'emprunter' avec 'tu' au futur simple ?;tu emprunteras;tu emprunterons;tu emprunteront;tu emprunterez
32214;Comment conjugue-t-on le verbe 'pêcher' avec 'nous' au futur simple ?;nous pêcherons;nous pêcheras;nous pêcheront;nous pêcherai
32215;Comment conjugue-t-on le verbe 'frotter' avec 'je' au futur simple ?;je frotterai;je frottera;je frotterons;je frotterez
32216;Comment conjugue-t-on le verbe 'passer' avec 'vous' au futur simple ?;vous passerez;vous passerons;vous passerai;vous passera
32217;Comment conjugue-t-on le verbe 'autoriser' avec 'ils' au futur simple ?;ils autoriseront;ils autoriserai;ils autoriserons;ils autorisera
32218;Comment conjugue-t-on le verbe 'pousser' avec 'il' au futur simple ?;il poussera;il pousseront;il pousserons;il pousseras
32219;Comment conjugue-t-on le verbe 'gonfler' avec 'il' au futur simple ?;il gonflera;il gonflerons;il gonfleras;il gonflerai
32220;Comment conjugue-t-on le verbe 'griller' avec 'il' au futur simple ?;il grillera;il grilleras;il grillerez;il grillerai
32221;Comment conjugue-t-on le verbe 'apporter' avec 'elle' au futur simple ?;elle apportera;elle apporterai;elle apporterons;elle apporteras
32222;Comment conjugue-t-on le verbe 'organiser' avec 'elles' au futur simple ?;elles organiseront;elles organiserons;elles organiserai;elles organiserez
32223;Comment conjugue-t-on le verbe 'aligner' avec 'ils' au futur simple ?;ils aligneront;ils alignera;ils alignerai;ils aligneras
32224;Comment conjugue-t-on le verbe 'jardiner' avec 'elles' au futur simple ?;elles jardineront;elles jardinerons;elles jardinera;elles jardineras
32225;Comment conjugue-t-on le verbe 'tourner' avec 'elles' au futur simple ?;elles tourneront;elles tournerons;elles tourneras;elles tournera
32226;Comment conjugue-t-on le verbe 'nager' avec 'tu' au futur simple ?;tu nageras;tu nagerez;tu nagera;tu nagerai
32227;Comment conjugue-t-on le verbe 'observer' avec 'nous' au futur simple ?;nous observerons;nous observerez;nous observeras;nous observerai
32228;Comment conjugue-t-on le verbe 'planifier' avec 'je' au futur simple ?;je planifierai;je planifierons;je planifieras;je planifiera
32229;Comment conjugue-t-on le verbe 'pousser' avec 'vous' au futur simple ?;vous pousserez;vous pousserai;vous pousseras;vous pousseront
32230;Comment conjugue-t-on le verbe 'soulever' avec 'je' au futur simple ?;je souleverai;je souleveront;je souleverons;je souleverez
32231;Comment conjugue-t-on le verbe 'décider' avec 'il' au futur simple ?;il décidera;il déciderez;il décideras;il décideront
32232;Comment conjugue-t-on le verbe 'visiter' avec 'il' au futur simple ?;il visitera;il visiterai;il visiteront;il visiteras
32233;Comment conjugue-t-on le verbe 'échanger' avec 'tu' au futur simple ?;tu échangeras;tu échangeront;tu échangerez;tu échangera
32234;Comment conjugue-t-on le verbe 'jardiner' avec 'je' au futur simple ?;je jardinerai;je jardinerez;je jardinera;je jardinerons
32235;Comment conjugue-t-on le verbe 'souffler' avec 'ils' au futur simple ?;ils souffleront;ils soufflera;ils soufflerai;ils souffleras
32236;Comment conjugue-t-on le verbe 'aimer' avec 'ils' au futur simple ?;ils aimeront;ils aimeras;ils aimerai;ils aimerez
32237;Comment conjugue-t-on le verbe 'rentrer' avec 'il' au futur simple ?;il rentrera;il rentrerez;il rentrerons;il rentreront
32238;Comment conjugue-t-on le verbe 'aligner' avec 'tu' au futur simple ?;tu aligneras;tu aligneront;tu alignera;tu alignerons
32239;Comment conjugue-t-on le verbe 'chanter' avec 'il' au futur simple ?;il chantera;il chanterai;il chanteras;il chanterez
32240;Comment conjugue-t-on le verbe 'montrer' avec 'elle' au futur simple ?;elle montrera;elle montreras;elle montreront;elle montrerez
32241;Comment conjugue-t-on le verbe 'mesurer' avec 'tu' au futur simple ?;tu mesureras;tu mesureront;tu mesurerez;tu mesurerons
32242;Comment conjugue-t-on le verbe 'montrer' avec 'je' au futur simple ?;je montrerai;je montreront;je montrera;je montreras
32243;Comment conjugue-t-on le verbe 'skier' avec 'vous' au futur simple ?;vous skierez;vous skierai;vous skierons;vous skiera
32244;Comment conjugue-t-on le verbe 'classer' avec 'elles' au futur simple ?;elles classeront;elles classera;elles classerons;elles classerai
32245;Comment conjugue-t-on le verbe 'tirer' avec 'vous' au futur simple ?;vous tirerez;vous tirera;vous tireras;vous tireront
32246;Comment conjugue-t-on le verbe 'raconter' avec 'nous' au futur simple ?;nous raconterons;nous raconterez;nous raconteront;nous raconteras
32247;Comment conjugue-t-on le verbe 'habiter' avec 'vous' au futur simple ?;vous habiterez;vous habiteront;vous habitera;vous habiterons
32248;Comment conjugue-t-on le verbe 'visiter' avec 'nous' au futur simple ?;nous visiterons;nous visiteras;nous visiterai;nous visiteront
32249;Comment conjugue-t-on le verbe 'poser' avec 'ils' au futur simple ?;ils poseront;ils poserons;ils poserez;ils posera
32250;Comment conjugue-t-on le verbe 'habiter' avec 'il' au futur simple ?;il habitera;il habiterons;il habiterez;il habiterai
32251;Comment conjugue-t-on le verbe 'souffler' avec 'elle' au futur simple ?;elle soufflera;elle soufflerez;elle soufflerai;elle souffleras
32252;Comment conjugue-t-on le verbe 'rester' avec 'je' au futur simple ?;je resterai;je resterez;je restera;je resteras
32253;Comment conjugue-t-on le verbe 'brancher' avec 'ils' au futur simple ?;ils brancheront;ils branchera;ils brancherez;ils brancherai
32254;Comment conjugue-t-on le verbe 'poser' avec 'elle' au futur simple ?;elle posera;elle poserez;elle poseront;elle poseras
32255;Comment conjugue-t-on le verbe 'tourner' avec 'nous' au futur simple ?;nous tournerons;nous tournerai;nous tourneront;nous tournera
32256;Comment conjugue-t-on le verbe 'observer' avec 'il' au futur simple ?;il observera;il observeras;il observerez;il observeront
32257;Comment conjugue-t-on le verbe 'gonfler' avec 'tu' au futur simple ?;tu gonfleras;tu gonfleront;tu gonflera;tu gonflerai
32258;Comment conjugue-t-on le verbe 'calculer' avec 'ils' au futur simple ?;ils calculeront;ils calculerai;ils calculerez;ils calculera
32259;Comment conjugue-t-on le verbe 'planifier' avec 'elle' au futur simple ?;elle planifiera;elle planifierez;elle planifieras;elle planifierons
32260;Comment conjugue-t-on le verbe 'transporter' avec 'nous' au futur simple ?;nous transporterons;nous transportera;nous transporteras;nous transporteront
32261;Comment conjugue-t-on le verbe 'transporter' avec 'elles' au futur simple ?;elles transporteront;elles transporterai;elles transporterez;elles transportera
32262;Comment conjugue-t-on le verbe 'griller' avec 'elles' au futur simple ?;elles grilleront;elles grillerai;elles grillera;elles grillerons
32263;Comment conjugue-t-on le verbe 'brancher' avec 'elles' au futur simple ?;elles brancheront;elles brancherons;elles brancherez;elles branchera
32264;Comment conjugue-t-on le verbe 'aimer' avec 'je' au futur simple ?;j'aimerai;j'aimeront;j'aimerez;j'aimerons
32265;Comment conjugue-t-on le verbe 'emprunter' avec 'il' au futur simple ?;il empruntera;il emprunteras;il emprunterez;il emprunterai
32266;Comment conjugue-t-on le verbe 'tourner' avec 'vous' au futur simple ?;vous tournerez;vous tournerons;vous tourneront;vous tournera
32267;Comment conjugue-t-on le verbe 'trier' avec 'elles' au futur simple ?;elles trieront;elles trierons;elles trieras;elles trierai
32268;Comment conjugue-t-on le verbe 'nager' avec 'nous' au futur simple ?;nous nagerons;nous nagera;nous nagerai;nous nageront
32269;Comment conjugue-t-on le verbe 'aimer' avec 'elle' au futur simple ?;elle aimera;elle aimeront;elle aimerai;elle aimerez
32270;Comment conjugue-t-on le verbe 'sauter' avec 'il' au futur simple ?;il sautera;il sauterons;il sauterai;il sauteront
32271;Comment conjugue-t-on le verbe 'balayer' avec 'tu' au futur simple ?;tu balayeras;tu balayerai;tu balayeront;tu balayerons
32272;Comment conjugue-t-on le verbe 'recommencer' avec 'elle' au futur simple ?;elle recommencera;elle recommencerons;elle recommenceront;elle recommencerai
32273;Comment conjugue-t-on le verbe 'imaginer' avec 'ils' au futur simple ?;ils imagineront;ils imaginerons;ils imaginerai;ils imagineras
32274;Comment conjugue-t-on le verbe 'transporter' avec 'elle' au futur simple ?;elle transportera;elle transporterai;elle transporteront;elle transporterez
32275;Comment conjugue-t-on le verbe 'camper' avec 'tu' au futur simple ?;tu camperas;tu camperai;tu campera;tu camperons
32276;Comment conjugue-t-on le verbe 'allumer' avec 'nous' au futur simple ?;nous allumerons;nous allumeront;nous allumerez;nous allumerai
32277;Comment conjugue-t-on le verbe 'serrer' avec 'nous' au futur simple ?;nous serrerons;nous serrera;nous serreras;nous serrerez
32278;Comment conjugue-t-on le verbe 'corriger' avec 'tu' au futur simple ?;tu corrigeras;tu corrigerai;tu corrigera;tu corrigeront
32279;Comment conjugue-t-on le verbe 'monter' avec 'elles' au futur simple ?;elles monteront;elles montera;elles monterez;elles monterai
32280;Comment conjugue-t-on le verbe 'empiler' avec 'elles' au futur simple ?;elles empileront;elles empilera;elles empilerons;elles empilerai
32281;Comment conjugue-t-on le verbe 'laver' avec 'elle' au futur simple ?;elle lavera;elle laverai;elle laverez;elle laverons
32282;Comment conjugue-t-on le verbe 'noter' avec 'je' au futur simple ?;je noterai;je noterez;je noterons;je notera
32283;Comment conjugue-t-on le verbe 'planifier' avec 'vous' au futur simple ?;vous planifierez;vous planifierons;vous planifieras;vous planifiera
32284;Comment conjugue-t-on le verbe 'couper' avec 'vous' au futur simple ?;vous couperez;vous couperons;vous couperont;vous coupera
32285;Comment conjugue-t-on le verbe 'claquer' avec 'nous' au futur simple ?;nous claquerons;nous claqueras;nous claquerai;nous claquerez
32286;Comment conjugue-t-on le verbe 'laisser' avec 'vous' au futur simple ?;vous laisserez;vous laisserai;vous laissera;vous laisseront
32287;Comment conjugue-t-on le verbe 'laisser' avec 'ils' au futur simple ?;ils laisseront;ils laisserons;ils laisserai;ils laissera
32288;Comment conjugue-t-on le verbe 'aligner' avec 'elle' au futur simple ?;elle alignera;elle aligneras;elle aligneront;elle alignerai
32289;Comment conjugue-t-on le verbe 'gagner' avec 'tu' au futur simple ?;tu gagneras;tu gagnerons;tu gagnerai;tu gagnera
32290;Comment conjugue-t-on le verbe 'patiner' avec 'ils' au futur simple ?;ils patineront;ils patinerai;ils patinerons;ils patinerez
32291;Comment conjugue-t-on le verbe 'colorier' avec 'il' au futur simple ?;il coloriera;il colorieront;il colorierez;il colorierai
32292;Comment conjugue-t-on le verbe 'organiser' avec 'elle' au futur simple ?;elle organisera;elle organiserez;elle organiseront;elle organiserons
32293;Comment conjugue-t-on le verbe 'montrer' avec 'ils' au futur simple ?;ils montreront;ils montreras;ils montrerons;ils montrerai
32294;Comment conjugue-t-on le verbe 'mesurer' avec 'elles' au futur simple ?;elles mesureront;elles mesurerons;elles mesurerai;elles mesureras
32295;Comment conjugue-t-on le verbe 'décorer' avec 'vous' au futur simple ?;vous décorerez;vous décoreront;vous décorerons;vous décorerai
32296;Comment conjugue-t-on le verbe 'frotter' avec 'vous' au futur simple ?;vous frotterez;vous frottera;vous frotterai;vous frotteras
32297;Comment conjugue-t-on le verbe 'siffler' avec 'vous' au futur simple ?;vous sifflerez;vous siffleront;vous sifflerons;vous sifflera
32298;Comment conjugue-t-on le verbe 'raconter' avec 'il' au futur simple ?;il racontera;il raconterons;il raconterez;il raconterai
32299;Comment conjugue-t-on le verbe 'empiler' avec 'nous' au futur simple ?;nous empilerons;nous empilera;nous empileras;nous empilerai
32300;Comment conjugue-t-on le verbe 'balayer' avec 'elle' au futur simple ?;elle balayera;elle balayerez;elle balayeront;elle balayerai
32301;Comment conjugue-t-on le verbe 'regarder' avec 'ils' au futur simple ?;ils regarderont;ils regarderons;ils regardera;ils regarderai
32302;Comment conjugue-t-on le verbe 'montrer' avec 'vous' à l'imparfait ?;vous montriez;vous montrait;vous montrais;vous montriezs
32303;Comment conjugue-t-on le verbe 'tirer' avec 'je' à l'imparfait ?;je tirais;je tiriez;je tiraient;je tirions
32304;Comment conjugue-t-on le verbe 'laver' avec 'elle' à l'imparfait ?;elle lavait;elle lavions;elle lavais;elle lavaient
32305;Comment conjugue-t-on le verbe 'aider' avec 'elles' à l'imparfait ?;elles aidaient;elles aidait;elles aidais;elles aidaients
32306;Comment conjugue-t-on le verbe 'transporter' avec 'ils' à l'imparfait ?;ils transportaient;ils transportait;ils transportions;ils transportais
32307;Comment conjugue-t-on le verbe 'parler' avec 'elle' à l'imparfait ?;elle parlait;elle parlions;elle parlais;elle parlaient
32308;Comment conjugue-t-on le verbe 'décorer' avec 'tu' à l'imparfait ?;tu décorais;tu décorait;tu décorions;tu décoriez
32309;Comment conjugue-t-on le verbe 'expliquer' avec 'je' à l'imparfait ?;j'expliquais;j'expliquiez;j'expliquaient;j'expliquait
32310;Comment conjugue-t-on le verbe 'regarder' avec 'elles' à l'imparfait ?;elles regardaient;elles regardions;elles regardais;elles regardait
32311;Comment conjugue-t-on le verbe 'sauter' avec 'je' à l'imparfait ?;je sautais;je sautaient;je sautions;je sautiez
32312;Comment conjugue-t-on le verbe 'pousser' avec 'ils' à l'imparfait ?;ils poussaient;ils poussions;ils poussais;ils poussiez
32313;Comment conjugue-t-on le verbe 'frapper' avec 'tu' à l'imparfait ?;tu frappais;tu frappions;tu frappaient;tu frappiez
32314;Comment conjugue-t-on le verbe 'observer' avec 'elles' à l'imparfait ?;elles observaient;elles observais;elles observait;elles observiez
32315;Comment conjugue-t-on le verbe 'porter' avec 'je' à l'imparfait ?;je portais;je portait;je portions;je portiez
32316;Comment conjugue-t-on le verbe 'danser' avec 'elle' à l'imparfait ?;elle dansait;elle dansais;elle dansaient;elle dansaits
32317;Comment conjugue-t-on le verbe 'aimer' avec 'elle' à l'imparfait ?;elle aimait;elle aimiez;elle aimions;elle aimais
32318;Comment conjugue-t-on le verbe 'présenter' avec 'elle' à l'imparfait ?;elle présentait;elle présentais;elle présentions;elle présentaits
32319;Comment conjugue-t-on le verbe 'imaginer' avec 'elle' à l'imparfait ?;elle imaginait;elle imaginaient;elle imaginions;elle imaginais
32320;Comment conjugue-t-on le verbe 'ramasser' avec 'elles' à l'imparfait ?;elles ramassaient;elles ramassions;elles ramassais;elles ramassaients
32321;Comment conjugue-t-on le verbe 'laisser' avec 'elles' à l'imparfait ?;elles laissaient;elles laissais;elles laissait;elles laissiez
32322;Comment conjugue-t-on le verbe 'frapper' avec 'elle' à l'imparfait ?;elle frappait;elle frappiez;elle frappais;elle frappaient
32323;Comment conjugue-t-on le verbe 'tourner' avec 'ils' à l'imparfait ?;ils tournaient;ils tournais;ils tournions;ils tournaients
32324;Comment conjugue-t-on le verbe 'tourner' avec 'je' à l'imparfait ?;je tournais;je tournaient;je tournions;je tournait
32325;Comment conjugue-t-on le verbe 'imaginer' avec 'vous' à l'imparfait ?;vous imaginiez;vous imaginions;vous imaginaient;vous imaginais
32326;Comment conjugue-t-on le verbe 'préparer' avec 'il' à l'imparfait ?;il préparait;il préparions;il préparais;il préparaits
32327;Comment conjugue-t-on le verbe 'placer' avec 'je' à l'imparfait ?;je plaçais;je placions;je plaçaient;je placiez
32328;Comment conjugue-t-on le verbe 'ranger' avec 'ils' à l'imparfait ?;ils rangeaient;ils rangiez;ils rangeait;ils rangeais
32329;Comment conjugue-t-on le verbe 'raconter' avec 'tu' à l'imparfait ?;tu racontais;tu racontiez;tu racontions;tu racontait
32330;Comment conjugue-t-on le verbe 'rentrer' avec 'je' à l'imparfait ?;je rentrais;je rentrait;je rentrions;je rentraient
32331;Comment conjugue-t-on le verbe 'nager' avec 'vous' à l'imparfait ?;vous nagiez;vous nagais;vous nagions;vous nagaient
32332;Comment conjugue-t-on le verbe 'remplacer' avec 'elle' à l'imparfait ?;elle remplaçait;elle remplaçaient;elle remplaciez;elle remplaçais
32333;Comment conjugue-t-on le verbe 'mesurer' avec 'il' à l'imparfait ?;il mesurait;il mesurions;il mesuraient;il mesurais
32334;Comment conjugue-t-on le verbe 'donner' avec 'elles' à l'imparfait ?;elles donnaient;elles donnais;elles donniez;elles donnait
32335;Comment conjugue-t-on le verbe 'transporter' avec 'elle' à l'imparfait ?;elle transportait;elle transportiez;elle transportions;elle transportais
32336;Comment conjugue-t-on le verbe 'aimer' avec 'nous' à l'imparfait ?;nous aimions;nous aimais;nous aimait;nous aimiez
32337;Comment conjugue-t-on le verbe 'entrer' avec 'nous' à l'imparfait ?;nous entrions;nous entriez;nous entrais;nous entrionss
32338;Comment conjugue-t-on le verbe 'lancer' avec 'il' à l'imparfait ?;il lançait;il lançais;il lanciez;il lancions
32339;Comment conjugue-t-on le verbe 'transporter' avec 'il' à l'imparfait ?;il transportait;il transportions;il transportais;il transportiez
32340;Comment conjugue-t-on le verbe 'garder' avec 'tu' à l'imparfait ?;tu gardais;tu gardaient;tu gardait;tu gardions
32341;Comment conjugue-t-on le verbe 'expliquer' avec 'il' à l'imparfait ?;il expliquait;il expliquaient;il expliquiez;il expliquions
32342;Comment conjugue-t-on le verbe 'planter' avec 'ils' à l'imparfait ?;ils plantaient;ils plantait;ils plantais;ils plantions
32343;Comment conjugue-t-on le verbe 'ramasser' avec 'je' à l'imparfait ?;je ramassais;je ramassiez;je ramassions;je ramassait
32344;Comment conjugue-t-on le verbe 'mesurer' avec 'nous' à l'imparfait ?;nous mesurions;nous mesurais;nous mesurait;nous mesurionss
32345;Comment conjugue-t-on le verbe 'présenter' avec 'je' à l'imparfait ?;je présentais;je présentaient;je présentions;je présentiez
32346;Comment conjugue-t-on le verbe 'commencer' avec 'tu' à l'imparfait ?;tu commençais;tu commençaient;tu commençait;tu commencions
32347;Comment conjugue-t-on le verbe 'avancer' avec 'je' à l'imparfait ?;j'avançais;j'avançaient;j'avancions;j'avanciez
32348;Comment conjugue-t-on le verbe 'sonner' avec 'vous' à l'imparfait ?;vous sonniez;vous sonnais;vous sonnait;vous sonniezs
32349;Comment conjugue-t-on le verbe 'voyager' avec 'je' à l'imparfait ?;je voyageais;je voyageaient;je voyageait;je voyagions
32350;Comment conjugue-t-on le verbe 'effacer' avec 'nous' à l'imparfait ?;nous effacions;nous effacaient;nous effacait;nous effacais
32351;Comment conjugue-t-on le verbe 'organiser' avec 'je' à l'imparfait ?;j'organisais;j'organisaient;j'organisions;j'organisiez
32352;Comment conjugue-t-on le verbe 'organiser' avec 'elle' à l'imparfait ?;elle organisait;elle organisiez;elle organisaient;elle organisais
32353;Comment conjugue-t-on le verbe 'effacer' avec 'vous' à l'imparfait ?;vous effaciez;vous effacais;vous effacait;vous effaciezs
32354;Comment conjugue-t-on le verbe 'imaginer' avec 'elles' à l'imparfait ?;elles imaginaient;elles imaginions;elles imaginais;elles imaginiez
32355;Comment conjugue-t-on le verbe 'fermer' avec 'elles' à l'imparfait ?;elles fermaient;elles fermiez;elles fermions;elles fermais
32356;Comment conjugue-t-on le verbe 'arroser' avec 'vous' à l'imparfait ?;vous arrosiez;vous arrosaient;vous arrosait;vous arrosais
32357;Comment conjugue-t-on le verbe 'cacher' avec 'nous' à l'imparfait ?;nous cachions;nous cachais;nous cachaient;nous cachiez
32358;Comment conjugue-t-on le verbe 'planter' avec 'il' à l'imparfait ?;il plantait;il plantais;il plantiez;il plantions
32359;Comment conjugue-t-on le verbe 'organiser' avec 'ils' à l'imparfait ?;ils organisaient;ils organisais;ils organisait;ils organisiez
32360;Comment conjugue-t-on le verbe 'commencer' avec 'il' à l'imparfait ?;il commençait;il commençaient;il commencions;il commençais
32361;Comment conjugue-t-on le verbe 'couper' avec 'tu' à l'imparfait ?;tu coupais;tu coupions;tu coupait;tu coupaient
32362;Comment conjugue-t-on le verbe 'cacher' avec 'elles' à l'imparfait ?;elles cachaient;elles cachiez;elles cachions;elles cachais
32363;Comment conjugue-t-on le verbe 'annoncer' avec 'tu' à l'imparfait ?;tu annonçais;tu annoncions;tu annonciez;tu annonçait
32364;Comment conjugue-t-on le verbe 'annoncer' avec 'nous' à l'imparfait ?;nous annoncions;nous annoncait;nous annonciez;nous annoncaient
32365;Comment conjugue-t-on le verbe 'avancer' avec 'tu' à l'imparfait ?;tu avançais;tu avancions;tu avanciez;tu avançait
32366;Comment conjugue-t-on le verbe 'parler' avec 'il' à l'imparfait ?;il parlait;il parlais;il parliez;il parlaits
32367;Comment conjugue-t-on le verbe 'bercer' avec 'tu' à l'imparfait ?;tu berçais;tu berçait;tu berciez;tu bercions
32368;Comment conjugue-t-on le verbe 'écouter' avec 'ils' à l'imparfait ?;ils écoutaient;ils écoutais;ils écoutiez;ils écoutaients
32369;Comment conjugue-t-on le verbe 'danser' avec 'vous' à l'imparfait ?;vous dansiez;vous dansaient;vous dansait;vous dansions
32370;Comment conjugue-t-on le verbe 'ranger' avec 'je' à l'imparfait ?;je rangeais;je rangions;je rangiez;je rangeait
32371;Comment conjugue-t-on le verbe 'observer' avec 'nous' à l'imparfait ?;nous observions;nous observiez;nous observait;nous observais
32372;Comment conjugue-t-on le verbe 'souffler' avec 'nous' à l'imparfait ?;nous soufflions;nous souffliez;nous soufflait;nous soufflais
32373;Comment conjugue-t-on le verbe 'forcer' avec 'je' à l'imparfait ?;je forçais;je forçait;je forcions;je forciez
32374;Comment conjugue-t-on le verbe 'sonner' avec 'nous' à l'imparfait ?;nous sonnions;nous sonnait;nous sonniez;nous sonnais
32375;Comment conjugue-t-on le verbe 'organiser' avec 'il' à l'imparfait ?;il organisait;il organisions;il organisaient;il organisiez
32376;Comment conjugue-t-on le verbe 'souffler' avec 'je' à l'imparfait ?;je soufflais;je soufflait;je souffliez;je soufflaient
32377;Comment conjugue-t-on le verbe 'fermer' avec 'elle' à l'imparfait ?;elle fermait;elle fermions;elle fermiez;elle fermaient
32378;Comment conjugue-t-on le verbe 'montrer' avec 'elle' à l'imparfait ?;elle montrait;elle montraient;elle montrais;elle montraits
32379;Comment conjugue-t-on le verbe 'décider' avec 'tu' à l'imparfait ?;tu décidais;tu décidiez;tu décidions;tu décidaient
32380;Comment conjugue-t-on le verbe 'rester' avec 'elle' à l'imparfait ?;elle restait;elle restaient;elle restais;elle restions
32381;Comment conjugue-t-on le verbe 'dessiner' avec 'elle' à l'imparfait ?;elle dessinait;elle dessiniez;elle dessinaient;elle dessinions
32382;Comment conjugue-t-on le verbe 'arroser' avec 'je' à l'imparfait ?;j'arrosais;j'arrosait;j'arrosaient;j'arrosions
32383;Comment conjugue-t-on le verbe 'montrer' avec 'nous' à l'imparfait ?;nous montrions;nous montriez;nous montrais;nous montrionss
32384;Comment conjugue-t-on le verbe 'chanter' avec 'tu' à l'imparfait ?;tu chantais;tu chantions;tu chantaient;tu chantiez
32385;Comment conjugue-t-on le verbe 'montrer' avec 'elles' à l'imparfait ?;elles montraient;elles montrais;elles montrait;elles montraients
32386;Comment conjugue-t-on le verbe 'placer' avec 'il' à l'imparfait ?;il plaçait;il plaçaient;il plaçais;il placions
32387;Comment conjugue-t-on le verbe 'sauter' avec 'nous' à l'imparfait ?;nous sautions;nous sautiez;nous sautais;nous sautaient
32388;Comment conjugue-t-on le verbe 'cacher' avec 'ils' à l'imparfait ?;ils cachaient;ils cachais;ils cachait;ils cachaients
32389;Comment conjugue-t-on le verbe 'ranger' avec 'vous' à l'imparfait ?;vous rangiez;vous rangait;vous rangions;vous rangaient
32390;Comment conjugue-t-on le verbe 'gagner' avec 'ils' à l'imparfait ?;ils gagnaient;ils gagniez;ils gagnait;ils gagnions
32391;Comment conjugue-t-on le verbe 'aimer' avec 'vous' à l'imparfait ?;vous aimiez;vous aimais;vous aimions;vous aimiezs
32392;Comment conjugue-t-on le verbe 'monter' avec 'tu' à l'imparfait ?;tu montais;tu montions;tu montait;tu montaient
32393;Comment conjugue-t-on le verbe 'frapper' avec 'nous' à l'imparfait ?;nous frappions;nous frappais;nous frappait;nous frappionss
32394;Comment conjugue-t-on le verbe 'décorer' avec 'je' à l'imparfait ?;je décorais;je décoriez;je décorait;je décoraient
32395;Comment conjugue-t-on le verbe 'porter' avec 'tu' à l'imparfait ?;tu portais;tu portait;tu portiez;tu portaient
32396;Comment conjugue-t-on le verbe 'jouer' avec 'elle' à l'imparfait ?;elle jouait;elle jouaient;elle jouiez;elle jouions
32397;Comment conjugue-t-on le verbe 'organiser' avec 'nous' à l'imparfait ?;nous organisions;nous organisais;nous organisait;nous organisiez
32398;Comment conjugue-t-on le verbe 'habiter' avec 'elles' à l'imparfait ?;elles habitaient;elles habitais;elles habitiez;elles habitaients
32399;Comment conjugue-t-on le verbe 'rester' avec 'ils' à l'imparfait ?;ils restaient;ils restions;ils restait;ils restiez
32400;Comment conjugue-t-on le verbe 'fermer' avec 'il' à l'imparfait ?;il fermait;il fermais;il fermaient;il fermaits
32401;Comment conjugue-t-on le verbe 'laisser' avec 'elle' à l'imparfait ?;elle laissait;elle laissiez;elle laissaient;elle laissais
32402;Comment conjugue-t-on le verbe 'rester' avec 'tu' à l'imparfait ?;tu restais;tu restions;tu restiez;tu restaient
32403;Comment conjugue-t-on le verbe 'écouter' avec 'elle' à l'imparfait ?;elle écoutait;elle écoutions;elle écoutais;elle écoutaits
32404;Comment conjugue-t-on le verbe 'placer' avec 'tu' à l'imparfait ?;tu plaçais;tu placions;tu placiez;tu plaçaient
32405;Comment conjugue-t-on le verbe 'parler' avec 'je' à l'imparfait ?;je parlais;je parlait;je parliez;je parlaient
32406;Comment conjugue-t-on le verbe 'mesurer' avec 'tu' à l'imparfait ?;tu mesurais;tu mesuraient;tu mesurait;tu mesuriez
32407;Comment conjugue-t-on le verbe 'lancer' avec 'nous' à l'imparfait ?;nous lancions;nous lancais;nous lancait;nous lanciez
32408;Comment conjugue-t-on le verbe 'remplacer' avec 'nous' à l'imparfait ?;nous remplacions;nous remplacait;nous remplacais;nous remplacionss
32409;Comment conjugue-t-on le verbe 'nager' avec 'il' à l'imparfait ?;il nageait;il nagions;il nageaient;il nageais
32410;Comment conjugue-t-on le verbe 'remplacer' avec 'tu' à l'imparfait ?;tu remplaçais;tu remplacions;tu remplaçaient;tu remplaçait
32411;Comment conjugue-t-on le verbe 'partager' avec 'vous' à l'imparfait ?;vous partagiez;vous partagaient;vous partagais;vous partagait
32412;Comment conjugue-t-on le verbe 'ranger' avec 'il' à l'imparfait ?;il rangeait;il rangiez;il rangeaient;il rangions
32413;Comment conjugue-t-on le verbe 'regarder' avec 'vous' à l'imparfait ?;vous regardiez;vous regardait;vous regardions;vous regardaient
32414;Comment conjugue-t-on le verbe 'sonner' avec 'elle' à l'imparfait ?;elle sonnait;elle sonnaient;elle sonnais;elle sonniez
32415;Comment conjugue-t-on le verbe 'aimer' avec 'tu' à l'imparfait ?;tu aimais;tu aimait;tu aimiez;tu aimaient
32416;Comment conjugue-t-on le verbe 'transporter' avec 'tu' à l'imparfait ?;tu transportais;tu transportait;tu transportaient;tu transportiez
32417;Comment conjugue-t-on le verbe 'habiter' avec 'elle' à l'imparfait ?;elle habitait;elle habitaient;elle habitais;elle habitaits
32418;Comment conjugue-t-on le verbe 'bercer' avec 'elle' à l'imparfait ?;elle berçait;elle berçaient;elle berçais;elle berçaits
32419;Comment conjugue-t-on le verbe 'tourner' avec 'elle' à l'imparfait ?;elle tournait;elle tournais;elle tourniez;elle tournaient
32420;Comment conjugue-t-on le verbe 'garder' avec 'vous' à l'imparfait ?;vous gardiez;vous gardait;vous gardions;vous gardais
32421;Comment conjugue-t-on le verbe 'garder' avec 'elles' à l'imparfait ?;elles gardaient;elles gardait;elles gardiez;elles gardions
32422;Comment conjugue-t-on le verbe 'poser' avec 'ils' à l'imparfait ?;ils posaient;ils posais;ils posions;ils posaients
32423;Comment conjugue-t-on le verbe 'parler' avec 'tu' à l'imparfait ?;tu parlais;tu parlait;tu parlaient;tu parlions
32424;Comment conjugue-t-on le verbe 'danser' avec 'je' à l'imparfait ?;je dansais;je dansions;je dansaient;je dansiez
32425;Comment conjugue-t-on le verbe 'manger' avec 'vous' à l'imparfait ?;vous mangiez;vous mangais;vous mangait;vous mangions
32426;Comment conjugue-t-on le verbe 'chanter' avec 'je' à l'imparfait ?;je chantais;je chantiez;je chantions;je chantaient
32427;Comment conjugue-t-on le verbe 'effacer' avec 'ils' à l'imparfait ?;ils effaçaient;ils effaçais;ils effacions;ils effaciez
32428;Comment conjugue-t-on le verbe 'jouer' avec 'il' à l'imparfait ?;il jouait;il jouaient;il jouais;il jouaits
32429;Comment conjugue-t-on le verbe 'tourner' avec 'tu' à l'imparfait ?;tu tournais;tu tournions;tu tournaient;tu tourniez
32430;Comment conjugue-t-on le verbe 'tirer' avec 'elles' à l'imparfait ?;elles tiraient;elles tirait;elles tirais;elles tiraients
32431;Comment conjugue-t-on le verbe 'donner' avec 'ils' à l'imparfait ?;ils donnaient;ils donnais;ils donniez;ils donnait
32432;Comment conjugue-t-on le verbe 'monter' avec 'je' à l'imparfait ?;je montais;je montait;je montions;je montaient
32433;Comment conjugue-t-on le verbe 'poser' avec 'il' à l'imparfait ?;il posait;il posaient;il posais;il posions
32434;Comment conjugue-t-on le verbe 'laver' avec 'tu' à l'imparfait ?;tu lavais;tu lavions;tu lavaient;tu laviez
32435;Comment conjugue-t-on le verbe 'décorer' avec 'ils' à l'imparfait ?;ils décoraient;ils décorais;ils décorions;ils décoraients
32436;Comment conjugue-t-on le verbe 'porter' avec 'elle' à l'imparfait ?;elle portait;elle portaient;elle portiez;elle portais
32437;Comment conjugue-t-on le verbe 'décorer' avec 'vous' à l'imparfait ?;vous décoriez;vous décorait;vous décorais;vous décoriezs
32438;Comment conjugue-t-on le verbe 'poser' avec 'nous' à l'imparfait ?;nous posions;nous posais;nous posait;nous posaient
32439;Comment conjugue-t-on le verbe 'fermer' avec 'tu' à l'imparfait ?;tu fermais;tu fermait;tu fermaient;tu fermiez
32440;Comment conjugue-t-on le verbe 'annoncer' avec 'il' à l'imparfait ?;il annonçait;il annonçaient;il annonciez;il annonçais
32441;Comment conjugue-t-on le verbe 'arroser' avec 'elle' à l'imparfait ?;elle arrosait;elle arrosions;elle arrosais;elle arrosaits
32442;Comment conjugue-t-on le verbe 'tourner' avec 'vous' à l'imparfait ?;vous tourniez;vous tournaient;vous tournais;vous tournait
32443;Comment conjugue-t-on le verbe 'passer' avec 'vous' à l'imparfait ?;vous passiez;vous passaient;vous passait;vous passais
32444;Comment conjugue-t-on le verbe 'habiter' avec 'tu' à l'imparfait ?;tu habitais;tu habitiez;tu habitaient;tu habitait
32445;Comment conjugue-t-on le verbe 'remplacer' avec 'je' à l'imparfait ?;je remplaçais;je remplaçaient;je remplaciez;je remplacions
32446;Comment conjugue-t-on le verbe 'lancer' avec 'elles' à l'imparfait ?;elles lançaient;elles lançais;elles lançait;elles lançaients
32447;Comment conjugue-t-on le verbe 'laver' avec 'je' à l'imparfait ?;je lavais;je lavaient;je laviez;je lavions
32448;Comment conjugue-t-on le verbe 'partager' avec 'ils' à l'imparfait ?;ils partageaient;ils partageais;ils partageait;ils partageaients
32449;Comment conjugue-t-on le verbe 'jardiner' avec 'ils' à l'imparfait ?;ils jardinaient;ils jardinait;ils jardiniez;ils jardinais
32450;Comment conjugue-t-on le verbe 'rétablir' avec 'je' au présent ?;je rétablis;ils rétablissent;tu rétablis;il rétablit
32451;Comment conjugue-t-on le verbe 'choisir' avec 'nous' au présent ?;nous choisissons;ils choisissent;il choisit;vous choisissez
32452;Comment conjugue-t-on le verbe 'punir' avec 'tu' au présent ?;tu punis;nous punissons;vous punissez;je punis
32453;Comment conjugue-t-on le verbe 'transir' avec 'vous' au présent ?;vous transissez;elles transissent;je transis;nous transissons
32454;Comment conjugue-t-on le verbe 'blanchir' avec 'tu' au présent ?;tu blanchis;ils blanchissent;vous blanchissez;elle blanchit
32455;Comment conjugue-t-on le verbe 'attendrir' avec 'nous' au présent ?;nous attendrissons;vous attendrissez;il attendrit;elle attendrit
32456;Comment conjugue-t-on le verbe 'franchir' avec 'vous' au présent ?;vous franchissez;tu franchis;ils franchissent;elle franchit
32457;Comment conjugue-t-on le verbe 'engourdir' avec 'ils' au présent ?;ils engourdissent;tu engourdis;nous engourdissons;il engourdit
32458;Comment conjugue-t-on le verbe 'rugir' avec 'elle' au présent ?;elle rugit;elles rugissent;vous rugissez;il rugit
32459;Comment conjugue-t-on le verbe 'gémir' avec 'il' au présent ?;il gémit;nous gémissons;tu gémis;elle gémit
32460;Comment conjugue-t-on le verbe 'arrondir' avec 'elles' au présent ?;elles arrondissent;j'arrondis;ils arrondissent;elle arrondit
32461;Comment conjugue-t-on le verbe 'saisir' avec 'tu' au présent ?;tu saisis;vous saisissez;nous saisissons;elles saisissent
32462;Comment conjugue-t-on le verbe 'établir' avec 'elle' au présent ?;elle établit;nous établissons;tu établis;j'établis
32463;Comment conjugue-t-on le verbe 'raccourcir' avec 'nous' au présent ?;nous raccourcissons;je raccourcis;elle raccourcit;ils raccourcissent
32464;Comment conjugue-t-on le verbe 'nourrir' avec 'il' au présent ?;il nourrit;je nourris;tu nourris;elle nourrit
32465;Comment conjugue-t-on le verbe 'polir' avec 'je' au présent ?;je polis;nous polissons;il polit;ils polissent
32466;Comment conjugue-t-on le verbe 'finir' avec 'vous' au présent ?;vous finissez;elles finissent;il finit;je finis
32467;Comment conjugue-t-on le verbe 'unir' avec 'elles' au présent ?;elles unissent;il unit;ils unissent;nous unissons
32468;Comment conjugue-t-on le verbe 'investir' avec 'il' au présent ?;il investit;tu investis;elles investissent;ils investissent
32469;Comment conjugue-t-on le verbe 'ramollir' avec 'elles' au présent ?;elles ramollissent;il ramollit;elle ramollit;je ramollis
32470;Comment conjugue-t-on le verbe 'choisir' avec 'ils' au présent ?;ils choisissent;il choisit;tu choisis;vous choisissez
32471;Comment conjugue-t-on le verbe 'sévir' avec 'vous' au présent ?;vous sévissez;il sévit;tu sévis;nous sévissons
32472;Comment conjugue-t-on le verbe 'polir' avec 'ils' au présent ?;ils polissent;vous polissez;tu polis;elles polissent
32473;Comment conjugue-t-on le verbe 'enrichir' avec 'nous' au présent ?;nous enrichissons;elles enrichissent;j'enrichis;vous enrichissez
32474;Comment conjugue-t-on le verbe 'saisir' avec 'je' au présent ?;je saisis;ils saisissent;nous saisissons;il saisit
32475;Comment conjugue-t-on le verbe 'grandir' avec 'je' au présent ?;je grandis;tu grandis;elles grandissent;elle grandit
32476;Comment conjugue-t-on le verbe 'aplatir' avec 'elles' au présent ?;elles aplatissent;j'aplatis;tu aplatis;il aplatit
32477;Comment conjugue-t-on le verbe 'envieillir' avec 'vous' au présent ?;vous envieillissez;il envieillit;j'envieillis;nous envieillissons
32478;Comment conjugue-t-on le verbe 'investir' avec 'ils' au présent ?;ils investissent;j'investis;vous investissez;elle investit
32479;Comment conjugue-t-on le verbe 'embellir' avec 'elles' au présent ?;elles embellissent;il embellit;vous embellissez;nous embellissons
32480;Comment conjugue-t-on le verbe 'ramollir' avec 'il' au présent ?;il ramollit;elle ramollit;ils ramollissent;tu ramollis
32481;Comment conjugue-t-on le verbe 'affaiblir' avec 'ils' au présent ?;ils affaiblissent;il affaiblit;elles affaiblissent;elle affaiblit
32482;Comment conjugue-t-on le verbe 'rajeunir' avec 'nous' au présent ?;nous rajeunissons;vous rajeunissez;tu rajeunis;ils rajeunissent
32483;Comment conjugue-t-on le verbe 'fleurir' avec 'nous' au présent ?;nous fleurissons;ils fleurissent;il fleurit;je fleuris
32484;Comment conjugue-t-on le verbe 'enrichir' avec 'il' au présent ?;il enrichit;ils enrichissent;nous enrichissons;elle enrichit
32485;Comment conjugue-t-on le verbe 'divertir' avec 'vous' au présent ?;vous divertissez;je divertis;nous divertissons;il divertit
32486;Comment conjugue-t-on le verbe 'meurtrir' avec 'nous' au présent ?;nous meurtrissons;il meurtrit;vous meurtrissez;ils meurtrissent
32487;Comment conjugue-t-on le verbe 'éclaircir' avec 'elles' au présent ?;elles éclaircissent;nous éclaircissons;j'éclaircis;vous éclaircissez
32488;Comment conjugue-t-on le verbe 'durcir' avec 'elle' au présent ?;elle durcit;nous durcissons;elles durcissent;vous durcissez
32489;Comment conjugue-t-on le verbe 'ralentir' avec 'nous' au présent ?;nous ralentissons;il ralentit;elles ralentissent;tu ralentis
32490;Comment conjugue-t-on le verbe 'obéir' avec 'vous' au présent ?;vous obéissez;nous obéissons;il obéit;ils obéissent
32491;Comment conjugue-t-on le verbe 'nourrir' avec 'elles' au présent ?;elles nourrissent;elle nourrit;nous nourrissons;il nourrit
32492;Comment conjugue-t-on le verbe 'adoucir' avec 'je' au présent ?;j'adoucis;vous adoucissez;il adoucit;ils adoucissent
32493;Comment conjugue-t-on le verbe 'rétablir' avec 'tu' au présent ?;tu rétablis;ils rétablissent;elle rétablit;il rétablit
32494;Comment conjugue-t-on le verbe 'aboutir' avec 'nous' au présent ?;nous aboutissons;il aboutit;elle aboutit;tu aboutis
32495;Comment conjugue-t-on le verbe 'attendrir' avec 'il' au présent ?;il attendrit;ils attendrissent;elle attendrit;nous attendrissons
32496;Comment conjugue-t-on le verbe 'envieillir' avec 'tu' au présent ?;tu envieillis;elle envieillit;vous envieillissez;ils envieillissent
32497;Comment conjugue-t-on le verbe 'aplatir' avec 'ils' au présent ?;ils aplatissent;tu aplatis;vous aplatissez;nous aplatissons
32498;Comment conjugue-t-on le verbe 'assainir' avec 'elle' au présent ?;elle assainit;j'assainis;vous assainissez;nous assainissons
32499;Comment conjugue-t-on le verbe 'rajeunir' avec 'elles' au présent ?;elles rajeunissent;vous rajeunissez;elle rajeunit;nous rajeunissons
32500;Comment conjugue-t-on le verbe 'avertir' avec 'nous' au présent ?;nous avertissons;j'avertis;vous avertissez;tu avertis
32501;Comment conjugue-t-on le verbe 'rougir' avec 'je' au présent ?;je rougis;tu rougis;vous rougissez;il rougit
32502;Comment conjugue-t-on le verbe 'abolir' avec 'tu' au présent ?;tu abolis;nous abolissons;j'abolis;vous abolissez
32503;Comment conjugue-t-on le verbe 'rafraîchir' avec 'elle' au présent ?;elle rafraîchit;je rafraîchis;elles rafraîchissent;ils rafraîchissent
32504;Comment conjugue-t-on le verbe 'démolir' avec 'elle' au présent ?;elle démolit;elles démolissent;nous démolissons;je démolis
32505;Comment conjugue-t-on le verbe 'réunir' avec 'vous' au présent ?;vous réunissez;il réunit;nous réunissons;elle réunit
32506;Comment conjugue-t-on le verbe 'adoucir' avec 'nous' au présent ?;nous adoucissons;il adoucit;ils adoucissent;elles adoucissent
32507;Comment conjugue-t-on le verbe 'maigrir' avec 'elle' au présent ?;elle maigrit;il maigrit;nous maigrissons;je maigris
32508;Comment conjugue-t-on le verbe 'brunir' avec 'il' au présent ?;il brunit;ils brunissent;tu brunis;vous brunissez
32509;Comment conjugue-t-on le verbe 'blanchir' avec 'elle' au présent ?;elle blanchit;elles blanchissent;il blanchit;tu blanchis
32510;Comment conjugue-t-on le verbe 'durcir' avec 'il' au présent ?;il durcit;tu durcis;elles durcissent;je durcis
32511;Comment conjugue-t-on le verbe 'fournir' avec 'tu' au présent ?;tu fournis;elles fournissent;nous fournissons;elle fournit
32512;Comment conjugue-t-on le verbe 'remplir' avec 'il' au présent ?;il remplit;nous remplissons;elles remplissent;ils remplissent
32513;Comment conjugue-t-on le verbe 'durcir' avec 'ils' au présent ?;ils durcissent;je durcis;elles durcissent;nous durcissons
32514;Comment conjugue-t-on le verbe 'meurtrir' avec 'tu' au présent ?;tu meurtris;ils meurtrissent;je meurtris;elles meurtrissent
32515;Comment conjugue-t-on le verbe 'choisir' avec 'je' au présent ?;je choisis;tu choisis;elles choisissent;il choisit
32516;Comment conjugue-t-on le verbe 'vernir' avec 'elle' au présent ?;elle vernit;tu vernis;ils vernissent;il vernit
32517;Comment conjugue-t-on le verbe 'engourdir' avec 'tu' au présent ?;tu engourdis;vous engourdissez;il engourdit;nous engourdissons
32518;Comment conjugue-t-on le verbe 'démolir' avec 'tu' au présent ?;tu démolis;il démolit;ils démolissent;je démolis
32519;Comment conjugue-t-on le verbe 'établir' avec 'vous' au présent ?;vous établissez;il établit;nous établissons;elles établissent
32520;Comment conjugue-t-on le verbe 'adoucir' avec 'elles' au présent ?;elles adoucissent;il adoucit;nous adoucissons;ils adoucissent
32521;Comment conjugue-t-on le verbe 'brunir' avec 'elles' au présent ?;elles brunissent;je brunis;ils brunissent;vous brunissez
32522;Comment conjugue-t-on le verbe 'rafraîchir' avec 'tu' au présent ?;tu rafraîchis;il rafraîchit;elles rafraîchissent;nous rafraîchissons
32523;Comment conjugue-t-on le verbe 'fournir' avec 'elle' au présent ?;elle fournit;nous fournissons;ils fournissent;je fournis
32524;Comment conjugue-t-on le verbe 'durcir' avec 'tu' au présent ?;tu durcis;nous durcissons;elle durcit;vous durcissez
32525;Comment conjugue-t-on le verbe 'unir' avec 'ils' au présent ?;ils unissent;elle unit;il unit;elles unissent
32526;Comment conjugue-t-on le verbe 'vernir' avec 'il' au présent ?;il vernit;elles vernissent;je vernis;elle vernit
32527;Comment conjugue-t-on le verbe 'rafraîchir' avec 'nous' au présent ?;nous rafraîchissons;tu rafraîchis;je rafraîchis;elle rafraîchit
32528;Comment conjugue-t-on le verbe 'assouplir' avec 'elles' au présent ?;elles assouplissent;ils assouplissent;vous assouplissez;j'assouplis
32529;Comment conjugue-t-on le verbe 'vernir' avec 'vous' au présent ?;vous vernissez;tu vernis;il vernit;nous vernissons
32530;Comment conjugue-t-on le verbe 'arrondir' avec 'il' au présent ?;il arrondit;tu arrondis;vous arrondissez;nous arrondissons
32531;Comment conjugue-t-on le verbe 'blanchir' avec 'je' au présent ?;je blanchis;tu blanchis;il blanchit;vous blanchissez
32532;Comment conjugue-t-on le verbe 'salir' avec 'tu' au présent ?;tu salis;je salis;vous salissez;ils salissent
32533;Comment conjugue-t-on le verbe 'atterrir' avec 'vous' au présent ?;vous atterrissez;elles atterrissent;ils atterrissent;nous atterrissons
32534;Comment conjugue-t-on le verbe 'réussir' avec 'vous' au présent ?;vous réussissez;nous réussissons;elle réussit;il réussit
32535;Comment conjugue-t-on le verbe 'périr' avec 'tu' au présent ?;tu péris;elle périt;je péris;il périt
32536;Comment conjugue-t-on le verbe 'rétablir' avec 'ils' au présent ?;ils rétablissent;vous rétablissez;je rétablis;nous rétablissons
32537;Comment conjugue-t-on le verbe 'jaunir' avec 'il' au présent ?;il jaunit;ils jaunissent;je jaunis;tu jaunis
32538;Comment conjugue-t-on le verbe 'unir' avec 'vous' au présent ?;vous unissez;elles unissent;il unit;ils unissent
32539;Comment conjugue-t-on le verbe 'agir' avec 'vous' au présent ?;vous agissez;ils agissent;tu agis;j'agis
32540;Comment conjugue-t-on le verbe 'meurtrir' avec 'il' au présent ?;il meurtrit;je meurtris;vous meurtrissez;ils meurtrissent
32541;Comment conjugue-t-on le verbe 'rajeunir' avec 'vous' au présent ?;vous rajeunissez;elles rajeunissent;je rajeunis;ils rajeunissent
32542;Comment conjugue-t-on le verbe 'pâlir' avec 'elles' au présent ?;elles pâlissent;ils pâlissent;il pâlit;vous pâlissez
32543;Comment conjugue-t-on le verbe 'choisir' avec 'elle' au présent ?;elle choisit;nous choisissons;tu choisis;je choisis
32544;Comment conjugue-t-on le verbe 'investir' avec 'vous' au présent ?;vous investissez;il investit;ils investissent;j'investis
32545;Comment conjugue-t-on le verbe 'durcir' avec 'je' au présent ?;je durcis;nous durcissons;ils durcissent;il durcit
32546;Comment conjugue-t-on le verbe 'rugir' avec 'ils' au présent ?;ils rugissent;je rugis;elles rugissent;tu rugis
32547;Comment conjugue-t-on le verbe 'unir' avec 'je' au présent ?;j'unis;ils unissent;elle unit;vous unissez
32548;Comment conjugue-t-on le verbe 'affaiblir' avec 'je' au présent ?;j'affaiblis;ils affaiblissent;elle affaiblit;il affaiblit
32549;Comment conjugue-t-on le verbe 'sévir' avec 'je' au présent ?;je sévis;elle sévit;ils sévissent;nous sévissons
32550;Comment conjugue-t-on le verbe 'garantir' avec 'elle' au présent ?;elle garantit;ils garantissent;tu garantis;je garantis
32551;Comment conjugue-t-on le verbe 'attendrir' avec 'ils' au présent ?;ils attendrissent;il attendrit;elle attendrit;elles attendrissent
32552;Comment conjugue-t-on le verbe 'périr' avec 'il' au présent ?;il périt;elles périssent;nous périssons;tu péris
32553;Comment conjugue-t-on le verbe 'épaissir' avec 'nous' au présent ?;nous épaississons;vous épaississez;elle épaissit;tu épaissis
32554;Comment conjugue-t-on le verbe 'périr' avec 'vous' au présent ?;vous périssez;nous périssons;elle périt;je péris
32555;Comment conjugue-t-on le verbe 'nourrir' avec 'je' au présent ?;je nourris;elle nourrit;nous nourrissons;ils nourrissent
32556;Comment conjugue-t-on le verbe 'applaudir' avec 'je' au présent ?;j'applaudis;elles applaudissent;elle applaudit;vous applaudissez
32557;Comment conjugue-t-on le verbe 'chérir' avec 'elles' au présent ?;elles chérissent;nous chérissons;elle chérit;ils chérissent
32558;Comment conjugue-t-on le verbe 'embellir' avec 'il' au présent ?;il embellit;elles embellissent;tu embellis;elle embellit
32559;Comment conjugue-t-on le verbe 'démolir' avec 'il' au présent ?;il démolit;elle démolit;je démolis;vous démolissez
32560;Comment conjugue-t-on le verbe 'applaudir' avec 'ils' au présent ?;ils applaudissent;vous applaudissez;tu applaudis;j'applaudis
32561;Comment conjugue-t-on le verbe 'noircir' avec 'je' au présent ?;je noircis;ils noircissent;vous noircissez;nous noircissons
32562;Comment conjugue-t-on le verbe 'punir' avec 'elle' au présent ?;elle punit;je punis;tu punis;il punit
32563;Comment conjugue-t-on le verbe 'agir' avec 'elle' au présent ?;elle agit;vous agissez;tu agis;ils agissent
32564;Comment conjugue-t-on le verbe 'verdir' avec 'tu' au présent ?;tu verdis;il verdit;vous verdissez;nous verdissons
32565;Comment conjugue-t-on le verbe 'polir' avec 'tu' au présent ?;tu polis;ils polissent;elle polit;il polit
32566;Comment conjugue-t-on le verbe 'ralentir' avec 'je' au présent ?;je ralentis;ils ralentissent;tu ralentis;nous ralentissons
32567;Comment conjugue-t-on le verbe 'sévir' avec 'elle' au présent ?;elle sévit;ils sévissent;elles sévissent;nous sévissons
32568;Comment conjugue-t-on le verbe 'établir' avec 'ils' au présent ?;ils établissent;elles établissent;elle établit;il établit
32569;Comment conjugue-t-on le verbe 'assainir' avec 'nous' au présent ?;nous assainissons;il assainit;elle assainit;ils assainissent
32570;Comment conjugue-t-on le verbe 'mugir' avec 'elle' au présent ?;elle mugit;ils mugissent;vous mugissez;elles mugissent
32571;Comment conjugue-t-on le verbe 'endurcir' avec 'nous' au présent ?;nous endurcissons;vous endurcissez;tu endurcis;il endurcit
32572;Comment conjugue-t-on le verbe 'verdir' avec 'elles' au présent ?;elles verdissent;je verdis;ils verdissent;tu verdis
32573;Comment conjugue-t-on le verbe 'abolir' avec 'elle' au présent ?;elle abolit;j'abolis;il abolit;ils abolissent
32574;Comment conjugue-t-on le verbe 'grossir' avec 'je' au présent ?;je grossis;vous grossissez;elle grossit;elles grossissent
32575;Comment conjugue-t-on le verbe 'blanchir' avec 'vous' au présent ?;vous blanchissez;nous blanchissons;tu blanchis;elles blanchissent
32576;Comment conjugue-t-on le verbe 'rugir' avec 'nous' au présent ?;nous rugissons;elles rugissent;ils rugissent;tu rugis
32577;Comment conjugue-t-on le verbe 'gémir' avec 'nous' au présent ?;nous gémissons;vous gémissez;tu gémis;elles gémissent
32578;Comment conjugue-t-on le verbe 'choisir' avec 'elles' au présent ?;elles choisissent;ils choisissent;elle choisit;tu choisis
32579;Comment conjugue-t-on le verbe 'trahir' avec 'nous' au présent ?;nous trahissons;vous trahissez;je trahis;il trahit
32580;Comment conjugue-t-on le verbe 'engourdir' avec 'elle' au présent ?;elle engourdit;tu engourdis;ils engourdissent;il engourdit
32581;Comment conjugue-t-on le verbe 'punir' avec 'il' au présent ?;il punit;nous punissons;elles punissent;je punis
32582;Comment conjugue-t-on le verbe 'maigrir' avec 'je' au présent ?;je maigris;ils maigrissent;il maigrit;tu maigris
32583;Comment conjugue-t-on le verbe 'guérir' avec 'elles' au présent ?;elles guérissent;ils guérissent;vous guérissez;elle guérit
32584;Comment conjugue-t-on le verbe 'bâtir' avec 'elle' au présent ?;elle bâtit;je bâtis;vous bâtissez;elles bâtissent
32585;Comment conjugue-t-on le verbe 'épaissir' avec 'tu' au présent ?;tu épaissis;vous épaississez;j'épaissis;il épaissit
32586;Comment conjugue-t-on le verbe 'nourrir' avec 'tu' au présent ?;tu nourris;elles nourrissent;ils nourrissent;elle nourrit
32587;Comment conjugue-t-on le verbe 'enrichir' avec 'elles' au présent ?;elles enrichissent;j'enrichis;il enrichit;nous enrichissons
32588;Comment conjugue-t-on le verbe 'grandir' avec 'ils' au présent ?;ils grandissent;je grandis;tu grandis;vous grandissez
32589;Comment conjugue-t-on le verbe 'munir' avec 'il' au présent ?;il munit;je munis;nous munissons;tu munis
32590;Comment conjugue-t-on le verbe 'attendrir' avec 'tu' au présent ?;tu attendris;ils attendrissent;nous attendrissons;j'attendris
32591;Comment conjugue-t-on le verbe 'assouplir' avec 'nous' au présent ?;nous assouplissons;elles assouplissent;tu assouplis;elle assouplit
32592;Comment conjugue-t-on le verbe 'investir' avec 'nous' au présent ?;nous investissons;tu investis;j'investis;elle investit
32593;Comment conjugue-t-on le verbe 'munir' avec 'je' au présent ?;je munis;elles munissent;il munit;ils munissent
32594;Comment conjugue-t-on le verbe 'rafraîchir' avec 'elles' au présent ?;elles rafraîchissent;je rafraîchis;vous rafraîchissez;il rafraîchit
32595;Comment conjugue-t-on le verbe 'raccourcir' avec 'vous' au présent ?;vous raccourcissez;elles raccourcissent;il raccourcit;nous raccourcissons
32596;Comment conjugue-t-on le verbe 'aplatir' avec 'elle' au présent ?;elle aplatit;elles aplatissent;tu aplatis;vous aplatissez
32597;Comment conjugue-t-on le verbe 'verdir' avec 'elle' au présent ?;elle verdit;je verdis;nous verdissons;ils verdissent
32598;Comment conjugue-t-on le verbe 'rétablir' avec 'vous' au présent ?;vous rétablissez;ils rétablissent;tu rétablis;je rétablis
32599;Comment conjugue-t-on le verbe 'enrichir' avec 'je' au présent ?;j'enrichis;il enrichit;tu enrichis;nous enrichissons
32600;Comment conjugue-t-on le verbe 'brunir' avec 'je' au présent ?;je brunis;nous brunissons;il brunit;ils brunissent
32601;Comment conjugue-t-on le verbe 'affaiblir' avec 'elle' au présent ?;elle affaiblit;elles affaiblissent;ils affaiblissent;tu affaiblis
32602;Comment conjugue-t-on le verbe 'bâtir' avec 'elles' au présent ?;elles bâtissent;elle bâtit;nous bâtissons;ils bâtissent
32603;Comment conjugue-t-on le verbe 'arrondir' avec 'tu' au présent ?;tu arrondis;nous arrondissons;ils arrondissent;j'arrondis
32604;Comment conjugue-t-on le verbe 'meurtrir' avec 'je' au présent ?;je meurtris;elles meurtrissent;tu meurtris;ils meurtrissent
32605;Comment conjugue-t-on le verbe 'rougir' avec 'vous' au présent ?;vous rougissez;tu rougis;elles rougissent;il rougit
32606;Comment conjugue-t-on le verbe 'éclaircir' avec 'vous' au présent ?;vous éclaircissez;j'éclaircis;il éclaircit;elles éclaircissent
32607;Comment conjugue-t-on le verbe 'verdir' avec 'je' au présent ?;je verdis;elles verdissent;elle verdit;ils verdissent
32608;Comment conjugue-t-on le verbe 'bâtir' avec 'tu' au présent ?;tu bâtis;nous bâtissons;je bâtis;elle bâtit
32609;Comment conjugue-t-on le verbe 'saisir' avec 'vous' au présent ?;vous saisissez;je saisis;ils saisissent;il saisit
32610;Comment conjugue-t-on le verbe 'rafraîchir' avec 'vous' au présent ?;vous rafraîchissez;il rafraîchit;nous rafraîchissons;elles rafraîchissent
32611;Comment conjugue-t-on le verbe 'affaiblir' avec 'tu' au présent ?;tu affaiblis;vous affaiblissez;nous affaiblissons;j'affaiblis
32612;Comment conjugue-t-on le verbe 'rajeunir' avec 'ils' au présent ?;ils rajeunissent;je rajeunis;vous rajeunissez;elle rajeunit
32613;Comment conjugue-t-on le verbe 'assouplir' avec 'il' au présent ?;il assouplit;j'assouplis;nous assouplissons;elles assouplissent
32614;Comment conjugue-t-on le verbe 'envieillir' avec 'ils' au présent ?;ils envieillissent;il envieillit;elle envieillit;vous envieillissez
32615;Comment conjugue-t-on le verbe 'frémir' avec 'tu' au présent ?;tu frémis;nous frémissons;je frémis;elle frémit
32616;Comment conjugue-t-on le verbe 'maigrir' avec 'nous' au présent ?;nous maigrissons;je maigris;elle maigrit;ils maigrissent
32617;Comment conjugue-t-on le verbe 'grandir' avec 'vous' au présent ?;vous grandissez;il grandit;je grandis;elles grandissent
32618;Comment conjugue-t-on le verbe 'punir' avec 'nous' au présent ?;nous punissons;ils punissent;vous punissez;elle punit
32619;Comment conjugue-t-on le verbe 'brunir' avec 'ils' au présent ?;ils brunissent;nous brunissons;tu brunis;elle brunit
32620;Comment conjugue-t-on le verbe 'épaissir' avec 'vous' au présent ?;vous épaississez;tu épaissis;nous épaississons;il épaissit
32621;Comment conjugue-t-on le verbe 'noircir' avec 'ils' au présent ?;ils noircissent;vous noircissez;elles noircissent;nous noircissons
32622;Comment conjugue-t-on le verbe 'polir' avec 'vous' au présent ?;vous polissez;ils polissent;nous polissons;tu polis
32623;Comment conjugue-t-on le verbe 'rugir' avec 'je' au présent ?;je rugis;ils rugissent;tu rugis;il rugit
32624;Comment conjugue-t-on le verbe 'raccourcir' avec 'elle' au présent ?;elle raccourcit;vous raccourcissez;nous raccourcissons;elles raccourcissent
32625;Comment conjugue-t-on le verbe 'pétrir' avec 'ils' au présent ?;ils pétrissent;tu pétris;vous pétrissez;elle pétrit
32626;Comment conjugue-t-on le verbe 'avertir' avec 'il' au présent ?;il avertit;vous avertissez;elles avertissent;nous avertissons
32627;Comment conjugue-t-on le verbe 'unir' avec 'tu' au présent ?;tu unis;nous unissons;elles unissent;vous unissez
32628;Comment conjugue-t-on le verbe 'pâlir' avec 'il' au présent ?;il pâlit;nous pâlissons;elle pâlit;ils pâlissent
32629;Comment conjugue-t-on le verbe 'meurtrir' avec 'elle' au présent ?;elle meurtrit;nous meurtrissons;vous meurtrissez;je meurtris
32630;Comment conjugue-t-on le verbe 'bondir' avec 'il' au présent ?;il bondit;je bondis;vous bondissez;elle bondit
32631;Comment conjugue-t-on le verbe 'jaillir' avec 'tu' au présent ?;tu jaillis;il jaillit;je jaillis;elle jaillit
32632;Comment conjugue-t-on le verbe 'grossir' avec 'vous' au présent ?;vous grossissez;je grossis;il grossit;elle grossit
32633;Comment conjugue-t-on le verbe 'aboutir' avec 'il' au présent ?;il aboutit;nous aboutissons;vous aboutissez;tu aboutis
32634;Comment conjugue-t-on le verbe 'verdir' avec 'nous' au présent ?;nous verdissons;il verdit;vous verdissez;tu verdis
32635;Comment conjugue-t-on le verbe 'investir' avec 'elles' au présent ?;elles investissent;ils investissent;elle investit;vous investissez
32636;Comment conjugue-t-on le verbe 'avertir' avec 'elle' au présent ?;elle avertit;ils avertissent;il avertit;j'avertis
32637;Comment conjugue-t-on le verbe 'jaillir' avec 'je' au présent ?;je jaillis;vous jaillissez;il jaillit;tu jaillis
32638;Comment conjugue-t-on le verbe 'vernir' avec 'nous' au présent ?;nous vernissons;elle vernit;il vernit;vous vernissez
32639;Comment conjugue-t-on le verbe 'avertir' avec 'elles' au présent ?;elles avertissent;nous avertissons;ils avertissent;j'avertis
32640;Comment conjugue-t-on le verbe 'salir' avec 'vous' au présent ?;vous salissez;elle salit;ils salissent;je salis
32641;Comment conjugue-t-on le verbe 'munir' avec 'elle' au présent ?;elle munit;vous munissez;tu munis;nous munissons
32642;Comment conjugue-t-on le verbe 'munir' avec 'ils' au présent ?;ils munissent;je munis;nous munissons;il munit
32643;Comment conjugue-t-on le verbe 'engourdir' avec 'elles' au présent ?;elles engourdissent;j'engourdis;tu engourdis;ils engourdissent
32644;Comment conjugue-t-on le verbe 'chérir' avec 'vous' au présent ?;vous chérissez;elle chérit;il chérit;tu chéris
32645;Comment conjugue-t-on le verbe 'divertir' avec 'nous' au présent ?;nous divertissons;je divertis;il divertit;vous divertissez
32646;Comment conjugue-t-on le verbe 'fournir' avec 'il' au présent ?;il fournit;tu fournis;ils fournissent;elle fournit
32647;Comment conjugue-t-on le verbe 'polir' avec 'nous' au présent ?;nous polissons;elle polit;vous polissez;tu polis
32648;Comment conjugue-t-on le verbe 'épaissir' avec 'elle' au présent ?;elle épaissit;ils épaississent;tu épaissis;il épaissit
32649;Comment conjugue-t-on le verbe 'chérir' avec 'il' au présent ?;il chérit;nous chérissons;tu chéris;je chéris
32650;Comment conjugue-t-on le verbe 'partager' avec 'il' au futur simple ?;il partagera;elles partageront;elle partagera;nous partagerons
32651;Comment conjugue-t-on le verbe 'plonger' avec 'ils' au futur simple ?;ils plongeront;tu plongeras;elles plongeront;nous plongerons
32652;Comment conjugue-t-on le verbe 'donner' avec 'vous' au futur simple ?;vous donnerez;elle donnera;elles donneront;nous donnerons
32653;Comment conjugue-t-on le verbe 'prêter' avec 'elle' au futur simple ?;elle prêtera;nous prêterons;vous prêterez;tu prêteras
32654;Comment conjugue-t-on le verbe 'placer' avec 'tu' au futur simple ?;tu placeras;ils placeront;il placera;elles placeront
32655;Comment conjugue-t-on le verbe 'placer' avec 'je' au futur simple ?;je placerai;elle placera;nous placerons;vous placerez
32656;Comment conjugue-t-on le verbe 'protéger' avec 'elle' au futur simple ?;elle protégera;tu protégeras;ils protégeront;elles protégeront
32657;Comment conjugue-t-on le verbe 'ricaner' avec 'elle' au futur simple ?;elle ricanera;ils ricaneront;nous ricanerons;vous ricanerez
32658;Comment conjugue-t-on le verbe 'remuer' avec 'je' au futur simple ?;je remuerai;ils remueront;elle remuera;elles remueront
32659;Comment conjugue-t-on le verbe 'racler' avec 'elle' au futur simple ?;elle raclera;tu racleras;nous raclerons;vous raclerez
32660;Comment conjugue-t-on le verbe 'gêner' avec 'tu' au futur simple ?;tu gêneras;je gênerai;il gênera;elles gêneront
32661;Comment conjugue-t-on le verbe 'inviter' avec 'ils' au futur simple ?;ils inviteront;elle invitera;nous inviterons;tu inviteras
32662;Comment conjugue-t-on le verbe 'téléphoner' avec 'tu' au futur simple ?;tu téléphoneras;elle téléphonera;elles téléphoneront;vous téléphonerez
32663;Comment conjugue-t-on le verbe 'cirer' avec 'nous' au futur simple ?;nous cirerons;je cirerai;elle cirera;tu cireras
32664;Comment conjugue-t-on le verbe 'donner' avec 'ils' au futur simple ?;ils donneront;nous donnerons;tu donneras;vous donnerez
32665;Comment conjugue-t-on le verbe 'gonfler' avec 'ils' au futur simple ?;ils gonfleront;je gonflerai;vous gonflerez;elles gonfleront
32666;Comment conjugue-t-on le verbe 'arriver' avec 'elles' au futur simple ?;elles arriveront;j'arriverai;vous arriverez;tu arriveras
32667;Comment conjugue-t-on le verbe 'installer' avec 'elles' au futur simple ?;elles installeront;j'installerai;elle installera;tu installeras
32668;Comment conjugue-t-on le verbe 'gêner' avec 'il' au futur simple ?;il gênera;nous gênerons;ils gêneront;elle gênera
32669;Comment conjugue-t-on le verbe 'chercher' avec 'elle' au futur simple ?;elle cherchera;ils chercheront;je chercherai;tu chercheras
32670;Comment conjugue-t-on le verbe 'occuper' avec 'tu' au futur simple ?;tu occuperas;j'occuperai;il occupera;nous occuperons
32671;Comment conjugue-t-on le verbe 'protéger' avec 'elles' au futur simple ?;elles protégeront;nous protégerons;tu protégeras;elle protégera
32672;Comment conjugue-t-on le verbe 'marcher' avec 'tu' au futur simple ?;tu marcheras;ils marcheront;il marchera;elles marcheront
32673;Comment conjugue-t-on le verbe 'cirer' avec 'tu' au futur simple ?;tu cireras;il cirera;nous cirerons;elles cireront
32674;Comment conjugue-t-on le verbe 'emballer' avec 'je' au futur simple ?;j'emballerai;elles emballeront;vous emballerez;nous emballerons
32675;Comment conjugue-t-on le verbe 'chercher' avec 'il' au futur simple ?;il cherchera;elle cherchera;elles chercheront;ils chercheront
32676;Comment conjugue-t-on le verbe 'nettoyer' avec 'nous' au futur simple ?;nous nettoyerons;tu nettoyeras;elle nettoyera;ils nettoyeront
32677;Comment conjugue-t-on le verbe 'vider' avec 'il' au futur simple ?;il videra;elles videront;ils videront;vous viderez
32678;Comment conjugue-t-on le verbe 'guider' avec 'il' au futur simple ?;il guidera;vous guiderez;ils guideront;tu guideras
32679;Comment conjugue-t-on le verbe 'nettoyer' avec 'je' au futur simple ?;je nettoyerai;ils nettoyeront;elles nettoyeront;elle nettoyera
32680;Comment conjugue-t-on le verbe 'effacer' avec 'il' au futur simple ?;il effacera;vous effacerez;nous effacerons;elles effaceront
32681;Comment conjugue-t-on le verbe 'détester' avec 'ils' au futur simple ?;ils détesteront;tu détesteras;je détesterai;nous détesterons
32682;Comment conjugue-t-on le verbe 'cacher' avec 'nous' au futur simple ?;nous cacherons;elles cacheront;tu cacheras;je cacherai
32683;Comment conjugue-t-on le verbe 'gonfler' avec 'je' au futur simple ?;je gonflerai;elle gonflera;tu gonfleras;il gonflera
32684;Comment conjugue-t-on le verbe 'peigner' avec 'ils' au futur simple ?;ils peigneront;nous peignerons;il peignera;tu peigneras
32685;Comment conjugue-t-on le verbe 'protéger' avec 'je' au futur simple ?;je protégerai;il protégera;nous protégerons;vous protégerez
32686;Comment conjugue-t-on le verbe 'porter' avec 'je' au futur simple ?;je porterai;elle portera;ils porteront;nous porterons
32687;Comment conjugue-t-on le verbe 'aider' avec 'tu' au futur simple ?;tu aideras;elle aidera;elles aideront;vous aiderez
32688;Comment conjugue-t-on le verbe 'enregistrer' avec 'elle' au futur simple ?;elle enregistrera;elles enregistreront;j'enregistrerai;vous enregistrerez
32689;Comment conjugue-t-on le verbe 'chercher' avec 'vous' au futur simple ?;vous chercherez;ils chercheront;il cherchera;nous chercherons
32690;Comment conjugue-t-on le verbe 'plier' avec 'vous' au futur simple ?;vous plierez;tu plieras;nous plierons;ils plieront
32691;Comment conjugue-t-on le verbe 'donner' avec 'tu' au futur simple ?;tu donneras;vous donnerez;elle donnera;ils donneront
32692;Comment conjugue-t-on le verbe 'aider' avec 'elles' au futur simple ?;elles aideront;elle aidera;ils aideront;tu aideras
32693;Comment conjugue-t-on le verbe 'brûler' avec 'elle' au futur simple ?;elle brûlera;nous brûlerons;il brûlera;ils brûleront
32694;Comment conjugue-t-on le verbe 'remuer' avec 'vous' au futur simple ?;vous remuerez;ils remueront;tu remueras;elles remueront
32695;Comment conjugue-t-on le verbe 'cirer' avec 'ils' au futur simple ?;ils cireront;vous cirerez;je cirerai;elles cireront
32696;Comment conjugue-t-on le verbe 'hurler' avec 'vous' au futur simple ?;vous hurlerez;ils hurleront;nous hurlerons;elle hurlera
32697;Comment conjugue-t-on le verbe 'prêter' avec 'il' au futur simple ?;il prêtera;elle prêtera;je prêterai;vous prêterez
32698;Comment conjugue-t-on le verbe 'longer' avec 'elles' au futur simple ?;elles longeront;vous longerez;il longera;tu longeras
32699;Comment conjugue-t-on le verbe 'déplacer' avec 'nous' au futur simple ?;nous déplacerons;tu déplaceras;il déplacera;elles déplaceront
32700;Comment conjugue-t-on le verbe 'voler' avec 'vous' au futur simple ?;vous volerez;ils voleront;nous volerons;elles voleront
32701;Comment conjugue-t-on le verbe 'téléphoner' avec 'elles' au futur simple ?;elles téléphoneront;il téléphonera;elle téléphonera;tu téléphoneras
32702;Comment conjugue-t-on le verbe 'gêner' avec 'elle' au futur simple ?;elle gênera;tu gêneras;vous gênerez;elles gêneront
32703;Comment conjugue-t-on le verbe 'nettoyer' avec 'elles' au futur simple ?;elles nettoyeront;tu nettoyeras;vous nettoyerez;ils nettoyeront
32704;Comment conjugue-t-on le verbe 'murmurer' avec 'tu' au futur simple ?;tu murmureras;elle murmurera;nous murmurerons;vous murmurerez
32705;Comment conjugue-t-on le verbe 'brûler' avec 'nous' au futur simple ?;nous brûlerons;elles brûleront;vous brûlerez;il brûlera
32706;Comment conjugue-t-on le verbe 'effacer' avec 'elle' au futur simple ?;elle effacera;elles effaceront;vous effacerez;tu effaceras
32707;Comment conjugue-t-on le verbe 'cirer' avec 'vous' au futur simple ?;vous cirerez;il cirera;elle cirera;ils cireront
32708;Comment conjugue-t-on le verbe 'enfermer' avec 'je' au futur simple ?;j'enfermerai;elles enfermeront;il enfermera;elle enfermera
32709;Comment conjugue-t-on le verbe 'juger' avec 'je' au futur simple ?;je jugerai;nous jugerons;elles jugeront;tu jugeras
32710;Comment conjugue-t-on le verbe 'lancer' avec 'nous' au futur simple ?;nous lancerons;ils lanceront;je lancerai;tu lanceras
32711;Comment conjugue-t-on le verbe 'remercier' avec 'elle' au futur simple ?;elle remerciera;je remercierai;tu remercieras;elles remercieront
32712;Comment conjugue-t-on le verbe 'signaler' avec 'elles' au futur simple ?;elles signaleront;vous signalerez;elle signalera;il signalera
32713;Comment conjugue-t-on le verbe 'danser' avec 'elles' au futur simple ?;elles danseront;nous danserons;vous danserez;je danserai
32714;Comment conjugue-t-on le verbe 'rattraper' avec 'elles' au futur simple ?;elles rattraperont;tu rattraperas;il rattrapera;nous rattraperons
32715;Comment conjugue-t-on le verbe 'sculpter' avec 'tu' au futur simple ?;tu sculpteras;ils sculpteront;nous sculpterons;elle sculptera
32716;Comment conjugue-t-on le verbe 'compter' avec 'vous' au futur simple ?;vous compterez;je compterai;ils compteront;elle comptera
32717;Comment conjugue-t-on le verbe 'donner' avec 'nous' au futur simple ?;nous donnerons;vous donnerez;ils donneront;elles donneront
32718;Comment conjugue-t-on le verbe 'essuyer' avec 'tu' au futur simple ?;tu essuyeras;il essuyera;vous essuyerez;elles essuyeront
32719;Comment conjugue-t-on le verbe 'gêner' avec 'nous' au futur simple ?;nous gênerons;il gênera;ils gêneront;elle gênera
32720;Comment conjugue-t-on le verbe 'échapper' avec 'tu' au futur simple ?;tu échapperas;vous échapperez;il échappera;nous échapperons
32721;Comment conjugue-t-on le verbe 'partager' avec 'elle' au futur simple ?;elle partagera;je partagerai;nous partagerons;ils partageront
32722;Comment conjugue-t-on le verbe 'épingler' avec 'tu' au futur simple ?;tu épingleras;il épinglera;ils épingleront;j'épinglerai
32723;Comment conjugue-t-on le verbe 'gonfler' avec 'vous' au futur simple ?;vous gonflerez;je gonflerai;ils gonfleront;elle gonflera
32724;Comment conjugue-t-on le verbe 'détester' avec 'tu' au futur simple ?;tu détesteras;elle détestera;nous détesterons;vous détesterez
32725;Comment conjugue-t-on le verbe 'calmer' avec 'elles' au futur simple ?;elles calmeront;il calmera;je calmerai;elle calmera
32726;Comment conjugue-t-on le verbe 'échapper' avec 'ils' au futur simple ?;ils échapperont;nous échapperons;j'échapperai;elle échappera
32727;Comment conjugue-t-on le verbe 'vider' avec 'je' au futur simple ?;je viderai;il videra;ils videront;elles videront
32728;Comment conjugue-t-on le verbe 'coller' avec 'ils' au futur simple ?;ils colleront;elle collera;elles colleront;nous collerons
32729;Comment conjugue-t-on le verbe 'brûler' avec 'ils' au futur simple ?;ils brûleront;vous brûlerez;elles brûleront;nous brûlerons
32730;Comment conjugue-t-on le verbe 'prêter' avec 'je' au futur simple ?;je prêterai;nous prêterons;il prêtera;vous prêterez
32731;Comment conjugue-t-on le verbe 'remuer' avec 'nous' au futur simple ?;nous remuerons;elles remueront;il remuera;vous remuerez
32732;Comment conjugue-t-on le verbe 'porter' avec 'elle' au futur simple ?;elle portera;ils porteront;tu porteras;il portera
32733;Comment conjugue-t-on le verbe 'dessiner' avec 'elles' au futur simple ?;elles dessineront;je dessinerai;tu dessineras;nous dessinerons
32734;Comment conjugue-t-on le verbe 'porter' avec 'nous' au futur simple ?;nous porterons;vous porterez;ils porteront;elle portera
32735;Comment conjugue-t-on le verbe 'compter' avec 'elle' au futur simple ?;elle comptera;vous compterez;tu compteras;ils compteront
32736;Comment conjugue-t-on le verbe 'souhaiter' avec 'je' au futur simple ?;je souhaiterai;nous souhaiterons;elles souhaiteront;ils souhaiteront
32737;Comment conjugue-t-on le verbe 'échapper' avec 'vous' au futur simple ?;vous échapperez;il échappera;ils échapperont;elles échapperont
32738;Comment conjugue-t-on le verbe 'essayer' avec 'nous' au futur simple ?;nous essayerons;elles essayeront;vous essayerez;elle essayera
32739;Comment conjugue-t-on le verbe 'dresser' avec 'ils' au futur simple ?;ils dresseront;elles dresseront;vous dresserez;nous dresserons
32740;Comment conjugue-t-on le verbe 'hurler' avec 'il' au futur simple ?;il hurlera;elles hurleront;nous hurlerons;j'hurlerai
32741;Comment conjugue-t-on le verbe 'vider' avec 'vous' au futur simple ?;vous viderez;elles videront;il videra;elle videra
32742;Comment conjugue-t-on le verbe 'coller' avec 'elle' au futur simple ?;elle collera;ils colleront;vous collerez;nous collerons
32743;Comment conjugue-t-on le verbe 'échapper' avec 'nous' au futur simple ?;nous échapperons;ils échapperont;vous échapperez;elles échapperont
32744;Comment conjugue-t-on le verbe 'murmurer' avec 'ils' au futur simple ?;ils murmureront;tu murmureras;je murmurerai;nous murmurerons
32745;Comment conjugue-t-on le verbe 'racler' avec 'il' au futur simple ?;il raclera;ils racleront;elles racleront;tu racleras
32746;Comment conjugue-t-on le verbe 'brûler' avec 'je' au futur simple ?;je brûlerai;nous brûlerons;elles brûleront;vous brûlerez
32747;Comment conjugue-t-on le verbe 'brosser' avec 'je' au futur simple ?;je brosserai;tu brosseras;vous brosserez;elle brossera
32748;Comment conjugue-t-on le verbe 'remercier' avec 'je' au futur simple ?;je remercierai;tu remercieras;vous remercierez;il remerciera
32749;Comment conjugue-t-on le verbe 'griffonner' avec 'vous' au futur simple ?;vous griffonnerez;tu griffonneras;je griffonnerai;elle griffonnera
32750;Comment conjugue-t-on le verbe 'dresser' avec 'elles' au futur simple ?;elles dresseront;vous dresserez;nous dresserons;ils dresseront
32751;Comment conjugue-t-on le verbe 'aider' avec 'il' au futur simple ?;il aidera;nous aiderons;tu aideras;ils aideront
32752;Comment conjugue-t-on le verbe 'protéger' avec 'ils' au futur simple ?;ils protégeront;je protégerai;nous protégerons;il protégera
32753;Comment conjugue-t-on le verbe 'vider' avec 'elles' au futur simple ?;elles videront;je viderai;nous viderons;tu videras
32754;Comment conjugue-t-on le verbe 'prêter' avec 'nous' au futur simple ?;nous prêterons;vous prêterez;je prêterai;elles prêteront
32755;Comment conjugue-t-on le verbe 'avancer' avec 'il' au futur simple ?;il avancera;ils avanceront;nous avancerons;tu avanceras
32756;Comment conjugue-t-on le verbe 'copier' avec 'il' au futur simple ?;il copiera;nous copierons;elle copiera;je copierai
32757;Comment conjugue-t-on le verbe 'compter' avec 'elles' au futur simple ?;elles compteront;tu compteras;je compterai;vous compterez
32758;Comment conjugue-t-on le verbe 'hurler' avec 'ils' au futur simple ?;ils hurleront;nous hurlerons;elles hurleront;vous hurlerez
32759;Comment conjugue-t-on le verbe 'dresser' avec 'vous' au futur simple ?;vous dresserez;nous dresserons;elle dressera;elles dresseront
32760;Comment conjugue-t-on le verbe 'rassembler' avec 'je' au futur simple ?;je rassemblerai;elles rassembleront;il rassemblera;vous rassemblerez
32761;Comment conjugue-t-on le verbe 'emballer' avec 'elles' au futur simple ?;elles emballeront;j'emballerai;il emballera;elle emballera
32762;Comment conjugue-t-on le verbe 'déplacer' avec 'tu' au futur simple ?;tu déplaceras;nous déplacerons;elle déplacera;il déplacera
32763;Comment conjugue-t-on le verbe 'piocher' avec 'elles' au futur simple ?;elles piocheront;vous piocherez;tu piocheras;elle piochera
32764;Comment conjugue-t-on le verbe 'dessiner' avec 'ils' au futur simple ?;ils dessineront;nous dessinerons;je dessinerai;vous dessinerez
32765;Comment conjugue-t-on le verbe 'peigner' avec 'nous' au futur simple ?;nous peignerons;tu peigneras;elles peigneront;elle peignera
32766;Comment conjugue-t-on le verbe 'programmer' avec 'tu' au futur simple ?;tu programmeras;vous programmerez;nous programmerons;elle programmera
32767;Comment conjugue-t-on le verbe 'arriver' avec 'elle' au futur simple ?;elle arrivera;il arrivera;nous arriverons;tu arriveras
32768;Comment conjugue-t-on le verbe 'ranger' avec 'ils' au futur simple ?;ils rangeront;elles rangeront;elle rangera;tu rangeras
32769;Comment conjugue-t-on le verbe 'épingler' avec 'ils' au futur simple ?;ils épingleront;nous épinglerons;elles épingleront;elle épinglera
32770;Comment conjugue-t-on le verbe 'claquer' avec 'il' au futur simple ?;il claquera;nous claquerons;elles claqueront;ils claqueront
32771;Comment conjugue-t-on le verbe 'saluer' avec 'il' au futur simple ?;il saluera;elle saluera;nous saluerons;vous saluerez
32772;Comment conjugue-t-on le verbe 'ramper' avec 'il' au futur simple ?;il rampera;je ramperai;elle rampera;nous ramperons
32773;Comment conjugue-t-on le verbe 'longer' avec 'ils' au futur simple ?;ils longeront;elle longera;elles longeront;je longerai
32774;Comment conjugue-t-on le verbe 'marcher' avec 'nous' au futur simple ?;nous marcherons;elles marcheront;elle marchera;tu marcheras
32775;Comment conjugue-t-on le verbe 'aider' avec 'vous' au futur simple ?;vous aiderez;ils aideront;il aidera;elles aideront
32776;Comment conjugue-t-on le verbe 'embrasser' avec 'elles' au futur simple ?;elles embrasseront;vous embrasserez;j'embrasserai;elle embrassera
32777;Comment conjugue-t-on le verbe 'déjeuner' avec 'nous' au futur simple ?;nous déjeunerons;elles déjeuneront;ils déjeuneront;vous déjeunerez
32778;Comment conjugue-t-on le verbe 'téléphoner' avec 'elle' au futur simple ?;elle téléphonera;vous téléphonerez;elles téléphoneront;tu téléphoneras
32779;Comment conjugue-t-on le verbe 'déplacer' avec 'elle' au futur simple ?;elle déplacera;elles déplaceront;ils déplaceront;je déplacerai
32780;Comment conjugue-t-on le verbe 'arrêter' avec 'tu' au futur simple ?;tu arrêteras;ils arrêteront;elle arrêtera;j'arrêterai
32781;Comment conjugue-t-on le verbe 'voler' avec 'elles' au futur simple ?;elles voleront;nous volerons;tu voleras;vous volerez
32782;Comment conjugue-t-on le verbe 'inviter' avec 'vous' au futur simple ?;vous inviterez;nous inviterons;elles inviteront;ils inviteront
32783;Comment conjugue-t-on le verbe 'lancer' avec 'ils' au futur simple ?;ils lanceront;elles lanceront;tu lanceras;vous lancerez
32784;Comment conjugue-t-on le verbe 'saluer' avec 'elles' au futur simple ?;elles salueront;tu salueras;elle saluera;nous saluerons
32785;Comment conjugue-t-on le verbe 'épingler' avec 'elle' au futur simple ?;elle épinglera;vous épinglerez;j'épinglerai;nous épinglerons
32786;Comment conjugue-t-on le verbe 'rattraper' avec 'tu' au futur simple ?;tu rattraperas;nous rattraperons;il rattrapera;je rattraperai
32787;Comment conjugue-t-on le verbe 'peigner' avec 'vous' au futur simple ?;vous peignerez;elle peignera;ils peigneront;tu peigneras
32788;Comment conjugue-t-on le verbe 'compter' avec 'il' au futur simple ?;il comptera;je compterai;tu compteras;ils compteront
32789;Comment conjugue-t-on le verbe 'voler' avec 'tu' au futur simple ?;tu voleras;ils voleront;je volerai;elle volera
32790;Comment conjugue-t-on le verbe 'placer' avec 'elle' au futur simple ?;elle placera;tu placeras;nous placerons;ils placeront
32791;Comment conjugue-t-on le verbe 'ricaner' avec 'vous' au futur simple ?;vous ricanerez;il ricanera;nous ricanerons;je ricanerai
32792;Comment conjugue-t-on le verbe 'cuisiner' avec 'il' au futur simple ?;il cuisinera;elles cuisineront;ils cuisineront;tu cuisineras
32793;Comment conjugue-t-on le verbe 'enregistrer' avec 'je' au futur simple ?;j'enregistrerai;il enregistrera;elles enregistreront;vous enregistrerez
32794;Comment conjugue-t-on le verbe 'donner' avec 'il' au futur simple ?;il donnera;elles donneront;ils donneront;vous donnerez
32795;Comment conjugue-t-on le verbe 'coller' avec 'elles' au futur simple ?;elles colleront;il collera;vous collerez;je collerai
32796;Comment conjugue-t-on le verbe 'brosser' avec 'elle' au futur simple ?;elle brossera;ils brosseront;je brosserai;il brossera
32797;Comment conjugue-t-on le verbe 'annoncer' avec 'vous' au futur simple ?;vous annoncerez;il annoncera;elle annoncera;j'annoncerai
32798;Comment conjugue-t-on le verbe 'déjeuner' avec 'elles' au futur simple ?;elles déjeuneront;elle déjeunera;ils déjeuneront;tu déjeuneras
32799;Comment conjugue-t-on le verbe 'plonger' avec 'il' au futur simple ?;il plongera;vous plongerez;je plongerai;elle plongera
32800;Comment conjugue-t-on le verbe 'avoir' avec 'elle' à l'imparfait ?;elle avait;elles avaient;ils avaient;il avait
32801;Comment conjugue-t-on le verbe 'avoir' avec 'elles' à l'imparfait ?;elles avaient;ils avaient;tu avais;vous aviez
32802;Comment conjugue-t-on le verbe 'être' avec 'elles' à l'imparfait ?;elles étaient;elle était;nous étions;il était
32803;Comment conjugue-t-on le verbe 'être' avec 'elle' à l'imparfait ?;elle était;elles étaient;j'étais;nous étions
32804;Comment conjugue-t-on le verbe 'voler' avec 'nous' à l'imparfait ?;nous volions;elles volaient;vous voliez;il volait
32805;Comment conjugue-t-on le verbe 'annoncer' avec 'vous' à l'imparfait ?;vous annonciez;il annonçait;elle annonçait;ils annonçaient
32806;Comment conjugue-t-on le verbe 'apporter' avec 'vous' à l'imparfait ?;vous apportiez;elles apportaient;il apportait;tu apportais
32807;Comment conjugue-t-on le verbe 'remuer' avec 'elles' à l'imparfait ?;elles remuaient;nous remuions;je remuais;ils remuaient
32808;Comment conjugue-t-on le verbe 'pincer' avec 'il' à l'imparfait ?;il pinçait;nous pincions;elles pinçaient;elle pinçait
32809;Comment conjugue-t-on le verbe 'embrasser' avec 'nous' à l'imparfait ?;nous embrassions;j'embrassais;il embrassait;vous embrassiez
32810;Comment conjugue-t-on le verbe 'cuisiner' avec 'il' à l'imparfait ?;il cuisinait;nous cuisinions;ils cuisinaient;elles cuisinaient
32811;Comment conjugue-t-on le verbe 'cracher' avec 'ils' à l'imparfait ?;ils crachaient;vous crachiez;elle crachait;elles crachaient
32812;Comment conjugue-t-on le verbe 'déplacer' avec 'nous' à l'imparfait ?;nous déplacions;il déplaçait;elles déplaçaient;elle déplaçait
32813;Comment conjugue-t-on le verbe 'déranger' avec 'tu' à l'imparfait ?;tu dérangeais;ils dérangeaient;je dérangeais;nous dérangions
32814;Comment conjugue-t-on le verbe 'essuyer' avec 'ils' à l'imparfait ?;ils essuyaient;nous essuyions;elles essuyaient;j'essuyais
32815;Comment conjugue-t-on le verbe 'nettoyer' avec 'elles' à l'imparfait ?;elles nettoyaient;il nettoyait;ils nettoyaient;vous nettoyiez
32816;Comment conjugue-t-on le verbe 'bricoler' avec 'je' à l'imparfait ?;je bricolais;il bricolait;elle bricolait;ils bricolaient
32817;Comment conjugue-t-on le verbe 'enfermer' avec 'ils' à l'imparfait ?;ils enfermaient;tu enfermais;elles enfermaient;nous enfermions
32818;Comment conjugue-t-on le verbe 'piocher' avec 'ils' à l'imparfait ?;ils piochaient;je piochais;elles piochaient;vous piochiez
32819;Comment conjugue-t-on le verbe 'cacher' avec 'elle' à l'imparfait ?;elle cachait;elles cachaient;il cachait;ils cachaient
32820;Comment conjugue-t-on le verbe 'oublier' avec 'ils' à l'imparfait ?;ils oubliaient;elles oubliaient;il oubliait;tu oubliais
32821;Comment conjugue-t-on le verbe 'danser' avec 'ils' à l'imparfait ?;ils dansaient;je dansais;tu dansais;elle dansait
32822;Comment conjugue-t-on le verbe 'ramper' avec 'tu' à l'imparfait ?;tu rampais;il rampait;je rampais;vous rampiez
32823;Comment conjugue-t-on le verbe 'coller' avec 'tu' à l'imparfait ?;tu collais;nous collions;ils collaient;je collais
32824;Comment conjugue-t-on le verbe 'murmurer' avec 'je' à l'imparfait ?;je murmurais;elles murmuraient;tu murmurais;nous murmurions
32825;Comment conjugue-t-on le verbe 'vider' avec 'il' à l'imparfait ?;il vidait;elles vidaient;vous vidiez;nous vidions
32826;Comment conjugue-t-on le verbe 'prêter' avec 'elle' à l'imparfait ?;elle prêtait;tu prêtais;ils prêtaient;je prêtais
32827;Comment conjugue-t-on le verbe 'dîner' avec 'nous' à l'imparfait ?;nous dînions;je dînais;vous dîniez;elles dînaient
32828;Comment conjugue-t-on le verbe 'détester' avec 'elles' à l'imparfait ?;elles détestaient;ils détestaient;il détestait;nous détestions
32829;Comment conjugue-t-on le verbe 'souhaiter' avec 'tu' à l'imparfait ?;tu souhaitais;je souhaitais;elles souhaitaient;vous souhaitiez
32830;Comment conjugue-t-on le verbe 'chercher' avec 'tu' à l'imparfait ?;tu cherchais;vous cherchiez;il cherchait;elle cherchait
32831;Comment conjugue-t-on le verbe 'embrasser' avec 'ils' à l'imparfait ?;ils embrassaient;il embrassait;elle embrassait;tu embrassais
32832;Comment conjugue-t-on le verbe 'cuisiner' avec 'ils' à l'imparfait ?;ils cuisinaient;je cuisinais;elle cuisinait;il cuisinait
32833;Comment conjugue-t-on le verbe 'décharger' avec 'vous' à l'imparfait ?;vous déchargiez;ils déchargeaient;je déchargeais;nous déchargions
32834;Comment conjugue-t-on le verbe 'apporter' avec 'nous' à l'imparfait ?;nous apportions;ils apportaient;tu apportais;il apportait
32835;Comment conjugue-t-on le verbe 'balayer' avec 'je' à l'imparfait ?;je balayais;tu balayais;elle balayait;il balayait
32836;Comment conjugue-t-on le verbe 'enregistrer' avec 'il' à l'imparfait ?;il enregistrait;vous enregistriez;elle enregistrait;nous enregistrions
32837;Comment conjugue-t-on le verbe 'épingler' avec 'ils' à l'imparfait ?;ils épinglaient;elle épinglait;j'épinglais;il épinglait
32838;Comment conjugue-t-on le verbe 'piocher' avec 'vous' à l'imparfait ?;vous piochiez;je piochais;ils piochaient;tu piochais
32839;Comment conjugue-t-on le verbe 'saluer' avec 'elles' à l'imparfait ?;elles saluaient;elle saluait;nous saluions;vous saluiez
32840;Comment conjugue-t-on le verbe 'plonger' avec 'vous' à l'imparfait ?;vous plongiez;tu plongeais;je plongeais;il plongeait
32841;Comment conjugue-t-on le verbe 'signaler' avec 'je' à l'imparfait ?;je signalais;vous signaliez;il signalait;elles signalaient
32842;Comment conjugue-t-on le verbe 'peigner' avec 'je' à l'imparfait ?;je peignais;tu peignais;elles peignaient;nous peignions
32843;Comment conjugue-t-on le verbe 'calculer' avec 'elle' à l'imparfait ?;elle calculait;il calculait;ils calculaient;tu calculais
32844;Comment conjugue-t-on le verbe 'rassembler' avec 'elles' à l'imparfait ?;elles rassemblaient;elle rassemblait;il rassemblait;nous rassemblions
32845;Comment conjugue-t-on le verbe 'murmurer' avec 'elle' à l'imparfait ?;elle murmurait;vous murmuriez;elles murmuraient;ils murmuraient
32846;Comment conjugue-t-on le verbe 'calculer' avec 'elles' à l'imparfait ?;elles calculaient;il calculait;vous calculiez;tu calculais
32847;Comment conjugue-t-on le verbe 'échapper' avec 'vous' à l'imparfait ?;vous échappiez;j'échappais;ils échappaient;tu échappais
32848;Comment conjugue-t-on le verbe 'racler' avec 'vous' à l'imparfait ?;vous racliez;ils raclaient;elle raclait;je raclais
32849;Comment conjugue-t-on le verbe 'remercier' avec 'ils' à l'imparfait ?;ils remerciaient;vous remerciiez;tu remerciais;elle remerciait
32850;Comment conjugue-t-on le verbe 'juger' avec 'vous' à l'imparfait ?;vous jugiez;elles jugeaient;elle jugeait;il jugeait
32851;Comment conjugue-t-on le verbe 'installer' avec 'tu' à l'imparfait ?;tu installais;elles installaient;ils installaient;vous installiez
32852;Comment conjugue-t-on le verbe 'surveiller' avec 'ils' à l'imparfait ?;ils surveillaient;vous surveilliez;elles surveillaient;je surveillais
32853;Comment conjugue-t-on le verbe 'ricaner' avec 'tu' à l'imparfait ?;tu ricanais;nous ricanions;vous ricaniez;elle ricanait
32854;Comment conjugue-t-on le verbe 'calmer' avec 'je' à l'imparfait ?;je calmais;elle calmait;elles calmaient;vous calmiez
32855;Comment conjugue-t-on le verbe 'griffonner' avec 'tu' à l'imparfait ?;tu griffonnais;vous griffonniez;elle griffonnait;il griffonnait
32856;Comment conjugue-t-on le verbe 'dîner' avec 'elles' à l'imparfait ?;elles dînaient;vous dîniez;je dînais;ils dînaient
32857;Comment conjugue-t-on le verbe 'enregistrer' avec 'tu' à l'imparfait ?;tu enregistrais;j'enregistrais;elles enregistraient;vous enregistriez
32858;Comment conjugue-t-on le verbe 'longer' avec 'nous' à l'imparfait ?;nous longions;tu longeais;ils longeaient;elle longeait
32859;Comment conjugue-t-on le verbe 'juger' avec 'tu' à l'imparfait ?;tu jugeais;elle jugeait;il jugeait;ils jugeaient
32860;Comment conjugue-t-on le verbe 'enfermer' avec 'vous' à l'imparfait ?;vous enfermiez;ils enfermaient;elles enfermaient;elle enfermait
32861;Comment conjugue-t-on le verbe 'allumer' avec 'nous' à l'imparfait ?;nous allumions;il allumait;vous allumiez;j'allumais
32862;Comment conjugue-t-on le verbe 'prêter' avec 'il' à l'imparfait ?;il prêtait;nous prêtions;elles prêtaient;ils prêtaient
32863;Comment conjugue-t-on le verbe 'installer' avec 'il' à l'imparfait ?;il installait;ils installaient;elle installait;nous installions
32864;Comment conjugue-t-on le verbe 'griffonner' avec 'elle' à l'imparfait ?;elle griffonnait;tu griffonnais;ils griffonnaient;elles griffonnaient
32865;Comment conjugue-t-on le verbe 'téléphoner' avec 'tu' à l'imparfait ?;tu téléphonais;elle téléphonait;ils téléphonaient;elles téléphonaient
32866;Comment conjugue-t-on le verbe 'déplacer' avec 'il' à l'imparfait ?;il déplaçait;elles déplaçaient;elle déplaçait;ils déplaçaient
32867;Comment conjugue-t-on le verbe 'occuper' avec 'tu' à l'imparfait ?;tu occupais;j'occupais;ils occupaient;vous occupiez
32868;Comment conjugue-t-on le verbe 'oublier' avec 'elles' à l'imparfait ?;elles oubliaient;tu oubliais;nous oubliions;elle oubliait
32869;Comment conjugue-t-on le verbe 'dîner' avec 'vous' à l'imparfait ?;vous dîniez;tu dînais;elle dînait;je dînais
32870;Comment conjugue-t-on le verbe 'racler' avec 'elle' à l'imparfait ?;elle raclait;tu raclais;ils raclaient;je raclais
32871;Comment conjugue-t-on le verbe 'cuisiner' avec 'elles' à l'imparfait ?;elles cuisinaient;elle cuisinait;tu cuisinais;vous cuisiniez
32872;Comment conjugue-t-on le verbe 'prêter' avec 'nous' à l'imparfait ?;nous prêtions;il prêtait;tu prêtais;vous prêtiez
32873;Comment conjugue-t-on le verbe 'oublier' avec 'vous' à l'imparfait ?;vous oubliiez;nous oubliions;il oubliait;tu oubliais
32874;Comment conjugue-t-on le verbe 'ramper' avec 'il' à l'imparfait ?;il rampait;je rampais;elles rampaient;elle rampait
32875;Comment conjugue-t-on le verbe 'griffonner' avec 'ils' à l'imparfait ?;ils griffonnaient;vous griffonniez;elles griffonnaient;je griffonnais
32876;Comment conjugue-t-on le verbe 'murmurer' avec 'il' à l'imparfait ?;il murmurait;tu murmurais;nous murmurions;ils murmuraient
32877;Comment conjugue-t-on le verbe 'chuchoter' avec 'il' à l'imparfait ?;il chuchotait;elles chuchotaient;je chuchotais;elle chuchotait
32878;Comment conjugue-t-on le verbe 'signaler' avec 'elles' à l'imparfait ?;elles signalaient;elle signalait;ils signalaient;il signalait
32879;Comment conjugue-t-on le verbe 'signaler' avec 'tu' à l'imparfait ?;tu signalais;ils signalaient;vous signaliez;elle signalait
32880;Comment conjugue-t-on le verbe 'chercher' avec 'ils' à l'imparfait ?;ils cherchaient;elles cherchaient;je cherchais;vous cherchiez
32881;Comment conjugue-t-on le verbe 'ramper' avec 'je' à l'imparfait ?;je rampais;elle rampait;ils rampaient;vous rampiez
32882;Comment conjugue-t-on le verbe 'signaler' avec 'ils' à l'imparfait ?;ils signalaient;elles signalaient;tu signalais;il signalait
32883;Comment conjugue-t-on le verbe 'surveiller' avec 'je' à l'imparfait ?;je surveillais;ils surveillaient;tu surveillais;il surveillait
32884;Comment conjugue-t-on le verbe 'cracher' avec 'elles' à l'imparfait ?;elles crachaient;ils crachaient;je crachais;tu crachais
32885;Comment conjugue-t-on le verbe 'hurler' avec 'elle' à l'imparfait ?;elle hurlait;ils hurlaient;nous hurlions;j'hurlais
32886;Comment conjugue-t-on le verbe 'annoncer' avec 'je' à l'imparfait ?;j'annonçais;tu annonçais;elle annonçait;il annonçait
32887;Comment conjugue-t-on le verbe 'oublier' avec 'je' à l'imparfait ?;j'oubliais;vous oubliiez;il oubliait;elle oubliait
32888;Comment conjugue-t-on le verbe 'calculer' avec 'ils' à l'imparfait ?;ils calculaient;nous calculions;vous calculiez;il calculait
32889;Comment conjugue-t-on le verbe 'bricoler' avec 'vous' à l'imparfait ?;vous bricoliez;ils bricolaient;elles bricolaient;elle bricolait
32890;Comment conjugue-t-on le verbe 'nettoyer' avec 'vous' à l'imparfait ?;vous nettoyiez;je nettoyais;il nettoyait;tu nettoyais
32891;Comment conjugue-t-on le verbe 'inviter' avec 'il' à l'imparfait ?;il invitait;vous invitiez;j'invitais;tu invitais
32892;Comment conjugue-t-on le verbe 'déranger' avec 'il' à l'imparfait ?;il dérangeait;vous dérangiez;ils dérangeaient;je dérangeais
32893;Comment conjugue-t-on le verbe 'surveiller' avec 'il' à l'imparfait ?;il surveillait;ils surveillaient;je surveillais;elle surveillait
32894;Comment conjugue-t-on le verbe 'peigner' avec 'elles' à l'imparfait ?;elles peignaient;vous peigniez;je peignais;nous peignions
32895;Comment conjugue-t-on le verbe 'sculpter' avec 'je' à l'imparfait ?;je sculptais;elle sculptait;il sculptait;ils sculptaient
32896;Comment conjugue-t-on le verbe 'enregistrer' avec 'vous' à l'imparfait ?;vous enregistriez;il enregistrait;tu enregistrais;j'enregistrais
32897;Comment conjugue-t-on le verbe 'détester' avec 'ils' à l'imparfait ?;ils détestaient;nous détestions;je détestais;elle détestait
32898;Comment conjugue-t-on le verbe 'danser' avec 'il' à l'imparfait ?;il dansait;je dansais;elles dansaient;tu dansais
32899;Comment conjugue-t-on le verbe 'inviter' avec 'ils' à l'imparfait ?;ils invitaient;nous invitions;il invitait;elles invitaient
32900;Comment conjugue-t-on le verbe 'longer' avec 'il' à l'imparfait ?;il longeait;vous longiez;elles longeaient;nous longions
32901;Comment conjugue-t-on le verbe 'plonger' avec 'elle' à l'imparfait ?;elle plongeait;ils plongeaient;vous plongiez;nous plongions
32902;Comment conjugue-t-on le verbe 'bricoler' avec 'elle' à l'imparfait ?;elle bricolait;elles bricolaient;nous bricolions;ils bricolaient
32903;Comment conjugue-t-on le verbe 'nettoyer' avec 'je' à l'imparfait ?;je nettoyais;elles nettoyaient;tu nettoyais;ils nettoyaient
32904;Comment conjugue-t-on le verbe 'chuchoter' avec 'nous' à l'imparfait ?;nous chuchotions;vous chuchotiez;il chuchotait;tu chuchotais
32905;Comment conjugue-t-on le verbe 'ramper' avec 'vous' à l'imparfait ?;vous rampiez;il rampait;nous rampions;je rampais
32906;Comment conjugue-t-on le verbe 'prêter' avec 'elles' à l'imparfait ?;elles prêtaient;je prêtais;elle prêtait;nous prêtions
32907;Comment conjugue-t-on le verbe 'vider' avec 'vous' à l'imparfait ?;vous vidiez;il vidait;ils vidaient;je vidais
32908;Comment conjugue-t-on le verbe 'signaler' avec 'nous' à l'imparfait ?;nous signalions;je signalais;elle signalait;vous signaliez
32909;Comment conjugue-t-on le verbe 'coller' avec 'il' à l'imparfait ?;il collait;elle collait;elles collaient;je collais
32910;Comment conjugue-t-on le verbe 'téléphoner' avec 'ils' à l'imparfait ?;ils téléphonaient;il téléphonait;vous téléphoniez;tu téléphonais
32911;Comment conjugue-t-on le verbe 'ricaner' avec 'vous' à l'imparfait ?;vous ricaniez;tu ricanais;ils ricanaient;il ricanait
32912;Comment conjugue-t-on le verbe 'brûler' avec 'elle' à l'imparfait ?;elle brûlait;tu brûlais;il brûlait;ils brûlaient
32913;Comment conjugue-t-on le verbe 'déplacer' avec 'elles' à l'imparfait ?;elles déplaçaient;je déplaçais;tu déplaçais;ils déplaçaient
32914;Comment conjugue-t-on le verbe 'claquer' avec 'tu' à l'imparfait ?;tu claquais;je claquais;ils claquaient;il claquait
32915;Comment conjugue-t-on le verbe 'attacher' avec 'elle' à l'imparfait ?;elle attachait;nous attachions;j'attachais;ils attachaient
32916;Comment conjugue-t-on le verbe 'échapper' avec 'je' à l'imparfait ?;j'échappais;vous échappiez;nous échappions;il échappait
32917;Comment conjugue-t-on le verbe 'balayer' avec 'nous' à l'imparfait ?;nous balayions;elles balayaient;elle balayait;je balayais
32918;Comment conjugue-t-on le verbe 'cacher' avec 'il' à l'imparfait ?;il cachait;nous cachions;elle cachait;je cachais
32919;Comment conjugue-t-on le verbe 'pincer' avec 'tu' à l'imparfait ?;tu pinçais;nous pincions;je pinçais;elles pinçaient
32920;Comment conjugue-t-on le verbe 'souhaiter' avec 'il' à l'imparfait ?;il souhaitait;ils souhaitaient;tu souhaitais;je souhaitais
32921;Comment conjugue-t-on le verbe 'remercier' avec 'nous' à l'imparfait ?;nous remerciions;ils remerciaient;vous remerciiez;je remerciais
32922;Comment conjugue-t-on le verbe 'sculpter' avec 'elle' à l'imparfait ?;elle sculptait;ils sculptaient;elles sculptaient;tu sculptais
32923;Comment conjugue-t-on le verbe 'allumer' avec 'elle' à l'imparfait ?;elle allumait;nous allumions;elles allumaient;il allumait
32924;Comment conjugue-t-on le verbe 'annoncer' avec 'elles' à l'imparfait ?;elles annonçaient;elle annonçait;nous annoncions;tu annonçais
32925;Comment conjugue-t-on le verbe 'ricaner' avec 'elles' à l'imparfait ?;elles ricanaient;elle ricanait;vous ricaniez;je ricanais
32926;Comment conjugue-t-on le verbe 'claquer' avec 'ils' à l'imparfait ?;ils claquaient;je claquais;vous claquiez;nous claquions
32927;Comment conjugue-t-on le verbe 'balayer' avec 'vous' à l'imparfait ?;vous balayiez;elle balayait;tu balayais;je balayais
32928;Comment conjugue-t-on le verbe 'apporter' avec 'je' à l'imparfait ?;j'apportais;nous apportions;tu apportais;il apportait
32929;Comment conjugue-t-on le verbe 'pincer' avec 'nous' à l'imparfait ?;nous pincions;vous pinciez;elles pinçaient;tu pinçais
32930;Comment conjugue-t-on le verbe 'souhaiter' avec 'elle' à l'imparfait ?;elle souhaitait;nous souhaitions;elles souhaitaient;je souhaitais
32931;Comment conjugue-t-on le verbe 'éclairer' avec 'vous' à l'imparfait ?;vous éclairiez;j'éclairais;tu éclairais;elles éclairaient
32932;Comment conjugue-t-on le verbe 'juger' avec 'elle' à l'imparfait ?;elle jugeait;ils jugeaient;tu jugeais;vous jugiez
32933;Comment conjugue-t-on le verbe 'souhaiter' avec 'ils' à l'imparfait ?;ils souhaitaient;je souhaitais;nous souhaitions;elle souhaitait
32934;Comment conjugue-t-on le verbe 'ricaner' avec 'je' à l'imparfait ?;je ricanais;nous ricanions;tu ricanais;ils ricanaient
32935;Comment conjugue-t-on le verbe 'bricoler' avec 'elles' à l'imparfait ?;elles bricolaient;elle bricolait;tu bricolais;il bricolait
32936;Comment conjugue-t-on le verbe 'peigner' avec 'elle' à l'imparfait ?;elle peignait;tu peignais;je peignais;ils peignaient
32937;Comment conjugue-t-on le verbe 'plonger' avec 'ils' à l'imparfait ?;ils plongeaient;elles plongeaient;nous plongions;il plongeait
32938;Comment conjugue-t-on le verbe 'hurler' avec 'nous' à l'imparfait ?;nous hurlions;vous hurliez;j'hurlais;il hurlait
32939;Comment conjugue-t-on le verbe 'occuper' avec 'il' à l'imparfait ?;il occupait;ils occupaient;elles occupaient;vous occupiez
32940;Comment conjugue-t-on le verbe 'longer' avec 'tu' à l'imparfait ?;tu longeais;je longeais;vous longiez;nous longions
32941;Comment conjugue-t-on le verbe 'longer' avec 'vous' à l'imparfait ?;vous longiez;il longeait;je longeais;tu longeais
32942;Comment conjugue-t-on le verbe 'épingler' avec 'tu' à l'imparfait ?;tu épinglais;nous épinglions;elles épinglaient;ils épinglaient
32943;Comment conjugue-t-on le verbe 'installer' avec 'je' à l'imparfait ?;j'installais;il installait;vous installiez;elles installaient
32944;Comment conjugue-t-on le verbe 'souhaiter' avec 'vous' à l'imparfait ?;vous souhaitiez;elles souhaitaient;il souhaitait;ils souhaitaient
32945;Comment conjugue-t-on le verbe 'apporter' avec 'elle' à l'imparfait ?;elle apportait;nous apportions;vous apportiez;elles apportaient
32946;Comment conjugue-t-on le verbe 'cacher' avec 'vous' à l'imparfait ?;vous cachiez;je cachais;elles cachaient;nous cachions
32947;Comment conjugue-t-on le verbe 'emballer' avec 'ils' à l'imparfait ?;ils emballaient;elle emballait;tu emballais;nous emballions
32948;Comment conjugue-t-on le verbe 'rattraper' avec 'elles' à l'imparfait ?;elles rattrapaient;ils rattrapaient;elle rattrapait;tu rattrapais
32949;Comment conjugue-t-on le verbe 'oublier' avec 'nous' à l'imparfait ?;nous oubliions;il oubliait;vous oubliiez;j'oubliais
