id;type;text;correct_answer;choice_2;choice_3;choice_4;passage_id;qtype
27000;passage;Léa passe ses vacances d'été au bord de la mer avec ses parents et son petit frère. Sa famille revient chaque année dans cette même petite station balnéaire depuis plusieurs générations. Ce matin-là, la marée est particulièrement basse. Une vaste étendue de sable humide et compact se dégage devant la plage. Léa décide alors de construire le plus grand château de sable qu'elle n'ait jamais tenté. Elle choisit avec soin son emplacement. Il doit être assez proche de l'eau pour que le sable soit facile à modeler. Mais il doit aussi être assez loin pour retarder l'arrivée de la marée montante. Elle commence par creuser un large fosse circulaire. Ce fosse servira de douves protectrices autour de sa future forteresse. Son petit frère l'aide avec enthousiasme en transportant des seaux d'eau depuis le bord de mer. Avec beaucoup de patience, Léa empile ensuite plusieurs tours de hauteurs différentes. Elle tasse soigneusement le sable à chaque étage à l'aide d'un seau retourne. Cela garantit une meilleure solidité à sa construction. Pour finir son oeuvre, elle utilise une collection de coquillages nacres trouvée un peu plus tôt sur la plage. Elle les dispose avec beaucoup de goût le long des murailles imaginaires de son château. Des algues brunes séchées viennent compléter joliment le décor. Elles font office de petits drapeaux flottants au sommet de chaque tour patiemment construite par la fillette passionnée. Peu à peu, une petite foule d'enfants curieux et de parents amusés s'approche pour observer cette impressionnante réalisation. Certains proposent même spontanément leur aide pour enrichir encore la construction. Malheureusement, en fin d'après-midi, la marée commence à remonter. Elle grignote peu à peu les douves si soigneusement creusées quelques heures auparavant par la jeune architecte en herbe. Plutôt que de se décourager face à cette disparition inévitable, Léa prend une photo de sa création avant qu'elle ne soit engloutie par l'eau. Elle se promet déjà de recommencer, encore plus grand, dès le lendemain.;;;;;;
27001;question;Où Léa passe-t-elle ses vacances d'été chaque année ?;dans une petite station balnéaire familiale;à la montagne uniquement;à la campagne chez ses grands-parents;en ville chez sa tante;27000;L
27002;question;Que décide de construire Léa profitant de la marée basse ?;le plus ambitieux château de sable jamais entrepris;un simple trou dans le sable;une piscine naturelle creusée;un abri contre le vent;27000;L
27003;question;Qui aide Léa en transportant des seaux d'eau ?;son petit frère;sa maman;un enfant inconnu;personne ne l'aide;27000;L
27004;question;Avec quoi Léa décore-t-elle les murailles de son château ?;des coquillages nacres;des cailloux ronds;des fleurs séchées;des morceaux de bois flotte;27000;L
27005;question;Que se passe-t-il en fin d'après-midi concernant la marée ?;elle entame sa remontée et grignote les douves;elle reste totalement basse toute la journée;elle se retire encore davantage;il n'y à pas de marée ce jour-là;27000;L
27006;question;Que fait Léa avant que son château ne soit englouti ?;elle le photographie fièrement;elle le détruit elle-même;elle pleure sans agir;elle demande de l'aide pour le sauver;27000;L
27007;question;Que veut dire 'inexorablement' à propos de la remontée de la marée ?;de façon inévitable, sans qu'on puisse l'arrêter;de façon très hésitante et incertaine;de manière totalement imprévisible;de façon extrêmement lente et discrète;27000;V
27008;question;Que veut dire 's'attroupe' à propos de la foule autour du château de Léa ?;se rassemble progressivement en groupe;se disperse rapidement dans toutes les directions;reste immobile et silencieuse à distance;critique ouvertement la construction observée;27000;V
27009;question;Que veut dire 'érigées' à propos des tours construites par Léa ?;construites et dressées avec soin;détruites volontairement;abandonnées en cours de construction;dessinées uniquement sur le sable;27000;V
27010;question;Que veut dire 'éphémère' à propos de l'oeuvre architecturale réalisée par Léa ?;qui ne dure qu'un temps très court;qui dure indéfiniment sans jamais disparaître;qui est impossible à photographier;qui est interdite d'accès au public;27000;V
27011;question;Que veut dire 'engloutie' à propos du sort final du château de sable ?;recouverte et absorbée complètement par l'eau;transportée intacte vers un autre lieu;vendue à un autre enfant du rivage;reconstruite plus loin sur la plage;27000;V
27012;question;Que veut dire 'stratégique' à propos de l'emplacement choisi par Léa pour son château ?;choisi avec réflexion pour répondre à un objectif précis;choisi totalement au hasard sans réflexion;imposé par ses parents sans discussion;impossible à atteindre facilement;27000;V
27013;question;Pourquoi Léa choisit-elle un emplacement ni trop près ni trop loin du rivage ?;elle cherche un compromis entre facilite de construction et durée de vie du château face à la marée;elle suit simplement les indications de son petit frère;c'est le seul endroit encore libre sur la plage ce jour-là;ses parents lui imposent cet emplacement précis;27000;I
27014;question;Pourquoi le petit frère de Léa participe-t-il activement au projet en transportant de l'eau ?;il souhaite contribuer avec enthousiasme au projet de sa grande soeur;sa maman l'oblige à aider Léa contre son gré;il n'a rien d'autre à faire de sa journée à la plage;Léa le menace de ne plus jouer avec lui sinon;27000;I
27015;question;Pourquoi certains enfants proposent-ils spontanément leur aide à Léa pour son château ?;ils sont impressionnés par l'ampleur de la réalisation et souhaitent y participer;ils veulent en réalité s'approprier le projet de Léa;leurs parents les y encouragent fermement;ils s'ennuient et n'ont rien d'autre à faire sur la plage;27000;I
27016;question;Que peut-on déduire du caractère de Léa face à la destruction inévitable de son château par la marée ?;elle fait preuve de resilience et sait transformer une déception en projet futur;elle abandonne définitivement toute construction de châteaux de sable;elle se met durablement en colère contre les éléments naturels;elle refuse catégoriquement d'accepter que son château disparaisse;27000;I
27017;question;Pourquoi Léa prend-elle soin de photographier son château avant sa disparition ?;elle souhaite conserver une trace durable de cette création temporaire;ses parents le lui demandent expressément pour des raisons pratiques;elle envisage de vendre cette photographie à d'autres vacanciers;elle ne reverra plus jamais cette plage de sa vie;27000;I
27018;question;Que peut-on déduire de la relation entre Léa et son petit frère à travers ce projet commun ?;ils coopèrent avec plaisir sur un projet partage malgré leur différence d'âge;ils se disputent constamment pour la direction du projet;le petit frère se montre totalement indifférent au projet de sa soeur;Léa refuse catégoriquement toute aide venant de son frère;27000;I
27019;question;Que peut-on déduire du plaisir que Léa retire de cette activité malgré la destruction finale et programmée du château ?;le plaisir du processus créatif compte davantage à ses yeux que la durée de vie de l'oeuvre;Léa regrette profondément d'avoir investi autant de temps dans ce projet;elle ne recommencera plus jamais ce type d'activité à l'avenir;elle est dégoûtée durablement de la plage à cause de cet épisode;27000;I
27020;question;Que peut-on déduire de l'attitude générale de Léa face aux contraintes naturelles rencontrées durant cette activité ?;elle sait s'adapter avec ingéniosité aux limites imposées par son environnement;elle ignore complètement les contraintes liées à la marée;elle considère la marée comme un simple obstacle à éviter définitivement;elle préfère désormais éviter toute activité liée au sable;27000;I
27021;passage;Hugo part avec toute sa classe passer une journée à la ferme pédagogique située non loin de son école. Cette sortie est organisée chaque année pour tous les élèves de CM2. Dès l'arrivée, le fermier accueille chaleureusement les enfants. Il leur présente ensuite les différents animaux qui vivent dans la ferme. Hugo est particulièrement impatient de découvrir les chèvres naines. La première activité proposée consiste à nourrir les poules avec du grain. Le fermier explique comment jeter les grains doucement pour ne pas effrayer les volailles agitées. Hugo suit attentivement ses conseils. Ensuite, le groupe se rend à l'étable où plusieurs vaches attendent d'être traites. Le fermier explique le fonctionnement de la traite mécanique moderne, tout en laissant les enfants toucher le pis d'une vache très calme. Hugo découvre alors que le lait qu'il boit chaque matin provient directement de ces animaux. Cette information le surprend énormément, car il n'y avait jamais vraiment réfléchi auparavant durant toute sa scolarité. L'après-midi, les élèves participent à un atelier de fabrication de fromage, encadres par la femme du fermier. Hugo malaxe soigneusement la pâte blanche avant de la déposer avec soin dans un petit moule en osier. Le fermier explique alors les différentes étapes nécessaires à la transformation du lait en fromage. Hugo apprend notamment le rôle essentiel joue par la présure dans ce long processus de fabrication traditionnelle. Avant de repartir, chaque enfant reçoit un petit sachet de graines à planter chez lui, accompagné d'une fiche explicative détaillant les étapes de leur croissance. Hugo est ravi de continuer l'expérience à la maison. Dans le bus du retour, Hugo raconte avec enthousiasme sa journée à son voisin de siège, reste malade chez lui. Il lui promet de lui montrer ses graines dès qu'elles commenceront à pousser dans son jardin. De retour chez lui, Hugo installe immédiatement son petit pot de graines près de la fenêtre de sa chambre. Il espère secrètement pouvoir suivre chaque étape de cette croissance avec autant de curiosité que celle observée à la ferme.;;;;;;
27022;question;Où Hugo part-il avec sa classe ?;à la ferme pédagogique;au musée régional;à la piscine municipale;au zoo de sa ville;27021;L
27023;question;Quelle est la première activité proposée aux élèves ?;nourrir les poules avec du grain;traire les vaches directement;fabriquer du fromage artisanal;planter des graines de légumes;27021;L
27024;question;Que découvre Hugo à propos du lait qu'il consomme chaque matin ?;il provient directement des vaches de la ferme;il est fabriqué entièrement en usine;il vient d'un pays étranger;il n'y à pas de vaches à cette ferme;27021;L
27025;question;Que fait Hugo pendant l'atelier de l'après-midi ?;il malaxe la pâte à fromage;il peint un tableau;il coud un vêtement;il construit un meuble en bois;27021;L
27026;question;Que joue un rôle essentiel dans la fabrication du fromage selon le fermier ?;la présure;uniquement le sel;le sucre ajoute;la farine de blé;27021;L
27027;question;Que reçoit chaque enfant avant de repartir de la ferme ?;un sachet de graines à planter;un petit fromage à emporter;un dessin d'animal encadre;une photo souvenir de groupe;27021;L
27028;question;Que veut dire 'pédagogique' à propos de la ferme visitée par Hugo ?;conçue spécialement pour permettre d'apprendre;réservée exclusivement aux adultes;abandonnée depuis de nombreuses années;interdite d'accès aux visiteurs extérieurs;27021;V
27029;question;Que veut dire 'malaxe' à propos du geste d'Hugo avec la pâte à fromage ?;pétrit et mélange soigneusement avec les mains;regarde attentivement sans jamais y toucher;jette immédiatement à la poubelle;congelé rapidement au réfrigérateur;27021;V
27030;question;Que veut dire 'agitées' à propos des volailles nourries par Hugo ?;excitées et en mouvement constant;totalement immobiles et endormies;parfaitement silencieuses et calmes;malades et affaiblies visiblement;27021;V
27031;question;Que veut dire 'présure' dans le contexte de la fabrication du fromage ?;une substance qui permet de faire cailler le lait;un type particulier de moule à fromage;un instrument servant à traire les vaches;un ingrédient décoratif ajoute à la fin;27021;V
27032;question;Que veut dire 'encadres' à propos des élèves pendant l'atelier fromage ?;accompagnes et guidés par un adulte compétent;laisses entièrement seuls sans surveillance;empêchés formellement de participer;punis pour leur comportement passe;27021;V
27033;question;Que veut dire 'malaxe' associe à 'soigneusement' concernant la manière dont Hugo travaille la pâte ?;avec beaucoup d'attention et de précision;de façon très rapide et négligée;en suivant un ordre strict impose;sans aucune méthode particulière;27021;V
27034;question;Pourquoi Hugo est-il surpris d'apprendre l'origine réelle du lait qu'il boit chaque matin ?;il n'avait jamais réfléchi auparavant à la provenance concrète de cet aliment quotidien;il pensait sincèrement que le lait venait uniquement d'un magasin;le fermier lui à menti sur ce sujet auparavant;il n'aime pas particulièrement le goût du lait;27021;I
27035;question;Pourquoi le fermier laisse-t-il les enfants toucher le pis d'une vache particulièrement calme ?;il souhaite leur offrir une expérience concrète et rassurante avec un animal facile à approcher;il n'a aucune autre vache disponible ce jour-là;les enfants l'exigent avec insistance dès leur arrivée;cette vache précise est malade et doit être surveillée;27021;I
27036;question;Pourquoi le fermier détaille-t-il les différentes étapes de fabrication du fromage aux enfants ?;il souhaite leur transmettre une compréhension complète de ce processus artisanal traditionnel;il improvise cette explication faute d'autre activité prévue;les parents des élèves l'exigent par contrat;c'est une obligation administrative imposée par l'école;27021;I
27037;question;Qu'est-ce qui montre que Hugo à particulièrement appreci cette sortie scolaire à la ferme ?;il en parle avec enthousiasme dans le bus et continue l'expérience chez lui;il s'endort avant même la fin de la visite guidée;il se plaint constamment durant toute la journée passée;il refuse catégoriquement de planter ses graines à la maison;27021;I
27038;question;Pourquoi Hugo installe-t-il son pot de graines près de la fenêtre de sa chambre en rentrant ?;il souhaite pouvoir suivre attentivement chaque étape de la croissance de sa plante;sa maman le lui impose sans lui donner d'explication;c'est le seul endroit disponible dans toute la maison;il a oublié ce pot dans un coin de sa chambre;27021;I
27039;question;Que peut-on déduire de l'objectif général poursuivi par cette sortie scolaire annuelle à la ferme ?;elle vise à faire découvrir concrètement aux élèves l'origine des aliments du quotidien;elle sert uniquement à occuper une journée de classe sans réel objectif;elle est organisée uniquement pour récompenser certains élèves précis;elle n'entretient aucun lien avec le programme scolaire habituel;27021;I
27040;question;Que peut-on déduire du rôle joue par la femme du fermier durant cet atelier fromage ?;elle transmet avec patience un savoir-faire artisanal précieux aux jeunes élèves;elle se contente de surveiller passivement sans jamais intervenir;elle n'apprécie manifestement pas la présence de ces enfants;elle remplace simplement son mari fermier ce jour-là;27021;I
27041;question;Que peut-on déduire de l'évolution du rapport d'Hugo à l'alimentation après cette sortie scolaire ?;il développe une conscience nouvelle et durable de l'origine concrète des produits qu'il consomme;cette sortie n'a finalement aucun effet particulier sur ses habitudes;il refuse désormais catégoriquement de boire du lait;il oublie complètement cette expérience dès le lendemain de la sortie;27021;I
27042;passage;Nora part en randonnée en montagne avec ses parents pendant les vacances d'été. La famille séjourne dans un petit village niche au pied des sommets. C'est la première fois que Nora tente une randonnée aussi longue. Dès le départ, le sentier grimpe fortement à travers une forêt de sapins odorants. Nora respire à pleins poumons cet air frais, qui contraste nettement avec la chaleur écrasante régnant dans la vallée en contrebas. Après une heure de marche, la famille fait une première pause près d'un torrent. L'eau glacée dévale bruyamment entre les rochers polis. Nora y trempe ses pieds fatigués avec un grand plaisir évident. Le sentier devient ensuite plus rocailleux et plus raide. Nora doit s'aider de ses mains à certains passages difficiles. Son papa la guide patiemment en lui indiquant les meilleurs appuis pour avancer sans risque. Vers midi, ils atteignent enfin un magnifique plateau herbeux. Quelques vaches y paissent tranquillement, portant de grosses cloches sonores. Le tintement régulier des cloches accompagne agréablement leur pique-nique improvise. Nora observe avec fascination un aigle qui tournoie très haut dans le ciel bleu, au-dessus des pics rocheux environnants. Son papa lui explique que ce rapace chasse habituellement en survolant ainsi la montagne. La descente s'avère presque aussi fatigante que la montée. Il faut freiner constamment sur le sentier en pente raide. Les genoux de Nora commencent d'ailleurs à la faire souffrir légèrement vers la toute fin. De retour au village en fin de journée, Nora se sent épuisée mais extrêmement fière d'avoir terminé cette randonnée particulièrement exigeante pour une première expérience de ce type. Elle affiche fièrement une photo du sommet atteint sur son téléphone, la montrant à tous ses cousins restes en ville. Elle raconte chaque étape du parcours avec une précision surprenante. Le soir, avant de s'endormir, Nora demande déjà à ses parents s'ils pourront refaire une randonnée similaire l'année prochaine, espérant secrètement pouvoir grimper encore plus haut la prochaine fois.;;;;;;
27043;question;Où Nora part-elle en randonnée avec ses parents ?;en montagne;à la mer;en forêt plate;à la campagne;27042;L
27044;question;Où la famille fait-elle sa première pause de la randonnée ?;près d'un torrent;au sommet de la montagne;dans un village voisin;dans une grotte naturelle;27042;L
27045;question;Que trouvent-ils sur le plateau herbeux vers midi ?;des vaches portant des cloches;un lac de montagne;un refuge abandonne;un autre groupe de randonneurs;27042;L
27046;question;Que fait l'aigle observé par Nora dans le ciel ?;il tournoie très haut au-dessus des pics;il se pose près du groupe;il attaque les vaches du troupeau;il reste pose sur un rocher;27042;L
27047;question;Comment Nora se sent-elle en revenant au village le soir ?;épuisée mais très fière;totalement reposée et détendue;déçue de sa randonnée;malade et fiévreuse;27042;L
27048;question;Que demande Nora à ses parents avant de s'endormir ?;s'ils pourront refaire une randonnée l'année suivante;de rentrer immédiatement en ville;de ne plus jamais faire de randonnée;d'acheter un nouvel équipement de marche;27042;L
27049;question;Que veut dire 'dévale' à propos de l'eau du torrent observée par Nora ?;descend rapidement et avec une certaine force;reste totalement immobile sur place;remonte lentement vers sa source;s'évapore progressivement au soleil;27042;V
27050;question;Que veut dire 'paissent' à propos des vaches présentes sur le plateau ?;mangent tranquillement de l'herbe;dorment profondément sur place;courent rapidement dans tous les sens;boivent longuement dans le torrent;27042;V
27051;question;Que veut dire 'exigeante' à propos de la randonnée accomplie par Nora ?;qui demande beaucoup d'efforts physiques;très facile à réaliser sans effort;de très courte durée seulement;sans aucun intérêt particulier;27042;V
27052;question;Que veut dire 'environnants' à propos des pics rocheux observés depuis le plateau ?;qui se trouvent tout autour de cet endroit;situes très loin de la région;invisibles depuis le plateau atteint;recouverts entièrement de forêt dense;27042;V
27053;question;Que veut dire 'rapace' pour designer l'aigle observé par Nora ?;un oiseau chasseur qui se nourrit d'autres animaux;un oiseau qui ne mange que des graines;un animal qui ne vole jamais;un poisson vivant en eau douce;27042;V
27054;question;Que veut dire 'niche' à propos du village situe au pied des sommets ?;installé et comme protégé dans un lieu précis;construit très récemment par des habitants;abandonne depuis de nombreuses années;visible depuis très loin dans la vallée;27042;V
27055;question;Pourquoi Nora respire-t-elle à pleins poumons dès le début de la randonnée en montagne ?;elle apprécie particulièrement l'air frais après la chaleur écrasante de la vallée;elle est déjà essoufflée par l'effort fourni;elle a peur de la hauteur atteinte;elle imite simplement le comportement de son papa;27042;I
27056;question;Pourquoi le papa de Nora la guide-t-il attentivement sur les passages les plus rocailleux ?;il souhaite l'aider à avancer en toute sécurité sur un terrain particulièrement difficile;Nora refuse catégoriquement d'avancer seule sur ce terrain;le sentier est officiellement interdit sans accompagnateur;il cherche simplement à ralentir le rythme de la marche;27042;I
27057;question;Qu'est-ce qui montre que la phase de descente s'avère difficile pour Nora ?;ses genoux commencent à la faire souffrir légèrement vers la fin du parcours;elle court tout le long du chemin sans ressentir aucune fatigué;elle demande explicitement à faire demi-tour en cours de route;elle s'arrête complètement de marcher à mi-parcours;27042;I
27058;question;Pourquoi Nora montre-t-elle fièrement une photo du sommet à ses cousins restes en ville ?;elle est fière d'avoir réussi cette randonnée exigeante pour une première expérience;elle veut simplement montrer son nouveau téléphone récemment achète;sa maman le lui demande explicitement de le faire;elle a oublié de prendre d'autres photos durant la journée;27042;I
27059;question;Que peut-on déduire de l'évolution de Nora tout au long de cette randonnée en montagne ?;elle dépasse progressivement ses limites physiques et gagne en confiance personnelle;elle regrette globalement d'avoir accepté de commencer cette randonnée;elle n'apprend finalement rien de cette expérience vécue;elle préfère désormais rester uniquement dans la vallée;27042;I
27060;question;Que peut-on déduire du rôle joue par le papa de Nora tout au long de cette sortie en montagne ?;il accompagne et rassure sa fille tout en partageant généreusement ses connaissances;il laisse Nora se débrouiller entièrement seule face aux difficultés;il critique régulièrement les efforts fournis par sa fille;il ne s'intéresse qu'à son propre rythme de marche personnel;27042;I
27061;question;Pourquoi Nora souhaite-t-elle déjà refaire une randonnée similaire l'année suivante ?;elle a retiré une grande fierté et un véritable plaisir de cette première expérience réussie;ses parents l'obligent à formuler cette demande explicite;elle n'a en réalité rien d'autre à proposer pour l'année suivante;elle espère simplement obtenir un nouveau téléphone en récompense;27042;I
27062;question;Que peut-on déduire de l'ambition exprimée par Nora de grimper encore plus haut la prochaine fois ?;cette première réussite nourrit chez elle une envie croissante de nouveaux défis physiques;elle n'a en réalité aucune envie réelle de recommencer une randonnée;elle cherche uniquement à impressionner ses cousins restes en ville;elle regrette d'avoir choisi un parcours aussi difficile cette fois-ci;27042;I
27063;passage;Tom se rend à la fête foraine installée sur la grande place de sa ville, comme chaque année au début du printemps. Il a économisé son argent de poche pendant plusieurs semaines pour cette occasion attendue. Dès l'entrée, une foule de lumières colorées et de musiques entraînantes accueille Tom et ses amis. L'odeur sucrée des barbes à papa flotte agréablement dans tout le quartier environnant la place. Sa première attraction est un grand huit vertigineux, dont les rails argentés brillent sous le soleil de l'après-midi. Tom hésite un peu avant de monter, impressionné par la hauteur impressionnante des rails. Une fois le tour termine, Tom retrouve ses jambes tremblantes mais affiche un sourire immense sur son visage. Ses amis le félicitent chaleureusement pour son courage, car c'était sa toute première fois sur cette attraction. Ensuite, le groupe se dirige vers un stand de tir où Tom tente sa chance pour gagner une peluche convoitée. Après plusieurs essais infructueux, il finit par toucher la cible et repart fièrement avec un petit ours en peluche. L'après-midi se poursuit avec un tour de grande roue, depuis laquelle Tom peut admirer toute la ville s'étendant à perte de vue tout autour de lui. Il repère même au loin le clocher de son école. Avant de repartir, Tom et ses amis partagent une énorme barbe à papa rose, assis sur un banc près du manège enfantin. Ils discutent en riant de toutes les attractions essayées durant cette journée mémorable. Sur le chemin du retour, Tom repense à toutes les étapes de sa journée. Il se souvient particulièrement de la sensation ressentie lors de sa première descente sur le grand huit, un mélange de peur et d'excitation intense. En rentrant chez lui le soir, Tom raconte sa journée à ses parents avec des yeux brillants d'excitation. Il place déjà la peluche gagnée bien en vue sur son étagère, juste à côté de ses autres trésors précieux. Le lendemain matin, Tom montre fièrement sa peluche à tous ses camarades de classe. Il leur promet de les emmener avec lui à la prochaine fête foraine, espérant partager cette même expérience inoubliable.;;;;;;
27064;question;Où se trouve la fête foraine visitée par Tom ?;sur la grande place de sa ville;au bord de la mer;dans un parc d'attractions permanent;à la campagne voisine;27063;L
27065;question;Quelle est la première attraction essayée par Tom ?;un grand huit;une grande roue;un stand de tir;un manège pour enfants;27063;L
27066;question;Que tente Tom au stand de tir de la fête foraine ?;gagner une peluche convoitée;gagner de l'argent liquide;gagner un jeu vidéo récent;gagner un ticket d'entrée gratuit;27063;L
27067;question;Que peut voir Tom depuis la grande roue de la fête foraine ?;toute la ville, y compris le clocher de son école;uniquement le ciel dégage;la mer au loin visible;rien du tout, car il fait déjà nuit;27063;L
27068;question;Que font Tom et ses amis avant de repartir de la fête foraine ?;ils partagent une barbe à papa;ils remontent sur le grand huit;ils rentrent immédiatement chacun chez eux;ils achètent d'autres peluches supplémentaires;27063;L
27069;question;Que fait Tom le lendemain matin avec sa peluche gagnée ?;il la montre fièrement à ses camarades de classe;il la donne à un autre enfant;il la range définitivement dans un placard;il la perd sur le chemin de l'école;27063;L
27070;question;Que veut dire 'vertigineux' à propos du grand huit essaye par Tom ?;qui donne une impression forte de hauteur ou de vitesse;totalement plat et sans aucun danger;très lent et particulièrement paisible;réserve exclusivement aux tout-petits enfants;27063;V
27071;question;Que veut dire 'infructueux' à propos des premiers essais de Tom au stand de tir ?;qui n'aboutissent finalement à aucun résultat positif;qui réussissent immédiatement dès le premier coup;qui sont formellement interdits par le forain;qui coûtent particulièrement cher à réaliser;27063;V
27072;question;Que veut dire 'entraînantes' à propos des musiques diffusées à la fête foraine ?;qui donnent envie de bouger ou de danser;très tristes et particulièrement lentes;totalement silencieuses et discrètes;effrayantes pour les jeunes enfants présents;27063;V
27073;question;Que veut dire 's'étendant à perte de vue' à propos de la ville observée depuis la grande roue ?;qui s'étale sur une très grande distance visible;qui est totalement invisible depuis cette hauteur;qui est extrêmement petite en réalité;qui est entièrement cachée par des nuages;27063;V
27074;question;Que veut dire 'convoitée' à propos de la peluche visée par Tom au stand de tir ?;vivement désirée et attendue par Tom;totalement indifférente aux yeux de Tom;détestée d'avance par le jeune garçon;oubliée rapidement une fois obtenue;27063;V
27075;question;Que veut dire 'économise' à propos de la manière dont Tom à réuni son argent de poche ?;mis de côté petit à petit sans le dépenser;dépensé immédiatement dès sa réception;perdu accidentellement durant la semaine;emprunté à un ami de sa classe;27063;V
27076;question;Pourquoi Tom hésite-t-il avant de monter dans le grand huit pour la première fois ?;la hauteur impressionnante des rails argentés l'impressionne fortement au premier regard;il n'a en réalité pas assez d'argent pour y monter;ses amis lui interdisent formellement d'y monter;l'attraction est temporairement fermée pour maintenance;27063;I
27077;question;Pourquoi les amis de Tom le félicitent-ils chaleureusement après sa descente en grand huit ?;c'était sa toute première fois et il a surmonté courageusement son hésitation initiale;il a remporté un concours organisé sur place;il a généreusement payé l'entrée pour tout le groupe;il a habilement réussi à éviter cette attraction;27063;I
27078;question;Qu'est-ce qui montre que Tom persévère face à une difficulté rencontrée au stand de tir ?;il continue à essayer malgré plusieurs échecs successifs avant de finalement réussir;il abandonne immédiatement dès le tout premier échec rencontre;il demande à un ami de tirer entièrement à sa place;il se dispute ouvertement avec le forain présent;27063;I
27079;question;Pourquoi Tom place-t-il sa peluche gagnée bien en vue sur son étagère personnelle ?;elle représente pour lui un souvenir précieux de sa réussite ce jour-là;il n'a tout simplement nulle part ailleurs pour la ranger;sa maman le lui impose sans raison particulière;il souhaite s'en débarrasser au plus vite possible;27063;I
27080;question;Que peut-on déduire de l'importance de cette sortie annuelle à la fête foraine pour Tom ?;c'est un moment attendu et particulièrement marquant chaque année pour lui;c'est une sortie sans grand intérêt particulier pour lui;il préférerait nettement ne jamais y retourner;cette sortie ne compte finalement pas beaucoup pour lui;27063;I
27081;question;Que peut-on déduire du rôle joue par les amis de Tom tout au long de cette journée à la fête foraine ?;ils partagent avec lui des moments sincères de complicité et d'encouragement mutuel;ils se moquent constamment de ses hésitations et de ses échecs;ils ne s'intéressent absolument pas à ses réussites personnelles;ils préfèrent nettement rester à l'écart de Tom durant la journée;27063;I
27082;question;Pourquoi Tom repense-t-il particulièrement à la sensation ressentie sur le grand huit durant le trajet du retour ?;cette expérience intense a marqué profondément son ressenti émotionnel de la journée;il a totalement oublié le reste des attractions essayées ce jour-là;ses parents lui posent dès questions insistantes à ce sujet précis;il regrette finalement d'avoir essayé cette attraction particulière;27063;I
27083;question;Que peut-on déduire du souhait de Tom d'emmener ses camarades à la prochaine fête foraine ?;il souhaite sincèrement partager avec eux le plaisir intense qu'il a lui-même ressenti;il cherche uniquement à se vanter auprès de ses camarades de classe;ses parents l'obligent à formuler cette proposition précise;il n'a en réalité aucune envie réelle d'y retourner un jour;27063;I
27084;passage;Alice prend le train pour la toute première fois de sa vie, afin de rendre visite à sa tante qui habite dans une autre région assez éloignée. Sa maman l'accompagne durant tout ce long trajet. Sur le quai de la gare, Alice observe avec fascination les énormes trains qui arrivent et repartent dans un grondement impressionnant. Elle serre bien fort la main de sa maman, un peu impressionnée par l'agitation ambiante. Une fois installée dans son siège près de la fenêtre, Alice ressent une légère secousse au moment où le train s'ébranle lentement hors de la gare. Le paysage commence alors à défiler doucement devant ses yeux émerveillés. Peu à peu, le train prend de la vitesse. Les champs, les villages et les rivières se succèdent à un rythme de plus en plus rapide sous les yeux attentifs d'Alice, collée contre la vitre du wagon. Au bout d'une heure, un contrôleur passe vérifier les billets des voyageurs, saluant poliment chaque passager croise. Alice présente fièrement son billet, qu'elle tenait absolument à garder elle-même durant tout le trajet. Vers midi, Alice et sa maman se rendent au wagon-restaurant pour déjeuner ensemble. Alice trouve amusant de manger alors que le paysage continue de défiler à toute vitesse juste derrière la vitre du wagon. En traversant un long tunnel, la nuit tombe brusquement dans le wagon. Ce phénomène surprend un peu Alice avant qu'elle n'en comprenne la raison exacte grâce aux explications amusées de sa maman. Après près de trois heures de trajet, le train ralentit enfin en approchant de la gare d'arrivée. Alice aperçoit sa tante sur le quai, qui lui fait de grands signes joyeux depuis l'extérieur du train. Descendant du train avec sa valise, Alice se jette immédiatement dans les bras de sa tante, impatiente de lui raconter chaque détail de ce premier voyage en train qui l'a tant marquée. Le soir venu, installée dans la chambre d'amis prévue pour elle, Alice repense encore avec émerveillement à cette journée particulière, espérant déjà pouvoir reprendre bientôt le train pour un nouveau voyage.;;;;;;
27085;question;Pourquoi Alice prend-elle le train pour ce voyage ?;pour rendre visite à sa tante dans une autre région;pour un simple voyage scolaire organisé;pour rentrer de vacances passées à l'étranger;pour participer à une compétition sportive;27084;L
27086;question;Que fait Alice sur le quai en attendant le départ du train ?;elle observe les trains avec fascination;elle lit tranquillement un livre;elle dort paisiblement sur un banc;elle joue avec d'autres enfants présents;27084;L
27087;question;Qui passe vérifier les billets pendant le trajet en train ?;un contrôleur;le conducteur du train lui-même;un agent de police présent;personne ne vérifie les billets;27084;L
27088;question;Où Alice et sa maman déjeunent-elles durant ce long voyage ?;au wagon-restaurant;directement dans leur siège;elles ne déjeunent pas du tout;sur le quai d'une gare intermédiaire;27084;L
27089;question;Que se passe-t-il en traversant un long tunnel durant le trajet ?;la nuit tombe brusquement dans le wagon;le train s'arrête complètement sur place;le train fait un bruit très inhabituel;les lumières s'éteignent partout dans la gare;27084;L
27090;question;Qui attend Alice sur le quai à son arrivée ?;sa tante;son papa reste à la maison;personne ne l'attend à la gare;un ami de sa tante uniquement;27084;L
27091;question;Que veut dire 'grondement' à propos du bruit des trains perçu par Alice ?;un bruit sourd et particulièrement puissant;un silence total et absolu;un bruit très aigu et discret;une musique douce et agréable;27084;V
27092;question;Que veut dire 's'ébranle' à propos du train qui démarre lentement ?;se met progressivement en mouvement;s'arrête brutalement sur les rails;explose soudainement sans raison;reste totalement immobile sur place;27084;V
27093;question;Que veut dire 'défiler' à propos du paysage vu depuis la fenêtre du train ?;se succéder rapidement sous le regard du passager;rester fige et totalement immobile;disparaître complètement de la vue;devenir invisible aux yeux d'Alice;27084;V
27094;question;Que veut dire 'phénomène' à propos de l'obscurité soudaine dans le tunnel ?;un événement particulier que l'on peut expliquer rationnellement;un accident grave survenu sur les rails;une panne technique majeure du train;une erreur commise par le conducteur;27084;V
27095;question;Que veut dire 'poliment' à propos de la manière dont le contrôleur salue les passagers ?;avec courtoisie et un grand respect;avec une certaine brusquerie visible;avec une indifférence totale et manifeste;avec de la colère non dissimulée;27084;V
27096;question;Que veut dire 'émerveilles' à propos des yeux d'Alice regardant le paysage défiler ?;remplis d'admiration et d'un profond étonnement;fermés par une grande fatigue accumulée;remplis de larmes de tristesse soudaine;totalement indifférents au paysage observe;27084;V
27097;question;Pourquoi Alice serre-t-elle fermement la main de sa maman dès son arrivée sur le quai de la gare ?;l'agitation et le bruit ambiant de la gare l'impressionnent quelque peu;elle a en réalité peur de sa propre maman;sa maman le lui ordonne sans raison particulière;elle souhaite entraîner sa maman ailleurs sur le quai;27084;I
27098;question;Pourquoi Alice tient-elle absolument à garder elle-même son billet de train ?;elle est fière de voyager comme une grande personne responsable;elle ne fait pas du tout confiance à sa maman à ce sujet;le contrôleur le lui interdit formellement sinon;elle souhaite le jeter immédiatement après le contrôle;27084;I
27099;question;Pourquoi l'obscurité soudaine dans le tunnel surprend-elle Alice au tout début ?;elle ne s'attendait pas du tout à ce changement soudain de luminosité;elle a une peur générale et persistante de l'obscurité;le train rencontre en réalité un problème technique;sa maman à volontairement éteint les lumières du wagon;27084;I
27100;question;Qu'est-ce qui montre qu'Alice a particulièrement aimé ce premier voyage en train ?;elle repense avec émerveillement à sa journée et souhaite déjà recommencer;elle ne veut plus jamais reprendre le train de sa vie;elle s'est visiblement ennuyée durant tout le trajet effectué;elle a dormi durant l'intégralité du long trajet effectué;27084;I
27101;question;Que peut-on déduire de l'attitude de la maman d'Alice tout au long de ce voyage en train ?;elle rassure et accompagne sa fille avec beaucoup de bienveillance;elle se montre indifférente aux réactions de sa propre fille;elle regrette visiblement d'avoir emmené Alice avec elle;elle est en réalité plus stressée qu'Alice durant tout le trajet;27084;I
27102;question;Que peut-on déduire de l'expérience globale de ce premier voyage en train pour la jeune Alice ?;c'est une découverte enrichissante qui restera durablement un très beau souvenir;c'est une expérience qu'elle souhaiterait désormais oublier rapidement;elle préfère finalement largement la voiture familiale au train;elle n'a rien appris de particulièrement nouveau durant ce trajet;27084;I
27103;question;Pourquoi Alice se jette-t-elle immédiatement dans les bras de sa tante en descendant du train ?;elle est impatiente et heureuse de retrouver enfin sa tante après ce long trajet;elle a peur de rester seule sur le quai de la gare;sa maman la pousse fermement vers sa tante;elle souhaite simplement fuir le train le plus vite possible;27084;I
27104;question;Que peut-on déduire du souhait exprimé par Alice de reprendre bientôt le train pour un nouveau voyage ?;cette première expérience positive nourrit chez elle une véritable envie de voyager à nouveau;elle n'éprouve en réalité aucune envie sincère de recommencer ce type de voyage;ses parents l'obligent à formuler explicitement ce souhait;elle cherche uniquement à impressionner sa tante par cette déclaration;27084;I
27105;passage;Diego s'envole pour la première fois de sa vie afin de rejoindre ses grands-parents qui habitent dans un pays voisin. Toute la famille se retrouve très tôt le matin à l'aéroport pour l'embarquement prévu. Avant de monter dans l'avion, Diego doit passer par un contrôle de sécurité. Il retire sa ceinture et vide ses poches, comme le lui indique calmement son papa, habitué à ce type de procédure. Une fois installé près du hublot, Diego observe avec de grands yeux les techniciens s'affairer autour de l'avion sur le tarmac. Il n'avait jamais vu d'avion d'aussi près de toute sa vie. Au moment du décollage, Diego sent son corps enfoncé dans son siège. L'avion prend rapidement de la vitesse sur la piste avant de s'élever progressivement dans les airs, sous le regard émerveillé du garçon. Par le hublot, Diego regarde la ville rapetisser peu à peu, jusqu'à devenir un simple assemblage de petits points colorés. Les nuages blancs semblent alors soudain tout proches de l'avion. Une hôtesse de l'air distribue ensuite un petit plateau-repas à chaque passager installé. Diego trouve amusant de manger à une telle hauteur, bien au-dessus des nuages qui défilent lentement. Pendant le vol, Diego ressent une légère anxiété lorsque l'avion traverse une zone de turbulences. La cabine est secouée légèrement, mais son papa le rassure en lui expliquant que ce phénomène est tout à fait normal. Après deux heures de vol, l'avion amorce sa descente et atterrit finalement en douceur sur la piste d'atterrissage. Diego ressent un immense soulagement mélange à une grande fierté personnelle. Très fier d'avoir surmonté sa première peur en avion, Diego se précipite vers ses grands-parents dès la sortie du terminal, impatient de leur raconter chaque détail marquant de ce voyage inédit. Le soir venu, allongé dans son lit chez ses grands-parents, Diego repense encore à la sensation étrange du décollage, se promettant déjà de reprendre l'avion avec beaucoup moins d'appréhension la prochaine fois.;;;;;;
27106;question;Pourquoi Diego prend-il l'avion pour ce voyage particulier ?;pour rejoindre ses grands-parents dans un pays voisin;pour un simple voyage scolaire organisé;pour rentrer de vacances passées ailleurs;pour une compétition sportive internationale;27105;L
27107;question;Que doit faire Diego avant de monter dans l'avion ?;passer un contrôle de sécurité;attendre près de trois heures supplémentaires;payer un supplément financier inattendu;présenter un passeport spécial particulier;27105;L
27108;question;Que ressent Diego précisément au moment du décollage de l'avion ?;son corps enfonce dans le siège;rien de particulier à signaler;une forte envie soudaine de dormir;une envie subite de vomir;27105;L
27109;question;Que distribue une hôtesse de l'air pendant le vol de Diego ?;un plateau-repas;des jeux spécialement conçus pour enfants;des cartes postales illustrées;rien du tout durant tout le vol;27105;L
27110;question;Que se passe-t-il précisément pendant une zone de turbulences ?;la cabine est légèrement secouée;l'avion s'arrête complètement en plein vol;toutes les lumières s'éteignent soudainement;l'avion fait un demi-tour complet;27105;L
27111;question;Que fait Diego dès sa sortie de l'avion à l'arrivée ?;il se précipite vers ses grands-parents;il attend calmement dans le terminal;il cherche d'abord sa valise personnelle;il retourne immédiatement dans l'avion;27105;L
27112;question;Que veut dire 's'affairer' à propos des techniciens observés autour de l'avion ?;s'occuper activement de plusieurs taches à la fois;rester totalement immobiles sans agir;discuter tranquillement entre eux sans travailler;dormir paisiblement sur le tarmac;27105;V
27113;question;Que veut dire 'rapetisser' à propos de la ville observée depuis l'avion en vol ?;devenir de plus en plus petite avec la distance;devenir de plus en plus grande visiblement;changer complètement de couleur soudainement;disparaître totalement de la vue de Diego;27105;V
27114;question;Que veut dire 'turbulences' dans le contexte de ce vol en avion ?;des mouvements irréguliers de l'air qui secouent l'appareil;un problème mécanique particulièrement grave;une tempête de neige inattendue en plein vol;un manque important de carburant;27105;V
27115;question;Que veut dire 'amorce sa descente' à propos de l'avion en fin de vol ?;commence progressivement à diminuer son altitude;accélère fortement en prenant de la hauteur;s'arrête complètement en plein vol;fait brusquement demi-tour dans les airs;27105;V
27116;question;Que veut dire 'anxiété' à propos du sentiment ressenti par Diego durant les turbulences ?;une inquiétude relativement légère et passagère;une très grande joie manifeste;une profonde fatigue physique accumulée;une totale indifférence face à la situation;27105;V
27117;question;Que veut dire 'tarmac' dans le contexte de ce récit sur l'aéroport ?;la piste où circulent et stationnent les avions;la salle d'attente principale de l'aéroport;le hublot d'observation de l'avion;le siège réserve au passager;27105;V
27118;question;Pourquoi le papa de Diego lui explique-t-il calmement chaque étape du contrôle de sécurité ?;il souhaite rassurer son fils confronte à une situation entièrement nouvelle pour lui;c'est une obligation légale stricte imposée par l'aéroport;Diego refuse catégoriquement d'avancer sans explication préalable;le personnel de sécurité exige cette explication systématique;27105;I
27119;question;Pourquoi Diego trouve-t-il soudainement les nuages tout proches depuis le hublot de l'avion ?;l'avion vole à une altitude où les nuages semblent effectivement très proches;les nuages sont exceptionnellement bas ce jour précis;c'est une simple illusion due à la fatigue accumulée de Diego;l'avion vole en réalité très bas au-dessus du sol;27105;I
27120;question;Comment le papa de Diego l'aide-t-il concrètement a gérer sa peur durant les turbulences ressenties ?;il lui explique calmement que ce phénomène est parfaitement normal et sans danger;il ignore complètement l'inquiétude manifestée par son fils;il lui demande fermement de ne plus regarder par le hublot;il appelle immédiatement l'hôtesse de l'air à son secours;27105;I
27121;question;Qu'est-ce qui montre que Diego à réellement surmonte sa première peur ressentie en avion ?;il se sent fier à l'arrivée malgré l'anxiété ressentie durant le vol entier;il refuse catégoriquement de sortir de l'avion une fois pose;il pleure abondamment durant l'intégralité du vol effectué;il affirme clairement qu'il ne reprendra plus jamais l'avion;27105;I
27122;question;Que peut-on déduire de l'évolution de l'état d'esprit de Diego tout au long de ce voyage en avion ?;il passe progressivement d'une curiosité mêlée de peur à un véritable sentiment de fierté;il reste totalement indifférent du tout début jusqu'à la toute fin du vol;il demeure terrifié sans exception durant l'intégralité du vol effectué;il s'ennuie profondément durant l'ensemble du trajet aérien;27105;I
27123;question;Pourquoi Diego se précipite-t-il avec une telle hâte vers ses grands-parents des la sortie de l'avion ?;il est impatient et sincèrement heureux de les retrouver après ce long voyage aérien;il a simplement peur de rester seul dans le terminal de l'aéroport;ses parents le poussent fermement vers ses grands-parents;il souhaite avant tout fuir l'avion le plus rapidement possible;27105;I
27124;question;Que peut-on déduire de la promesse que se fait Diego de reprendre l'avion avec moins d'appréhension ?;cette première expérience réussie transforme durablement son rapport à ce mode de transport;il n'a en réalité absolument aucune intention de reprendre l'avion un jour;il cherche uniquement à rassurer verbalement ses propres parents;cette expérience n'aura finalement aucun effet particulier sur lui;27105;I
27125;question;Que peut-on déduire globalement de cette première expérience en avion vécue par le jeune Diego ?;elle constitue une étape marquante qui renforce durablement sa confiance personnelle;elle ne représente en définitive aucun événement particulièrement notable pour lui;elle le dégoûte définitivement de tout futur voyage en avion;elle n'a aucune conséquence observable sur son comportement ultérieur;27105;I
27126;passage;Ingrid embarque pour la première fois sur un grand bateau de croisière avec ses parents, pour une semaine entière de vacances en mer. Elle a préparé sa valise avec un enthousiasme particulièrement débordant. En montant à bord, Ingrid est impressionnée par la taille imposante du navire, qui ressemble à un véritable hôtel flottant équipé de plusieurs piscines et de nombreux restaurants différents. Sa cabine, située au sixième étage du navire, possède un petit balcon privé d'où Ingrid peut observer l'immensité bleue de la mer qui s'étend à perte de vue tout autour du bateau. Dès le premier soir, le navire quitte doucement le port. Les lumières de la ville s'éloignent peu à peu derrière eux dans l'obscurité grandissante, offrant à Ingrid un spectacle particulièrement saisissant. Le lendemain matin, Ingrid se réveille avec une légère sensation de tangage. Le bateau se balance doucement au gré des vagues, mais elle s'y habitue relativement rapidement au fil des heures. Pendant la journée, Ingrid participe à un atelier organisé spécialement pour les enfants du bateau, où elle apprend à fabriquer un petit bateau miniature en papier plié avec beaucoup de dextérité. L'après-midi, toute la famille se détend au bord d'une des piscines situées sur le pont supérieur, profitant pleinement du soleil et d'une brise marine particulièrement rafraîchissante. Le soir venu, un magnifique coucher de soleil orange embrase progressivement tout l'horizon, offrant à Ingrid un spectacle naturel qu'elle n'oubliera certainement jamais de toute sa vie. Avant de se coucher, Ingrid écrit quelques lignes dans un petit carnet de voyage qu'elle a emporté spécialement pour cette croisière mémorable, espérant garder une trace durable de chaque journée vécue. Le dernier soir de la croisière, Ingrid promet à ses nouveaux amis rencontrés à bord de rester en contact, espérant sincèrement pouvoir revivre un jour une expérience aussi extraordinaire que celle-ci.;;;;;;
27127;question;Avec qui Ingrid embarque-t-elle sur ce bateau de croisière ?;ses parents;toute sa classe scolaire;ses grands-parents uniquement;elle embarque entièrement seule;27126;L
27128;question;Combien de temps dure exactement cette croisière en mer ?;une semaine entière;un simple week-end;un mois complet;une seule journée uniquement;27126;L
27129;question;Où se trouve précisément la cabine attribuée à Ingrid sur le navire ?;au sixième étage du bateau;au rez-de-chaussée du navire;sur le pont supérieur uniquement;elle ne dispose pas de cabine propre;27126;L
27130;question;Que ressent Ingrid le lendemain matin de son premier soir à bord ?;une légère sensation de tangage;un grand mal de tête persistant;rien de particulier à signaler;une forte envie soudaine de rentrer;27126;L
27131;question;À quel atelier participe Ingrid pendant la journée à bord du bateau ?;un atelier de fabrication de bateau en papier;un atelier de cuisine spécialise;un atelier de danse collective;un atelier de peinture artistique;27126;L
27132;question;Que fait Ingrid avant de se coucher chaque soir durant la croisière ?;elle écrit dans un carnet de voyage;elle regarde longuement la télévision;elle joue à des jeux vidéos;elle téléphone longuement à ses amis restes en ville;27126;L
27133;question;Que veut dire 'tangage' à propos du mouvement ressenti par Ingrid sur le bateau ?;le balancement du navire provoque par les vagues;l'arrêt complet et définitif du bateau;le bruit particulièrement fort du moteur;la vitesse maximale atteinte par le navire;27126;V
27134;question;Que veut dire 'embrase' à propos du coucher de soleil observé par Ingrid ?;illumine de couleurs vives comme un véritable feu;assombrit complètement le ciel observe;recouvre entièrement le ciel de nuages épais;fait disparaître rapidement toute lumière visible;27126;V
27135;question;Que veut dire 'brise marine' dans le contexte de cette journée passée à la piscine ?;un vent léger et frais provenant directement de la mer;une tempête particulièrement violente et dangereuse;une vague de taille exceptionnellement importante;un brouillard très épais et persistant;27126;V
27136;question;Que veut dire 'grandissante' à propos de l'obscurité observée au moment du départ du bateau ?;qui augmente progressivement au fil du temps;qui diminue rapidement dès le départ;qui reste rigoureusement identique tout du long;qui disparaît immédiatement après le départ;27126;V
27137;question;Que veut dire 's'étend à perte de vue' à propos de la mer observée depuis le balcon d'Ingrid ?;s'étale sur une très grande distance visible à l'oeil;est totalement invisible depuis cette position;est en réalité très petite et limitée;est entièrement cachée par le bateau lui-même;27126;V
27138;question;Que veut dire 'dextérité' à propos de la manière dont Ingrid fabrique son bateau en papier ?;une habileté manuelle particulièrement développée;une grande maladresse visible et répétée;une lenteur excessive dans l'exécution du geste;une totale incapacité à réaliser la tache demandée;27126;V
27139;question;Pourquoi Ingrid est-elle particulièrement impressionnée en montant à bord de ce grand navire ?;la taille et les nombreux équipements du bateau dépassent largement ses attentes initiales;elle n'apprécie en réalité pas du tout les bateaux en général;elle a une peur profonde et persistante de l'eau;le bateau se trouve en très mauvais état général;27126;I
27140;question;Pourquoi Ingrid s'habitue-t-elle relativement rapidement au tangage ressenti sur le bateau ?;son corps s'adapte progressivement au mouvement régulier des vagues;le bateau cesse complètement de bouger après quelques heures;elle prend un médicament spécifique contre le mal de mer;elle reste allongée toute la journée sans bouger;27126;I
27141;question;Qu'est-ce qui montre qu'Ingrid apprécie particulièrement le coucher de soleil observe depuis le bateau ?;elle affirme clairement qu'elle n'oubliera jamais ce spectacle naturel précis;elle rentre immédiatement dans sa cabine sans y prêter attention;elle ne remarque absolument pas ce moment particulier;elle préfère nettement regarder la piscine à ce moment-là;27126;I
27142;question;Pourquoi le bateau propose-t-il spécifiquement un atelier de fabrication de bateaux en papier pour les enfants ?;cela permet d'occuper et de divertir agréablement les jeunes passagers durant la traversée;il n'existe absolument rien d'autre à faire à bord de ce navire;les enfants exigent formellement cette activité chaque jour;cette activité est rendue obligatoire pour tous les passagers;27126;I
27143;question;Pourquoi Ingrid écrit-elle chaque soir quelques lignes dans son carnet de voyage personnel ?;elle souhaite conserver une trace durable et personnelle de cette expérience unique;sa maîtresse lui a imposé ce devoir pendant les vacances;elle n'a rien d'autre à faire durant ces soirées à bord;ses parents l'obligent formellement à écrire chaque jour;27126;I
27144;question;Que peut-on déduire de l'expérience globale vécue par Ingrid pendant cette croisière en mer ?;elle découvre avec un véritable émerveillement un nouvel univers de vacances;elle regrette profondément d'être partie faire cette croisière;elle préfère nettement largement rester à la maison familiale;elle trouve finalement cette expérience sans aucun intérêt particulier;27126;I
27145;question;Pourquoi Ingrid promet-elle à ses nouveaux amis de bord de rester en contact après la croisière ?;les liens noués durant cette semaine comptent sincèrement beaucoup pour elle;c'est une simple formule de politesse sans réelle conviction;ses parents l'obligent explicitement à faire cette promesse;elle ne les reverra de toute manière jamais par la suite;27126;I
27146;question;Que peut-on déduire du souhait exprimé par Ingrid de revivre un jour une expérience aussi extraordinaire ?;cette croisière à durablement marqué son imaginaire et nourrit de nouvelles envies de voyage;elle n'a en réalité aucune envie sincère de reprendre un jour le bateau;elle cherche uniquement à rassurer verbalement ses propres parents;cette expérience restera finalement sans conséquence sur ses envies futures;27126;I
27147;passage;Marco passe une semaine entière de vacances chez ses cousins qui habitent à la campagne, loin de la grande ville où vit habituellement sa propre famille. Il retrouve cette maison avec un grand plaisir chaque été. Dès son arrivée, ses cousins l'entraînent immédiatement vers la grange où ils ont aménagé ensemble une cabane secrète, entièrement faite de bottes de paille soigneusement empilées les unes sur les autres. Le tout premier jour, toute la bande de cousins organise une grande partie de cache-cache dans le jardin immense entourant la maison familiale. Marco se cache habilement derrière un vieux tonneau abandonne. Le deuxième jour, ils partent tous ensemble à vélo explorer les petits chemins de campagne environnants, s'arrêtant régulièrement pour observer des vaches paisibles broutant dans un pré voisin. Marco découvre alors avec une grande surprise que sa cousine la plus âgée sait déjà conduire un petit tracteur, sous la surveillance particulièrement attentive de son oncle propriétaire de la ferme. Un soir, toute la famille élargie se réunit autour d'un grand feu allume dans le jardin, pour griller des saucisses et raconter d'anciennes histoires familiales transmises depuis plusieurs générations. Marco écoute avec une véritable fascination les nombreuses anecdotes racontées par son oncle, découvrant ainsi des pans entiers de l'histoire familiale qu'il ne connaissait absolument pas auparavant. Vers la fin de cette semaine mémorable, une pluie orageuse particulièrement forte oblige tous les enfants à rester enfermes à l'intérieur, où ils inventent ensemble un tout nouveau jeu de société. Ce jeu, invente collectivement avec des règles totalement imaginées par les enfants eux-mêmes, devient rapidement le passe-temps préféré de toute la bande de cousins durant cette journée pluvieuse. Le dernier jour, en repartant en voiture avec ses parents venus le chercher, Marco à les larmes aux yeux, tant il aurait souhaite rester encore un peu plus longtemps auprès de ses cousins tant aimes.;;;;;;
27148;question;Où habitent précisément les cousins de Marco durant cette période de vacances ?;à la campagne;en pleine ville;au bord de la mer;en haute montagne;27147;L
27149;question;À quel jeu jouent les enfants durant le tout premier jour des vacances ?;cache-cache;une chasse au trésor organisée;un jeu de société classique;aux cartes traditionnelles;27147;L
27150;question;Comment les enfants explorent-ils les chemins de campagne le deuxième jour ?;à vélo;uniquement à pied;en voiture familiale;à dos de cheval;27147;L
27151;question;Que découvre Marco à propos de sa cousine la plus âgée durant ce séjour ?;elle sait déjà conduire un petit tracteur;elle sait particulièrement bien nager;elle sait cuisiner des plats très compliques;elle sait jouer d'un instrument de musique;27147;L
27152;question;Que fait la famille réunie un soir autour d'un grand feu allume dans le jardin ?;elle grille des saucisses et raconte des histoires;elle regarde ensemble un film projeté;elle chante uniquement des chansons connues;elle joue simplement aux cartes;27147;L
27153;question;Que font les enfants durant la pluie orageuse qui les oblige à rester à l'intérieur ?;ils inventent un tout nouveau jeu de société;ils regardent la télévision durant toute la journée;ils restent chacun isole dans leur propre chambre;ils sortent quand même jouer dehors malgré la pluie;27147;L
27154;question;Que veut dire 'habilement' à propos de la manière dont Marco se cache pendant le jeu ?;avec une réelle adresse et une certaine intelligence;de façon particulièrement maladroite;sans jamais réfléchir à son geste;beaucoup trop lentement pour réussir;27147;V
27155;question;Que veut dire 'paisibles' à propos des vaches observées dans le pré voisin ?;calmes et particulièrement tranquilles;agitées et particulièrement bruyantes;manifestement effrayées par les enfants;visiblement malades et affaiblies;27147;V
27156;question;Que veut dire 'anecdotes' à propos des histoires racontées par l'oncle de Marco ?;de petites histoires vécues et racontées à l'oral;des chansons traditionnelles anciennes;des recettes de cuisine familiales;des devinettes destinées aux enfants;27147;V
27157;question;Que veut dire 'entourant' à propos du jardin immense de la maison familiale ?;qui se trouve tout autour de la maison;qui se trouve très loin de la maison;qui n'existe pas encore réellement;qui est officiellement ferme au public;27147;V
27158;question;Que veut dire 'imaginées' à propos des règles du nouveau jeu de société invente ?;créées directement par l'imagination des enfants eux-mêmes;copiées fidèlement d'un jeu déjà existant;écrites entièrement par un adulte présent;trouvées telles quelles dans un livre;27147;V
27159;question;Que veut dire 'élargie' à propos de la famille réunie autour du feu ce soir-là ?;comprenant plusieurs générations et branches familiales;réduite au strict minimum nécessaire;composée uniquement des parents et de Marco;totalement absente ce soir précis;27147;V
27160;question;Pourquoi Marco retrouve-t-il cette maison familiale avec un tel plaisir chaque été ?;il y vit des moments particulièrement privilégiés auprès de ses cousins qu'il apprécie beaucoup;ses parents l'y obligent chaque année sans exception;il n'a en réalité aucun autre endroit disponible pour ses vacances;il préfère globalement la campagne à la ville pour des raisons pratiques;27147;I
27161;question;Pourquoi Marco rêve-t-il d'apprendre lui aussi à conduire un tracteur comme sa cousine ?;il admire les nouvelles compétences acquises par sa cousine et souhaite les imiter à son tour;son oncle le lui à explicitement promis depuis très longtemps déjà;il doit impérativement conduire un tracteur pour aider à la ferme familiale;il n'apprécie particulièrement aucune des autres activités proposées durant le séjour;27147;I
27162;question;Pourquoi les enfants inventent-ils leur propre jeu de société pendant cette journée de pluie ?;ils s'adaptent avec créativité à l'impossibilité de sortir jouer dehors ce jour-là;ils ne connaissent en réalité aucun autre jeu de société existant;leurs parents le leur imposent explicitement ce jour-là;ils s'ennuient profondément de tous les autres jeux disponibles;27147;I
27163;question;Qu'est-ce qui montre que Marco éprouve une grande difficulté à quitter ses cousins à la toute fin du séjour ?;il a les larmes aux yeux en repartant en voiture avec ses propres parents;il se montre au contraire impatient de rentrer enfin chez lui;il oublie complètement de dire au revoir à ses cousins;il repart bien avant tous les autres membres de la famille;27147;I
27164;question;Que peut-on déduire de l'importance de ces vacances chez les cousins dans la vie de Marco ?;elles représentent un moment fort et particulièrement attendu chaque année dans sa vie;elles sont en réalité sans grand intérêt particulier pour lui;il préférerait globalement passer ses vacances ailleurs qu'ici;ce séjour ne change finalement rien à son quotidien habituel;27147;I
27165;question;Que peut-on déduire de la relation entre Marco et son oncle à travers les histoires racontées autour du feu ?;l'oncle transmet avec plaisir des éléments précieux de l'histoire familiale à la jeune génération;l'oncle raconte ces histoires uniquement par obligation sociale;Marco n'accorde en réalité aucun intérêt particulier à ces récits;cette tradition orale n'a aucune valeur réelle pour la famille;27147;I
27166;question;Que peut-on déduire de l'ambiance régnant entre tous les cousins durant ce séjour d'été ?;une grande complicité et beaucoup de joie partagée caractérisent leurs relations;de fréquentes disputes marquent régulièrement leurs interactions;un profond ennui général caractérise l'ensemble du séjour;une indifférence manifeste règne entre les différents enfants présents;27147;I
27167;question;Que peut-on déduire de l'évolution de Marco à travers cette semaine passée à la campagne ?;il découvre de nouvelles facettes de sa famille et gagne en autonomie et en curiosité;cette semaine n'apporte finalement aucun changement notable dans sa vie;il regrette globalement d'avoir accepté de passer cette semaine ici;il préfère désormais nettement rester enferme chez lui en ville;27147;I
27168;passage;Sofia organise un grand pique-nique à la campagne avec toute sa famille, pour fêter dignement le début tant attendu des vacances scolaires d'été. Elle a préparé la liste des ingrédients avec sa maman des la veille au soir. Le matin même, Sofia aide activement à préparer des sandwichs variés, une salade de fruits frais et une grande bouteille de limonade maison bien fraîche. Elle range ensuite soigneusement le tout dans un grand panier en osier. Une fois arrivés sur place, ils choisissent un endroit particulièrement ombragé sous un vieux chêne majestueux, près d'une rivière qui coule paisiblement entre des herbes hautes et verdoyantes. Pendant que les adultes discutent tranquillement entre eux, Sofia et son petit frère partent explorer les environs à la recherche d'insectes curieux cachés sous les feuilles mortes et les pierres plates du chemin. Ils découvrent finalement une magnifique coccinelle rouge ornée de sept points noirs, que Sofia observe attentivement avant de la laisser repartir librement sur une fleur voisine, respectueuse de cette petite vie. Au moment du repas, toute la famille s'installe confortablement autour de la nappe pour déguster ensemble les différents plats préparés le matin même. Sofia trouve que la nourriture à toujours bien meilleur goût en plein air. Après le repas partage, un petit groupe de fourmis s'approche prudemment des miettes tombées au sol, ce qui amuse énormément les enfants présents, fascinés par leur ballet organisé et parfaitement coordonné. Sofia explique alors à son petit frère que ces fourmis travaillent toujours en équipe organisée, se transmettant des informations précises entre elles pour retrouver plus facilement la nourriture disponible. En fin d'après-midi, avant de repartir définitivement, Sofia range soigneusement les restes et tous les emballages dans un grand sac. Elle veille scrupuleusement à ne laisser aucune trace de leur passage dans ce lieu naturel préservé. Sur le chemin du retour, Sofia repense déjà avec impatience à la prochaine sortie qu'elle pourrait organiser, espérant pouvoir observer d'autres espèces d'insectes fascinants lors d'une future excursion familiale.;;;;;;
27169;question;Pourquoi Sofia organise-t-elle ce grand pique-nique avec sa famille ?;pour fêter le début des vacances scolaires d'été;pour l'anniversaire de sa propre maman;pour marquer la rentrée des classes;sans raison particulière identifiée;27168;L
27170;question;Où la famille de Sofia installe-t-elle finalement son pique-nique ?;sous un vieux chêne, près d'une rivière;directement sur une plage de sable;dans un jardin public aménagé;au sommet d'une petite colline;27168;L
27171;question;Que font Sofia et son petit frère pendant que les adultes discutent entre eux ?;ils explorent les environs à la recherche d'insectes;ils dorment paisiblement sous l'arbre;ils aident activement à préparer le repas;ils restent assis sans bouger;27168;L
27172;question;Que découvrent finalement Sofia et son frère lors de leur exploration ?;une coccinelle rouge à sept points;un serpent inoffensif;un oiseau visiblement blesse;un nid d'abeilles abandonne;27168;L
27173;question;Que remarquent les enfants après avoir terminé leur repas en famille ?;un groupe de fourmis s'approchant des miettes;un orage menaçant qui approche;un autre groupe de pique-niqueurs voisins;rien de particulier à signaler;27168;L
27174;question;Que fait Sofia avant de repartir définitivement de cet endroit ?;elle range soigneusement les restes et les emballages;elle laisse simplement tout sur place;elle jette les restes directement dans la rivière;elle oublie complètement son panier sur l'herbe;27168;L
27175;question;Que veut dire 'paisiblement' à propos de la rivière qui coule près du pique-nique ?;de façon calme et particulièrement tranquille;avec beaucoup de bruit et une grande force;en débordant largement de son lit habituel;en étant totalement gelée sur toute sa longueur;27168;V
27176;question;Que veut dire 'ombrage' à propos de l'endroit choisi pour le pique-nique de la famille ?;protège efficacement du soleil par des arbres;expose directement en plein soleil;entièrement recouvert d'eau stagnante;très éloigne de toute végétation naturelle;27168;V
27177;question;Que veut dire 'ballet organisé' à propos des fourmis observées attentivement par les enfants ?;un mouvement collectif remarquablement coordonne;un désordre total et particulièrement chaotique;une immobilité complète et prolongée;un combat violent entre plusieurs insectes;27168;V
27178;question;Que veut dire 'prudemment' à propos de la manière dont les fourmis s'approchent des miettes ?;avec beaucoup de précaution et d'attention;avec une rapidité particulièrement imprudente;avec une totale indifférence visible;en groupe extrêmement bruyant et agite;27168;V
27179;question;Que veut dire 'scrupuleusement' à propos de l'attention portée par Sofia au rangement final ?;avec un grand soin et une attention rigoureuse;en négligeant totalement cette tache précise;en refusant catégoriquement de s'en occuper;en se dépêchant sans réfléchir à rien;27168;V
27180;question;Que veut dire 'préserve' à propos du lieu naturel visite par la famille de Sofia ?;protège et maintenu en bon état naturel;abandonne depuis de très nombreuses années;pollue et fortement dégrade au fil du temps;totalement artificiel et aménagé par l'homme;27168;V
27181;question;Pourquoi Sofia choisit-elle finalement de laisser repartir la coccinelle plutôt que de la garder avec elle ?;elle respecte profondément les petits animaux et l'équilibre naturel qui l'entoure;elle a en réalité peur de cette coccinelle précise;sa maman le lui interdit fermement sur le moment;la coccinelle s'échappe malgré elle sans qu'elle puisse intervenir;27168;I
27182;question;Pourquoi Sofia trouve-t-elle systématiquement que la nourriture à meilleur goût lorsqu'elle mange en plein air ?;le cadre naturel et l'ambiance conviviale du pique-nique rendent le repas plus agréable;la nourriture est objectivement meilleure une fois préparée à l'extérieur;elle a simplement très faim ce jour précis;elle compare inconsciemment avec un repas rate la veille au soir;27168;I
27183;question;Pourquoi Sofia veille-t-elle si scrupuleusement à ne laisser aucune trace de leur passage sur ce lieu ?;elle respecte sincèrement la nature et l'environnement naturel qui l'entoure;elle a simplement peur de recevoir une amende officielle;sa maman la surveille de très près à cet instant précis;elle souhaite pouvoir revenir sans que personne ne remarque leur passage;27168;I
27184;question;Qu'est-ce qui montre que Sofia est particulièrement curieuse et attentive à la nature qui l'entoure ?;elle observe attentivement la coccinelle et explique ensuite le comportement des fourmis à son frère;elle s'ennuie manifestement pendant toute la durée de la sortie;elle préfère nettement rester assise sur la nappe sans bouger;elle manifeste une peur évidente face à tous les insectes rencontres;27168;I
27185;question;Que peut-on déduire de la préparation minutieuse de ce pique-nique par Sofia et sa maman ?;elles ont organisé cette sortie avec un véritable soin et une anticipation certaine;elles ont improvisé ce pique-nique au tout dernier moment possible;Sofia n'a en réalité pas du tout participe à cette préparation;c'est la toute première fois qu'elles organisent ce type de sortie;27168;I
27186;question;Que peut-on déduire du plaisir manifeste de Sofia à observer les insectes plutôt que de simplement jouer avec son frère ?;elle porte un intérêt sincère et durable à la découverte du monde naturel;elle s'ennuie profondément et n'a rien d'autre à faire ce jour-là;son petit frère l'oblige explicitement à s'intéresser aux insectes;elle préfère en réalité nettement rester avec les adultes présents;27168;I
27187;question;Pourquoi Sofia prend-elle le temps d'expliquer à son petit frère le fonctionnement collectif des fourmis ?;elle souhaite partager avec lui ses propres connaissances et nourrir sa curiosité naturelle;son frère l'interroge avec une insistance particulière sur ce sujet précis;sa maman lui demande explicitement de faire cette explication;elle cherche simplement à impressionner les autres membres de sa famille;27168;I
27188;question;Que peut-on déduire de l'attitude générale de Sofia envers la nature à travers l'ensemble de cette journée ?;elle développe un rapport respectueux et curieux envers le monde naturel qui l'entoure;elle considère la nature comme un simple décor sans grande importance;elle préfère finalement nettement les activités organisées en intérieur;elle n'accorde aucune attention particulière aux éléments naturels rencontres;27168;I
27189;passage;Elias passe une journée particulièrement ensoleillée sur la plage avec son papa, bien décide à faire voler pour la toute première fois le cerf-volant reçu lors de son dernier anniversaire. Le vent souffle ce jour-là de manière idéale pour cette activité. Sur le sable fin, Elias déplie soigneusement son grand cerf-volant rouge et jaune, vérifiant attentivement que les baguettes de bois soient bien fixées et que le long fil ne soit absolument pas emmêle. Son papa lui explique alors qu'il faut courir face au vent en tenant fermement le fil, ce qui permettra au cerf-volant de prendre progressivement son envol. Elias s'élancé immédiatement de toutes ses forces sur le sable chaud. Après plusieurs tentatives infructueuses où le cerf-volant retombe systématiquement et lourdement, Elias finit par sentir une forte traction inhabituelle dans sa main, signe évident que l'engin à enfin pris de l'altitude. Le cerf-volant s'élève alors magnifiquement dans le ciel parfaitement bleu, dansant élégamment au gré des rafales de vent au-dessus des vagues scintillantes. Elias n'arrive absolument pas à détacher son regard de ce spectacle fascinant. D'autres enfants présents sur la plage s'approchent alors, visiblement curieux d'observer de plus près les acrobaties impressionnantes du cerf-volant d'Elias qui monte et descend au gré des mouvements de son fil. Certains de ces enfants demandent même des conseils précis à Elias, qui explique fièrement les gestes techniques nécessaires pour maintenir correctement le cerf-volant en vol malgré les variations de vent. Vers la fin de l'après-midi, une rafale légèrement plus forte que les autres manque brusquement de faire tomber le cerf-volant directement dans l'eau. Elias réagit alors très rapidement en tirant fermement sur le fil. grâce à ce réflexe efficace, Elias parvient à stabiliser habilement son cerf-volant avant qu'il ne touche la surface de l'eau, évitant ainsi une chute qui aurait pu abîmer définitivement son précieux cadeau d'anniversaire. De retour à la maison le soir venu, Elias range précieusement son cerf-volant dans sa chambre, déjà impatient de retourner dès le lendemain sur la plage pour recommencer cette expérience particulièrement formidable.;;;;;;
27190;question;Où Elias passe-t-il précisément sa journée avec son papa ?;sur la plage;en haute montagne;dans un grand parc urbain;à la piscine municipale;27189;L
27191;question;D'ou provient exactement le cerf-volant utilisé par Elias ce jour-là ?;c'est un cadeau reçu à son dernier anniversaire;il l'a acheté lui-même avec son propre argent;il l'a entièrement fabriqué avec son papa;il l'a simplement emprunté à un ami proche;27189;L
27192;question;Que doit faire Elias selon les conseils précis donnés par son papa ?;courir face au vent en tenant fermement le fil;attendre patiemment que le vent tombe complètement;lancer directement le cerf-volant très haut dans les airs;s'asseoir tranquillement et attendre sans bouger;27189;L
27193;question;Que font d'autres enfants présents en voyant voler le cerf-volant d'Elias ?;ils s'approchent, visiblement curieux;ils se moquent ouvertement de lui;ils l'ignorent totalement sans réagir;ils partent immédiatement en courant;27189;L
27194;question;Que se passe-t-il précisément vers la fin de cette après-midi sur la plage ?;une rafale manque de faire tomber le cerf-volant dans l'eau;le vent s'arrête complètement et brutalement;Elias perd définitivement le fil de son cerf-volant;il commence soudainement à pleuvoir très fort;27189;L
27195;question;Que fait Elias en rentrant chez lui ce soir-là ?;il range précieusement son cerf-volant;il le jette car il est désormais casse;il le laisse simplement sur la plage;il le donne directement à un autre enfant;27189;L
27196;question;Que veut dire 'infructueuses' à propos des premières tentatives d'Elias sur la plage ?;qui n'aboutissent finalement à aucun résultat positif;qui réussissent parfaitement dès le tout premier coup;qui sont formellement interdites par son papa;qui font particulièrement peur à Elias;27189;V
27197;question;Que veut dire 'traction' à propos de la sensation ressentie par Elias dans sa main ?;une force qui tire fermement dans une direction précise;une absence totale de toute sensation;une douleur soudaine et particulièrement vive;une chaleur intense ressentie subitement;27189;V
27198;question;Que veut dire 'scintillantes' à propos des vagues observées par Elias durant le vol ?;qui brillent par de multiples reflets de lumière;totalement sombres et particulièrement ternes;parfaitement immobiles et plates;recouvertes uniquement d'écume blanche;27189;V
27199;question;Que veut dire 'rafale' à propos du vent qui manque de faire tomber le cerf-volant ?;un souffle de vent soudain et nettement plus fort;une absence totale et prolongée de vent;une fine pluie particulièrement légère;un changement brutal de température;27189;V
27200;question;Que veut dire 'stabiliser' à propos du geste effectue par Elias avec le fil de son cerf-volant ?;rendre plus stable et parfaitement équilibre;laisser tomber complètement sans réagir;faire monter encore plus haut dans le ciel;faire descendre très rapidement vers le sol;27189;V
27201;question;Que veut dire 'précieusement' à propos de la manière dont Elias range son cerf-volant le soir ?;avec beaucoup de soin, car l'objet compte véritablement pour lui;sans aucune attention particulière portée au geste;en le pliant n'importe comment et rapidement;en le cachant volontairement de tous les regards;27189;V
27202;question;Pourquoi Elias doit-il courir face au vent pour faire voler correctement son cerf-volant ?;cela crée la force nécessaire permettant au cerf-volant de prendre son envol;c'est simplement un jeu proposé par son papa sans raison particulière;il doit impérativement s'échauffer avant de commencer à jouer;le sable est bien trop chaud pour rester immobile longtemps;27189;I
27203;question;Pourquoi Elias n'arrive-t-il absolument pas à détacher son regard du cerf-volant une fois en vol ?;le spectacle du cerf-volant évoluant dans le ciel le fascine profondément;il a peur de le perdre complètement de vue et de l'abîmer;son papa le lui demande sans arrêt durant tout le vol;il cherche activement à compter les oiseaux présents autour de lui;27189;I
27204;question;Pourquoi certains enfants demandent-ils précisément des conseils techniques à Elias sur la plage ?;ils sont impressionnés par sa réussite et souhaitent apprendre à leur tour;ils veulent en réalité simplement lui prendre son cerf-volant;leurs propres parents les y obligent explicitement;ils ne savent tout simplement pas où se trouve exactement la plage;27189;I
27205;question;Qu'est-ce qui montre qu'Elias réagit particulièrement bien face à un imprévu survenant avec son cerf-volant ?;il tire rapidement et efficacement sur le fil pour stabiliser l'engin et éviter la chute;il abandonne immédiatement des la première difficulté rencontrée;il laisse le cerf-volant tomber dans l'eau sans réagir du tout;il appelle systématiquement son papa pour qu'il s'en occupe entièrement;27189;I
27206;question;Que peut-on déduire du plaisir général ressenti par Elias tout au long de cette journée sur la plage ?;il vit une expérience particulièrement marquante malgré les difficultés initiales rencontrées;il regrette globalement d'avoir reçu ce cerf-volant en cadeau;il préfère finalement largement les autres activités proposées à la plage;il ne recommencera certainement plus jamais cette activité précise;27189;I
27207;question;Pourquoi Elias explique-t-il fièrement aux autres enfants les gestes techniques nécessaires au vol du cerf-volant ?;il est fier de sa propre réussite et souhaite sincèrement partager son savoir-faire nouveau;son papa l'oblige explicitement à partager ces informations précises;il cherche uniquement à impressionner les autres enfants présents;il n'a en réalité rien d'autre à faire durant cette après-midi;27189;I
27208;question;Que peut-on déduire de la relation entre Elias et son papa à travers cette expérience partagée sur la plage ?;son papa l'accompagne avec patience et bienveillance dans cette nouvelle expérience;son papa reste totalement indifférent aux efforts fournis par son fils;il fait en réalité tout le travail à la place d'Elias;il se moque ouvertement des échecs initiaux de son fils;27189;I
27209;question;Que peut-on déduire globalement de cette expérience du cerf-volant dans le développement personnel d'Elias ?;elle renforce sa confiance en lui et sa capacité à persister face aux difficultés;elle n'a finalement aucun effet particulier sur sa confiance personnelle;elle le décourage durablement de toute activité similaire future;elle ne représente en définitive qu'un simple moment sans conséquence;27189;I
27210;passage;Greta accompagne son papi dans la forêt un samedi matin d'automne pour cueillir des champignons, une tradition familiale qu'ils partagent ensemble depuis plusieurs années déjà. L'air frais du matin sent particulièrement bon la terre humide. Avant de commencer cette cueillette, papi rappelle à Greta les règles essentielles de sécurité: ne jamais goûter un champignon totalement inconnu et toujours demander confirmation avant de le ramasser définitivement. Munie d'un petit panier en osier, Greta avance prudemment entre les arbres, les yeux fixes sur le sol entièrement tapisse de feuilles mortes et d'aiguilles de pin, cherchant les formes rondes caractéristiques des cèpes. Sa toute première découverte est un magnifique cèpe brun, cache sous un épais tas de feuilles près d'un vieux chêne. Papi l'aide alors à le couper proprement avec un petit couteau, sans jamais abîmer le pied du champignon. Un peu plus loin dans la forêt, Greta aperçoit également plusieurs girolles d'un jaune particulièrement vif, disposées en cercle parfait autour d'un arbre. Papi lui explique que cette formation précise s'appelle un rond de sorcière. Pendant leur longue promenade, ils croisent également un champignon rouge tacheté de blanc, très joli visuellement mais particulièrement dangereux. Papi prévient immédiatement Greta qu'il ne faut surtout jamais le toucher. Papi lui explique alors que ce champignon, appelé amanite tue-mouches, peut provoquer de graves troubles s'il est ingère par erreur, même si son aspect colore attire souvent l'attention des promeneurs peu avertis. Vers midi, le panier de Greta est désormais presque entièrement rempli de champignons variés et soigneusement sélectionnés. Elle est particulièrement fière du résultat obtenu durant cette matinée passée en pleine nature. De retour à la maison, Greta et sa mamie préparent ensemble une délicieuse omelette aux champignons pour le déjeuner familial. Toute la famille se régale de cette recette préparée avec la cueillette du matin même. Le soir venu, Greta range soigneusement dans un petit carnet les noms des champignons découverts ce jour-là, espérant déjà pouvoir reconnaître encore davantage d'espèces lors de leur prochaine sortie en forêt.;;;;;;
27211;question;Avec qui Greta va-t-elle cueillir des champignons ce samedi matin ?;son papi;sa mamie uniquement;toute sa classe scolaire;elle y va entièrement seule;27210;L
27212;question;Que rappelle précisément papi avant de commencer cette cueillette en forêt ?;les règles essentielles de sécurité;l'heure exacte du déjeuner;le chemin précis du retour;la liste complète des espèces rares;27210;L
27213;question;Quelle est exactement la toute première découverte de Greta durant cette sortie ?;un cèpe brun;une girolle jaune;un champignon rouge dangereux;rien du tout au tout début;27210;L
27214;question;Que remarque Greta à propos des girolles trouvées un peu plus loin dans la forêt ?;elles sont disposées en cercle autour d'un arbre;elles sont toutes cachées sous des feuilles mortes;elles sont directement accrochées aux branches;il n'y en à en réalité qu'une seule;27210;L
27215;question;Que fait papi en apercevant le champignon rouge tacheté de blanc ?;il prévient immédiatement Greta de ne pas le toucher;il le ramasse aussitôt sans hésitation;il le fait goûter directement à Greta;il l'ignore totalement sans réagir;27210;L
27216;question;Que préparent ensemble Greta et sa mamie à leur retour à la maison ?;une omelette aux champignons;une simple soupe de légumes;une tarte aux fruits de saison;rien de particulier ce jour-là;27210;L
27217;question;Que veut dire 'tapisse' à propos du sol de la forêt parcourue par Greta ?;recouvert entièrement sur toute sa surface;totalement nu et complètement vide;creuse profondément par endroits;gelé et particulièrement dur;27210;V
27218;question;Que veut dire 'caractéristiques' à propos des formes rondes recherchées activement par Greta ?;propres et particulières à une espèce précise;totalement rares et absolument inconnues;identiques à toutes les autres formes existantes;invisibles complètement à l'oeil nu;27210;V
27219;question;Que veut dire 'rond de sorcière' dans le contexte de cette promenade en forêt ?;une formation circulaire naturelle de champignons autour d'un arbre;un type rare de champignon particulièrement venimeux;un cercle trace volontairement par un promeneur;une simple légende sans rapport avec les champignons;27210;V
27220;question;Que veut dire 'ingère' à propos du danger lie à l'amanite tue-mouches évoque par papi ?;avale et consomme par voie orale;simplement touche du bout des doigts;regarde attentivement de très près;photographie avec beaucoup de précaution;27210;V
27221;question;Que veut dire 'peu avertis' à propos des promeneurs pouvant être attires par ce champignon dangereux ?;insuffisamment informes des dangers réels existants;particulièrement bien formes sur ce sujet précis;totalement indifférents à la question posée;extrêmement prudents en toutes circonstances;27210;V
27222;question;Que veut dire 'sélectionnés' à propos des champignons finalement rapportes par Greta dans son panier ?;choisis avec soin après une vérification attentive;ramasses totalement au hasard sans réflexion;trouvés par pur hasard sur le chemin parcouru;achetés directement dans un magasin spécialise;27210;V
27223;question;Pourquoi papi rappelle-t-il systématiquement les règles de sécurité avant chaque cueillette de champignons ?;certains champignons peuvent se révéler dangereux si on les confond avec d'autres espèces comestibles;c'est une simple habitude sans lien réel avec un véritable danger;Greta à déjà commis une erreur grave par le passe;la forêt est officiellement un lieu interdit sans autorisation préalable;27210;I
27224;question;Pourquoi Greta avance-t-elle aussi prudemment en observant attentivement le sol de la forêt ?;elle cherche minutieusement les champignons dissimules parmi les feuilles mortes;elle a simplement peur de se blesser en marchant sur ce terrain;le sol se révèle particulièrement glissant ce jour-là précis;elle suit attentivement les traces laissées par un animal;27210;I
27225;question;Pourquoi le champignon rouge tacheté de blanc est-il particulièrement dangereux malgré son aspect attrayant ?;son apparence séduisante peut tromper les promeneurs alors qu'il se révèle toxique;il pique douloureusement au simple toucher;il dégage une odeur particulièrement mauvaise et repoussante;il ressemble exactement à n'importe quel autre cèpe comestible;27210;I
27226;question;Qu'est-ce qui montre que cette activité de cueillette représente une véritable tradition familiale importante ?;Greta et son papi la partagent ensemble depuis déjà plusieurs années consécutives;c'est en réalité la toute première fois qu'ils la pratiquent ensemble;Greta n'apprécie manifestement pas vraiment cette activité particulière;papi organise cette sortie à contrecoeur chaque année;27210;I
27227;question;Que peut-on déduire du rôle joue par papi dans la transmission de ce savoir naturaliste à sa petite-fille ?;il lui transmet avec patience des connaissances précieuses et utiles sur le monde naturel;il se contente simplement de l'accompagner sans jamais rien lui expliquer;il décourage activement Greta de poursuivre cette activité;il garde égoïstement toutes ses connaissances pour lui seul;27210;I
27228;question;Que peut-on déduire de la fierté manifestée par Greta à la toute fin de cette matinée de cueillette ?;elle est sincèrement satisfaite d'avoir participé activement à une cueillette particulièrement réussie;elle se montre en réalité déçue du résultat finalement obtenu;elle regrette globalement d'avoir accompagné son papi ce jour-là;elle aurait préféré nettement réaliser cette cueillette entièrement seule;27210;I
27229;question;Pourquoi Greta note-t-elle soigneusement le soir les noms des champignons découverts durant la journée ?;elle souhaite mémoriser durablement ces connaissances pour progresser lors de futures sorties;sa maîtresse d'école le lui a explicitement demandé;elle doit impérativement rendre ce travail pour l'école dès le lundi;elle n'a en réalité rien d'autre à faire ce soir-là précis;27210;I
27230;question;Que peut-on déduire globalement de l'attitude de Greta envers la nature à travers cette journée de cueillette ?;elle développe un rapport curieux et respectueux envers le monde naturel qui l'entoure;elle considère cette activité comme une simple corvée imposée;elle préfère finalement nettement les activités pratiquées en intérieur;elle n'accorde aucune attention particulière aux explications données par son papi;27210;I
27231;passage;Oskar se réveille un matin d'hiver et découvre avec une immense joie que la neige est tombée abondamment durant toute la nuit, recouvrant entièrement le quartier d'un épais manteau blanc particulièrement scintillant. Après avoir avalé son petit-déjeuner à toute vitesse, Oskar enfile plusieurs couches de vêtements chauds, une combinaison imperméable, des gants épais et un bonnet bien enfoncé sur sa tête pour affronter le froid. Dans le jardin familial, Oskar retrouve ses deux meilleurs amis du quartier, déjà occupés à construire ensemble un immense bonhomme de neige au beau milieu de la pelouse entièrement recouverte de blanc. Ensemble, ils roulent d'énormes boules de neige, devenant de plus en plus difficiles à déplacer à mesure qu'elles grossissent en ramassant la neige fraîche disponible sur leur passage. Leurs joues rougissent visiblement sous l'effort fourni. Une fois le bonhomme entièrement terminé, orné d'un vieux chapeau emprunté et d'une écharpe particulièrement colorée, les trois amis décident d'organiser une véritable bataille de boules de neige à travers tout le jardin. Oskar, caché habilement derrière un buisson entièrement recouvert de neige, guette patiemment le moment idéal pour surprendre ses amis avec une boule de neige parfaitement compacte et solidement formée. Son plan fonctionne finalement à merveille, provoquant les rires éclatants de ses deux amis surpris, qui décident aussitôt de riposter avec une nouvelle vague d'attaques toutes plus rapides les unes que les autres. Vers midi, trempés mais visiblement très heureux, les trois enfants rentrent enfin se réchauffer autour d'un chocolat chaud préparé par la maman d'Oskar, qui les écoute raconter leurs exploits avec beaucoup d'attendrissement. L'après-midi, Oskar ressort seul dans le jardin pour tenter de fabriquer un petit igloo miniature dans un coin isolé, s'inspirant directement d'un livre sur les régions polaires qu'il avait lu quelques semaines auparavant. Le soir venu, épuisé mais radieux, Oskar s'endort rapidement en repensant à cette journée formidable, espérant déjà secrètement qu'il neigera de nouveau abondamment durant les prochains jours de vacances.;;;;;;
27232;question;Que découvre précisément Oskar en se réveillant ce matin-là ?;le jardin recouvert d'un épais manteau de neige;un jardin totalement inonde par la pluie;un jardin simplement recouvert de feuilles mortes;rien de particulier à signaler ce jour-là;27231;L
27233;question;Que fait Oskar avant de sortir dans le jardin recouvert de neige ?;il enfile plusieurs couches de vêtements chauds;il reste simplement en pyjama toute la matinée;il se contente d'un manteau très léger;il ne se prépare pas particulièrement avant de sortir;27231;L
27234;question;Qui Oskar retrouve-t-il précisément dans le jardin familial ce matin-là ?;ses deux meilleurs amis du quartier;uniquement ses propres parents;sa maîtresse d'école habituelle;personne, il se retrouve entièrement seul;27231;L
27235;question;Que font les enfants une fois le bonhomme de neige entièrement termine ?;ils organisent une bataille de boules de neige;ils rentrent immédiatement chez eux sans attendre;ils recommencent aussitôt un autre bonhomme;ils partent voir un autre jardin voisin;27231;L
27236;question;Que fait la maman d'Oskar vers midi lorsque les enfants rentrent trempes ?;elle leur prépare un chocolat chaud réconfortant;elle les gronde sévèrement d'être trempes;elle les envoie directement prendre une douche;elle leur demande de ranger immédiatement le jardin;27231;L
27237;question;Que fait précisément Oskar seul durant l'après-midi de cette journée ?;il essaie de fabriquer un igloo miniature;il regarde simplement la télévision;il fait consciencieusement ses devoirs scolaires;il dort profondément tout l'après-midi;27231;L
27238;question;Que veut dire 'scintillant' à propos du manteau blanc recouvrant le jardin d'Oskar ?;qui brille par de multiples reflets de lumière;totalement terne et particulièrement sombre;sale et visiblement grisâtre;en train de fondre très rapidement;27231;V
27239;question;Que veut dire 'guette' à propos d'Oskar cache derrière le buisson enneigé ?;surveille attentivement en attendant le bon moment précis;dort profondément sans se soucier de rien;s'ennuie visiblement sans rien faire de particulier;cherche activement à s'enfuir discrètement;27231;V
27240;question;Que veut dire 'attendrissement' à propos de la manière dont la maman écoute les enfants raconter leurs exploits ?;avec beaucoup de tendresse et d'émotion sincère;avec une indifférence manifeste et visible;avec une colère non dissimulée;avec un ennui particulièrement évident;27231;V
27241;question;Que veut dire 'riposter' à propos de la réaction des amis d'Oskar après avoir été surpris ?;répondre activement à une attaque reçue précédemment;abandonner immédiatement toute forme de jeu;fuir rapidement et sans se retourner;pleurer abondamment sans aucune réaction;27231;V
27242;question;Que veut dire 'radieux' à propos de l'état d'Oskar en s'endormant le soir de cette journée ?;exprimant un très grand bonheur visible et manifeste;totalement épuise et particulièrement abattu;en colère et sensiblement frustré;indifférent aux événements vécus durant la journée;27231;V
27243;question;Que veut dire 's'inspirant' à propos du livre sur les régions polaires lu par Oskar quelques semaines auparavant ?;prenant une idée précise à partir d'une source existante;copiant exactement sans jamais réfléchir personnellement;ignorant totalement le contenu de cette source;critiquant sévèrement le contenu de ce livre;27231;V
27244;question;Pourquoi Oskar avale-t-il son petit-déjeuner particulièrement vite ce matin de neige ?;il est impatient de profiter au plus vite de la neige fraîchement tombée;il est visiblement en retard pour se rendre à l'école;sa maman le presse fortement sans raison apparente;il n'apprécie manifestement pas ce petit-déjeuner précis;27231;I
27245;question;Pourquoi Oskar choisit-il de se cacher derrière un buisson pendant la bataille de boules de neige ?;il souhaite surprendre efficacement ses amis avec une attaque totalement inattendue;il a en réalité peur d'être touche par une boule de neige;il cherche simplement à se reposer un court instant;il ne souhaite plus du tout participer à ce jeu collectif;27231;I
27246;question;Qu'est-ce qui montre que cette journée de neige rend Oskar particulièrement heureux du début à la fin ?;sa joie immense au réveil se prolonge par un enthousiasme constant tout au long de la journée;il reste enferme à l'intérieur durant l'intégralité de cette journée;il se plaint constamment du froid ressenti tout au long de la journée;il préfère nettement jouer seul plutôt qu'avec ses deux amis;27231;I
27247;question;Pourquoi Oskar essaie-t-il de construire un igloo l'après-midi après avoir déjà joue toute la matinée ?;il souhaite prolonger le plaisir procure par la neige en s'inspirant de sa lecture récente;ses amis le lui demandent explicitement de réaliser ce projet;sa maman l'oblige fermement à rester dehors plus longtemps;il n'a en réalité plus rien d'autre à faire de sa journée;27231;I
27248;question;Que peut-on déduire du caractère général d'Oskar à travers l'ensemble des activités menées durant cette journée de neige ?;il se révèle curieux, actif et particulièrement plein d'imagination créative;il préfère globalement rester à l'intérieur dans le calme;il n'apprécie manifestement pas particulièrement jouer dehors;il se lasse très rapidement des activités liées à la neige;27231;I
27249;question;Que peut-on déduire de l'amitié unissant Oskar à ses deux camarades du quartier à travers cette journée partagée ?;ils partagent une complicité joyeuse et sincère autour d'activités menées en commun;ils se disputent régulièrement pendant l'ensemble de leurs jeux partagés;Oskar préfère en réalité nettement jouer seul plutôt qu'avec eux;leur amitié se révèle finalement récente et particulièrement fragile;27231;I
27250;question;Pourquoi Oskar espère-t-il secrètement qu'il neigera de nouveau durant les prochains jours de vacances ?;cette journée lui a procuré un plaisir intense qu'il souhaite sincèrement revivre bientôt;il n'a en réalité aucun autre projet prévu pour ses vacances scolaires;ses parents lui ont promis explicitement un cadeau en cas de nouvelle neige;il souhaite simplement éviter de devoir retourner à l'école rapidement;27231;I
27251;question;Que peut-on déduire globalement de l'importance de cette journée de neige dans les souvenirs futurs d'Oskar ?;elle constitue un souvenir marquant et particulièrement heureux de son enfance;elle ne représente en définitive qu'une journée banale parmi tant d'autres;il oubliera vraisemblablement cette journée des la semaine suivante;cette journée n'aura finalement aucune conséquence sur ses futurs souvenirs;27231;I
27252;passage;Chiara fête aujourd'hui ses dix ans à la maison familiale, entourée de sa famille proche et de ses meilleurs amis d'école. Elle attend cette journée particulière avec impatience depuis déjà plusieurs semaines. Dès le matin, sa maman décore soigneusement le salon avec des ballons colorés et une grande banderole où est écrit joyeux anniversaire, tandis que Chiara aide activement à disposer les assiettes en carton sur la table. Vers quatorze heures, les premiers invités commencent progressivement à arriver, chacun apportant un cadeau soigneusement emballe. Chiara les accueille systématiquement à la porte avec un immense sourire de bonheur sincère. La toute première activité de l'après-midi est un jeu de piste organisé spécialement par le papa de Chiara, où les enfants doivent résoudre plusieurs énigmes cachées dans différentes pièces de la maison familiale. Chiara et ses amis s'amusent énormément à chercher les différents indices, parfois dissimules dans des endroits particulièrement inattendus comme sous un coussin ou derrière un cadre photo accroche au mur. Après le goûter partage, un magnifique gâteau au chocolat orne de dix bougies allumées est apporté au milieu des chants joyeux entonnes par tous les invites présents. Chiara ferme alors les yeux et fait un voeu secret. Elle souffle finalement toutes les bougies d'un seul coup, sous les applaudissements particulièrement enthousiastes de ses amis réunis. Sa maman découpe ensuite le gâteau en parts généreuses pour l'ensemble des convives. En fin de journée, Chiara ouvre ses cadeaux un par un devant tous ses invites rassembles, remerciant chaleureusement chaque personne pour son attention particulière. Elle garde précieusement chaque petit mot d'anniversaire reçu. Une fois tous les invites repartis, Chiara aide sa maman à ranger le salon, encore émerveillée par cette journée exceptionnelle qu'elle vient de vivre entourée des personnes qu'elle aime le plus au monde. Le soir, avant de s'endormir, Chiara relit une dernière fois chacun des petits mots reçus, se promettant de les conserver précieusement dans une boite à souvenirs pendant de très nombreuses années.;;;;;;
27253;question;Quel âge précis Chiara fête-t-elle durant cette journée particulière ?;dix ans;huit ans seulement;douze ans déjà;sept ans à peine;27252;L
27254;question;Où se déroule exactement l'anniversaire organisé pour Chiara ?;à la maison familiale;dans un restaurant réserve;directement à l'école;dans un grand parc public;27252;L
27255;question;Qui organise spécifiquement le jeu de piste de cette après-midi d'anniversaire ?;le papa de Chiara;la maîtresse habituelle de Chiara;un animateur professionnel embauche;personne, ce n'était pas prévu initialement;27252;L
27256;question;Combien de bougies sont précisément allumées sur le gâteau d'anniversaire ?;dix;huit seulement;douze exactement;cinq à peine;27252;L
27257;question;Que fait Chiara en toute fin de journée, une fois les invites repartis ?;elle aide sa maman à ranger le salon;elle part immédiatement se coucher sans attendre;elle sort retrouver d'autres amis en ville;elle oublie totalement ses cadeaux reçus;27252;L
27258;question;Que fait Chiara juste avant de s'endormir ce soir-là précisément ?;elle relit les petits mots d'anniversaire reçus;elle range immédiatement tous ses jouets;elle appelle une amie au téléphone;elle regarde la télévision jusque tard;27252;L
27259;question;Que veut dire 'banderole' dans le contexte de la décoration du salon ce jour-là ?;une longue bande de tissu ou de papier portant un message;un simple ballon de fête gonfle;une guirlande lumineuse décorative;une nappe posée sur la table;27252;V
27260;question;Que veut dire 'énigmes' à propos du jeu de piste organisé par le papa de Chiara ?;dès questions ou devinettes précises à résoudre;des cadeaux simplement dissimules dans la maison;des chansons à chanter collectivement;des photos anciennes à retrouver;27252;V
27261;question;Que veut dire 'inattendus' à propos des endroits ou sont cachés certains indices du jeu ?;surprenants, que l'on n'imaginait absolument pas;particulièrement faciles à deviner immédiatement;toujours identiques d'une année sur l'autre;formellement interdits d'accès aux enfants;27252;V
27262;question;Que veut dire 'généreuses' à propos des parts de gâteau distribuées à tous les invites ?;particulièrement grandes et abondantes;toutes petites et particulièrement fines;inégales entre les différents invités présents;servies complètement froides ce jour-là;27252;V
27263;question;Que veut dire 'chaleureusement' à propos de la manière dont Chiara remercie ses invites présents ?;avec beaucoup de sincérité et une affection visible;froidement et sans aucun entrain particulier;avec une indifférence manifeste et visible;avec une pointe évidente de moquerie;27252;V
27264;question;Que veut dire 'précieusement' à propos des petits mots gardés soigneusement par Chiara ?;avec beaucoup de soin, car cela compte véritablement pour elle;sans aucune attention particulière portée au geste;en les jetant rapidement sans y penser;en les cachant volontairement de tous les regards;27252;V
27265;question;Pourquoi Chiara ferme-t-elle précisément les yeux avant de souffler ses dix bougies d'anniversaire ?;elle se concentre pleinement pour formuler un voeu secret personnel;elle a en réalité peur du feu produit par les bougies;sa maman le lui demande explicitement de faire ainsi;elle se sent particulièrement fatiguée après cette longue journée;27252;I
27266;question;Pourquoi le papa de Chiara organise-t-il spécifiquement un jeu de piste pour cet anniversaire précis ?;il souhaite rendre la fête plus amusante et originale pour l'ensemble des enfants présents;il n'a en réalité pas eu le temps de préparer autre chose de différent;les enfants le lui ont explicitement imposé au dernier moment;c'est une tradition rigoureusement obligatoire chaque année sans exception;27252;I
27267;question;Qu'est-ce qui montre que Chiara attendait cette journée particulière avec une réelle impatience ?;elle attend cette journée précise depuis déjà plusieurs semaines complètes;elle avait en réalité totalement oublie la date de son propre anniversaire;elle préférerait clairement fêter son anniversaire un autre jour de l'année;elle s'ennuie visiblement pendant l'intégralité de cette fête organisée;27252;I
27268;question;Pourquoi Chiara garde-t-elle si précieusement les petits mots d'anniversaire reçus par ses proches ?;ils représentent des marques sincères d'affection venant de ses proches et amis;elle doit impérativement les rendre à ses amis plus tard dans l'année;sa maman le lui impose sans lui donner davantage d'explications;elle souhaite en réalité les jeter rapidement après les avoir lus;27252;I
27269;question;Que peut-on déduire de l'ambiance générale ayant règne durant cet anniversaire particulier de Chiara ?;c'est une fête joyeuse et particulièrement chaleureuse partagée entre proches;c'est une fête triste et globalement décevante pour la jeune Chiara;les invites présents s'ennuient visiblement durant toute la journée;Chiara préférerait clairement être restée seule ce jour-là précis;27252;I
27270;question;Que peut-on déduire de l'implication de toute la famille dans la préparation minutieuse de cette fête ?;chacun contribue avec une réelle attention à rendre cette journée particulièrement réussie;seule Chiara s'occupe finalement de l'ensemble des préparatifs;les parents ne participent en réalité pas du tout à cette organisation;cette fête a été organisée sans la moindre préparation préalable;27252;I
27271;question;Pourquoi Chiara décide-t-elle de conserver les petits mots reçus dans une boite à souvenirs spécifique ?;elle souhaite pouvoir se remémorer durablement les marques d'affection reçues ce jour-là;sa maman lui impose explicitement cette organisation particulière;elle n'a en réalité nulle part ailleurs pour ranger ces papiers;elle doit impérativement les montrer à sa maîtresse le lundi suivant;27252;I
27272;question;Que peut-on déduire globalement de la place occupée par les relations amicales et familiales dans la vie de Chiara ?;elles occupent une place particulièrement précieuse et centrale dans son bonheur personnel;elles n'ont finalement qu'une importance très secondaire pour elle;elle préférerait clairement passer davantage de temps seule;ces relations ne comptent en réalité pas véritablement pour elle;27252;I
27273;passage;Liam se rend chaque mercredi après-midi à la bibliothèque municipale de son quartier, un rendez-vous hebdomadaire qu'il apprécie tout particulièrement depuis qu'il a appris à lire couramment durant l'année précédente. En poussant la grande porte vitrée du bâtiment, Liam est immédiatement accueilli par le silence particulièrement apaisant qui règne en permanence dans ce lieu, seulement trouble par le doux bruissement des pages tournées. Il se dirige systématiquement vers le rayon des romans d'aventure, sa section préférée entre toutes, où il passe généralement de longues minutes à comparer attentivement les couvertures avant de faire son choix final. Aujourd'hui précisément, Liam découvre un tout nouveau livre racontant l'histoire d'un jeune explorateur perdu dans une forêt tropicale particulièrement mystérieuse. La couverture magnifiquement illustrée attire immédiatement toute son attention. Installé confortablement dans un vieux fauteuil près d'une grande fenêtre lumineuse, Liam commence sa lecture, totalement absorbe dès les toutes premières pages par les aventures palpitantes du personnage principal de l'histoire. La bibliothécaire, qui connaît très bien Liam depuis déjà plusieurs années consécutives, vient discrètement lui recommander un autre titre qu'elle pense particulièrement susceptible de lui plaire, base sur ses lectures précédentes. Liam accepte volontiers ce conseil avise et ajoute immédiatement le livre suggère à la pile qu'il compte emprunter aujourd'hui même. Il apprécie beaucoup l'idée de découvrir des histoires suggérées par quelqu'un d'autre que lui. Curieux de nature, Liam demande également à la bibliothécaire quelques précisions sur l'auteur de ce nouveau livre, découvrant ainsi qu'il a déjà écrit plusieurs autres romans d'aventures situes dans des contrées lointaines. Avant de repartir définitivement, Liam s'installe au comptoir de prêt pour enregistrer soigneusement ses trois livres empruntés ce jour-là, déjà impatient de rentrer chez lui pour continuer sa lecture jusque tard dans la soirée. Sur le chemin du retour, Liam repense avec plaisir à cette nouvelle sélection de livres, se promettant de revenir des la semaine suivante pour partager ses impressions de lecture avec la bibliothécaire si attentionnée.;;;;;;
27274;question;À quel moment précis Liam se rend-il régulièrement à la bibliothèque de son quartier ?;chaque mercredi après-midi;chaque samedi matin uniquement;pendant les vacances scolaires exclusivement;une seule fois par année entière;27273;L
27275;question;Vers quel rayon précis Liam se dirige-t-il systématiquement en arrivant à la bibliothèque ?;le rayon des romans d'aventure;le rayon des bandes dessinées;le rayon des livres de cuisine;le rayon des magazines actuels;27273;L
27276;question;Que raconte précisément le nouveau livre découvert par Liam ce jour-là ?;l'histoire d'un jeune explorateur perdu dans une forêt tropicale;l'histoire d'un simple animal domestique;l'histoire d'un voyage lointain dans l'espace;l'histoire d'une compétition sportive nationale;27273;L
27277;question;Que fait précisément la bibliothécaire en apercevant Liam ce mercredi-là ?;elle lui recommande discrètement un autre livre;elle lui demande poliment de quitter les lieux;elle l'ignore totalement sans lui adresser la parole;elle lui confisque immédiatement son livre choisi;27273;L
27278;question;Combien de livres Liam emprunte-t-il finalement à la fin de cette visite ?;trois;un seul livre uniquement;cinq livres au total;aucun livre ce jour-là précis;27273;L
27279;question;Que demande spécifiquement Liam à la bibliothécaire concernant le nouveau livre découvert ?;des précisions sur l'auteur de ce livre;le prix exact de cet ouvrage;l'année précise de sa première parution;le nombre total de pages du livre;27273;L
27280;question;Que veut dire 'bruissement' à propos des pages tournées dans le silence de la bibliothèque ?;un léger bruit doux et particulièrement continu;un bruit très fort et absolument soudain;un silence total et parfaitement absolu;un grincement métallique particulièrement désagréable;27273;V
27281;question;Que veut dire 'absorbe' à propos de Liam plonge dans sa nouvelle lecture ?;totalement concentre et profondément captive;distrait et visiblement inattentif;fatigué et manifestement somnolent;ennuyé par le contenu du livre;27273;V
27282;question;Que veut dire 'susceptible de lui plaire' à propos du livre recommande par la bibliothécaire attentive ?;qui présente de fortes chances de lui plaire réellement;qui ne lui plaira sûrement absolument pas;qui est en réalité déjà lu par Liam;qui est strictement réserve aux lecteurs adultes;27273;V
27283;question;Que veut dire 'volontiers' à propos de la manière dont Liam accepte le conseil de la bibliothécaire ?;avec un véritable plaisir et sans la moindre hésitation;avec une réticence particulièrement marquée;en se plaignant ouvertement de la proposition;par pure obligation et sans conviction;27273;V
27284;question;Que veut dire 'contrées lointaines' à propos des romans précédents écrits par cet auteur découvert ?;des régions géographiques particulièrement éloignées;des quartiers proches de chez Liam;des lieux totalement imaginaires et fictifs;des périodes historiques très anciennes;27273;V
27285;question;Que veut dire 'couramment' à propos de la manière dont Liam sait désormais lire ?;avec une aisance et une fluidité réelles;très lentement et particulièrement difficilement;uniquement les mots les plus simples;seulement lorsqu'il lit à voix haute;27273;V
27286;question;Pourquoi Liam passe-t-il généralement de longues minutes à comparer les couvertures des livres disponibles ?;il souhaite choisir avec un soin particulier l'histoire qui lui plaira le plus;il ne sait pas encore véritablement lire les titres proposés;la bibliothécaire le lui impose explicitement à chaque visite;il cherche uniquement à perdre du temps volontairement;27273;I
27287;question;Pourquoi la bibliothécaire recommande-t-elle systématiquement un livre précis à Liam et pas à un autre enfant ?;elle connaît particulièrement bien ses goûts grâce à ses nombreuses visites régulières;elle recommande en réalité les mêmes livres à tous les enfants sans distinction;elle cherche uniquement à se débarrasser d'un livre peu emprunté habituellement;Liam le lui a explicitement demandé dès son arrivée ce jour-là;27273;I
27288;question;Qu'est-ce qui montre que Liam apprécie sincèrement la lecture et non pas seulement l'obligation scolaire imposée ?;il se montre impatient de continuer sa lecture jusque tard le soir une fois rentre chez lui;il n'emprunte des livres qu'exclusivement pour réaliser ses devoirs scolaires;il n'ouvre en réalité jamais les livres qu'il emprunte pourtant régulièrement;il préférerait clairement faire tout autre chose de son mercredi après-midi;27273;I
27289;question;Pourquoi Liam accepte-t-il volontiers la suggestion de la bibliothécaire plutôt que de choisir uniquement seul ?;il apprécie sincèrement découvrir de nouvelles histoires suggérées par une autre personne;il n'a en réalité plus le temps de chercher lui-même un livre;il fait systématiquement tout ce qu'on lui demande sans jamais réfléchir;il n'apprécie pas particulièrement le rayon des aventures ce jour-là;27273;I
27290;question;Pourquoi Liam demande-t-il des précisions supplémentaires sur l'auteur du nouveau livre découvert ?;sa curiosité naturelle le pousse à approfondir sa compréhension de cette nouvelle découverte;la bibliothécaire l'oblige explicitement à poser cette question précise;il doit impérativement rédiger un expose scolaire sur cet auteur;il n'a en réalité rien d'autre à dire à la bibliothécaire ce jour-là;27273;I
27291;question;Que peut-on déduire de la relation particulière entre Liam et la bibliothécaire au fil du temps ?;une relation de confiance sincère construite progressivement au fil de visites régulières;ils se rencontrent en réalité pour la toute première fois ce jour-là;Liam évite habituellement de lui adresser la parole;la bibliothécaire ne se souvient absolument jamais de lui;27273;I
27292;question;Pourquoi Liam se promet-il de revenir des la semaine suivante pour partager ses impressions de lecture ?;il souhaite entretenir cette relation d'échange privilégiée avec la bibliothécaire attentionnée;c'est une obligation stricte imposée par le règlement de la bibliothèque;il n'a en réalité personne d'autre à qui parler de ses lectures;sa maman l'oblige explicitement à effectuer cette démarche précise;27273;I
27293;question;Que peut-on déduire de l'importance globale de la bibliothèque dans le quotidien et l'épanouissement de Liam ?;c'est un lieu essentiel qui nourrit durablement sa passion sincère pour la lecture;c'est un endroit qu'il fréquente uniquement par pure obligation scolaire;il préférerait clairement rester chez lui plutôt que de s'y rendre;cette sortie hebdomadaire ne compte en réalité pas véritablement pour lui;27273;I
27294;passage;Amelia passe toute une journée entière à la piscine municipale avec sa maman durant les vacances d'été, comme elle aime particulièrement le faire dès que la chaleur devient trop forte à la maison familiale. Dès l'arrivée sur les lieux, Amelia enfile rapidement son maillot de bain préféré, orné de motifs de poissons colorés, avant de rejoindre le grand bassin où barbotent déjà de nombreux enfants du quartier voisin. Sa maman lui rappelle patiemment les règles de sécurité essentielles, notamment de ne jamais courir sur le bord glissant du bassin et de toujours rester dans la zone surveillée attentivement par le maître-nageur présent. Amelia commence par effectuer quelques longueurs tranquilles dans le petit bassin, avant de rejoindre courageusement le grand bassin où elle pratique fièrement la brasse, technique apprise durant l'année scolaire précédente. Vers onze heures précises, un maître-nageur organise un petit jeu collectif pour l'ensemble des enfants présents, consistant à récupérer le plus grand nombre possible d'anneaux colorés au fond de l'eau claire. Amelia plonge courageusement à plusieurs reprises successives et parvient à rapporter trois anneaux différents, ce qui la place parmi les meilleurs participants de son propre groupe d'âge au sein de la piscine. Après le déjeuner pris tranquillement à l'ombre d'un parasol, Amelia décide d'essayer pour la toute première fois le grand toboggan aquatique installé récemment près du bassin extérieur de la piscine. Elle hésite quelques instants avant de se lancer, impressionnée par la hauteur de la structure, puis se décide finalement à descendre en poussant un cri mêlant excitation intense et légère appréhension passagère. En fin de journée, épuisée mais visiblement radieuse, Amelia raconte à son papa venu la chercher toutes les aventures aquatiques vécues durant cette merveilleuse journée particulièrement ensoleillée et mémorable. Sur le chemin du retour, Amelia demande déjà à ses parents s'ils pourront revenir très bientôt à cette même piscine, espérant sincèrement pouvoir améliorer encore davantage ses compétences en natation.;;;;;;
27295;question;Où précisément Amelia passe-t-elle toute sa journée durant ces vacances d'été ?;à la piscine municipale;directement à la plage;au bord d'un lac naturel;dans un simple jardin public;27294;L
27296;question;Que rappelle patiemment la maman d'Amelia avant le début de la baignade ?;les règles de sécurité essentielles;l'heure précise du déjeuner;le prix exact de l'entrée;les horaires de fermeture de la piscine;27294;L
27297;question;Quelle technique de nage précise Amelia pratique-t-elle fièrement ce jour-là ?;la brasse;le crawl uniquement;la nage sur le dos;elle ne sait pas encore nager;27294;L
27298;question;En quoi consiste précisément le jeu organisé par le maître-nageur vers onze heures ?;récupérer des anneaux colorés au fond de l'eau;réaliser une course de nage rapide;organiser un concours de plongeon;jouer simplement avec un ballon;27294;L
27299;question;Que décide de faire Amelia après avoir déjeuné à l'ombre d'un parasol ?;elle essaie le grand toboggan aquatique;elle rentre directement à la maison;elle fait une longue sieste réparatrice;elle regarde simplement les autres enfants nager;27294;L
27300;question;Que demande Amelia à ses parents sur le chemin du retour à la maison ?;s'ils pourront revenir bientôt à cette piscine;de ne plus jamais y retourner;d'acheter immédiatement un nouveau maillot;de changer définitivement de piscine;27294;L
27301;question;Que veut dire 'barbotent' à propos des enfants s'amusant dans le grand bassin ?;s'amusent en jouant dans une eau peu profonde;nagent avec une très grande rapidité;restent totalement immobiles sans bouger;sortent constamment et rapidement de l'eau;27294;V
27302;question;Que veut dire 'radieuse' à propos d'Amelia en fin de cette longue journée ?;rayonnante d'une joie et d'un bonheur visibles;totalement épuisée et manifestement triste;en colère contre elle-même;malade et particulièrement fiévreuse;27294;V
27303;question;Que veut dire 'courageusement' à propos de la manière dont Amelia plonge pour récupérer les anneaux ?;avec une réelle bravoure malgré une possible appréhension;avec une peur intense qui l'empêche totalement d'agir;sans le moindre effort particulier fourni;en étant simplement poussée par un adulte présent;27294;V
27304;question;Que veut dire 'surveillée' à propos de la zone dans laquelle Amelia doit obligatoirement rester ?;contrôlée et attentivement observée pour des raisons de sécurité;totalement libre et dépourvue de toute règle;strictement interdite d'accès à tous les visiteurs;exclusivement réservée aux adultes présents;27294;V
27305;question;Que veut dire 'récemment' à propos de la date d'installation du toboggan aquatique de la piscine ?;il y a relativement peu de temps;il y a de très nombreuses années déjà;depuis toujours, sans exception aucune;on ne connaît en réalité pas cette date précise;27294;V
27306;question;Que veut dire 'appréhension' à propos du sentiment possible d'Amelia avant de descendre le toboggan ?;une légère crainte ou une inquiétude passagère;une très grande joie sans aucun mélange;une profonde fatigue physique accumulée;une totale indifférence face à la situation;27294;V
27307;question;Pourquoi la maman d'Amelia insiste-t-elle particulièrement sur les règles de sécurité avant la baignade ?;elle souhaite protéger efficacement sa fille des dangers potentiels présents à la piscine;c'est une règle imposée de manière identique par tous les établissements sans exception;Amelia a déjà connu un accident par le passe à ce sujet précis;le maître-nageur l'exige personnellement auprès de chaque parent présent;27294;I
27308;question;Pourquoi Amelia hésite-t-elle quelques instants avant de se lancer sur le nouveau toboggan aquatique ?;c'est la toute première fois qu'elle essaie cette attraction totalement nouvelle pour elle;elle a en réalité peur de l'eau de manière générale;sa maman le lui interdit formellement dans un premier temps;le toboggan connaît à ce moment une panne technique;27294;I
27309;question;Qu'est-ce qui montre concrètement qu'Amelia progresse sérieusement dans sa pratique de la natation ?;elle pratique désormais fièrement la brasse apprise durant l'année scolaire précédente;elle refuse catégoriquement d'entrer dans le grand bassin de la piscine;elle a systématiquement besoin d'une bouée pour flotter dans l'eau;elle reste exclusivement dans le petit bassin réserve aux débutants;27294;I
27310;question;Pourquoi Amelia se retrouve-t-elle finalement parmi les meilleurs participants du jeu aux anneaux colorés ?;elle plonge courageusement à plusieurs reprises et parvient à rapporter trois anneaux distincts;elle triche discrètement pendant le déroulement du jeu propose;les autres enfants présents abandonnent très rapidement la partie;le maître-nageur présent la favorise ouvertement par rapport aux autres;27294;I
27311;question;Que peut-on déduire du plaisir général ressenti par Amelia tout au long de cette journée à la piscine ?;elle vit une journée particulièrement riche en découvertes et en réussites personnelles;elle s'ennuie manifestement du tout début jusqu'à la toute fin de la journée;elle préférerait clairement rester à la maison la prochaine fois;elle a globalement peur de l'eau durant l'intégralité de cette journée;27294;I
27312;question;Que peut-on déduire de la relation entre Amelia et sa maman tout au long de cette sortie à la piscine ?;sa maman l'accompagne avec attention tout en lui laissant gagner en autonomie personnelle;sa maman reste totalement indifférente aux activités menées par sa fille;sa maman empêche systématiquement Amelia de profiter pleinement de la piscine;Amelia préférerait clairement être accompagnée par quelqu'un d'autre;27294;I
27313;question;Pourquoi Amelia demande-t-elle déjà à revenir bientôt à cette même piscine sur le chemin du retour ?;elle souhaite sincèrement continuer à progresser dans sa pratique de la natation;elle a simplement oublié un objet personnel à la piscine ce jour-là;ses parents l'obligent explicitement à formuler cette demande précise;elle n'a en réalité rien d'autre à proposer pour les jours suivants;27294;I
27314;question;Que peut-on déduire globalement de l'évolution de la confiance d'Amelia en elle-même durant cette journée entière ?;elle gagne progressivement en assurance grâce aux nombreuses réussites accumulées ce jour-là;elle perd au contraire toute confiance face aux différentes difficultés rencontrées;cette journée n'a finalement aucun effet notable sur sa confiance personnelle;elle regrette globalement d'avoir tenté de nouvelles activités ce jour-là;27294;I
27315;passage;Mateo reçoit enfin le vélo qu'il attendait avec impatience depuis des mois pour son anniversaire, un magnifique modèle bleu équipe de plusieurs vitesses qu'il pourra désormais utiliser pour explorer son quartier avec ses amis. Dès le lendemain matin, son papa l'accompagne pour une première sortie dans le parc voisin, ou de larges allées goudronnées permettent de rouler en toute sécurité, loin de la circulation automobile habituelle. Mateo doit tout d'abord se familiariser avec le changement de vitesses, un mécanisme totalement nouveau pour lui compare à son ancien vélo bien plus simple qu'il utilisait depuis déjà plusieurs années consécutives. Après quelques hésitations compréhensibles et deux petites chutes sans aucune gravite, Mateo parvient finalement à maîtriser correctement le passage des vitesses en montant une légère côte située au bout du parc. Son papa lui explique également avec patience comment utiliser correctement les freins avant et arrière, en insistant particulièrement sur l'importance de freiner progressivement pour éviter tout déséquilibre potentiellement dangereux. Le week-end suivant, Mateo organise avec enthousiasme une sortie à vélo avec trois de ses amis proches du quartier, tous équipes de leurs propres bicyclettes pour explorer ensemble les petits chemins environnants. Le groupe entier s'arrête à mi-parcours près d'une fontaine publique pour se rafraîchir un peu et partager quelques biscuits emportes soigneusement dans les sacoches attachées à chacun des vélos du groupe. Mateo se sent particulièrement fier de son nouveau vélo devant ses amis, remarquant avec plaisir que sa maîtrise des vitesses s'est nettement améliorée depuis sa toute première sortie effectuée avec son papa. En rentrant chez lui ce jour-là, Mateo range soigneusement son vélo dans le garage familial, déjà impatient de planifier une nouvelle sortie avec ses amis pour le week-end suivant qui approche rapidement. Le soir venu, Mateo raconte à sa maman chaque étape de cette belle journée passée entre amis, espérant déjà pouvoir explorer des chemins plus longs et plus varies lors de leurs prochaines sorties à vélo.;;;;;;
27316;question;Que reçoit précisément Mateo pour l'occasion de son anniversaire ?;un vélo bleu équipe de vitesses;un vélo rouge sans aucune vitesse;une simple trottinette électrique;une paire de rollers neufs;27315;L
27317;question;Où se déroule précisément la toute première sortie à vélo effectuée par Mateo ?;dans le parc voisin de chez lui;directement dans la rue devant sa maison;à la campagne, loin de chez lui;au bord de la mer, en vacances;27315;L
27318;question;Que doit impérativement apprendre Mateo en tout premier lieu sur son nouveau vélo ?;le changement de vitesses;la réparation d'une crevaison;la réalisation d'acrobaties diverses;la conduite à très grande vitesse;27315;L
27319;question;Que lui explique également avec patience son papa concernant l'usage du vélo ?;comment utiliser correctement les freins;comment réparer efficacement une roue;comment nettoyer soigneusement le vélo;comment changer entièrement une chaîne;27315;L
27320;question;Avec qui précisément Mateo sort-il à vélo le week-end suivant sa première sortie ?;trois de ses amis du quartier;l'ensemble de sa famille proche;toute sa classe d'école;il décide de sortir entièrement seul;27315;L
27321;question;Où précisément le groupe d'amis s'arrête-t-il à mi-parcours de leur balade ?;près d'une fontaine publique;directement chez un ami du groupe;à proximité de leur école habituelle;dans un magasin de vélos du quartier;27315;L
27322;question;Que veut dire 'goudronnées' à propos des allées empruntées dans le parc voisin ?;recouvertes d'un revêtement lisse permettant de circuler;recouvertes uniquement de terre et de boue;recouvertes entièrement de sable fin;recouvertes simplement d'herbe verte;27315;V
27323;question;Que veut dire 'se familiariser' à propos de Mateo apprenant à utiliser le changement de vitesses ?;s'habituer progressivement à un élément totalement nouveau pour lui;refuser catégoriquement d'apprendre quoi que ce soit;oublier très rapidement une information récemment donnée;éviter complètement une situation nouvelle rencontrée;27315;V
27324;question;Que veut dire 'progressivement' à propos de la manière de freiner recommandée par le papa de Mateo ?;petit à petit, sans brusquerie particulière;de façon brutale et particulièrement soudaine;en s'arrêtant instantanément sans transition;en accélérant encore davantage la vitesse;27315;V
27325;question;Que veut dire 'déséquilibre' à propos du danger évoque par le papa de Mateo concernant le freinage ?;une perte de stabilité pouvant provoquer une chute;un excès de vitesse uniquement rencontre;une simple panne mécanique du vélo;un bruit inhabituel provenant du vélo;27315;V
27326;question;Que veut dire 'sacoches' à propos des accessoires attachés aux vélos du groupe d'amis ?;de petits sacs attachés au vélo pour transporter des affaires;des freins supplémentaires installés sur le vélo;des lumières destinées à un usage nocturne;des pneus de rechange transportés par précaution;27315;V
27327;question;Que veut dire 'environnants' à propos des chemins explorés ensemble par le groupe d'amis de Mateo ?;qui se trouvent aux alentours immédiats du quartier;qui se situent très loin du quartier habituel;qui sont formellement interdits d'accès au public;qui n'existent en réalité plus aujourd'hui;27315;V
27328;question;Pourquoi le papa de Mateo choisit-il précisément le parc pour la toute première sortie à vélo de son fils ?;les larges allées permettent de rouler en toute sécurité, loin de la circulation automobile;c'est en réalité le seul endroit ouvert au public ce jour-là précis;Mateo le lui a explicitement demandé pour une raison précise;il n'existe simplement aucun autre parc disponible dans le quartier;27315;I
27329;question;Pourquoi Mateo persiste-t-il à apprendre le changement de vitesses malgré ses deux petites chutes initiales ?;il se montre véritablement motive à l'idée de maîtriser pleinement son nouveau vélo;son papa le force explicitement à continuer malgré les difficultés rencontrées;il n'a en réalité pas d'autre choix pour rentrer chez lui ce jour-là;ses amis se moqueraient ouvertement de lui dans le cas contraire;27315;I
27330;question;Qu'est-ce qui montre concrètement que Mateo est particulièrement fier de son nouveau vélo lors de la sortie entre amis ?;il se sent très fier en roulant aux côtés de ses amis proches durant cette sortie;il préfère en réalité cacher discrètement son vélo à ses propres amis;il regrette visiblement d'avoir reçu ce vélo en cadeau d'anniversaire;il emprunte finalement le vélo d'un ami plutôt que d'utiliser le sien;27315;I
27331;question;Pourquoi le groupe d'amis emporte-t-il précisément des biscuits dans les sacoches attachées à leurs vélos ?;ils prévoient sagement de faire une pause et de se restaurer pendant leur sortie;ils doivent impérativement les livrer à une personne précise;c'est une règle strictement imposée par l'ensemble des parents concernes;ils n'ont en réalité pas eu le temps de déjeuner avant de partir;27315;I
27332;question;Que peut-on déduire de la progression évidente de Mateo entre sa première sortie et celle effectuée avec ses amis ?;il gagne rapidement en confiance et en maîtrise technique de son nouveau vélo;il ne progresse en réalité pas du tout entre ces deux sorties distinctes;il regrette finalement d'avoir choisi ce vélo particulier comme cadeau;il abandonne complètement la pratique du vélo après sa toute première sortie;27315;I
27333;question;Que peut-on déduire du rôle joue par le papa de Mateo dans cet apprentissage progressif du vélo ?;il transmet patiemment des conseils de sécurité essentiels à son fils avec bienveillance;il laisse Mateo apprendre entièrement seul sans lui apporter la moindre aide;il décourage plutôt Mateo de continuer à s'entraîner régulièrement;il critique systématiquement les erreurs commises par Mateo sans jamais les expliquer;27315;I
27334;question;Pourquoi Mateo raconte-t-il en détail chaque étape de cette journée à sa maman une fois rentre chez lui ?;il souhaite sincèrement partager avec elle sa joie et sa fierté ressenties ce jour-là;sa maman l'oblige explicitement à lui faire ce récit détaille;il n'a en réalité rien d'autre à faire de sa soirée ce jour-là;il cherche uniquement à obtenir un nouveau cadeau en récompense;27315;I
27335;question;Que peut-on déduire globalement de l'évolution du rapport de Mateo à son propre vélo au fil de cette histoire ?;il développe progressivement un véritable attachement et une réelle maîtrise de cet objet nouveau;il regrette finalement d'avoir reçu ce cadeau d'anniversaire particulier;cette expérience n'a en réalité aucun effet notable sur son quotidien;il préfère désormais nettement son ancien vélo, plus simple d'utilisation;27315;I
27336;passage;Freya découvre avec un véritable émerveillement une vieille cabane abandonnée au fond du grand jardin de ses grands-parents, entièrement cachée derrière un rideau de branches et de feuillages épais depuis de nombreuses années. Curieuse de nature, elle pousse doucement la porte particulièrement grinçante et découvre un intérieur poussiéreux mais visiblement encore solide, avec une petite fenêtre laissant entrer un rayon de lumière dorée. Freya décide alors immédiatement de faire de cet endroit particulier son propre refuge secret, loin du bruit habituel de la maison familiale où se retrouvent chaque été de nombreux cousins particulièrement bruyants. Avec l'accord bienveillant de son papi, elle passe plusieurs jours entiers à nettoyer soigneusement la cabane, balayant la poussière accumulée depuis des années et retirant les toiles d'araignée tissées dans chaque recoin. Son papi l'aide également avec patience à réparer une planche de bois cassée près de l'entrée, lui montrant comment utiliser correctement un marteau et des clous sans jamais risquer de se blesser gravement. Petit à petit, Freya aménage sa cabane avec de vieux coussins récupères directement au grenier familial, une caisse en bois transformée habilement en petite table et une guirlande de lumières alimentée par des piles. Chaque après-midi ensoleillé, Freya s'installe confortablement dans sa cabane pour lire tranquillement ou dessiner, savourant pleinement ce précieux moment de calme bien à elle, loin de l'agitation habituelle de la maison. Elle y invite parfois discrètement sa cousine préférée, avec qui elle partage volontiers ce secret bien garde, renforçant ainsi une complicité particulière entre les deux jeunes filles au fil de cet été mémorable. à la fin des vacances estivales, Freya invite finalement l'ensemble de ses cousins à découvrir sa cabane secrète transformée, particulièrement fière de partager enfin cet endroit qu'elle a rendu chaleureux grâce à tant d'efforts personnels. Avant de repartir chez elle à la fin de l'été, Freya demande à son papi de bien vouloir surveiller sa cabane durant l'hiver, espérant déjà pouvoir la retrouver intacte dès les prochaines vacances estivales.;;;;;;
27337;question;Où précisément Freya découvre-t-elle cette vieille cabane totalement abandonnée ?;au fond du grand jardin de ses grands-parents;directement dans la forêt voisine;au grenier même de la maison familiale;au bord d'une rivière proche;27336;L
27338;question;Que trouve exactement Freya en pénétrant à l'intérieur de cette cabane ?;un intérieur poussiéreux mais encore solide;un intérieur totalement détruit et inutilisable;des meubles entièrement neufs et modernes;d'autres enfants déjà installes à l'intérieur;27336;L
27339;question;Qui aide précisément Freya à nettoyer soigneusement sa nouvelle cabane ?;son papi, avec son accord bienveillant;uniquement ses cousins présents;personne, elle réalise tout entièrement seule;sa mamie exclusivement, sans aide;27336;L
27340;question;Que répare précisément le papi de Freya durant cette période de travaux ?;une planche de bois cassée près de l'entrée;l'intégralité du toit de la cabane;la fenêtre entièrement cassée;la porte particulièrement grinçante;27336;L
27341;question;Avec quels éléments précis Freya aménage-t-elle finalement l'intérieur de sa cabane ?;de vieux coussins, une caisse en bois et une guirlande lumineuse;des meubles entièrement neufs achetés en magasin;rien du tout, elle laisse volontairement l'espace vide;uniquement des jouets casses récupères;27336;L
27342;question;Que fait précisément Freya à la toute fin des vacances estivales ?;elle invite ses cousins à découvrir sa cabane;elle détruit entièrement la cabane avant son départ;elle garde définitivement la cabane secrète pour toujours;elle abandonne totalement son projet initial;27336;L
27343;question;Que veut dire 'grinçante' à propos de la porte de la cabane découverte par Freya ?;qui produit un bruit aigu et particulièrement désagréable en s'ouvrant;qui s'ouvre sans produire le moindre bruit;qui reste totalement bloquée et immobile;qui est décorée de couleurs particulièrement vives;27336;V
27344;question;Que veut dire 'refuge' à propos de ce que devient progressivement cette cabane pour la jeune Freya ?;un endroit ou l'on se sent particulièrement à l'abri et tranquille;un lieu manifestement dangereux qu'il faut absolument éviter;un endroit ouvert librement à tout le monde;un simple espace de rangement supplémentaire;27336;V
27345;question;Que veut dire 'savourant' à propos de la manière dont Freya profite de son moment de calme quotidien ?;appréciant pleinement et avec un réel plaisir;supportant difficilement une situation subie;ignorant totalement ce moment particulier;redoutant fortement ce moment de la journée;27336;V
27346;question;Que veut dire 'agitation' à propos de l'ambiance habituelle régnant dans la maison familiale ?;un mouvement particulièrement bruyant et anime;un calme particulièrement profond et paisible;un silence relativement pesant et inquiétant;une tristesse générale ressentie par tous;27336;V
27347;question;Que veut dire 'aménagé' à propos de ce que réalise concrètement Freya à l'intérieur de sa cabane ?;organise et installe avec soin pour la rendre confortable;abandonne complètement sans y revenir;détruit petit à petit au fil du temps;ferme définitivement à clé sans jamais y revenir;27336;V
27348;question;Que veut dire 'complicité' à propos de la relation qui se développe entre Freya et sa cousine préférée ?;une entente particulière et une proximité affective sincère;une rivalité manifeste et une tension constante;une indifférence totale l'une envers l'autre;un simple lien de politesse superficiel;27336;V
27349;question;Pourquoi Freya recherche-t-elle précisément un endroit loin du bruit de la maison familiale habituelle ?;elle recherche activement un moment de calme personnel loin de l'agitation des nombreux cousins;elle n'apprécie en réalité pas du tout sa propre famille;ses grands-parents l'obligent explicitement à s'isoler ainsi;elle a en réalité peur des autres enfants présents;27336;I
27350;question;Pourquoi le papi de Freya accepte-t-il volontiers de l'aider à réparer entièrement cette vieille cabane ?;il soutient avec bienveillance le projet personnel de sa petite-fille;il souhaite simplement se débarrasser d'une cabane gênante;Freya le menace explicitement de ne plus jamais lui parler sinon;c'est une obligation qu'il s'impose chaque été sans grand plaisir;27336;I
27351;question;Qu'est-ce qui montre concrètement que Freya est particulièrement fière du travail accompli sur sa cabane ?;elle invite ses cousins à la découvrir à la toute fin des vacances estivales;elle cache définitivement la cabane à l'ensemble de son entourage;elle regrette visiblement d'avoir commencé ce projet personnel;elle demande finalement à son papi de tout refaire entièrement;27336;I
27352;question;Pourquoi Freya choisit-elle de n'inviter sa cousine préférée que discrètement, avant d'inviter tous les autres cousins ?;elle souhaite d'abord partager ce secret précieux avec la personne la plus proche d'elle;elle avait simplement oublie d'inviter les autres cousins présents;sa cousine préférée refusait de venir en présence des autres enfants;la cabane n'était pas encore suffisamment aménagée pour tous;27336;I
27353;question;Pourquoi Freya demande-t-elle à son papi de surveiller sa cabane durant toute la période hivernale ?;elle souhaite sincèrement pouvoir la retrouver intacte lors des prochaines vacances estivales;elle n'a en réalité pas confiance en la solidité de sa propre construction;son papi le lui impose explicitement avant son départ;elle envisage déjà de ne jamais revenir dans cette maison;27336;I
27354;question;Que peut-on déduire de la collaboration entre Freya et son papi tout au long de ce projet de rénovation ?;ils forment une équipe complémentaire et efficace autour d'un projet partage avec plaisir;ils se disputent constamment durant l'intégralité de cette construction;le papi réalise en réalité l'intégralité du travail sans l'aide de Freya;Freya ne participe finalement que très peu à ce projet commun;27336;I
27355;question;Que peut-on déduire de l'importance de cette cabane personnelle dans le développement de la jeune Freya ?;elle lui permet de développer sa confiance et son autonomie à travers un projet mené à terme;ce projet n'a eu finalement aucune influence particulière sur son développement;elle regrette d'avoir consacré autant de temps à cette construction personnelle;elle préférerait désormais nettement éviter tout projet manuel similaire;27336;I
27356;question;Que peut-on déduire globalement de l'évolution des relations familiales de Freya à travers cette expérience de la cabane ?;elle renforce ses liens avec son papi et sa cousine tout en gagnant en indépendance personnelle;cette expérience n'a en réalité aucun effet sur ses relations familiales existantes;elle s'éloigne progressivement de l'ensemble de sa famille durant cet été;elle préfère finalement rester seule plutôt que de partager cette expérience;27336;I
27357;passage;Antoine se promène tranquillement dans le parc près de chez lui un samedi après-midi lorsqu'il aperçoit soudainement un petit chien errant, visiblement perdu et particulièrement affame, errant seul entre les bancs publics du parc. Le chien, un petit épagneul au pelage marron et blanc, porte effectivement un collier rouge mais aucune médaille permettant d'identifier facilement son propriétaire habituel. Antoine s'approche alors très doucement pour ne pas l'effrayer davantage. Le petit animal, initialement méfiant face à cet inconnu, finit par accepter progressivement les caresses d'Antoine après quelques minutes de patience, remuant timidement la queue en signe de confiance nouvellement retrouvée. Antoine décide alors de ramener ce chien chez lui pour lui donner rapidement à boire et à manger, avant de réfléchir attentivement à la meilleure manière de retrouver ses véritables propriétaires dans les plus brefs délais. Sa maman l'aide efficacement à prendre une photo nette du chien afin de publier une annonce détaillée sur les réseaux sociaux du quartier, espérant ainsi toucher rapidement des personnes ayant récemment perdu leur animal. Pendant ce temps, Antoine appelle également directement la mairie pour signaler officiellement sa découverte, car il sait pertinemment qu'un service municipal spécifique s'occupe habituellement des animaux perdus dans la commune. Le lendemain matin, une femme visiblement en larmes de soulagement appelle directement Antoine après avoir vu l'annonce publiée la veille au soir. Elle reconnaît immédiatement avec émotion son propre chien disparu depuis trois jours entiers. Quand la propriétaire vient finalement récupérer son animal tant aime, elle remercie chaleureusement Antoine pour sa gentillesse et son sens des responsabilités, lui offrant en cadeau un livre entier sur les différentes races de chiens. Antoine garde précieusement ce livre en souvenir de cette belle expérience, feuilletant régulièrement ses pages dans l'espoir de mieux comprendre le comportement des animaux qu'il pourrait rencontrer à l'avenir. Quelques semaines plus tard, Antoine demande finalement à ses parents s'il pourrait lui aussi adopter un petit chien, ayant découvert à travers cette expérience marquante à quel point ces animaux peuvent devenir attachants.;;;;;;
27358;question;Où précisément Antoine aperçoit-il ce chien perdu et visiblement affame ?;dans le parc près de chez lui;dans la rue devant son école;directement à la campagne;à l'intérieur d'un magasin;27357;L
27359;question;De quelle race précise est le chien découvert par Antoine ce jour-là ?;un épagneul;un labrador retriever;un simple caniche;un berger allemand;27357;L
27360;question;Que porte précisément le chien autour de son cou lorsqu'Antoine le trouve ?;un collier rouge sans médaille identifiante;une médaille avec un numéro précis;rien du tout autour du cou;une laisse manifestement cassée;27357;L
27361;question;Que fait précisément la maman d'Antoine pour aider à retrouver le propriétaire du chien ?;elle l'aide à publier une annonce avec une photo;elle appelle uniquement la police locale;elle décide de garder le chien pour elle-même;elle ne fait finalement rien de particulier;27357;L
27362;question;Qui précisément Antoine appelle-t-il également pour signaler sa découverte du chien ?;la mairie;un vétérinaire uniquement;ses propres amis proches;personne d'autre que sa maman;27357;L
27363;question;Que fait exactement la femme en larmes le lendemain matin de la découverte ?;elle appelle Antoine après avoir vu l'annonce;elle vient directement sans jamais prévenir;elle ne se manifeste finalement jamais;elle appelle la police pour porter plainte;27357;L
27364;question;Que veut dire 'errant' à propos du chien trouvé par Antoine dans le parc ?;qui se déplace sans direction précise, sans maître visible;qui court très rapidement vers un but précis;qui dort profondément sans bouger;qui reste attache solidement quelque part;27357;V
27365;question;Que veut dire 'affame' à propos de l'état physique général du chien découvert ce jour-là ?;qui ressent une très grande faim;qui est particulièrement fatigué physiquement;qui est visiblement malade;qui ressent uniquement une grande soif;27357;V
27366;question;Que veut dire 'soulagement' à propos des larmes versées par la propriétaire retrouvant son chien ?;un sentiment de libération ressenti après une longue inquiétude;une grande tristesse qui persiste malgré tout;une colère manifestement intense;une indifférence totale face à la situation;27357;V
27367;question;Que veut dire 'timidement' à propos de la manière dont le chien remue sa queue au début ?;avec une certaine réserve, assez doucement;avec une très grande énergie manifeste;de façon particulièrement agressive;sans produire le moindre mouvement;27357;V
27368;question;Que veut dire 'signaler' à propos de l'appel passe par Antoine directement à la mairie ?;informer officiellement les autorités d'un fait précis;cacher volontairement une information importante;refuser catégoriquement de communiquer;demander explicitement une récompense financière;27357;V
27369;question;Que veut dire 'attachants' à propos des animaux qu'Antoine espère désormais mieux comprendre ?;qui suscitent facilement une affection sincère;qui repoussent généralement les personnes rencontrées;qui restent totalement indifférents aux humains;qui sont particulièrement dangereux au quotidien;27357;V
27370;question;Pourquoi Antoine s'approche-t-il très doucement du chien plutôt que de manière brusque ?;il ne souhaite surtout pas effrayer un animal déjà visiblement méfiant envers lui;il a en réalité peur d'être mordu immédiatement par le chien;le chien se montre particulièrement agressif envers les humains;sa maman le lui interdit fermement de s'approcher rapidement;27357;I
27371;question;Pourquoi Antoine décide-t-il de contacter simultanément les réseaux sociaux et les services de la mairie ?;il souhaite maximiser efficacement ses chances de retrouver rapidement les véritables propriétaires;c'est une obligation légale particulièrement stricte à respecter;sa maman ne lui fait pas suffisamment confiance pour agir seul;il n'a en réalité aucun autre moyen disponible pour agir;27357;I
27372;question;Qu'est-ce qui montre concrètement que la propriétaire est particulièrement attachée à son chien retrouve ?;elle pleure de soulagement en le retrouvant après trois jours entiers de disparition;elle met plusieurs semaines entières avant de réagir à l'annonce publiée;elle demande à quelqu'un d'autre de venir chercher le chien à sa place;elle semble finalement indifférente au moment de récupérer son animal;27357;I
27373;question;Pourquoi la propriétaire offre-t-elle précisément un livre à Antoine en plus de ses sincères remerciements ?;elle souhaite exprimer concrètement sa gratitude pour son geste particulièrement généreux;c'est une obligation systématique lorsqu'on retrouve un animal perdu;Antoine le lui a explicitement demandé dès le début;elle n'avait en réalité rien d'autre à lui offrir ce jour-là;27357;I
27374;question;Que peut-on déduire du caractère général d'Antoine à travers l'ensemble de cette histoire vécue ?;il se révèle généreux, responsable et particulièrement attentif aux autres êtres vivants;il se montre en réalité indifférent au sort des animaux perdus rencontres;il n'agit finalement que pour obtenir une récompense matérielle;il préfère globalement ne pas s'impliquer dans ce genre de situation;27357;I
27375;question;Que peut-on déduire du soutien apporté par la maman d'Antoine tout au long de cette expérience vécue ?;elle encourage et aide activement son fils dans sa démarche solidaire envers l'animal;elle empêche en réalité Antoine de s'occuper correctement du chien trouve;elle préfère confier entièrement cette tache à quelqu'un d'autre;elle reste complètement indifférente à la situation vécue par son fils;27357;I
27376;question;Pourquoi Antoine demande-t-il finalement à ses parents s'il pourrait lui-même adopter un chien ?;cette expérience lui a fait découvrir à quel point les animaux peuvent devenir attachants;il souhaite simplement imiter le comportement d'un ami proche;ses parents lui ont explicitement promis cette adoption depuis longtemps;il n'a en réalité aucun autre projet personnel à proposer actuellement;27357;I
27377;question;Que peut-on déduire globalement de l'impact de cette expérience sur la vision qu'Antoine à désormais des animaux ?;elle transforme durablement son rapport aux animaux et nourrit un nouveau projet personnel;cette expérience n'a finalement aucune conséquence sur sa vision des animaux;il se montre désormais plus méfiant envers l'ensemble des animaux rencontres;il regrette globalement de s'être implique dans cette situation particulière;27357;I
27378;passage;Zoé se prépare avec un mélange d'excitation et d'appréhension pour sa rentrée en CM2, changeant d'école après le déménagement récent de sa famille dans une nouvelle ville durant les vacances d'été précédentes. La veille au soir, Zoé prépare soigneusement son cartable neuf, vérifiant plusieurs fois de suite que tous les cahiers, crayons et livres demandes sur la liste de fournitures soient effectivement bien présents. Le matin de cette rentrée particulière, Zoé se lève très tôt, incapable de se rendormir tant l'anxiété de découvrir sa nouvelle école et ses futurs camarades occupe entièrement ses pensées dès le réveil. Devant le portail de l'école, Zoé serre fermement la main de sa maman, observant avec une certaine inquiétude les nombreux enfants qui se retrouvent joyeusement entre eux après les longues vacances d'été. Dans la cour de récréation, une maîtresse particulièrement souriante accueille les nouveaux élèves et les guide vers leur salle de classe, ou Zoé découvre avec surprise son nom déjà inscrit sur une étiquette collée à son bureau. Pendant la première récréation, Zoé reste d'abord un peu à l'écart du groupe, observant timidement les différents groupes d'enfants qui semblent déjà tous se connaître depuis plusieurs années consécutives. Une fillette prénommée Lisa remarque alors Zoé seule près du mur et vient spontanément l'inviter à rejoindre son propre groupe d'amies pour jouer ensemble à un jeu de balle particulièrement anime. Zoé accepte timidement cette invitation inattendue et découvre rapidement que Lisa partage exactement les mêmes goûts qu'elle pour la lecture et les jeux de société, ce qui facilite grandement leur toute nouvelle relation. à la fin de cette première journée particulièrement marquante, Zoé rentre chez elle avec un large sourire, racontant à ses parents avec un enthousiasme évident sa nouvelle amitié naissante et sa maîtresse qu'elle trouve déjà très sympathique. Le soir venu, avant de s'endormir, Zoé écrit dans son journal intime à quel point cette journée s'est finalement mieux passée que prévu, espérant sincèrement que cette nouvelle année scolaire lui réserve encore de belles surprises.;;;;;;
27379;question;Pourquoi précisément Zoé change-t-elle d'école cette année scolaire ?;sa famille a déménagé dans une nouvelle ville durant l'été;elle a malheureusement redoublé sa classe précédente;elle voulait elle-même changer d'école volontairement;ses parents l'ont inscrite ailleurs par simple erreur;27378;L
27380;question;Que fait précisément Zoé la veille au soir de cette rentrée particulière ?;elle prépare soigneusement son cartable neuf;elle range simplement sa propre chambre;elle rend visite à des amis proches;elle ne prépare finalement rien de particulier;27378;L
27381;question;Comment précisément Zoé se lève-t-elle le matin de cette rentrée si particulière ?;très tôt, sans pouvoir se rendormir ensuite;très tard, en étant visiblement en retard;normalement, exactement comme d'habitude;elle ne se lève en réalité pas seule;27378;L
27382;question;Qui précisément accueille les nouveaux élèves dans la cour de récréation ?;une maîtresse particulièrement souriante;uniquement le directeur de l'école;un autre élève plus âge;personne ne les accueille réellement;27378;L
27383;question;Que découvre précisément Zoé en entrant dans sa nouvelle salle de classe ?;son nom déjà inscrit sur une étiquette à son bureau;qu'elle n'a en réalité aucune place assise;qu'elle connaît déjà tous les autres élèves;qu'elle s'est simplement trompée de salle;27378;L
27384;question;Qui précisément invite Zoé à rejoindre un groupe d'amies pendant la récréation ?;une fillette prénommée Lisa;sa propre maîtresse de classe;sa maman restée dans la cour;un garçon de sa nouvelle classe;27378;L
27385;question;Que veut dire 'appréhension' au tout début de cette histoire, à propos de Zoé ?;une inquiétude légère face à une situation entièrement nouvelle;une très grande joie sans le moindre mélange;une profonde fatigue physique accumulée;une totale indifférence face à la situation;27378;V
27386;question;Que veut dire 'anxiété' à propos du sentiment ressenti par Zoé le matin de la rentrée ?;un sentiment d'inquiétude ou de stress relativement marqué;un sentiment de très grande joie manifeste;un sentiment de fatigue purement physique;un sentiment général d'ennui profond;27378;V
27387;question;Que veut dire 'spontanément' à propos du geste accompli par Lisa envers Zoé ce jour-là ?;naturellement, sans y avoir été explicitement poussée;après y avoir très longuement réfléchi au préalable;sur ordre direct donné par la maîtresse présente;avec une réticence particulièrement visible;27378;V
27388;question;Que veut dire 'naissante' à propos de l'amitié qui se développe entre Zoé et Lisa ?;qui commence tout juste à se former entre elles;qui existe en réalité depuis de très nombreuses années;qui est déjà définitivement terminée;qui n'existe finalement pas véritablement;27378;V
27389;question;Que veut dire 'timidement' à propos de la manière dont Zoé observe initialement les autres enfants ?;avec une certaine réserve, sans oser s'approcher directement;avec une très grande assurance manifeste;avec une colère visible et marquée;de façon particulièrement moqueuse envers eux;27378;V
27390;question;Que veut dire 'facilite' à propos de l'effet produit par les goûts communs partagés entre Zoé et Lisa ?;rend plus simple et plus naturel un processus donne;complique inutilement une situation existante;rend totalement impossible une chose précise;n'a en réalité aucun effet particulier observable;27378;V
27391;question;Pourquoi précisément Zoé se lève-t-elle si tôt le matin de la rentrée sans parvenir à se rendormir ?;l'anxiété liée à cette nouvelle expérience occupe entièrement toutes ses pensées;elle est simplement réveillée par un bruit provenant de l'extérieur;elle a en réalité mal dormi à cause d'une forte chaleur;elle doit impérativement partir très tôt pour un autre rendez-vous;27378;I
27392;question;Pourquoi précisément Zoé reste-t-elle d'abord à l'écart du groupe pendant la première récréation ?;elle ne connaît encore personne et se sent quelque peu intimidée par la situation;elle n'apprécie en réalité pas du tout jouer avec les autres enfants;sa propre maîtresse le lui demande explicitement;elle est en réalité punie pour un comportement passe;27378;I
27393;question;Pourquoi le geste accompli par Lisa envers Zoé se révèle-t-il particulièrement important ce jour-là précis ?;il permet à Zoé de se sentir immédiatement moins seule dans ce nouvel environnement inconnu;il oblige en réalité Zoé à jouer entièrement contre son gré;Lisa cherche uniquement à se faire bien voir de sa propre maîtresse;il n'a finalement aucune conséquence sur le reste de la journée de Zoé;27378;I
27394;question;Qu'est-ce qui montre concrètement que la première journée de Zoé se termine finalement plutôt bien ?;elle rentre chez elle avec le sourire et raconte sa journée avec un réel enthousiasme;elle refuse catégoriquement de parler de sa journée à ses propres parents;elle pleure abondamment une fois rentrée à la maison familiale;elle demande explicitement à changer à nouveau d'école dès le lendemain;27378;I
27395;question;Que peut-on déduire du caractère de Lisa à travers le geste sincère qu'elle accomplit envers Zoé ce jour-là ?;elle fait preuve d'une réelle gentillesse et d'une ouverture envers les nouveaux élèves;elle se moque en réalité des élèves arrivant en cours d'année scolaire;elle se montre habituellement indifférente envers les nouveaux venus;elle agit uniquement pour obéir strictement à sa propre maîtresse;27378;I
27396;question;Que peut-on déduire de l'évolution du sentiment de Zoé entre le matin et le soir de cette journée de rentrée ?;son inquiétude initiale laisse progressivement place à un sentiment nettement plus positif et rassurant;elle demeure tout aussi anxieuse du tout début jusqu'à la toute fin de la journée;elle regrette globalement d'avoir déménagé des ce tout premier jour;aucun changement notable n'affecte finalement son ressenti au fil de la journée;27378;I
27397;question;Pourquoi Zoé écrit-elle précisément dans son journal intime le soir de cette première journée de rentrée ?;elle souhaite garder une trace personnelle de cette expérience finalement plus positive que prévu;sa maîtresse lui a explicitement imposé ce devoir dès le premier jour;elle n'a en réalité rien d'autre à faire de sa soirée ce jour-là;ses parents l'obligent formellement à tenir ce journal quotidien;27378;I
27398;question;Que peut-on déduire globalement de la capacité d'adaptation de Zoé face à ce changement d'école important ?;elle sait faire preuve de resilience et parvient progressivement à s'adapter positivement à une situation nouvelle;elle rencontre en réalité des difficultés insurmontables face à ce changement;elle refuse catégoriquement de s'adapter à sa nouvelle situation scolaire;cette capacité d'adaptation ne se manifeste finalement jamais chez elle;27378;I
27399;passage;Noah participe cette année scolaire à l'exposition de sciences organisée par son école, un événement annuel particulièrement attendu où chaque élève de CM2 présente une petite expérience scientifique devant l'ensemble des autres classes. Depuis plusieurs semaines déjà, Noah prépare avec un sérieux remarquable son propre projet sur les volcans, fabriquant une maquette en papier mâche représentant fidèlement un cratère particulièrement réaliste et détaille. Son papa l'aide patiemment à préparer le mélange chimique nécessaire pour simuler une éruption volcanique convaincante, compose principalement de bicarbonate de soude et de vinaigre colore artificiellement en orange vif. La veille de cette exposition importante, Noah répète plusieurs fois de suite sa présentation devant toute sa famille réunie au salon, s'entraînant à expliquer clairement le phénomène naturel qu'il souhaite illustrer concrètement. Le jour même de l'exposition, Noah installe soigneusement sa maquette sur une table décorée pour l'occasion, disposée juste à côté du stand voisin ou une camarade présente justement un projet sur le système solaire. Quand vient enfin son tour de présenter, Noah explique avec une assurance visible devant un petit groupe de visiteurs attentifs comment se forme véritablement un volcan, avant de déclencher sa fameuse éruption chimique particulièrement spectaculaire. Le mélange orange jaillit alors soudainement du cratère en papier mâche, provoquant des exclamations enthousiastes parmi l'ensemble des enfants et parents rassembles autour de son stand pour observer cette expérience impressionnante. Curieux et attentif, un visiteur demande à Noah pourquoi le mélange produit autant de mousse, ce qui permet au jeune garçon d'expliquer avec fierté la réaction chimique précise se produisant entre les deux ingrédients utilisés. à la fin de cette journée particulièrement réussie, la maîtresse de sciences félicite chaleureusement Noah pour la qualité et le sérieux évident de son projet, ce qui le remplit d'une immense fierté devant l'ensemble de sa famille venue l'applaudir. En rentrant chez lui ce soir-là, Noah range précieusement sa maquette dans sa chambre, espérant déjà pouvoir présenter un projet encore plus ambitieux lors de la prochaine exposition de sciences organisée par son école.;;;;;;
27400;question;À quel événement scolaire précis Noah participe-t-il cette année-là ?;l'exposition de sciences de son école;un simple concours de dessin;une kermesse organisée par l'école;un tournoi sportif inter-classes;27399;L
27401;question;Sur quel sujet précis porte le projet scientifique présente par Noah ?;les volcans;le système solaire dans son ensemble;les animaux marins variés;le fonctionnement de l'électricité;27399;L
27402;question;Qui précisément aide Noah à préparer le mélange chimique nécessaire à son expérience ?;son papa;sa propre maîtresse de classe;un camarade de sa classe;personne, il réalise tout entièrement seul;27399;L
27403;question;Que présente précisément la camarade installée au stand voisin de celui de Noah ?;un projet sur le système solaire;un projet également consacre aux volcans;un projet portant sur les insectes;aucun projet particulier, elle n'a rien prépare;27399;L
27404;question;Que se passe-t-il précisément lorsque Noah déclenche son expérience devant le public ?;le mélange orange jaillit du cratère;rien de particulier ne se produit finalement;la maquette se casse accidentellement;le mélange explose de manière dangereuse;27399;L
27405;question;Que fait précisément la maîtresse de sciences à la toute fin de cette journée d'exposition ?;elle félicite chaleureusement Noah pour son projet;elle critique ouvertement le travail réalise par Noah;elle ignore complètement le stand de Noah;elle demande à Noah de recommencer entièrement;27399;L
27406;question;Que veut dire 'fidèlement' à propos de la maquette représentant précisément le cratère volcanique ?;de manière réaliste et particulièrement précise;de façon relativement approximative;de manière complètement fausse et erronée;sans le moindre soin particulier apporte;27399;V
27407;question;Que veut dire 'simuler' à propos de l'éruption volcanique reproduite artificiellement par Noah ?;reproduire artificiellement un phénomène naturel réel;empêcher totalement un phénomène de se produire;observer simplement sans jamais intervenir;photographier fidèlement un événement réel existant;27399;V
27408;question;Que veut dire 'jaillit' à propos du mélange orange sortant soudainement du cratère fabrique ?;sort brusquement et avec une certaine force;coule très lentement et progressivement;reste totalement immobile à l'intérieur;disparaît instantanément sans laisser de trace;27399;V
27409;question;Que veut dire 'avec assurance' à propos de la manière dont Noah présente son projet au public ?;avec une réelle confiance en lui-même;avec une très grande hésitation visible;avec une peur manifeste et évidente;en lisant simplement un texte sans le comprendre;27399;V
27410;question;Que veut dire 'réaction chimique' à propos de ce que Noah explique concernant son expérience ?;une transformation qui se produit entre plusieurs substances mélangées;un simple effet visuel sans aucune base scientifique;une décoration ajoutée uniquement pour le spectacle;un phénomène inexplicable même par la science;27399;V
27411;question;Que veut dire 'spectaculaire' à propos de l'éruption chimique réalisée par le jeune Noah ?;qui impressionne fortement l'ensemble de ceux qui l'observent;totalement banal et particulièrement sans intérêt;invisible complètement pour le public présent;dangereux pour l'ensemble des visiteurs présents;27399;V
27412;question;Pourquoi précisément Noah répète-t-il plusieurs fois sa présentation devant toute sa famille réunie ?;il souhaite être parfaitement bien prépare et clair le jour de l'exposition officielle;sa famille l'y oblige explicitement chaque soir sans exception;il a en réalité oublié le contenu précis de son propre projet;sa maîtresse l'exige formellement avant la tenue de l'événement;27399;I
27413;question;Pourquoi précisément Noah choisit-il de présenter une expérience visuelle plutôt qu'un simple expose oral classique ?;il souhaite rendre sa présentation nettement plus vivante et captivante pour l'ensemble des visiteurs;c'est en réalité la seule option qui lui est proposée par sa maîtresse;il n'a simplement pas eu le temps de préparer autre chose de différent;son papa a choisi ce sujet particulier entièrement à sa place;27399;I
27414;question;Qu'est-ce qui montre concrètement que le travail accompli par Noah a été particulièrement apprécie par les visiteurs ?;des exclamations enthousiastes accueillent immédiatement son expérience réalisée;personne ne s'arrête finalement au stand tenu par Noah;les visiteurs présents quittent très rapidement le stand de Noah;les autres élèves présents se moquent ouvertement de son projet;27399;I
27415;question;Pourquoi Noah accepte-t-il volontiers de répondre à la question posée par un visiteur curieux sur la mousse produite ?;il est fier de partager ses connaissances scientifiques nouvellement acquises avec un public intéresse;il n'a en réalité pas d'autre choix que de répondre à cette question;sa maîtresse l'oblige explicitement à répondre à toute question posée;il cherche uniquement à impressionner davantage encore le public présent;27399;I
27416;question;Pourquoi les félicitations chaleureuses de la maîtresse remplissent-elles Noah d'une telle fierté personnelle ?;elles récompensent justement les efforts sérieux qu'il a fournis durant plusieurs semaines consécutives;il ne s'attendait en réalité à aucune remarque particulière de sa part;c'est la toute première fois qu'il réussit un projet scolaire quelconque;il pensait sincèrement que son propre projet était globalement rate;27399;I
27417;question;Que peut-on déduire de l'implication concrète du papa de Noah dans la réalisation de ce projet scientifique ?;il accompagne et soutient activement l'apprentissage progressif de son propre fils;il réalise en réalité l'intégralité du travail à la place de Noah;il n'est finalement pas du tout implique dans ce projet particulier;il critique ouvertement les choix scientifiques effectues par Noah;27399;I
27418;question;Que peut-on déduire du sérieux avec lequel Noah à globalement aborde ce projet d'exposition scientifique ?;il s'est investi avec une réelle application et une persévérance certaine dans son travail personnel;il a simplement improvisé son projet au tout dernier moment possible;il n'accorde en réalité aucune importance particulière à ce type de projet;il a tout simplement copié l'idée originale d'un autre élève;27399;I
27419;question;Que peut-on déduire globalement du souhait exprimé par Noah de présenter un projet encore plus ambitieux la prochaine fois ?;cette première réussite nourrit chez lui une motivation croissante pour les sciences;il n'éprouve en réalité aucune envie sincère de recommencer ce type de projet;ses parents l'obligent explicitement à formuler ce souhait particulier;il cherche uniquement à obtenir une meilleure note scolaire future;27399;I
27420;passage;Camille passe tous les mercredis après-midi chez sa grand-mère, un rendez-vous hebdomadaire que les deux générations apprécient particulièrement depuis que Camille a exprimé son goût sincère pour la cuisine traditionnelle. Aujourd'hui précisément, mamie propose à Camille d'apprendre ensemble à préparer une tarte aux pommes particulièrement traditionnelle, une recette transmise depuis déjà plusieurs générations au sein de leur famille. Avant de commencer cette préparation, mamie explique patiemment à Camille l'importance capitale de bien se laver les mains et d'attacher soigneusement ses cheveux, des règles d'hygiène essentielles qu'elle applique elle-même depuis toujours. Camille commence par éplucher soigneusement les pommes à l'aide d'un petit couteau parfaitement adapte à son âge, sous le regard particulièrement attentif de sa mamie qui la guide à chaque geste délicat effectue. Pendant que Camille découpe méthodiquement les pommes en fines lamelles régulières, mamie prépare simultanément la pâte sablée, expliquant avec patience la proportion exacte de beurre, de farine et de sucre nécessaire à la réussite. Une fois la pâte correctement étalée dans le moule, Camille dispose artistiquement les tranches de pommes en cercles concentriques harmonieux, imitant fidèlement la technique précise que sa mamie lui a patiemment montrée. Pendant toute la durée de la cuisson, une délicieuse odeur sucrée envahit progressivement l'ensemble de la maison, ce qui rend Camille particulièrement impatiente de goûter enfin le résultat de leurs efforts communs. Profitant de ce temps d'attente, mamie raconte à Camille comment elle-même apprenait autrefois cette même recette auprès de sa propre grand-mère, évoquant avec nostalgie des souvenirs particulièrement précieux de son enfance. A la sortie du four, la tarte parfaitement dorée et particulièrement parfumée est enfin prête à être dégustée. Camille et sa mamie la savourent ensemble avec une fierté partagée, accompagnée d'un peu de crème fraîche onctueuse. En repartant chez elle ce soir-là, Camille demande déjà à sa mamie si elles pourront préparer ensemble une nouvelle recette traditionnelle lors de leur prochain rendez-vous hebdomadaire du mercredi suivant.;;;;;;
27421;question;À quel moment précis Camille rend-elle visite régulièrement à sa grand-mère ?;tous les mercredis après-midi;tous les week-ends sans exception;pendant les vacances scolaires uniquement;une seule fois par mois;27420;L
27422;question;Que proposent-elles précisément de préparer ensemble ce mercredi-là ?;une tarte aux pommes traditionnelle;un gâteau au chocolat classique;une simple soupe de légumes;des crêpes traditionnelles;27420;L
27423;question;Que rappelle précisément mamie avant de commencer cette préparation culinaire ?;l'importance de se laver les mains et d'attacher ses cheveux;l'heure exacte prévue pour le goûter;la liste complète des ingrédients nécessaires;les règles de politesse à observer à table;27420;L
27424;question;Que fait précisément Camille en tout premier lieu durant cette préparation ?;elle épluche soigneusement les pommes;elle prépare directement la pâte sablée;elle allume immédiatement le four;elle met simplement la table;27420;L
27425;question;Comment précisément Camille dispose-t-elle les tranches de pommes sur la pâte ?;en cercles concentriques harmonieux;en une simple ligne droite;de manière totalement désordonnée;elle ne les dispose pas de façon particulière;27420;L
27426;question;Avec quoi précisément dégustent-elles la tarte à sa sortie du four ?;un peu de crème fraîche onctueuse;uniquement de la glace vanille;rien du tout, sans accompagnement;du chocolat chaud prépare;27420;L
27427;question;Que veut dire 'hebdomadaire' à propos du rendez-vous existant entre Camille et sa mamie ?;qui a lieu régulièrement chaque semaine;qui a lieu de manière quotidienne;qui a lieu uniquement une fois par année;qui n'a en réalité aucune régularité fixe;27420;V
27428;question;Que veut dire 'transmise' à propos de la recette traditionnelle de tarte aux pommes cuisinée ?;passée avec soin d'une génération à l'autre;inventée tout récemment par mamie elle-même;trouvée simplement dans un livre de cuisine;copiée directement depuis un site internet;27420;V
27429;question;Que veut dire 'concentriques' à propos des cercles de pommes disposés par Camille sur la tarte ?;places les uns autour des autres à partir d'un même centre;disposes de manière complètement aléatoire;empiles simplement les uns sur les autres;alignes en une seule rangée bien droite;27420;V
27430;question;Que veut dire 'artistiquement' à propos de la manière dont Camille dispose précisément les pommes ?;avec un véritable souci esthétique et un soin particulier;sans la moindre attention particulière accordée;de façon particulièrement rapide et brouillonne;en suivant strictement un moule impose;27420;V
27431;question;Que veut dire 'envahit' à propos de l'odeur sucrée se répandant dans toute la maison ?;se propage largement dans l'ensemble de l'espace disponible;reste confinée exclusivement à la cuisine;disparaît particulièrement rapidement une fois émise;n'est perceptible qu'une fois sorti de la maison;27420;V
27432;question;Que veut dire 'onctueuse' à propos de la crème fraîche accompagnant la tarte dégustée ?;douce et particulièrement veloutée en bouche;particulièrement dure et compacte;totalement liquide et particulièrement fluide;séchée et particulièrement granuleuse;27420;V
27433;question;Pourquoi précisément mamie insiste-t-elle tant sur les règles d'hygiène avant de commencer à cuisiner ensemble ?;elle souhaite transmettre de bonnes habitudes tout en assurant une sécurité alimentaire optimale;c'est une règle sans importance qu'elle applique par pure habitude;Camille a déjà été malade auparavant à cause d'une mauvaise hygiène;c'est une exigence explicitement imposée par les propres parents de Camille;27420;I
27434;question;Pourquoi précisément mamie guide-t-elle Camille à chaque étape plutôt que de la laisser réaliser seule la recette ?;elle souhaite transmettre progressivement son savoir-faire tout en assurant la sécurité de sa petite-fille;elle ne fait en réalité pas du tout confiance à Camille;Camille le lui demande explicitement à chaque instant de la préparation;il est simplement plus rapide pour mamie de tout réaliser elle-même;27420;I
27435;question;Qu'est-ce qui montre concrètement que Camille est particulièrement impatiente de découvrir le résultat de leur travail commun ?;l'odeur sucrée qui envahit progressivement la maison la rend particulièrement impatiente;elle refuse catégoriquement d'attendre la fin complète de la cuisson;elle demande explicitement à arrêter la cuisson bien plus tôt;elle s'endort complètement pendant toute la durée de la cuisson;27420;I
27436;question;Pourquoi mamie choisit-elle de raconter ses propres souvenirs d'enfance pendant le temps d'attente de la cuisson ?;elle souhaite partager avec Camille l'histoire et la valeur affective de cette recette familiale;elle n'a en réalité rien d'autre à faire pendant ce temps précis;Camille l'interroge avec une insistance particulière à ce sujet;c'est une habitude qu'elle répète systématiquement chaque semaine;27420;I
27437;question;Pourquoi ce moment hebdomadaire compte-t-il si particulièrement pour Camille et sa mamie réunies ?;il leur permet de partager un moment complice autour d'une passion commune sincère;c'est une obligation familiale dépourvue de tout plaisir réel;les propres parents de Camille l'exigent explicitement chaque semaine;elles n'ont finalement aucune autre activité disponible ce jour précis;27420;I
27438;question;Que peut-on déduire de la transmission du savoir-faire culinaire entre les générations illustrée par cette histoire ?;elle crée un lien affectif fort et valorisant entre Camille et sa grand-mère;elle n'apporte en réalité rien de particulier à leur relation existante;Camille n'apprend finalement rien de nouveau durant ces visites régulières;mamie regrette globalement de devoir partager ses propres recettes familiales;27420;I
27439;question;Que peut-on déduire du plaisir ressenti par les deux générations réunies lors de cette activité culinaire partagée ?;cuisiner ensemble constitue une source sincère de joie et de complicité pour toutes les deux;seule mamie retire un véritable plaisir de cette activité partagée;Camille préférerait clairement faire autre chose de son mercredi après-midi;cette activité est en réalité plutôt source de tension entre elles;27420;I
27440;question;Pourquoi Camille demande-t-elle déjà à préparer une nouvelle recette lors de leur prochain rendez-vous hebdomadaire ?;elle a pris un véritable plaisir à cette expérience et souhaite sincèrement la renouveler;sa mamie l'oblige explicitement à formuler cette demande précise;elle n'a en réalité rien d'autre à proposer pour la semaine suivante;elle cherche uniquement à faire plaisir à sa propre mamie;27420;I
27441;passage;Bruno aide chaque week-end son papi à entretenir le grand potager familial, situe juste derrière la maison de campagne où toute la famille se retrouve régulièrement depuis déjà plusieurs générations consécutives. Ce samedi matin précis, papi propose à Bruno de planter de nouvelles graines de tomates dans une parcelle fraîchement retournée, préparée soigneusement la veille au soir avec beaucoup d'attention. Bruno apprend d'abord comment creuser de petits trous parfaitement réguliers à intervalles précis, en respectant scrupuleusement l'espace nécessaire entre chaque future plante pour qu'elle puisse se développer correctement. Papi lui montre ensuite avec patience comment déposer délicatement chaque graine au fond du trou avant de la recouvrir d'une fine couche de terre meuble, sans jamais trop tasser le sol tout autour. Une fois toutes les graines soigneusement plantées, Bruno arrose méthodiquement chaque emplacement à l'aide d'un petit arrosoir adapte, veillant particulièrement à ne pas noyer ces graines fragiles sous une trop grande quantité d'eau. Papi explique alors patiemment à Bruno le cycle complet de croissance d'une tomate, depuis la germination initiale de la graine jusqu'à la formation finale du fruit rouge, quelques mois plus tard seulement. Les semaines suivantes, Bruno revient régulièrement observer attentivement l'évolution progressive de ses propres plants, notant avec une réelle fascination l'apparition des premières petites pousses vertes puis des toutes premières fleurs jaunes. Bruno tient même un petit carnet dans lequel il note soigneusement chaque étape observée, dessinant parfois de petits croquis représentant la croissance progressive de ses plants au fil des semaines qui passent. à la fin de l'été, Bruno récolte enfin fièrement ses toutes premières tomates bien rouges et particulièrement juteuses, extrêmement fier d'avoir suivi personnellement tout le processus depuis la simple graine jusqu'à la table familiale. Le soir de cette première récolte, toute la famille déguste ensemble une salade préparée avec les tomates cultivées par Bruno, qui savoure avec une fierté particulière ce moment de partage familial autour de son propre travail.;;;;;;
27442;question;Où précisément se situe le potager entretenu ensemble par Bruno et son papi ?;derrière la maison de campagne;dans un jardin situe en pleine ville;directement à l'intérieur de l'école;chez un voisin proche de la maison;27441;L
27443;question;Que propose précisément papi à Bruno ce samedi matin particulier ?;planter de nouvelles graines de tomates;récolter des légumes déjà bien murs;arroser uniquement les fleurs présentes;construire une nouvelle serre;27441;L
27444;question;Que doit précisément apprendre Bruno en tout premier lieu ce jour-là ?;creuser de petits trous réguliers à intervalles précis;tailler soigneusement les arbres fruitiers;reconnaître les différentes mauvaises herbes;utiliser correctement un tracteur;27441;L
27445;question;Que fait précisément Bruno juste après avoir planté l'ensemble des graines ?;il arrose soigneusement chaque emplacement;il recouvre entièrement le potager d'une bâche;il rentre immédiatement à la maison;il replante aussitôt d'autres graines;27441;L
27446;question;Que tient précisément Bruno pour suivre l'évolution de ses plants au fil des semaines ?;un petit carnet avec des notes et des croquis;un appareil photo numérique;un simple tableau accroche au mur;rien de particulier, il mémorise tout;27441;L
27447;question;Que récolte finalement précisément Bruno à la toute fin de l'été ?;ses premières tomates bien rouges et juteuses;des tomates encore complètement vertes;rien du tout, les plants n'ont pas pousse;des légumes totalement différents des tomates;27441;L
27448;question;Que veut dire 'scrupuleusement' à propos de la manière dont Bruno respecte l'espacement des trous creuses ?;avec une grande rigueur et une attention particulière;de façon relativement approximative;sans la moindre précision particulière;en improvisant totalement sans méthode;27441;V
27449;question;Que veut dire 'meuble' à propos de la terre utilisée pour recouvrir les graines plantées ?;souple et particulièrement facile à travailler;très dure et particulièrement compacte;totalement humide et détrempée;gelée et impossible à travailler;27441;V
27450;question;Que veut dire 'germination' à propos du début du processus de croissance de la graine plantée ?;le processus par lequel une graine commence à se développer;le moment précis de la récolte finale;la période exclusive de floraison;l'arrosage régulier des plantes existantes;27441;V
27451;question;Que veut dire 'pousses' à propos de ce qu'observe précisément Bruno après quelques semaines d'attente ?;les premières petites tiges qui sortent de terre;les fruits déjà complètement murs;les fleurs déjà fanées et abîmées;les racines visibles à la surface;27441;V
27452;question;Que veut dire 'juteuses' à propos des tomates finalement récoltées par Bruno cet été-là ?;pleines de jus et particulièrement savoureuses;totalement sèches et sans saveur;encore vertes et particulièrement dures;sans le moindre goût particulier;27441;V
27453;question;Que veut dire 'croquis' à propos de ce que dessine Bruno dans son petit carnet personnel ?;de simples dessins rapides représentant une observation;des textes écrits particulièrement longs;des photographies imprimées et collées;des formules mathématiques complexes;27441;V
27454;question;Pourquoi précisément papi insiste-t-il sur le respect exact de l'espacement entre les graines plantées ?;chaque plante a besoin de suffisamment d'espace disponible pour bien se développer;c'est une simple règle esthétique sans conséquence réelle sur la croissance;cela permet simplement de gagner du temps lors de la plantation;Bruno le demande spécifiquement pour s'amuser durant la plantation;27441;I
27455;question;Pourquoi précisément Bruno doit-il veiller à ne pas trop arroser les graines fraîchement plantées dans le sol ?;un excès d'eau pourrait endommager gravement ces graines particulièrement fragiles;l'eau coûte particulièrement cher et il faut l'économiser;papi n'apprécie pas de voir de l'eau stagner dans le potager;cela n'a en réalité aucune importance réelle pour la croissance future;27441;I
27456;question;Pourquoi précisément Bruno revient-il régulièrement observer ses plants durant plusieurs semaines consécutives ?;il se montre passionne par le processus de croissance qu'il a lui-même initie et suivi;papi l'oblige explicitement à vérifier le potager chaque semaine sans exception;il a en réalité peur que quelqu'un vole ses propres plants;il n'a simplement rien d'autre à faire durant ses week-ends;27441;I
27457;question;Pourquoi précisément Bruno tient-il un petit carnet pour suivre l'évolution de ses plants au fil du temps ?;il souhaite garder une trace précise et personnelle de chaque étape de cette expérience vécue;sa maîtresse d'école le lui a explicitement demandé pour un devoir;papi l'oblige à documenter chaque étape sans exception aucune;il n'a en réalité rien d'autre à faire de son temps libre;27441;I
27458;question;Qu'est-ce qui montre concrètement que Bruno est particulièrement fier du résultat obtenu à la fin de l'été ?;il se montre extrêmement fier d'avoir suivi personnellement tout le processus jusqu'à la récolte finale;il trouve finalement les tomates obtenues plutôt décevantes;il regrette globalement d'avoir commencé ce projet personnel;il préfère clairement acheter des tomates directement au marche;27441;I
27459;question;Que peut-on déduire de la relation entre Bruno et son papi à travers cette activité de jardinage partagée ?;papi transmet avec patience un savoir-faire particulièrement précieux à son petit-fils;papi se contente simplement de donner des ordres sans jamais rien expliquer;Bruno n'est en réalité pas vraiment intéressé par le jardinage propose;cette activité crée en réalité des tensions manifestes entre eux deux;27441;I
27460;question;Que peut-on déduire de l'avenir probable de Bruno concernant sa pratique future du jardinage ?;il pourrait très bien continuer à jardiner en grandissant, ayant développe un véritable intérêt;il abandonnera sûrement cette activité des la rentrée scolaire suivante;il n'aime en réalité pas vraiment jardiner malgré les apparences observées;il préfère nettement d'autres activités que celle du jardinage propose;27441;I
27461;question;Que peut-on déduire globalement de la fierté partagée par toute la famille lors de la dégustation de cette première récolte ?;elle valorise le travail personnel de Bruno et renforce les liens familiaux existants;cette dégustation n'a finalement aucune signification particulière pour la famille;seul Bruno retire une réelle satisfaction de ce moment partage;la famille se montre globalement indifférente au travail accompli par Bruno;27441;I
27462;passage;Inès se rend au grand musée d'histoire naturelle de sa région avec sa classe de CM2, une sortie scolaire tant attendue depuis que la maîtresse en avait parlé à l'ensemble des élèves plusieurs semaines auparavant. Dès l'entrée du bâtiment, un guide accueille chaleureusement les élèves et leur présente le programme détaille de la visite, qui comprend notamment la célèbre salle des dinosaures dont Inès avait tant entendu parler. Dans la toute première salle, Inès observe avec une réelle fascination un immense squelette de dinosaure suspendu au plafond, dont la taille particulièrement impressionnante dépasse largement ses attentes initiales. Le guide explique alors en détail aux élèves comment les scientifiques parviennent à reconstituer méthodiquement un squelette complet à partir de simples fragments d'os retrouvés lors de fouilles archéologiques particulièrement minutieuses. Inès pose plusieurs questions particulièrement curieuses au guide, notamment sur la durée nécessaire pour découvrir et assembler entièrement un squelette complet, ce qui semble parfois nécessiter plusieurs années de travail acharne. Dans une autre salle, consacrée cette fois entièrement aux minéraux et pierres précieuses, Inès admire longuement une magnifique améthyste violette dont les nombreux cristaux scintillent particulièrement sous les lumières du musée. Vers la fin de cette visite guidée, les élèves participent à un atelier interactif où ils peuvent toucher de vraies répliques de fossiles anciens, une expérience que Inès trouve particulièrement enrichissante et mémorable. Le guide leur explique alors comment différencier facilement un vrai fossile d'une simple pierre ordinaire, en observant attentivement certaines textures et formes caractéristiques propres aux restes fossilisés anciens. En repartant du musée, Inès achète à la boutique une petite carte postale représentant fidèlement le squelette de dinosaure observe, pour garder ainsi un souvenir durable de cette journée particulièrement passionnante vécue. Sur le chemin du retour vers l'école, Inès partage avec enthousiasme ses découvertes du jour avec ses camarades de classe, espérant déjà pouvoir revenir bientôt visiter ce même musée avec ses propres parents.;;;;;;
27463;question;Où précisément Inès se rend-elle avec l'ensemble de sa classe ?;au musée d'histoire naturelle;au musée d'art moderne de la ville;directement au zoo de sa région;à la bibliothèque municipale;27462;L
27464;question;Qui précisément accueille les élèves dès leur arrivée à l'entrée du musée ?;un guide;uniquement le directeur du musée;leur propre maîtresse de classe;personne ne les accueille réellement;27462;L
27465;question;Que voit précisément Inès dès son entrée dans la toute première salle visitée ?;un immense squelette de dinosaure;de simples tableaux particulièrement anciens;des animaux vivants en cage;une collection variée de coquillages;27462;L
27466;question;Comment précisément les scientifiques reconstituent-ils un squelette selon les explications du guide ?;à partir de fragments d'os retrouvés lors de fouilles;en dessinant simplement une forme totalement imaginaire;en utilisant uniquement d'anciennes photographies;ils ne reconstituent en réalité jamais de squelette complet;27462;L
27467;question;Que voit précisément Inès dans la salle consacrée aux minéraux et pierres précieuses ?;une magnifique améthyste violette;un diamant particulièrement célèbre;uniquement des pierres de couleur grise;aucune pierre précieuse particulière;27462;L
27468;question;À quoi précisément les élèves participent-ils vers la toute fin de cette visite guidée ?;un atelier interactif avec de vraies répliques de fossiles;un simple spectacle de danse organise;un quiz écrit réalise individuellement;un goûter offert gracieusement par le musée;27462;L
27469;question;Que veut dire 'fragments' à propos des morceaux d'os retrouvés par les scientifiques lors des fouilles ?;des morceaux, des parties d'un ensemble plus grand;des objets entiers et parfaitement complets;de simples empreintes laissées dans le sol;des dessins représentant fidèlement des os;27462;V
27470;question;Que veut dire 'archéologiques' à propos des fouilles évoquées précisément par le guide du musée ?;relatives à l'étude scientifique des vestiges du passe;relatives à l'étude précise des étoiles;relatives à la cuisine traditionnelle ancienne;relatives aux sports pratiques autrefois;27462;V
27471;question;Que veut dire 'scintillent' à propos des cristaux de l'améthyste observée par Inès ?;brillent par de multiples reflets de lumière;restent totalement ternes et sans éclat;changent constamment et rapidement de couleur;sont totalement invisibles à l'oeil nu;27462;V
27472;question;Que veut dire 'enrichissante' à propos de l'expérience vécue par Inès durant l'atelier interactif propose ?;qui apporte de nouvelles connaissances particulièrement utiles;totalement inutile sur le plan éducatif;ennuyeuse et particulièrement sans intérêt;dangereuse pour l'ensemble des enfants présents;27462;V
27473;question;Que veut dire 'minutieuses' à propos des fouilles archéologiques évoquées par le guide du musée ?;réalisées avec beaucoup de précision et un soin particulier;faites très rapidement sans aucune attention;totalement improvisées sans méthode précise;réalisées uniquement par pur hasard;27462;V
27474;question;Que veut dire 'fossilisés' à propos des restes anciens présentes durant l'atelier interactif ?;transformes en pierre au fil du temps par un processus naturel;récemment découverts dans la nature environnante;artificiellement fabriqués par des scientifiques;totalement invisibles sans équipement spécial;27462;V
27475;question;Pourquoi précisément Inès pose-t-elle plusieurs questions curieuses au guide tout au long de la visite ?;elle se montre passionnée par le sujet aborde et souhaite approfondir ses connaissances personnelles;elle s'ennuie visiblement et cherche uniquement à faire passer le temps;sa propre maîtresse l'oblige explicitement à poser dès questions précises;elle n'a en réalité pas compris les explications données par le guide;27462;I
27476;question;Pourquoi précisément le squelette de dinosaure impressionne-t-il autant Inès dès son arrivée dans la salle ?;sa taille réelle dépasse largement ce qu'elle avait pu imaginer avant de le voir directement;elle avait déjà vu ce même squelette à plusieurs reprises auparavant;elle a en réalité une peur persistante des animaux disparus en général;le guide l'a décrit de manière particulièrement effrayante avant l'entrée;27462;I
27477;question;Qu'est-ce qui montre concrètement que Inès à particulièrement appreci l'atelier propose avec les fossiles ?;elle trouve cette expérience particulièrement enrichissante et mémorable pour elle;elle refuse catégoriquement d'y participer dès le début;elle s'ennuie manifestement pendant l'intégralité de cet atelier;elle préfère nettement retourner voir uniquement les dinosaures;27462;I
27478;question;Pourquoi précisément le guide explique-t-il aux élèves comment différencier un vrai fossile d'une simple pierre ?;il souhaite approfondir leur compréhension scientifique et satisfaire leur curiosité naturelle;cette explication n'a en réalité aucun lien avec le reste de la visite guidée;les élèves l'exigent explicitement avant de continuer la visite;c'est une information sans réel intérêt pour de jeunes enfants;27462;I
27479;question;Pourquoi précisément Inès achète-t-elle une carte postale du squelette de dinosaure plutôt qu'un autre objet ?;cette image représente ce qui l'a le plus marquée durant l'ensemble de cette visite guidée;c'est en réalité le seul objet disponible à la boutique du musée;sa propre maîtresse le lui impose explicitement avant de partir;elle n'a en réalité pas assez d'argent pour acheter autre chose;27462;I
27480;question;Que peut-on déduire de l'attitude générale d'Inès tout au long de cette visite particulière au musée ?;elle fait preuve d'une grande curiosité et d'un véritable intérêt scientifique sincère;elle s'ennuie manifestement du tout début jusqu'à la toute fin de la visite;elle préférerait clairement être restée simplement à l'école ce jour-là;elle ne retient en réalité aucune information de cette sortie particulière;27462;I
27481;question;Pourquoi précisément Inès partage-t-elle ses découvertes avec ses camarades sur le chemin du retour vers l'école ?;elle souhaite sincèrement transmettre l'enthousiasme et les connaissances qu'elle vient d'acquérir;sa maîtresse l'oblige explicitement à faire ce récit détaille à tous;elle n'a en réalité rien d'autre à faire durant ce trajet de retour;elle cherche uniquement à impressionner ses propres camarades de classe;27462;I
27482;question;Que peut-on déduire de l'objectif pédagogique global poursuivi par cette sortie scolaire organisée au musée ?;elle vise à éveiller durablement la curiosité scientifique des élèves de manière concrète et vivante;elle sert uniquement à occuper une simple journée de classe sans réel objectif;elle n'entretient en réalité aucun lien avec le programme scolaire habituel;elle est organisée uniquement dans le but de récompenser certains élèves précis;27462;I
27483;passage;Lucas passe une journée entière au zoo de sa région avec ses parents et sa petite soeur, une sortie particulière qu'il attendait avec impatience depuis que ses parents la lui avaient annoncée plusieurs semaines auparavant. Dès l'entrée principale, un plan détaille du parc permet à l'ensemble de la famille de choisir un itinéraire logique, en commençant précisément par le pavillon des grands félins où vivent lions et tigres particulièrement majestueux. Lucas observe longuement un lion imposant se prélasser paresseusement au soleil sur un gros rocher, alors que sa lionne, elle, surveille attentivement ses propres petits jouant à proximité immédiate. Un peu plus loin dans le parcours, la famille assiste au repas quotidien des otaries, nourries par un soigneur expérimente qui explique en détail au public le régime alimentaire particulier de ces animaux marins particulièrement agiles. Lucas se montre particulièrement impressionné par les otaries qui attrapent avec habileté les poissons lancés en l'air par le soigneur, applaudissant chaleureusement à chaque réussite spectaculaire réalisée par l'animal. Vers midi, toute la famille déjeune tranquillement près de l'enclos des girafes, observant avec plaisir ces animaux particulièrement élégants tendre leur long cou pour attraper les feuilles des arbres les plus hauts. L'après-midi, un espace interactif permet aux enfants présents de toucher certains reptiles totalement inoffensifs sous la surveillance attentive d'un soigneur spécialement forme à cet effet. Lucas hésite avant d'oser toucher un serpent particulièrement docile. Le soigneur explique alors patiemment à Lucas que ce serpent, bien que totalement inoffensif pour l'homme, joue un rôle important dans son propre écosystème naturel en régulant efficacement la population de petits rongeurs. En quittant finalement le zoo en toute fin de journée, Lucas raconte déjà avec un enthousiasme évident à sa petite soeur les animaux qu'il souhaite absolument revoir lors de leur prochaine visite, prévue pour l'année suivante. Sur le chemin du retour en voiture, Lucas dessine déjà mentalement les animaux qu'il vient d'observer, se promettant de reproduire fidèlement ces images dans son propre carnet de dessin dès son arrivée à la maison.;;;;;;
27484;question;Avec qui précisément Lucas passe-t-il cette journée entière au zoo ?;ses parents et sa petite soeur;l'ensemble de sa classe scolaire;uniquement ses grands-parents;il y va entièrement seul;27483;L
27485;question;Par quel pavillon précisément la famille commence-t-elle sa visite guidée du zoo ?;le pavillon des grands félins;le pavillon réserve aux oiseaux;le pavillon dédie aux reptiles;le pavillon consacre aux poissons;27483;L
27486;question;Que fait précisément le lion observe attentivement par Lucas au tout début de la visite ?;il se prélasse paresseusement au soleil;il rugit de manière constante et forte;il court rapidement dans son enclos;il dort profondément dans une grotte;27483;L
27487;question;Qui précisément nourrit les otaries devant l'ensemble du public présent ?;un soigneur expérimente;un simple visiteur volontaire;personne, elles se nourrissent seules;un vétérinaire spécialement appelé;27483;L
27488;question;Où précisément la famille de Lucas déjeune-t-elle vers midi durant cette visite ?;près de l'enclos des girafes;près du pavillon des grands félins;directement à l'extérieur du zoo;dans un restaurant situe hors du parc;27483;L
27489;question;Que fait précisément Lucas dans l'espace interactif propose durant l'après-midi ?;il hésite avant de toucher un serpent docile;il refuse catégoriquement d'y participer;il touche immédiatement tous les animaux sans hésiter;il décide de ne pas se rendre dans cet espace;27483;L
27490;question;Que veut dire 'se prélasser' à propos du lion observe attentivement au soleil par Lucas ?;se détendre paresseusement en profitant du confort;courir à une très grande vitesse;chercher activement de la nourriture disponible;se cacher précipitamment par peur;27483;V
27491;question;Que veut dire 'agiles' à propos des otaries observées dans l'eau par toute la famille ?;capables de mouvements rapides et particulièrement souples;lentes et particulièrement maladroites dans leurs déplacements;totalement immobiles la plupart du temps;fragiles et visiblement malades;27483;V
27492;question;Que veut dire 'docile' à propos du serpent finalement touche par Lucas dans l'espace interactif ?;calme et particulièrement facile à manipuler sans danger;agressif et particulièrement dangereux pour l'homme;totalement sauvage et parfaitement imprévisible;venimeux et potentiellement mortel pour l'homme;27483;V
27493;question;Que veut dire 'écosystème' à propos du rôle joue par le serpent dans son environnement naturel ?;l'ensemble des relations entre les êtres vivants et leur milieu naturel;un simple enclos artificiel aménagé pour les visiteurs;une espèce particulière d'animal rare et menace;un type de nourriture spécifique donnée aux animaux;27483;V
27494;question;Que veut dire 'majestueux' à propos des lions et tigres observés par Lucas dès le début de la visite ?;impressionnants par leur prestance et leur allure naturelle;petits et particulièrement discrets dans leur enclos;effrayes et manifestement caches du public;malades et visiblement affaiblis physiquement;27483;V
27495;question;Que veut dire 'spectaculaire' à propos de la réussite des otaries attrapant habilement les poissons lancés ?;qui impressionne fortement l'ensemble des spectateurs présents;totalement banale et particulièrement sans intérêt;invisible complètement pour le public rassemble;dangereuse pour les animaux présents dans le bassin;27483;V
27496;question;Pourquoi précisément Lucas applaudit-il à chaque réussite des otaries pendant tout le spectacle propose ?;il se montre véritablement impressionné par leur agilité et leur intelligence naturelle;c'est en réalité une règle explicitement imposée par le soigneur présent;il cherche simplement à imiter le comportement des autres visiteurs présents;il s'ennuie profondément et cherche uniquement à passer le temps;27483;I
27497;question;Pourquoi précisément la famille de Lucas choisit-elle de déjeuner près de l'enclos des girafes ce jour-là ?;cela leur permet d'observer agréablement ces animaux tout en se restaurant ensemble;c'est en réalité le seul endroit disponible pour manger dans tout le zoo;les girafes attirent généralement moins de visiteurs à cette heure précise;ils n'avaient tout simplement pas prévu de déjeuner ailleurs ce jour-là;27483;I
27498;question;Pourquoi précisément Lucas hésite-t-il avant de toucher le serpent présente dans l'espace interactif du zoo ?;il ressent une appréhension naturelle malgré le caractère totalement inoffensif de l'animal présente;il a déjà été mordu par un serpent lors d'une expérience antérieure;le soigneur présent le lui déconseille fortement dès le début;il n'apprécie en réalité pas du tout les animaux en général;27483;I
27499;question;Pourquoi précisément le soigneur explique-t-il à Lucas le rôle écologique important joue par ce serpent particulier ?;il souhaite sensibiliser les enfants à l'importance de chaque espèce dans son propre environnement naturel;cette explication n'a en réalité aucun lien réel avec le reste de la visite guidée;Lucas l'interroge avec une insistance particulière sur ce sujet précis;c'est une information totalement inutile pour de jeunes visiteurs;27483;I
27500;question;Qu'est-ce qui montre concrètement que Lucas à particulièrement appreci cette journée passée au zoo avec sa famille ?;il raconte déjà avec un enthousiasme évident les animaux qu'il souhaite absolument revoir;il s'ennuie manifestement du tout début jusqu'à la toute fin de cette visite;il refuse catégoriquement de reparler de cette journée particulière par la suite;il préférerait clairement ne jamais y retourner à l'avenir;27483;I
27501;question;Que peut-on déduire de l'intérêt manifeste de Lucas pour les animaux à travers l'ensemble de cette sortie vécue ?;il se révèle passionne et curieux de découvrir la nature et les animaux qui l'entourent;il a en réalité une peur persistante des animaux en général;il s'ennuie visiblement devant la plupart des enclos visites;il préfère nettement uniquement les animaux domestiques familiers;27483;I
27502;question;Pourquoi précisément Lucas dessine-t-il déjà mentalement les animaux observés sur le chemin du retour en voiture ?;cette expérience marquante nourrit son imagination et sa créativité artistique personnelle;il n'a en réalité rien d'autre à faire durant ce trajet de retour;ses parents l'obligent explicitement à réaliser ce type d'exercice créatif;il cherche uniquement à se souvenir des noms exacts des animaux observés;27483;I
27503;question;Que peut-on déduire globalement de l'organisation minutieuse de cette sortie familiale par les parents de Lucas ?;ils ont planifié une journée particulièrement riche en découvertes pour l'ensemble de la famille;ils ont en réalité improvise cette sortie au tout dernier moment possible;ils n'accordent finalement pas une grande importance à ce type de sortie;ils préféreraient globalement que les enfants restent simplement à la maison;27483;I
27504;passage;Marta se promène chaque dimanche matin en forêt avec son papa, une habitude précieuse que les deux partagent depuis déjà plusieurs années consécutives, quelle que soit la saison où le temps qu'il fait dehors. Ce dimanche d'automne particulier, le chemin qu'ils empruntent habituellement est entièrement recouvert d'un épais tapis de feuilles mortes, dont les couleurs varient magnifiquement du jaune dore au brun particulièrement profond. Marta ramasse en chemin plusieurs feuilles particulièrement jolies, qu'elle glisse soigneusement dans un petit carnet spécial pour les faire sécher et les conserver ensuite comme souvenirs précieux de cette promenade familiale. Soudainement, un renard roux traverse le sentier à quelques mètres seulement devant eux avant de disparaître rapidement dans les fourres particulièrement denses bordant tout le chemin emprunte. Marta reste totalement immobile, fascinée par cette rencontre inattendue, tandis que son papa lui explique alors les habitudes précises de cet animal discret, généralement actif au crépuscule et très rarement visible en pleine journée. Plus loin sur le chemin, ils s'arrêtent tous les deux devant un chêne particulièrement impressionnant, plante selon son papa depuis plus de deux cents ans, dont le tronc immense nécessiterait plusieurs enfants pour en faire le tour complet. Marta pose alors sa main contre l'écorce particulièrement rugueuse de cet arbre, essayant d'imaginer toutes les générations de personnes qui ont pu passer devant ce même arbre au fil des nombreux siècles écoules. Son papa lui raconte alors une légende locale associée à ce chêne particulier, affirmant que les anciens habitants du village venaient autrefois y déposer des offrandes lors des changements de saison importants. En rentrant chez elle en fin de matinée, Marta range précieusement ses feuilles collectées dans son petit carnet spécial, déjà impatiente de partager cette nouvelle aventure naturelle avec ses camarades de classe le lendemain. Le soir venu, Marta demande à son papa de lui raconter davantage d'histoires et de légendes liées à cette forêt qu'ils explorent ensemble chaque dimanche, espérant en apprendre encore bien plus lors de leur prochaine sortie.;;;;;;
27505;question;Quand précisément Marta se promène-t-elle habituellement en forêt avec son papa ?;chaque dimanche matin;chaque samedi soir uniquement;seulement pendant les vacances scolaires;une seule fois par mois environ;27504;L
27506;question;De quelle couleur précisément sont les feuilles recouvrant le chemin ce dimanche d'automne ?;du jaune dore au brun particulièrement profond;toutes entièrement vertes;toutes entièrement blanches;toutes rouges uniquement;27504;L
27507;question;Que fait précisément Marta avec les feuilles qu'elle ramasse durant cette promenade ?;elle les glisse dans un carnet pour les faire sécher;elle les jette immédiatement après les avoir ramassées;elle les donne directement à son papa;elle les laisse simplement sur le chemin parcouru;27504;L
27508;question;Quel animal précisément traverse soudainement le sentier devant Marta et son papa ?;un renard roux;un sanglier particulièrement imposant;un cerf majestueux;un simple lapin des bois;27504;L
27509;question;Que fait précisément cet animal juste après avoir traversé rapidement le sentier ?;il disparaît rapidement dans les fourres;il s'approche directement de Marta;il reste immobile pendant longtemps;il suit Marta et son papa durant la promenade;27504;L
27510;question;Depuis combien de temps précisément le chêne observe est-il plante selon les explications du papa ?;plus de deux cents ans;environ dix ans seulement;cinquante ans à peine;on ne le sait en réalité pas du tout;27504;L
27511;question;Que veut dire 'fourres' à propos de l'endroit précis où disparaît le renard observe ?;des buissons particulièrement denses et touffus;des trous particulièrement profonds dans le sol;des rochers pointus et dangereux;de simples flaques d'eau stagnante;27504;V
27512;question;Que veut dire 'crépuscule' à propos du moment où le renard est habituellement le plus actif ?;le moment de transition entre le jour et la nuit;le milieu exact de la journée;le milieu précis de la nuit;le lever du soleil uniquement;27504;V
27513;question;Que veut dire 'rugueuse' à propos de l'écorce du chêne touchée par Marta ce jour-là ?;rude et particulièrement irrégulière au toucher;totalement lisse et particulièrement douce;collante et visiblement humide;glacée et particulièrement froide;27504;V
27514;question;Que veut dire 'inattendue' à propos de la rencontre soudaine avec le renard observe ?;surprenante, que l'on n'attendait absolument pas;prévue depuis longtemps à l'avance;totalement banale et particulièrement habituelle;organisée volontairement par le papa de Marta;27504;V
27515;question;Que veut dire 'discret' à propos du renard décrit précisément par le papa de Marta ?;qui se fait remarquer le moins possible;qui attire toujours l'attention générale;qui se montre particulièrement bruyant;qui vit exclusivement en groupe nombreux;27504;V
27516;question;Que veut dire 'offrandes' à propos de ce que déposaient autrefois les anciens habitants près du chêne ?;des présents symboliques offerts lors d'une cérémonie;de simples déchets abandonnes sans raison;des outils de travail quotidien;des vêtements uses et abîmes;27504;V
27517;question;Pourquoi précisément Marta reste-t-elle totalement immobile en voyant le renard traverser le sentier ?;elle ne souhaite surtout pas effrayer l'animal et cherche à prolonger cette observation rare;elle ressent en réalité une très grande peur face à cet animal;son papa le lui ordonne strictement des cet instant précis;elle ne remarque en réalité pas vraiment la présence de cet animal;27504;I
27518;question;Pourquoi précisément le papa de Marta insiste-t-il sur le caractère rare de cette rencontre avec le renard ?;il souhaite faire comprendre à sa fille la chance particulière qu'ils ont eue d'observer cet animal discret;il a en réalité peur que Marta ne le croie absolument pas;c'est la toute première fois qu'il observe lui-même un renard;il cherche uniquement à effrayer Marta pour qu'elle reste prudente;27504;I
27519;question;Pourquoi précisément Marta essaie-t-elle d'imaginer les générations passées devant ce chêne si impressionnant ?;l'âge particulièrement impressionnant de l'arbre l'amène naturellement à réfléchir au temps qui passe;son papa lui pose directement cette question précise à cet instant;elle s'ennuie visiblement et cherche uniquement à s'occuper l'esprit;elle a lu une histoire précise concernant ce chêne en particulier;27504;I
27520;question;Pourquoi précisément le papa de Marta choisit-il de raconter la légende du chêne à ce moment précis de la promenade ?;il souhaite enrichir l'expérience de sa fille en lui transmettant l'histoire locale liée a ce lieu;cette légende n'a en réalité aucun lien réel avec le chêne observe;Marta l'interroge avec une insistance particulière à ce sujet précis;il n'a en réalité rien d'autre à raconter durant cette promenade;27504;I
27521;question;Qu'est-ce qui montre concrètement que cette promenade hebdomadaire représente un moment important pour la jeune Marta ?;elle collectionne des souvenirs précis et se montre impatiente de les partager avec ses camarades;elle participe uniquement par obligation envers son propre papa;elle oublie systématiquement ce qu'elle a pu observer en forêt;elle préférerait clairement faire autre chose chaque dimanche matin;27504;I
27522;question;Que peut-on déduire de la relation entre Marta et son papa à travers cette habitude partagée chaque semaine ?;ils cultivent ensemble une complicité durable autour de leur intérêt commun pour la nature environnante;ils se voient en réalité très rarement en dehors de ces promenades dominicales;Marta n'apprécie en réalité pas vraiment ces sorties dominicales proposées;le papa emmène Marta uniquement par obligation familiale ressentie;27504;I
27523;question;Que peut-on déduire de l'intérêt grandissant de Marta pour l'histoire et les légendes locales à travers cette histoire ?;elle développe une curiosité nouvelle pour le patrimoine culturel et naturel de sa propre région;elle s'intéresse en réalité uniquement aux animaux rencontres en forêt;elle n'apprend finalement rien de nouveau lors de ces sorties dominicales;elle préférerait clairement explorer la forêt entièrement seule sans son papa;27504;I
27524;question;Que peut-on déduire globalement du rôle joue par ces promenades hebdomadaires dans l'éducation personnelle de Marta ?;elles nourrissent sa curiosité naturelle tout en renforçant durablement son lien avec son papa;elles n'ont finalement aucune influence particulière sur son propre développement;elles représentent en réalité une contrainte plutôt subie que choisie;elles n'apportent rien de plus que de simples moments de détente physique;27504;I
27525;passage;Julian passe chaque été plusieurs jours entiers à la ferme de son papi durant la période particulièrement animée des moissons, un moment qu'il attend avec une réelle impatience depuis le tout début de l'année scolaire. Ce matin-là précisément, assis dans la cabine du tracteur aux côtés de son papi, Julian observe avec une véritable fascination l'immense champ de blé doré s'étendant à perte de vue devant eux sous le soleil éclatant de l'été. La moissonneuse-batteuse avance méthodiquement à travers les longs rangs de blé, coupant les tiges avec une précision particulièrement remarquable tout en dégageant une fine poussière dorée flottant dans l'air chaud ambiant. Effrayés soudainement par le bruit particulièrement puissant du moteur, plusieurs lièvres et perdrix jaillissent des rangs de blé encore debout, filant à toute vitesse vers les bordures du champ voisin situé non loin de là. Julian pose de nombreuses questions curieuses à son papi sur le fonctionnement précis de cette impressionnante machine agricole, qui semble avaler le blé d'un côté pour en ressortir aussitôt la paille de l'autre côté. Papi lui explique alors patiemment comment le grain de blé ainsi récolté servira ensuite à fabriquer la farine, avec laquelle boulangers et pâtissiers confectionnent quotidiennement le pain que toute la famille consomme régulièrement. Vers midi, toute la famille élargie se retrouve à l'ombre bienvenue d'un grand arbre pour partager un repas simple mais particulièrement convivial, préparé par la mamie de Julian avec des produits directement issus de la ferme. Julian remarque avec surprise que son papi semble particulièrement fatigué après cette longue matinée de travail, ce qui l'amène à lui proposer spontanément son aide pour les taches plus légères restant à accomplir l'après-midi. Papi accepte alors avec plaisir cette proposition généreuse et confie à Julian la tache de surveiller attentivement le bon fonctionnement de la machine pendant qu'il se repose quelques instants à l'ombre d'un arbre voisin. En fin de journée, épuisé mais très fier d'avoir participé activement aux moissons familiales, Julian s'endort rapidement dans la voiture du retour, rêvant déjà de raconter cette expérience marquante à ses propres camarades de classe.;;;;;;
27526;question;Où précisément Julian passe-t-il plusieurs jours entiers chaque été ?;à la ferme de son papi;chez ses propres cousins;directement au bord de la mer;dans une colonie de vacances organisée;27525;L
27527;question;Où précisément Julian est-il assis ce matin-là durant les moissons ?;dans la cabine du tracteur aux côtés de son papi;sur un simple banc près du champ;dans la maison de son papi;directement sur la moissonneuse-batteuse elle-même;27525;L
27528;question;Que fait précisément la moissonneuse-batteuse en avançant à travers le champ de blé ?;elle coupe les tiges de blé avec précision;elle plante de nouvelles graines de blé;elle arrose simplement le champ existant;elle transporte le lait des vaches présentes;27525;L
27529;question;Quels animaux précisément jaillissent des rangs de blé effrayes par le bruit du moteur ?;des lièvres et des perdrix;des vaches et des moutons;de simples chevaux présents;des oiseaux migrateurs de passage;27525;L
27530;question;Que propose spontanément Julian à son papi en remarquant sa fatigue après la matinée de travail ?;son aide pour les taches plus légères de l'après-midi;de rentrer immédiatement à la maison;d'appeler quelqu'un d'autre pour aider;de reporter le travail au lendemain;27525;L
27531;question;Que confie précisément papi à Julian pendant qu'il se repose un peu à l'ombre ?;surveiller le bon fonctionnement de la machine;conduire lui-même le tracteur;préparer le repas du soir;s'occuper des autres animaux de la ferme;27525;L
27532;question;Que veut dire 'méthodiquement' à propos de la manière dont avance précisément la moissonneuse-batteuse ?;de façon organisée et particulièrement régulière;de manière totalement désordonnée;très lentement et sans but précis;en s'arrêtant fréquemment sans raison apparente;27525;V
27533;question;Que veut dire 'jaillissent' à propos des lièvres et perdrix sortant soudainement du champ de blé ?;surgissent brusquement et particulièrement rapidement;avancent très lentement et progressivement;restent totalement immobiles assez longtemps;disparaissent silencieusement sans être remarques;27525;V
27534;question;Que veut dire 'confectionnent' à propos de la fabrication quotidienne du pain par les boulangers évoquée ?;fabriquent, réalisent avec un soin particulier;détruisent complètement un produit existant;achètent simplement tout déjà prépare;refusent catégoriquement de préparer quoi que ce soit;27525;V
27535;question;Que veut dire 'convivial' à propos du repas partage en famille à l'ombre de l'arbre ce jour-là ?;chaleureux et particulièrement agréable à partager ensemble;froid et particulièrement silencieux;très bref et visiblement presse;réserve exclusivement aux adultes présents;27525;V
27536;question;Que veut dire 'élargie' à propos de la famille de Julian réunie ce jour-là à l'heure du repas ?;comprenant plusieurs générations et branches de la famille;réduite au strict minimum nécessaire;composée uniquement des parents et de Julian;totalement absente ce jour-là précis;27525;V
27537;question;Que veut dire 'généreuse' à propos de la proposition d'aide spontanément formulée par Julian ?;faite avec bienveillance et sans rien attendre en retour;faite uniquement par pure obligation ressentie;faite avec une certaine réticence visible;faite uniquement pour obtenir une récompense précise;27525;V
27538;question;Pourquoi précisément Julian pose-t-il tant de questions à son papi sur le fonctionnement de la machine agricole ?;il se montre fascine par cette technologie agricole particulièrement impressionnante à ses yeux;il doit impérativement remplir un questionnaire précis pour l'école;il s'ennuie visiblement et cherche uniquement à faire durer le trajet;son papi l'y oblige constamment durant toute la matinée;27525;I
27539;question;Pourquoi précisément les lièvres et perdrix fuient-ils si rapidement le champ de blé cultive ?;le bruit particulièrement puissant du moteur les effraie fortement;ils cherchent en réalité de la nourriture ailleurs volontairement;papi les chasse expressément avec le tracteur utilise;ils suivent simplement d'autres animaux présents dans le champ;27525;I
27540;question;Pourquoi précisément papi explique-t-il à Julian tout le cheminement du grain jusqu'au pain consomme ?;il souhaite lui faire comprendre l'origine concrète des aliments qu'il consomme quotidiennement;c'est une information sans grand intérêt réel pour un jeune enfant;Julian a posé une question totalement différente à ce sujet;il n'a en réalité rien d'autre à lui expliquer durant le trajet;27525;I
27541;question;Pourquoi précisément Julian propose-t-il spontanément son aide en remarquant la fatigue de son papi ?;il fait preuve d'une attention sincère envers son papi et souhaite alléger sa charge de travail;son papi le lui demande explicitement à ce moment précis;il n'a en réalité rien d'autre à faire durant cette après-midi;il cherche uniquement à impressionner le reste de sa famille présente;27525;I
27542;question;Qu'est-ce qui montre concrètement que Julian est particulièrement fier d'avoir participé aux moissons ce jour-là ?;il s'endort épuise mais très fier, impatient de raconter cette expérience à ses camarades;il regrette visiblement d'avoir passé sa journée entière à la ferme;il ne souhaite plus jamais retourner à la ferme de son papi;il oublie finalement rapidement cette journée particulière vécue;27525;I
27543;question;Que peut-on déduire de l'importance de cette tradition estivale des moissons pour le jeune Julian ?;elle représente un moment particulièrement fort et attendu chaque année dans sa propre vie;elle n'a en réalité pas vraiment d'importance particulière pour lui;il préférerait globalement passer ses êtes d'une autre manière;cette tradition n'existe en réalité que depuis cette année précise;27525;I
27544;question;Que peut-on déduire de la relation entre Julian et son papi à travers cette journée de moisson particulière ?;ils partagent une véritable complicité autour du travail commun réalise à la ferme;ils se voient en réalité rarement en dehors de la période des moissons;Julian n'apprécie en réalité pas vraiment accompagner son papi;papi préfère clairement travailler seul sans la présence de Julian;27525;I
27545;question;Que peut-on déduire globalement de l'évolution de la relation entre Julian et son papi au fil de cette journée précise ?;elle se renforce grâce à l'entraide spontanée manifestée par Julian envers son papi fatigué;elle reste totalement identique du tout début jusqu'à la toute fin de la journée;elle se dégrade progressivement au fil des heures passées ensemble;cette journée n'a finalement aucun effet particulier sur leur relation existante;27525;I
27546;passage;Erik se réveille un matin d'hiver et découvre par la fenêtre de sa chambre que le jardin familial est entièrement recouvert d'un épais manteau de neige fraîche tombée abondamment durant toute la nuit précédente. Enthousiaste à l'idée de profiter pleinement de cette neige immaculée, Erik enfile rapidement plusieurs couches de vêtements particulièrement chauds avant de se précipiter dehors, encouragé par sa maman qui le prévient gentiment d'être prudent. Dans le jardin familial, Erik commence méthodiquement par rouler une première boule de neige particulièrement compacte, qui grossit progressivement en ramassant la neige fraîche à chaque nouveau tour effectue sur le sol enneigé. Il empile ensuite deux autres boules de taille nettement décroissante, en tassant soigneusement chaque étage pour garantir la stabilité de son futur bonhomme face au vent qui commence déjà à souffler assez fort. Pour les yeux du bonhomme, Erik utilise deux morceaux de charbon retrouves dans la cave familiale, tandis qu'une carotte orange bien pointue vient compléter harmonieusement le visage en guise de nez particulièrement réaliste. Sa maman lui prête alors généreusement une vieille écharpe rouge tricotée ainsi qu'un chapeau particulièrement use pour habiller convenablement le bonhomme désormais presque termine sous les yeux ravis d'Erik. Plusieurs voisins passant devant la maison s'arrêtent quelques instants pour admirer avec des sourires particulièrement sincères cette création hivernale particulièrement réussie et visiblement originale réalisée par Erik. L'un des voisins propose même à Erik de photographier ensemble son bonhomme de neige pour le partager sur le petit journal local du quartier, ce qui remplit le jeune garçon d'une fierté particulièrement visible. Le soir venu, avant de s'endormir paisiblement, Erik observe longuement son bonhomme depuis la fenêtre de sa propre chambre, espérant secrètement que le froid persiste suffisamment pour le conserver plusieurs jours encore. Le lendemain matin, Erik découvre avec une immense joie que son bonhomme de neige à effectivement résiste au dégel, ce qui lui permet de le montrer fièrement à ses propres camarades de classe venus lui rendre visite.;;;;;;
27547;question;Que découvre précisément Erik en se réveillant ce matin d'hiver particulier ?;le jardin recouvert d'un épais manteau de neige;un jardin totalement inonde par la pluie;un jardin simplement recouvert de feuilles mortes;rien de particulier à signaler ce matin-là;27546;L
27548;question;Que fait précisément Erik avant de sortir affronter le froid dans le jardin ?;il enfile plusieurs couches de vêtements chauds;il reste simplement en pyjama toute la matinée;il met uniquement un manteau particulièrement léger;il ne se prépare pas particulièrement avant de sortir;27546;L
27549;question;Combien précisément de boules de neige Erik empile-t-il au total pour son bonhomme ?;trois;seulement deux boules;cinq boules distinctes;une seule boule unique;27546;L
27550;question;Qu'utilise précisément Erik pour former les yeux de son bonhomme de neige ?;deux morceaux de charbon;de simples boutons colorés;deux cailloux particulièrement blancs;deux pièces de monnaie;27546;L
27551;question;Que propose précisément l'un des voisins à Erik en admirant son bonhomme de neige ?;de photographier ensemble le bonhomme pour le journal local;de détruire immédiatement cette création;d'acheter le bonhomme de neige réalise;de construire un autre bonhomme différent;27546;L
27552;question;Que découvre précisément Erik le lendemain matin concernant son bonhomme de neige ?;il a résisté au dégel malgré le temps écoulé;il a complètement fondu durant la nuit;il a été détruit par un animal quelconque;il a été déplace par un voisin curieux;27546;L
27553;question;Que veut dire 'immaculée' à propos de la neige fraîchement tombée dans le jardin ce matin-là ?;totalement blanche et particulièrement sans tache;sale et visiblement grisâtre;en train de fondre particulièrement rapidement;mélangée à de la boue existante;27546;V
27554;question;Que veut dire 'décroissante' à propos de la taille des boules empilées successivement par Erik ?;qui diminue progressivement d'une boule à l'autre;qui augmente progressivement d'une boule à l'autre;qui reste rigoureusement identique à chaque fois;qui varie complètement au hasard sans logique;27546;V
27555;question;Que veut dire 'généreusement' à propos de la manière dont la maman prête précisément ses propres affaires ?;avec beaucoup de bonne volonté, sans rien compter;avec une grande réticence particulièrement visible;en exigeant explicitement quelque chose en retour;en se plaignant fortement de la demande formulée;27546;V
27556;question;Que veut dire 'persiste' à propos du froid qu'Erik espère sincèrement voir durer plus longtemps ?;continue, se maintient durablement dans le temps;disparaît totalement et immédiatement;diminue particulièrement rapidement;n'a en réalité jamais existe réellement;27546;V
27557;question;Que veut dire 'convenablement' à propos de la manière dont Erik habille finalement son bonhomme de neige ?;de façon appropriée et particulièrement satisfaisante;de façon négligée et visiblement bacleé;de manière excessive et particulièrement exagérée;sans le moindre soin particulier apporte;27546;V
27558;question;Que veut dire 'dégel' à propos du phénomène que le bonhomme de neige d'Erik parvient à résister ?;la fonte progressive de la neige et de la glace;une nouvelle chute de neige abondante;un simple changement de vent ressenti;une augmentation de la luminosité ambiante;27546;V
27559;question;Pourquoi précisément Erik enfile-t-il plusieurs couches de vêtements avant de sortir dans le jardin ?;il sait qu'il va passer beaucoup de temps dehors dans le froid pour construire son bonhomme;sa maman l'y oblige explicitement sans raison particulière apparente;il a en réalité déjà froid à l'intérieur même de sa propre maison;c'est une règle qu'il doit systématiquement suivre chaque matin sans exception;27546;I
27560;question;Pourquoi précisément Erik tasse-t-il soigneusement chaque étage de son bonhomme de neige au fur et à mesure ?;il souhaite garantir efficacement la stabilité de sa construction face au vent qui souffle;il n'a en réalité rien d'autre à faire de son temps libre ce jour-là;sa maman le lui demande explicitement de procéder ainsi;il pense simplement que cela rendra son bonhomme plus joli visuellement;27546;I
27561;question;Pourquoi précisément les voisins s'arrêtent-ils devant la maison d'Erik pour observer sa création ?;ils se montrent particulièrement impressionnés par la qualité de sa création hivernale réalisée;ils cherchent simplement à discuter avec les parents d'Erik présents;ils veulent en réalité se plaindre du bruit occasionne;ils passent simplement par hasard sans remarquer particulièrement le bonhomme;27546;I
27562;question;Pourquoi précisément le voisin propose-t-il de partager la photo du bonhomme dans le journal local du quartier ?;il souhaite sincèrement valoriser auprès de tous le talent créateur manifeste par le jeune Erik;il n'a en réalité aucune autre photo disponible à publier cette semaine;il cherche uniquement à se faire bien voir des parents d'Erik;c'est une obligation régulière imposée par ce journal local;27546;I
27563;question;Qu'est-ce qui montre concrètement qu'Erik est particulièrement attache à sa propre création le soir venu ?;il l'observe longuement depuis sa fenêtre en espérant sincèrement qu'elle dure plusieurs jours;il oublie complètement son bonhomme dès le lendemain matin suivant;il demande explicitement à le détruire lui-même dès le soir même;il refuse catégoriquement d'en reparler avec ses propres parents;27546;I
27564;question;Que peut-on déduire du plaisir général ressenti par Erik au cours de cette journée particulière de neige ?;il vit un moment de joie simple et particulièrement mémorable grâce à une activité créative réussie;il regrette globalement d'avoir passé autant de temps dehors ce jour-là;il aurait clairement préféré rester devant les écrans toute la journée entière;cette journée ne représente en réalité rien de particulier pour lui;27546;I
27565;question;Que peut-on déduire de l'attitude de la maman d'Erik envers cette activité hivernale menée par son fils ?;elle encourage et soutient sincèrement son fils tout en veillant attentivement à sa sécurité;elle désapprouve complètement cette activité proposée par son propre fils;elle reste totalement indifférente aux activités menées par Erik;elle refuse catégoriquement de prêter le moindre objet pour le bonhomme;27546;I
27566;question;Que peut-on déduire globalement de la fierté ressentie par Erik en découvrant que son bonhomme a résisté au dégel ?;elle renforce durablement sa confiance en ses propres capacités créatives et manuelles;elle n'a en réalité aucune importance particulière à ses propres yeux;il regrette finalement d'avoir construit ce bonhomme particulier;cette découverte n'apporte finalement rien de plus à son quotidien habituel;27546;I
27567;passage;Mia découvre pour la toute première fois de sa vie la patinoire municipale, accompagnée de sa grande soeur qui patine déjà depuis plusieurs années avec beaucoup d'aisance et un plaisir manifeste et sincère. Dès l'entrée du bâtiment, Mia ressent immédiatement le froid particulièrement caractéristique qui monte de la glace brillante, tandis qu'une musique entraînante résonne joyeusement dans toute la salle particulièrement bondée ce jour-là. A l'accueil, une employée particulièrement attentionnée aide Mia à choisir des patins parfaitement ajustes à sa propre pointure, sa soeur veillant attentivement à ce que les lacets soient correctement et solidement serres. Dès son tout premier contact avec la glace particulièrement glissante, Mia manque de tomber à plusieurs reprises successives, s'accrochant fermement à la barrière métallique installée tout autour de la patinoire pour les débutants. Patiemment, sa grande soeur lui montre précisément comment plier légèrement les genoux et repartir correctement son poids pour améliorer son équilibre particulièrement précaire sur cette surface si particulière et glissante. Après presque une heure entière d'efforts constants et de nombreuses chutes sans aucune gravite, Mia parvient enfin à avancer seule sur plusieurs mètres consécutifs sans s'accrocher à la barrière de sécurité installée. Autour d'elle, de nombreux autres enfants également débutants tournent sur la glace en riant et en s'encourageant mutuellement, créant ainsi une ambiance particulièrement chaleureuse et bienveillante partagée par tous. Un moniteur présent sur la patinoire remarque les progrès accomplis par Mia et vient personnellement la féliciter, lui proposant même quelques conseils supplémentaires pour améliorer davantage encore sa technique de glisse. En quittant finalement la patinoire ce jour-là, Mia annonce fièrement à sa soeur qu'elle souhaite absolument revenir la semaine suivante pour continuer à progresser dans cette discipline qu'elle a follement appréciée. Sur le chemin du retour à la maison, Mia raconte déjà avec un enthousiasme évident cette expérience marquante à ses propres parents, espérant sincèrement pouvoir s'inscrire bientôt à des cours réguliers de patinage.;;;;;;
27568;question;Où précisément Mia se rend-elle pour la toute première fois de sa vie ?;à la patinoire municipale;directement à la piscine;au cinéma du quartier;au musée de sa ville;27567;L
27569;question;Depuis combien de temps précisément la soeur de Mia pratique-t-elle le patinage ?;depuis plusieurs années consécutives;depuis seulement quelques jours;elle ne patine en réalité pas non plus;depuis ce jour précis également;27567;L
27570;question;Qui précisément aide Mia à choisir correctement ses patins à l'accueil de la patinoire ?;une employée de la patinoire;uniquement sa propre soeur;personne, elle choisit entièrement seule;sa maman restée à la maison;27567;L
27571;question;Que fait précisément sa soeur pour l'aider concrètement à garder son équilibre sur la glace ?;elle lui montre comment plier les genoux et repartir son poids;elle la porte simplement sur la glace;elle la laisse entièrement se débrouiller seule;elle appelle un employé pour l'aider à sa place;27567;L
27572;question;Après combien de temps précisément Mia parvient-elle à avancer seule sur la glace ?;presque une heure entière;quelques secondes à peine;toute la journée complète;elle n'y parvient finalement jamais;27567;L
27573;question;Que remarque et propose précisément un moniteur présent en observant les progrès de Mia ?;il la félicite et lui propose des conseils supplémentaires;il lui demande d'arrêter immédiatement de patiner;il l'ignore complètement sans lui adresser la parole;il la punit pour ne pas avoir suivi les règles;27567;L
27574;question;Que veut dire 'aisance' à propos de la manière dont la soeur de Mia patine habituellement ?;avec beaucoup de facilite et une réelle assurance;avec beaucoup de difficulté manifeste;de façon particulièrement dangereuse pour elle;en tombant particulièrement fréquemment;27567;V
27575;question;Que veut dire 'bondée' à propos de la salle de la patinoire ce jour précis de visite ?;remplie d'un grand nombre de personnes présentes;totalement vide de tout visiteur;silencieuse et particulièrement calme;fermée exceptionnellement au public;27567;V
27576;question;Que veut dire 'précaire' à propos de l'équilibre de Mia sur la glace au tout début de sa séance ?;instable et particulièrement fragile;totalement solide et parfaitement assure;parfaitement maîtrise dès le premier instant;sans la moindre difficulté particulière rencontrée;27567;V
27577;question;Que veut dire 'bienveillante' à propos de l'ambiance régnant autour des enfants débutants présents ce jour-là ?;gentille et pleine de bonnes intentions partagées;hostile et particulièrement agressive envers eux;totalement indifférente à leur situation;moqueuse et particulièrement cruelle envers eux;27567;V
27578;question;Que veut dire 'follement' à propos du plaisir ressenti par Mia lors de cette expérience particulière ?;de façon particulièrement intense et manifeste;de façon relativement légère et discrète;sans la moindre conviction particulière;avec beaucoup d'hésitation persistante;27567;V
27579;question;Que veut dire 'caractéristique' à propos du froid ressenti par Mia dès son entrée dans le bâtiment ?;typique et facilement reconnaissable de cet endroit particulier;totalement inattendu et particulièrement surprenant;absent et totalement inexistant à cet endroit;identique en tout point à celui de sa propre maison;27567;V
27580;question;Pourquoi précisément Mia s'accroche-t-elle fermement à la barrière au tout début de sa séance de patinage ?;elle ressent une peur naturelle de tomber car elle débute complètement dans cette discipline nouvelle;elle souhaite simplement se reposer un court instant sur place;sa soeur le lui demande explicitement sans autre raison apparente;la glace présente en réalité un défaut visible à cet endroit précis;27567;I
27581;question;Pourquoi précisément sa grande soeur prend-elle le temps de lui expliquer patiemment les techniques d'équilibre nécessaires ?;elle souhaite sincèrement transmettre son expérience et aider sa petite soeur à progresser efficacement;elle est en réalité obligée de le faire par leurs propres parents;elle n'a en réalité rien d'autre à faire ce jour-là précis;l'employée de la patinoire le lui demande explicitement de procéder ainsi;27567;I
27582;question;Qu'est-ce qui montre concrètement que Mia progresse réellement au cours de cette première séance de patinage ?;elle finit par avancer seule sur plusieurs mètres sans s'accrocher à la barrière de sécurité;elle tombe de plus en plus fréquemment au fil du temps écoule;elle refuse catégoriquement de continuer après sa toute première chute;elle reste assise sur la glace pendant l'intégralité de sa séance;27567;I
27583;question;Pourquoi précisément le moniteur présent décide-t-il de venir féliciter personnellement Mia durant sa séance ?;il remarque sincèrement les progrès réels accomplis par la jeune débutante ce jour-là;c'est une obligation systématique imposée à tous les moniteurs présents;la soeur de Mia le lui demande explicitement de le faire;il félicite en réalité tous les enfants présents sans distinction particulière;27567;I
27584;question;Pourquoi précisément Mia souhaite-t-elle absolument revenir la semaine suivante malgré les difficultés rencontrées ce jour-là ?;elle a pris un plaisir sincère malgré les chutes et souhaite continuer à progresser davantage;sa soeur l'y oblige fermement sans lui laisser d'autre choix;elle a simplement oublié ses propres patins et doit revenir les chercher;elle n'a en réalité pas eu suffisamment de temps pour patiner ce jour-là;27567;I
27585;question;Que peut-on déduire du rôle joue par la soeur de Mia tout au long de cette première expérience de patinage ?;elle se montre patiente et particulièrement encourageante envers sa petite soeur débutante;elle se moque en réalité des difficultés rencontrées par Mia;elle préfère clairement patiner seule de son propre côté;elle se montre plus intéressée par ses propres figures que par Mia;27567;I
27586;question;Pourquoi précisément Mia espère-t-elle pouvoir s'inscrire bientôt à des cours réguliers de patinage ?;cette première expérience très positive nourrit chez elle une véritable envie de progresser durablement;ses parents l'obligent explicitement à formuler cette demande particulière;elle n'a en réalité aucune autre activité disponible pour occuper ses mercredis;elle cherche uniquement à imiter le comportement de sa propre soeur;27567;I
27587;question;Que peut-on déduire globalement de l'évolution de la confiance en elle de Mia entre le début et la fin de cette séance ?;elle gagne progressivement en assurance grâce aux efforts fournis et aux encouragements reçus;elle perd au contraire toute confiance face aux nombreuses difficultés rencontrées ce jour-là;cette séance n'a finalement aucun effet notable sur sa propre confiance personnelle;elle regrette globalement d'avoir tenté cette nouvelle expérience de patinage;27567;I
27588;passage;Léon attend cette journée de luge en montagne depuis déjà plusieurs semaines, une sortie organisée par son papa profitant des vacances d'hiver pour lui faire découvrir concrètement cette activité pour la toute première fois. Arrives en haut de la piste damée réservée spécifiquement aux lugeurs, Léon contemple avec un mélange d'excitation et d'appréhension la longue pente immaculée qui s'étend devant eux jusqu'au fond de la vallée. Bien installé sur sa luge rouge particulièrement vive, serre confortablement dans sa combinaison de neige imperméable, Léon attend patiemment le signal de son papa pour se lancer dans cette première descente tant attendue. Dès le tout départ, Léon prend rapidement de la vitesse sur la pente, le vent glacial lui fouettant agréablement le visage tandis que le paysage environnant défile de plus en plus vite autour de lui. A l'approche d'un virage particulièrement serre, la luge de Léon dérape légèrement et il finit par basculer dans la neige poudreuse, se relevant aussitôt en riant de bon coeur de cette toute première chute sans aucune gravite. Remontant patiemment la pente à pied, sa luge attachée par une corde particulièrement solide traînant derrière lui, Léon sent déjà ses jambes fatiguées par cet effort physique inhabituel mais reste particulièrement motive. Au fil des descentes suivantes, Léon apprend progressivement à mieux diriger sa luge en déplaçant habilement son poids, gagnant ainsi en confiance et en maîtrise à chaque nouvelle tentative effectuée sur la piste. Son papa, fier des progrès rapides accomplis par son fils, décide alors de le laisser essayer une piste légèrement plus difficile, située juste à côté de la première, tout en restant présent à ses côtés par précaution. Léon réussit brillamment cette nouvelle descente plus technique, ce qui le remplit d'une immense fierté personnelle et renforce encore davantage sa motivation à continuer de progresser dans cette activité hivernale nouvellement découverte. De retour au chalet en fin d'après-midi, fatigue mais rayonnant de fierté, Léon raconte avec un enthousiasme communicatif toute sa journée à sa maman restée travailler à la maison ce jour-là.;;;;;;
27589;question;Depuis combien de temps précisément Léon attend-il cette journée de luge organisée par son papa ?;des semaines;quelques minutes seulement;un an entier;il ne l'attendait pas particulièrement;27588;L
27590;question;Que découvre précisément Léon pour la toute première fois lors de cette sortie hivernale ?;l'activité de la luge;l'activité du ski alpin;l'activité du patin à glacé;l'activité de l'escalade en montagne;27588;L
27591;question;Où précisément se trouve la piste damée utilisée par Léon ce jour-là ?;en montagne;directement à la campagne;au coeur d'une forêt dense;au bord d'une mer gelée;27588;L
27592;question;De quelle couleur précisément est la luge utilisée par Léon durant cette sortie ?;rouge vif;bleue particulièrement claire;verte fonce;jaune particulièrement vive;27588;L
27593;question;Que se passe-t-il précisément à l'approche d'un virage particulièrement serre de la piste ?;la luge de Léon dérape et il bascule dans la neige;Léon percute directement un arbre proche;la luge se casse complètement sur le coup;Léon s'arrête brusquement sans jamais tomber;27588;L
27594;question;Que décide précisément le papa de Léon en voyant les progrès rapides accomplis par son fils ?;de le laisser essayer une piste légèrement plus difficile;de rentrer immédiatement au chalet familial;d'arrêter définitivement la sortie de luge;de changer complètement d'activité pour l'après-midi;27588;L
27595;question;Que veut dire 'damée' à propos de la piste spécifiquement utilisée par les lugeurs ce jour-là ?;tassée et particulièrement bien préparée pour la pratique du sport;totalement gelée et particulièrement dangereuse;recouverte simplement de terre existante;formellement interdite d'accès au public;27588;V
27596;question;Que veut dire 'appréhension' à propos du sentiment ressenti par Léon en haut de la piste de luge ?;une légère inquiétude ressentie face à une situation nouvelle;une très grande joie sans le moindre mélange;une profonde fatigue physique accumulée;une totale indifférence face à la situation vécue;27588;V
27597;question;Que veut dire 'poudreuse' à propos de la neige dans laquelle bascule précisément Léon durant sa chute ?;fine et particulièrement légère, comme de la poudre;dure et particulièrement glacée au toucher;sale et visiblement boueuse;totalement fondue et liquide;27588;V
27598;question;Que veut dire 'communicatif' à propos de l'enthousiasme de Léon en racontant sa journée à sa maman ?;qui se transmet facilement et naturellement aux autres personnes présentes;qui reste totalement intérieur et particulièrement cache;qui est feint et particulièrement artificiel;qui dérange fortement son propre entourage;27588;V
27599;question;Que veut dire 'rayonnant' à propos de Léon en fin de cette journée particulière de luge ?;exprimant un grand bonheur particulièrement visible;totalement épuise et visiblement abattu;en colère et particulièrement frustré;indifférent aux événements vécus durant la journée;27588;V
27600;question;Que veut dire 'technique' à propos de la piste plus difficile que Léon accepte finalement d'essayer ?;qui nécessite une maîtrise et un savoir-faire particulier;totalement simple et accessible à tous facilement;sans aucune difficulté particulière rencontrée;identique en tout point à la première piste;27588;V
27601;question;Pourquoi précisément Léon contemple-t-il la pente avec à la fois excitation et appréhension au tout début ?;c'est une expérience nouvelle qui le stimule tout en l'impressionnant quelque peu;il a en réalité déjà eu un accident de luge par le passe;son papa l'a effrayé volontairement avant même la descente;il préférerait clairement faire une tout autre activité ce jour-là;27588;I
27602;question;Pourquoi précisément Léon rit-il après sa chute dans la neige plutôt que de se décourager immédiatement ?;il prend cette expérience comme un simple jeu sans aucune conséquence grave;il ne s'est en réalité pas rendu compte qu'il était tombé;son papa l'oblige explicitement à rire pour cacher sa douleur;il pense en réalité que c'est déjà la fin de la sortie;27588;I
27603;question;Pourquoi précisément Léon persévère-t-il à remonter la pente malgré la fatigue ressentie dans ses propres jambes ?;il se montre très motive par le plaisir procure par les descentes précédentes déjà effectuées;son papa le force explicitement à continuer contre son propre gré;il n'a en réalité pas d'autre choix pour rentrer finalement au chalet;il espère ainsi impressionner d'autres enfants présents sur la piste;27588;I
27604;question;Qu'est-ce qui montre concrètement que Léon progresse réellement au fil de ses descentes successives sur la piste ?;il apprend progressivement à mieux diriger sa luge en déplaçant habilement son poids;il tombe de plus en plus souvent à chaque nouvelle descente effectuée;il refuse catégoriquement de recommencer après sa toute première chute;il reste totalement immobile en haut de la piste sans jamais redescendre;27588;I
27605;question;Pourquoi précisément le papa de Léon décide-t-il de rester présent à ses côtés sur la piste plus difficile ?;il souhaite accompagner son fils par précaution tout en encourageant sa progression personnelle;il n'a en réalité aucune confiance dans les capacités réelles de son fils;le règlement de la station impose explicitement cette présence parentale;il souhaite simplement profiter lui-même de cette piste plus technique;27588;I
27606;question;Que peut-on déduire du plaisir général ressenti par Léon lors de cette journée de luge en montagne ?;il vit une expérience marquante et particulièrement gratifiante malgré les difficultés initiales rencontrées;il regrette globalement d'avoir accepté de venir à la montagne ce jour-là;il préférerait clairement rester au chalet la prochaine fois propose;cette journée ne représente en réalité rien de particulier pour lui;27588;I
27607;question;Que peut-on déduire de l'intention du papa de Léon en organisant précisément cette sortie de luge en montagne ?;il souhaite partager un moment privilégié en faisant découvrir une nouvelle activité à son propre fils;il cherche simplement à occuper Léon durant les vacances scolaires;il n'avait en réalité pas d'autre activité disponible ce jour-là précis;il se montre indifférent au plaisir que Léon peut en retirer;27588;I
27608;question;Que peut-on déduire globalement de l'évolution de la relation entre Léon et son papa à travers cette journée de luge partagée ?;elle se renforce grâce au partage sincère de cette nouvelle expérience et aux progrès accomplis ensemble;elle reste totalement identique du tout début jusqu'à la toute fin de cette journée;elle se dégrade progressivement au fil des difficultés rencontrées sur la piste;cette journée n'a finalement aucun effet particulier sur leur relation existante;27588;I
27609;passage;Anna passe un week-end prolonge en famille dans une maison de campagne appartenant à son oncle, loin de l'agitation habituelle de la ville où elle vit toute l'année avec ses propres parents. Le samedi soir venu, toute la famille se rassemble dans le jardin pour profiter ensemble d'un feu de camp particulièrement traditionnel, une activité qu'Anna attend chaque année avec une impatience visiblement grandissante. Son oncle empile méthodiquement plusieurs bûches de bois bien sèches au centre d'un cercle de pierres soigneusement dispose, avant d'allumer le feu à l'aide d'allumettes et de petit bois particulièrement inflammable. Les flammes s'élèvent alors progressivement, projetant une lumière particulièrement chaleureuse et dansante sur l'ensemble des visages réunis autour du feu, ce qu'Anna trouve absolument fascinant à observer longuement. Confortablement installée sur une épaisse couverture étendue au sol, Anna écoute avec une réelle passion son grand-père raconter une vieille légende familiale transmise depuis déjà plusieurs générations successives. Toute la famille entonne ensuite quelques chansons traditionnelles particulièrement connues, Anna chantant avec un entrain évident même lorsqu'elle se trompe occasionnellement sur certaines paroles quelque peu oubliées. Un peu plus tard dans la soirée, chacun fait griller des marshmallows au bout de longs bâtons en bois, Anna appréciant particulièrement le moment où ils deviennent dorés et parfaitement fondants à l'intérieur. Curieuse de nature, Anna demande à son grand-père pourquoi cette légende familiale précise se transmet depuis si longtemps, découvrant ainsi que chaque génération y ajoute discrètement un nouveau petit détail personnel. Avant de rentrer se coucher, Anna lève les yeux vers le ciel parfaitement dégage constellé d'innombrables étoiles particulièrement brillantes, remerciant chaleureusement son oncle pour cette soirée particulièrement mémorable. Le lendemain matin, Anna demande à son grand-père s'il pourrait lui écrire cette légende dans un petit carnet, souhaitant sincèrement pouvoir la transmettre elle-même à ses propres enfants dans de nombreuses années.;;;;;;
27610;question;Où précisément Anna passe-t-elle ce week-end prolonge en famille ?;dans une maison de campagne appartenant à son oncle;directement au bord de la mer;en ville chez ses propres grands-parents;à la montagne, en pleine neige;27609;L
27611;question;Quand précisément la famille se rassemble-t-elle autour du feu de camp organise ?;le samedi soir;le vendredi matin uniquement;le dimanche après-midi;chaque soir de l'ensemble du week-end;27609;L
27612;question;Que fait précisément l'oncle d'Anna pour préparer soigneusement le feu de camp ?;il empile plusieurs bûches au centre d'un cercle de pierres;il installe simplement une tente pour la nuit;il branche un chauffage électrique portable;il demande directement à Anna de le faire elle-même;27609;L
27613;question;Que raconte précisément le grand-père d'Anna autour du feu ce soir-là ?;une vieille légende familiale;les nouvelles récentes du village voisin;une simple recette de cuisine traditionnelle;l'histoire détaillée de son propre travail;27609;L
27614;question;Que découvre précisément Anna en interrogeant son grand-père sur cette légende familiale ?;chaque génération y ajoute discrètement un nouveau détail personnel;cette légende n'a en réalité aucune origine précise;son grand-père l'a lui-même entièrement inventée;personne dans la famille ne connaît vraiment cette histoire;27609;L
27615;question;Que demande précisément Anna à son grand-père le lendemain matin de cette soirée ?;de lui écrire cette légende dans un petit carnet;de raconter une toute nouvelle histoire différente;de l'emmener directement au village voisin;de lui apprendre à allumer elle-même un feu;27609;L
27616;question;Que veut dire 'entonne' à propos de la famille commençant à chanter les chansons traditionnelles ?;commence à chanter ensemble de manière collective;arrête brusquement et définitivement de chanter;chante en réalité en silence uniquement;refuse catégoriquement de chanter ce soir-là;27609;V
27617;question;Que veut dire 'constellé' à propos du ciel particulièrement observé par Anna ce soir-là ?;parsemé d'un très grand nombre d'étoiles visibles;totalement vide et particulièrement sombre;recouvert entièrement de nuages épais;éclaire uniquement par la lune présente;27609;V
27618;question;Que veut dire 'avec entrain' à propos de la manière dont Anna chante les chansons proposées ?;avec beaucoup d'enthousiasme et un dynamisme visible;avec beaucoup d'ennui particulièrement manifeste;avec une tristesse particulièrement évidente;en chuchotant à peine de manière audible;27609;V
27619;question;Que veut dire 'mémorable' à propos de la soirée particulière vécue par Anna ce jour-là ?;digne d'être retenue durablement dans la mémoire personnelle;vite oubliée et particulièrement sans importance;pénible et particulièrement désagréable à vivre;identique à toutes les autres soirées vécues;27609;V
27620;question;Que veut dire 'fondants' à propos des marshmallows particulièrement apprécies par Anna ce soir-là ?;qui deviennent mous et particulièrement coulants à l'intérieur en chauffant;qui restent durs et particulièrement froids;qui brûlent complètement et rapidement;qui explosent soudainement en cuisant;27609;V
27621;question;Que veut dire 'transmise' à propos de la légende familiale racontée précisément par le grand-père ?;passée d'une génération à l'autre au fil du temps écoule;inventée tout récemment par le grand-père lui-même;trouvée simplement dans un livre à la bibliothèque locale;totalement oubliée par l'ensemble de la famille réunie;27609;V
27622;question;Pourquoi précisément Anna attend-elle chaque année cette soirée de feu de camp avec une impatience grandissante ?;c'est un moment de partage familial particulièrement chaleureux qu'elle apprécie sincèrement;elle n'a en réalité rien d'autre à faire pendant ces vacances spécifiques;ses parents l'y obligent explicitement chaque année sans exception;elle espère simplement pouvoir manger des marshmallows à volonté;27609;I
27623;question;Pourquoi précisément le grand-père choisit-il de raconter une légende familiale plutôt qu'une tout autre histoire ?;il souhaite sincèrement transmettre l'histoire et les traditions vivantes de la famille aux plus jeunes;il ne connaît en réalité aucune autre histoire à raconter ce soir-là;les enfants présents le lui ont demandé spécifiquement ce soir précis;c'est une obligation qu'il s'impose chaque année sans grand plaisir personnel;27609;I
27624;question;Qu'est-ce qui montre concrètement qu'Anna se sent totalement à l'aise pendant cette soirée malgré ses erreurs de paroles ?;elle chante avec entrain sans se soucier particulièrement de ses erreurs occasionnelles;elle refuse absolument de participer aux chansons proposées ce soir-là;elle quitte immédiatement le cercle dès qu'elle se trompe une fois;elle pleure de honte visible à chaque erreur commise durant les chants;27609;I
27625;question;Pourquoi précisément Anna interroge-t-elle son grand-père sur l'origine et la transmission de cette légende familiale ?;sa curiosité naturelle la pousse à mieux comprendre les traditions vivantes de sa propre famille;elle doute en réalité sérieusement de la véracité de cette histoire racontée;son grand-père l'oblige explicitement à poser cette question précise;elle cherche uniquement à faire durer la soirée plus longtemps que prévu;27609;I
27626;question;Pourquoi précisément Anna souhaite-t-elle que son grand-père écrive cette légende dans un petit carnet spécial ?;elle souhaite sincèrement pouvoir la transmettre elle-même à ses propres enfants dans le futur;sa maîtresse d'école le lui a explicitement demandé pour un devoir précis;elle craint en réalité d'oublier rapidement cette histoire particulière;ses propres parents l'obligent à réaliser cette demande spécifique;27609;I
27627;question;Que peut-on déduire de l'ambiance générale régnant lors de cette soirée particulière en famille ?;une atmosphère chaleureuse et particulièrement conviviale propice au partage intergénérationnel sincère;une atmosphère tendue entre les différents membres de la famille réunie;un ennui général ressenti manifestement par l'ensemble des participants présents;une soirée organisée uniquement pour les adultes présents ce soir-là;27609;I
27628;question;Que peut-on déduire de l'importance grandissante des traditions familiales dans la vie personnelle de la jeune Anna ?;elles occupent une place particulièrement précieuse et structurante dans ses propres souvenirs d'enfance;elles n'ont finalement aucune signification particulière à ses propres yeux;elle préférerait clairement passer ce temps seule avec des amis proches;ces traditions se révèlent en réalité récentes et sans lien avec le passe familial;27609;I
27629;question;Que peut-on déduire globalement du rôle joue par le grand-père d'Anna dans la transmission du patrimoine familial ?;il assure avec plaisir le passage des traditions et des souvenirs entre les différentes générations;il transmet ces histoires uniquement par pure obligation ressentie;il n'accorde en réalité aucune importance particulière à ces traditions familiales;il préférerait que ces légendes disparaissent progressivement avec le temps;27609;I
27630;passage;Félix part camper pour la toute première fois de sa vie avec ses parents, au bord d'une rivière particulièrement tranquille située au coeur d'une vallée verdoyante loin de toute agitation urbaine habituelle. Dès leur arrivée sur le lieu de camping, toute la famille collabore efficacement pour monter ensemble la grande tente familiale sur un emplacement plat et ombrage, Félix aidant activement en tenant fermement les piquets métalliques. à l'intérieur de la tente nouvellement montée, Félix installe soigneusement son matelas gonflable et son sac de couchage particulièrement chaud, trouvant cette installation improvisée étonnamment confortable pour une première nuit passée dehors. L'après-midi venu, Félix se baigne avec un réel enthousiasme dans les eaux fraîches de la rivière en compagnie de son papa, appréciant particulièrement la sensation vivifiante malgré la température plutôt froide de l'eau. Le soir venu, ses parents allument un petit réchaud portable pour préparer un dîner simple mais particulièrement savoureux, dont l'odeur appétissante se répand agréablement tout autour du campement improvise pour l'occasion. Une fois la nuit complètement tombée, Félix perçoit de nombreux bruits mystérieux provenant de la forêt voisine, ce qui l'impressionne quelque peu malgré la présence rassurante de ses propres parents à ses côtés. Son papa lui explique alors patiemment que ces bruits particuliers proviennent simplement d'oiseaux nocturnes et de petits mammifères vivant naturellement dans cette région boisée, ce qui rassure rapidement le jeune garçon. Curieux, Félix demande à son papa comment ces animaux nocturnes parviennent à se déplacer aussi facilement dans l'obscurité totale, découvrant ainsi que certains d'entre eux possèdent une vision particulièrement adaptée à la nuit. Félix finit par s'endormir paisiblement, berce par le doux clapotis constant de l'eau de la rivière coulant à quelques mètres seulement de leur tente installée pour cette nuit particulièrement mémorable. Le lendemain matin, réveille par le chant des oiseaux, Félix demande déjà à ses parents s'ils pourront organiser une nouvelle sortie de camping l'été suivant, dans un endroit peut-être encore plus sauvage.;;;;;;
27631;question;Où précisément Félix part-il camper pour la toute première fois de sa vie ?;au bord d'une rivière tranquille;directement au bord de la mer;en pleine haute montagne;dans un simple jardin public;27630;L
27632;question;Que fait précisément toute la famille dès son arrivée sur le lieu de camping ?;elle monte ensemble la grande tente familiale;elle part immédiatement se baigner;elle prépare directement le dîner du soir;elle explore la forêt avant toute autre chose;27630;L
27633;question;Comment précisément Félix aide-t-il concrètement à monter la tente familiale ?;en tenant fermement les piquets métalliques;en donnant simplement des conseils oraux;il n'aide en réalité pas du tout ce jour-là;en préparant le repas pendant ce temps précis;27630;L
27634;question;Avec qui précisément Félix se baigne-t-il durant l'après-midi de cette première journée ?;son papa;sa propre maman;entièrement seul, sans personne;un autre campeur rencontre sur place;27630;L
27635;question;Que perçoit précisément Félix une fois la nuit complètement tombée sur le campement ?;de nombreux bruits mystérieux venant de la forêt;de la musique diffusée au loin;des voitures qui passent régulièrement;rien du tout, un silence total;27630;L
27636;question;Que demande précisément Félix à son papa concernant les animaux actifs durant la nuit ?;comment ils parviennent à se déplacer dans l'obscurité;pourquoi ils dorment durant la journée entière;ou précisément ils habitent durant l'hiver;combien ils sont exactement dans la forêt;27630;L
27637;question;Que veut dire 'ombrage' à propos de l'emplacement choisi précisément par la famille pour la tente ?;protège efficacement du soleil par des arbres proches;expose directement en plein soleil;recouvert entièrement d'eau stagnante;particulièrement pentu et instable;27630;V
27638;question;Que veut dire 'impressionne' à propos du ressenti de Félix face aux bruits nocturnes entendus ?;un peu troublé, marqué par une émotion particulière ressentie;totalement indifférent à la situation vécue;particulièrement en colère sans raison;extrêmement fatigué physiquement;27630;V
27639;question;Que veut dire 'berce' à propos de Félix s'endormant paisiblement près de la rivière ?;doucement accompagné et apaisé par un bruit régulier;brusquement réveillé en pleine nuit;particulièrement effrayé par un événement;empêche complètement de trouver le sommeil;27630;V
27640;question;Que veut dire 'nocturnes' à propos des oiseaux et mammifères évoques par le papa de Félix ?;actifs particulièrement pendant la période de la nuit;actifs uniquement pendant la journée;qui ne se déplacent jamais réellement;qui vivent exclusivement dans l'eau;27630;V
27641;question;Que veut dire 'adaptée' à propos de la vision nocturne particulière de certains animaux évoquée par le papa ?;spécialement développée pour répondre a un besoin précis;totalement inutile dans ce contexte précis;identique en tout point à celle de l'homme;particulièrement faible et peu efficace;27630;V
27642;question;Que veut dire 'clapotis' à propos du bruit doux produit par l'eau de la rivière ce soir-là ?;le petit bruit produit par l'eau qui coule doucement;un bruit très fort et particulièrement assourdissant;un silence total et particulièrement absolu;un grondement menaçant et inquiétant;27630;V
27643;question;Pourquoi précisément Félix trouve-t-il l'installation de la tente étonnamment confortable malgré son caractère improvise ?;il ne s'attendait en réalité pas à un tel confort pour une toute première expérience de camping;il a en réalité déjà campé de très nombreuses fois auparavant;ses parents ont en réalité apporte un véritable lit pour l'occasion;la tente utilisée est en réalité un petit chalet aménagé sur place;27630;I
27644;question;Pourquoi précisément Félix apprécie-t-il particulièrement la baignade malgré la température froide de l'eau ?;la sensation vivifiante ressentie lui procure un réel plaisir malgré l'inconfort initial;il n'a en réalité pas remarque que l'eau était particulièrement froide;son papa l'oblige explicitement à se baigner contre son propre gré;c'est la seule activité possible durant cet après-midi particulier;27630;I
27645;question;Pourquoi précisément les bruits nocturnes impressionnent-ils quelque peu Félix la toute première nuit ?;ce sont des sons totalement inconnus et nouveaux pour lui dans cet environnement particulier;il a en réalité déjà vécu une mauvaise expérience en forêt auparavant;ses parents l'ont volontairement effrayé avant d'aller dormir ce soir-là;il pense qu'un animal particulièrement dangereux approche de la tente;27630;I
27646;question;Qu'est-ce qui permet précisément à Félix de se sentir rapidement rassure face à ces bruits inconnus rencontres ?;les explications claires et particulièrement rassurantes fournies par son propre papa;le fait de rester éveille toute la nuit pour surveiller les environs;l'absence totale de bruit après quelques minutes seulement passées;le retour immédiat de toute la famille vers la maison familiale;27630;I
27647;question;Pourquoi précisément Félix interroge-t-il son papa sur la manière dont les animaux voient dans l'obscurité totale ?;sa curiosité naturelle le pousse à mieux comprendre le monde naturel qui l'entoure durant cette nuit;il a en réalité peur de ces animaux et cherche à se rassurer davantage;son papa l'oblige explicitement à poser cette question particulière;il n'a en réalité rien d'autre à demander durant cette soirée précise;27630;I
27648;question;Que peut-on déduire globalement du plaisir manifeste de Félix à l'égard de cette expérience de camping vécue ?;il apprécie sincèrement découvrir un nouveau mode de vie temporaire proche de la nature environnante;il regrette globalement d'avoir accepté de participer à cette sortie particulière;il préférerait clairement passer ses vacances dans un hôtel confortable;cette expérience ne lui laisse en réalité aucun souvenir particulier durable;27630;I
27649;question;Que peut-on déduire du rôle joue par le papa de Félix tout au long de cette expérience de camping partagée ?;il rassure et accompagne son fils avec une patience sincère face aux nouveautés rencontrées ensemble;il laisse Félix affronter entièrement seul toutes les difficultés rencontrées;il se montre en réalité plus inquiet que Félix face aux bruits nocturnes entendus;il ne s'implique en réalité pas particulièrement dans cette sortie familiale;27630;I
27650;question;Pourquoi précisément Félix demande-t-il dès le lendemain matin à organiser une nouvelle sortie de camping l'été suivant ?;cette première expérience très positive nourrit chez lui une véritable envie de renouveler l'aventure;ses parents l'obligent explicitement à formuler cette demande particulière;il n'a en réalité aucune autre idée de sortie à proposer pour l'été suivant;il cherche uniquement à faire plaisir à ses propres parents présents;27630;I
27651;passage;Louis se lève exceptionnellement tôt un samedi matin pour accompagner son grand-père à la pêche, une activité qu'ils pratiquent ensemble depuis que Louis à atteint l'âge de six ans seulement, plusieurs années auparavant. Alors que le soleil se lève à peine sur l'étang particulièrement paisible, Louis et son grand-père s'installent confortablement sur la petite berge herbeuse, leurs cannes solidement plantées dans le sol humide du matin. Son grand-père lui montre méthodiquement comment fixer correctement l'appât au bout de l'hameçon, une technique précise que Louis observe avec beaucoup d'attention et une concentration particulièrement visible ce matin-là. Ils patientent ensuite longuement en silence, les yeux fixes sur leurs petits flotteurs colorés qui dansent doucement au gré des légères ondulations de la surface parfaitement calme de l'eau environnante. Soudainement, le flotteur de Louis s'enfonce brusquement sous l'eau, provoquant chez lui une vive excitation mélangée à une certaine appréhension face à cette sensation totalement inconnue jusqu'alors ressentie. Guidé par les conseils particulièrement avises de son grand-père, Louis parvient progressivement à remonter un magnifique poisson argenté qui se débat vigoureusement au bout de sa ligne particulièrement tendue. Ensemble, ils examinent attentivement leur prise avant de décider, d'un commun accord partage, de relâcher délicatement le poisson dans l'étang, respectant ainsi une tradition familiale particulièrement bien établie depuis longtemps. Curieux, Louis demande à son grand-père pourquoi il est important de relâcher certains poissons plutôt que de tous les garder, découvrant ainsi le principe essentiel de la préservation des populations de poissons dans l'étang. Sur le chemin du retour vers la maison, extrêmement fier de cette expérience particulièrement mémorable, Louis raconte avec enthousiasme sa pêche à chaque personne croisée, impatient déjà de planifier sa toute prochaine sortie avec son grand-père. Le soir venu, Louis dessine soigneusement dans son propre carnet le poisson qu'il a attrapé ce matin-là, espérant déjà pouvoir montrer ce dessin fièrement à ses camarades de classe dès le lundi suivant.;;;;;;
27652;question;À quelle heure précisément Louis se lève-t-il ce samedi matin particulier ?;très tôt;particulièrement tard;aux alentours de midi;en fin d'après-midi seulement;27651;L
27653;question;Depuis quel âge précis Louis pratique-t-il la pêche avec son grand-père ?;depuis l'âge de six ans;depuis cette année seulement;depuis sa toute petite enfance;il n'a jamais pêche auparavant;27651;L
27654;question;Où précisément se déroule cette partie de pêche particulière ce matin-là ?;sur un étang paisible;directement en pleine mer;dans une simple piscine;dans une rivière particulièrement tumultueuse;27651;L
27655;question;Que montre précisément le grand-père à Louis avant de commencer à pécher ?;comment fixer correctement l'appât au bout de l'hameçon;comment nager efficacement dans l'étang;comment construire entièrement une canne à pêche;comment cuisiner ensuite un poisson attrape;27651;L
27656;question;Que remontent-ils finalement précisément au bout de la ligne de Louis ?;un magnifique poisson argenté;une vieille botte particulièrement abîmée;des algues complètement emmêlées;rien du tout, la ligne était vidé;27651;L
27657;question;Que décident-ils finalement de faire ensemble avec le poisson attrape ce matin-là ?;le relâcher délicatement dans l'étang;le ramener directement à la maison familiale;le donner à un autre pêcheur présent;le vendre directement au marche local;27651;L
27658;question;Que veut dire 'ondulations' à propos de la surface de l'eau observée par Louis et son grand-père ?;de petites vagues légères et particulièrement régulières;des vagues très hautes et particulièrement violentes;une surface parfaitement plate et totalement immobile;des tourbillons particulièrement dangereux et imprévisibles;27651;V
27659;question;Que veut dire 'avises' à propos des conseils donnés précisément par le grand-père de Louis ce matin-là ?;sages et particulièrement pertinents pour la situation;totalement inutiles dans ce contexte précis;contradictoires et particulièrement confus à suivre;donnes uniquement à contrecoeur et sans conviction;27651;V
27660;question;Que veut dire 'vigoureusement' à propos du poisson se débattant au bout de la ligne de Louis ?;avec beaucoup de force et une énergie particulièrement visible;très mollement, sans le moindre effort particulier;sans aucun mouvement particulier observe;très lentement et particulièrement faiblement;27651;V
27661;question;Que veut dire 'préservation' à propos du principe expliqué par le grand-père concernant les populations de poissons ?;la protection durable d'une ressource naturelle existante;la destruction volontaire d'une espèce précise;la vente organisée d'un produit naturel;la capture systématique de tous les poissons rencontres;27651;V
27662;question;Que veut dire 'un commun accord' à propos de la décision partagée de relâcher précisément le poisson attrape ?;une décision prise ensemble, en accord mutuel partage;une décision imposée unilatéralement par l'un des deux seulement;un désaccord total persistant entre les deux personnes;une décision prise entièrement au hasard sans réflexion;27651;V
27663;question;Que veut dire 'bien établie' à propos de la tradition familiale de relâcher certains poissons attrapés ?;solidement ancrée et respectée depuis particulièrement longtemps;récente et particulièrement incertaine dans sa pratique;abandonnée depuis peu par l'ensemble de la famille;totalement inconnue du reste de la famille de Louis;27651;V
27664;question;Pourquoi précisément Louis et son grand-père restent-ils longtemps silencieux en attendant que les poissons mordent ?;le calme nécessaire permet de ne pas effrayer les poissons environnants présents dans l'étang;ils se sont en réalité disputes avant de partir pécher ensemble ce matin-là;ils n'ont simplement rien à se dire particulier ce jour-là précis;le règlement de l'étang interdit strictement toute conversation entre pêcheurs;27651;I
27665;question;Pourquoi précisément Louis ressent-il à la fois de l'excitation et de l'appréhension quand son flotteur s'enfonce soudainement ?;cette sensation particulière est totalement nouvelle et inconnue pour lui à ce moment précis;il a en réalité peur que sa ligne se casse définitivement sous l'effort;son grand-père l'a averti d'un danger réel présent dans cet étang;il pense en réalité avoir accroché un objet particulièrement dangereux;27651;I
27666;question;Pourquoi précisément décident-ils finalement de relâcher le poisson attrape plutôt que de le garder pour eux ?;ils pêchent avant tout par plaisir et respectent une tradition familiale de relâcher leurs prises;le poisson attrape est en réalité trop petit pour être garde raisonnablement;ils n'ont simplement pas de quoi transporter ce poisson jusqu'à la maison;ce poisson précis n'est en réalité pas comestible selon la réglementation;27651;I
27667;question;Qu'est-ce qui montre concrètement que cette sortie de pêche compte particulièrement pour le jeune Louis ce jour-là ?;il en parle avec enthousiasme à toutes les personnes croisées sur le chemin du retour vers chez lui;il oublie complètement cette expérience dès le lendemain de la sortie;il ne souhaite plus jamais y retourner avec son propre grand-père;il ne dit finalement rien à personne de cette expérience particulière vécue;27651;I
27668;question;Pourquoi précisément Louis interroge-t-il son grand-père sur l'importance de relâcher certains poissons attrapés ?;sa curiosité naturelle le pousse à mieux comprendre les raisons profondes de cette tradition familiale précise;il doute sérieusement de la pertinence réelle de cette pratique observée;son grand-père l'oblige explicitement à poser cette question particulière;il cherche uniquement à faire durer davantage cette matinée de pêche partagée;27651;I
27669;question;Que peut-on déduire de la relation entre Louis et son grand-père à travers cette activité partagée depuis plusieurs années ?;ils entretiennent une complicité durable construite autour de cette passion commune sincèrement partagée;ils se voient en réalité rarement en dehors de ces sorties régulières de pêche;Louis n'apprécie en réalité pas vraiment cette activité malgré les apparences observées;le grand-père préférerait nettement pécher entièrement seul de son propre côté;27651;I
27670;question;Que peut-on déduire de la transmission des valeurs de respect de la nature illustrée par cette histoire particulière ?;le grand-père transmet à Louis un rapport respectueux envers les animaux et l'environnement naturel qui les entoure;cette tradition n'a en réalité aucune signification particulière à leurs propres yeux;Louis n'apprend finalement rien de particulier lors de ces sorties partagées;le grand-père impose cette règle sans jamais réellement l'expliquer à Louis;27651;I
27671;question;Que peut-on déduire globalement du plaisir manifeste par Louis à raconter sa pêche à chaque personne croisée sur le chemin du retour ?;cette matinée restera pour lui un souvenir particulièrement marquant et source d'une véritable fierté personnelle;il cherche uniquement à se vanter sans réelle sincérité face aux personnes croisées;il exagère largement la réalité de ce qui s'est réellement passe ce matin-là;il espère simplement recevoir une récompense matérielle de la part de ses parents;27651;I
27672;passage;Charlotte se rend chaque samedi matin au centre équestre situe non loin de chez elle pour prendre son cours d'équitation hebdomadaire, une activité qu'elle pratique avec passion depuis maintenant deux années complètes. Ce samedi précis, sa monitrice lui confie une jument particulièrement douce prénommée Belle, avec laquelle Charlotte n'a encore jamais eu l'occasion de monter auparavant durant ses cours précédents. Avant de monter en selle, Charlotte doit d'abord brosser soigneusement le pelage de Belle et nettoyer méthodiquement ses quatre sabots, une routine essentielle que sa monitrice lui rappelle à chaque nouveau cours. Charlotte selle ensuite Belle avec l'aide attentive de sa monitrice, vérifiant chaque sangle avec un soin tout particulier avant de finalement grimper prudemment sur le dos de sa nouvelle monture du jour. Une fois installée confortablement en selle, Charlotte guide Belle au pas tout autour du manège extérieur, s'habituant progressivement au caractère particulier et aux petites réactions propres à cette jument. Sa monitrice l'encourage alors à passer graduellement au trot, une allure plus rapide qui demande à Charlotte davantage de concentration et un meilleur équilibre général sur sa monture particulière. Charlotte ressent d'abord une légère appréhension face à cette nouvelle allure inconnue avec Belle, mais elle parvient rapidement à se détendre grâce aux précieux conseils prodigues par sa monitrice présente. Vers la fin du cours, Charlotte parvient même à réaliser un petit parcours d'obstacles particulièrement simple, franchissant avec une aisance surprenante deux petites barres disposées dans le manège. Sa monitrice la félicite chaleureusement pour ses réels progrès accomplis ce jour-là, précisant que Charlotte pourra désormais monter régulièrement Belle lors de ses prochains cours hebdomadaires. Sur le chemin du retour, Charlotte raconte à sa maman avec une joie manifeste sa toute nouvelle complicité naissante avec Belle, impatiente déjà de retrouver sa jument préférée le samedi suivant.;;;;;;
27673;question;À quel moment précis de la semaine Charlotte se rend-elle habituellement au centre équestre ?;chaque samedi matin;chaque dimanche soir;chaque mercredi après-midi;chaque vendredi en fin de journée;27672;L
27674;question;Depuis combien de temps précisément Charlotte pratique-t-elle l'équitation avec passion ?;depuis deux années complètes;depuis à peine quelques semaines;depuis toute sa petite enfance;elle vient tout juste de commencer cette année;27672;L
27675;question;Comment se nomme précisément la jument confiée ce jour-là à Charlotte par sa monitrice ?;Belle;Étoile;Cannelle;Perle;27672;L
27676;question;Que doit faire précisément Charlotte avant de monter en selle sur Belle ?;brosser le pelage et nettoyer les sabots de la jument;donner directement à manger à la jument;promener longuement la jument hors du manège;simplement attendre patiemment sa monitrice;27672;L
27677;question;Que parvient finalement à réaliser Charlotte vers la toute fin de son cours d'équitation ?;un petit parcours d'obstacles particulièrement simple;un très long trajet en dehors du centre équestre;une chute accidentelle depuis le dos de sa jument;un simple tour de manège supplémentaire au pas;27672;L
27678;question;Que précise finalement la monitrice de Charlotte concernant les prochains cours à venir ?;Charlotte pourra désormais monter régulièrement Belle;Charlotte devra changer de jument dès le prochain cours;Charlotte ne pourra plus jamais remonter sur un cheval;Charlotte devra recommencer entièrement son apprentissage;27672;L
27679;question;Que veut dire 'hebdomadaire' à propos du cours d'équitation suivi régulièrement par Charlotte ?;qui revient chaque semaine de manière régulière;qui n'a lieu qu'une seule fois par an;qui se déroule uniquement pendant les vacances scolaires;qui se produit de manière complètement imprévisible;27672;V
27680;question;Que veut dire 'monture' à propos de Belle, la jument confiée ce jour-là à Charlotte ?;l'animal sur lequel on monte pour se déplacer;un simple objet décoratif installé dans le manège;un accessoire particulier utilise pour brosser un cheval;un bâtiment spécifique situe dans le centre équestre;27672;V
27681;question;Que veut dire 'allure' à propos du trot mentionne par la monitrice de Charlotte durant le cours ?;la manière particulière dont un cheval se déplace;la couleur précise du pelage d'un cheval;le nom donne à la selle posée sur un cheval;le prix demande pour un cours d'équitation;27672;V
27682;question;Que veut dire 'appréhension' à propos du ressenti de Charlotte face à cette allure encore inconnue ?;une légère inquiétude ressentie face à une situation nouvelle;une joie profonde et particulièrement intense ressentie;une totale indifférence face à la situation vécue;une immense colère ressentie sans raison précise;27672;V
27683;question;Que veut dire 'prodigues' à propos des conseils donnés par la monitrice à Charlotte durant ce cours précis ?;généreusement donnes avec beaucoup d'attention;donnes uniquement à contrecoeur et sans conviction réelle;totalement inutiles dans cette situation précise;donnes en réalité trop tard pour être utiles;27672;V
27684;question;Que veut dire 'complicité' à propos du lien naissant entre Charlotte et Belle évoque à la fin de l'histoire ?;une entente particulière et une proximité naissante entre deux êtres;une simple relation purement professionnelle et distante;une rivalité persistante entre deux personnages;une indifférence totale de l'un envers l'autre;27672;V
27685;question;Pourquoi précisément la monitrice rappelle-t-elle à Charlotte l'importance de brosser et nettoyer les sabots avant chaque cours ?;cette routine assure le confort et la bonne santé du cheval avant chaque séance de travail;elle souhaite uniquement occuper Charlotte avant le début réel du cours;cette tache est en réalité purement décorative et sans réelle utilité;elle espère ainsi retarder volontairement le début du cours d'équitation;27672;I
27686;question;Pourquoi précisément Charlotte ressent-elle une légère appréhension au moment de passer au trot avec Belle ?;cette allure plus rapide et inconnue avec cette jument représente un véritable défi nouveau pour elle;elle a en réalité peur que sa monitrice se moque ouvertement d'elle;elle sait pertinemment que Belle à l'habitude de désarçonner ses cavaliers;elle préférerait nettement rester uniquement au pas durant tout le cours;27672;I
27687;question;Qu'est-ce qui permet précisément à Charlotte de se détendre progressivement durant le passage au trot avec Belle ?;les précieux conseils prodigues par sa monitrice présente à ses côtés durant tout le cours;le fait que Belle s'arrête complètement de bouger durant un long moment;l'arrivée soudaine d'un autre cavalier plus expérimente dans le manège;la décision prise de finalement redescendre immédiatement de sa jument;27672;I
27688;question;Pourquoi précisément la monitrice félicite-t-elle chaleureusement Charlotte à la fin de ce cours particulier ?;Charlotte à réellement progresse en franchissant avec aisance son tout premier petit parcours d'obstacles;Charlotte a simplement terminé son cours sans tomber une seule fois de sa jument;la monitrice félicite systématiquement tous les cavaliers à la fin de chaque cours;Charlotte a offert un cadeau particulier à sa propre monitrice ce jour-là;27672;I
27689;question;Que peut-on déduire du lien particulier qui semble se créer entre Charlotte et Belle au fil de ce cours précis ?;une réelle complicité commence à naître entre la jeune cavalière et sa nouvelle jument;Charlotte préfère finalement nettement les autres chevaux du centre équestre;Belle se montre en réalité plutôt difficile et peu coopérative avec Charlotte;aucun lien particulier ne semble réellement se créer entre elles ce jour-là;27672;I
27690;question;Que peut-on déduire de l'enthousiasme manifeste par Charlotte en racontant sa journée à sa maman sur le chemin du retour ?;cette expérience particulièrement positive renforce sa passion sincère pour l'équitation;elle cherche uniquement à impressionner sa propre maman sans réelle sincérité;elle regrette en réalité d'avoir monté Belle plutôt qu'un autre cheval;elle n'a en réalité pas particulièrement apprécie ce cours d'équitation précis;27672;I
27691;question;Pourquoi précisément Charlotte est-elle impatiente de retrouver Belle dès le samedi suivant ?;la complicité naissante vécue avec cette jument lui donne véritablement envie de poursuivre cette relation;elle n'a en réalité pas d'autre activité prévue pour le samedi suivant;sa monitrice l'oblige explicitement à revenir des la semaine suivante;elle espère simplement recevoir un cheval à elle en cadeau prochainement;27672;I
27692;question;Que peut-on déduire globalement du rôle joue par la monitrice tout au long de l'apprentissage de Charlotte ?;elle accompagne avec patience et bienveillance les progrès réels de sa jeune élève;elle se montre en réalité plutôt sévère et peu encourageante envers Charlotte;elle ne s'implique en réalité que très peu dans les cours donnés;elle préférerait clairement enseigner à d'autres élèves plus expérimentés;27672;I
27693;passage;Gabriel se réveille un dimanche matin et découvre avec une légère déception qu'une pluie particulièrement fine et continue tombe sans discontinuer depuis déjà plusieurs heures sur toute la région où il habite. Il avait pourtant prévu depuis longtemps de passer cette journée entière dehors avec ses amis du quartier, espérant profiter pleinement du grand terrain vague situe juste derrière chez lui. Sa maman lui propose alors gentiment de plutôt organiser une journée particulièrement créative à l'intérieur de la maison, une suggestion que Gabriel accepte finalement avec un enthousiasme grandissant. Ensemble, ils décident de transformer entièrement le salon familial en un véritable atelier de bricolage improvise, étalant soigneusement sur la grande table du papier, des crayons de couleur et de la peinture. Gabriel choisit de peindre un magnifique tableau représentant justement la pluie tombant sur une forêt imaginaire, s'inspirant directement du paysage particulièrement gris qu'il observé par la fenêtre du salon. Pendant qu'il peint avec une concentration particulièrement visible, Gabriel remarque que les gouttes de pluie glissant le long de la vitre forment des motifs sans cesse changeants particulièrement fascinants à observer. Curieux, il demande alors à sa maman pourquoi la pluie tombe justement du ciel, découvrant ainsi avec un véritable intérêt le cycle naturel de l'eau et le rôle essentiel joue par les nuages dans ce phénomène. Une fois son tableau termine, Gabriel décide de préparer avec sa maman un goûter particulièrement réconfortant compose de crêpes maison, dont l'odeur agréable se répand rapidement dans toute la maison familiale. En fin d'après-midi, la pluie finit enfin par cesser progressivement, laissant place à un arc-en-ciel particulièrement lumineux qui s'étend gracieusement au-dessus du terrain vague tant convoite plus tôt. Gabriel sort alors rapidement admirer ce spectacle naturel avec sa maman, concluant finalement que cette journée pluvieuse improvisée restera malgré tout l'un de ses très bons souvenirs de cette année particulière.;;;;;;
27694;question;Quel jour précis de la semaine Gabriel se réveille-t-il sous une pluie continue ?;un dimanche;un lundi;un samedi;un mercredi;27693;L
27695;question;Qu'avait précisément prévu de faire Gabriel ce jour-là avec ses amis du quartier ?;passer la journée dehors sur le terrain vague;aller ensemble au cinéma du quartier;visiter un musée avec toute sa famille;participer à une compétition sportive prévue;27693;L
27696;question;Que propose précisément la maman de Gabriel face à cette pluie continue tombant dehors ?;organiser une journée créative à l'intérieur de la maison;sortir malgré tout affronter la pluie ensemble;aller directement rendre visite aux grands-parents;regarder simplement la télévision toute la journée;27693;L
27697;question;Que choisit précisément de peindre Gabriel durant cette journée passée à l'intérieur ?;un tableau représentant la pluie sur une forêt imaginaire;un portrait fidèle de sa propre maman;une photographie du terrain vague situe derrière chez lui;un paysage ensoleillé imagine de toutes pièces;27693;L
27698;question;Que préparent ensemble Gabriel et sa maman une fois le tableau termine ?;un goûter compose de crêpes maison;un grand repas complet pour toute la famille;un gâteau d'anniversaire pour un ami;un simple thé accompagné de quelques biscuits;27693;L
27699;question;Que se passe-t-il précisément en fin d'après-midi concernant la pluie qui tombait depuis le matin ?;elle cesse progressivement et un arc-en-ciel apparaît;elle redouble encore davantage d'intensité;elle se transforme progressivement en neige abondante;rien ne change vraiment, elle continue de tomber pareillement;27693;L
27700;question;Que veut dire 'sans discontinuer' à propos de la pluie tombant depuis le matin sur toute la région ?;de manière continue et ininterrompue pendant longtemps;de manière très brève et particulièrement ponctuelle;de manière irrégulière avec de nombreuses pauses;de manière extrêmement violente mais très courte;27693;V
27701;question;Que veut dire 'convoite' à propos du terrain vague évoque à la toute fin de cette histoire ?;particulièrement désire et attendu avec impatience;totalement oublie et délaisse par tous;juge dangereux et donc évité par tous;récemment ferme au public pour travaux;27693;V
27702;question;Que veut dire 'réconfortant' à propos du goûter préparé par Gabriel et sa maman cet après-midi-là ?;qui apporte du bien-être et une douce consolation;qui provoque au contraire une certaine déception;particulièrement froid et désagréable à consommer;prépare dans une précipitation excessive et sans soin;27693;V
27703;question;Que veut dire 'motifs' à propos des formes dessinées par les gouttes de pluie glissant sur la vitre ?;des dessins ou formes particulières qui se répètent;des sons particuliers produits par la pluie qui tombe;des odeurs spécifiques dégagées par la pluie tombante;des couleurs uniques et jamais observées auparavant;27693;V
27704;question;Que veut dire 'cycle' à propos du phénomène naturel de l'eau expliqué par la maman de Gabriel ?;une suite de transformations qui se répète régulièrement;un événement unique qui ne se reproduit jamais;un simple objet rond utilise pour illustrer une explication;une durée très précise mesurée en heures exactes;27693;V
27705;question;Que veut dire 'grandissant' à propos de l'enthousiasme ressenti par Gabriel face à la proposition de sa maman ?;qui augmente progressivement avec le temps qui passe;qui diminue au contraire très rapidement;qui reste parfaitement stable sans jamais changer;qui disparaît complètement au bout de quelques minutes;27693;V
27706;question;Pourquoi précisément Gabriel ressent-il d'abord une légère déception en se réveillant ce dimanche matin-là ?;la pluie continue l'empêche de réaliser le projet extérieur qu'il avait prévu depuis longtemps avec ses amis;il n'aime en réalité pas du tout la compagnie de ses propres amis du quartier;sa maman lui avait promis une sortie qu'elle refuse finalement d'honorer ce jour-là;il a en réalité peur des orages violents qui accompagnent parfois la pluie;27693;I
27707;question;Pourquoi précisément Gabriel accepte-t-il finalement avec enthousiasme la proposition de sa maman ce matin-là ?;il reconnaît la valeur réelle de cette alternative créative malgré sa déception initiale ressentie;il n'a en réalité pas d'autre choix réel que d'accepter cette proposition formulée;ses amis ont en réalité déjà annule eux-mêmes leur propre sortie prévue;sa maman insiste fermement jusqu'à ce qu'il finisse par céder totalement;27693;I
27708;question;Pourquoi précisément Gabriel choisit-il de peindre justement un paysage de pluie plutôt qu'un autre sujet ?;le paysage gris qu'il observé par la fenêtre du salon l'inspire directement à ce moment précis;sa maman lui impose explicitement ce sujet particulier à peindre;il ne sait tout simplement pas peindre d'autres sujets différents;c'est le seul sujet propose dans le livre de peinture utilise;27693;I
27709;question;Qu'est-ce qui montre précisément que Gabriel développe un véritable intérêt pour les phénomènes naturels durant cette journée ?;il interroge spontanément sa maman sur l'origine de la pluie et écoute attentivement son explication donnée;il se contente simplement de regarder la pluie tomber sans poser la moindre question;sa maman aborde ce sujet précis sans que Gabriel ne montre le moindre intérêt réel;il préfère nettement continuer à peindre plutôt que d'écouter les explications de sa maman;27693;I
27710;question;Pourquoi précisément Gabriel sort-il rapidement admirer l'arc-en-ciel apparu en fin d'après-midi ce jour-là ?;ce spectacle naturel particulièrement rare et lumineux suscite chez lui une réelle curiosité et un émerveillement sincère;sa maman l'oblige explicitement à sortir observer ce phénomène précis;il espère en réalité pouvoir enfin rejoindre ses amis sur le terrain vague;il souhaite uniquement vérifier si la pluie à définitivement cesse de tomber;27693;I
27711;question;Que peut-on déduire de la conclusion tirée par Gabriel à la toute fin de cette journée pluvieuse et imprévue ?;il comprend qu'un imprévu peut malgré tout se transformer en une expérience finalement très positive et mémorable;il regrette profondément d'avoir accepté la proposition initiale formulée par sa maman;il préférerait nettement revivre une journée identique le week-end suivant à nouveau;cette journée n'aura finalement laisse aucun souvenir particulier durable chez lui;27693;I
27712;question;Que peut-on déduire du rôle joue par la maman de Gabriel tout au long de cette journée particulière racontée ?;elle sait transformer avec bienveillance une déception initiale en une occasion sincère de partage et de découverte;elle impose systématiquement ses propres choix à Gabriel sans jamais le consulter réellement;elle se montre en réalité plutôt distante et peu impliquée dans les activités proposées;elle préférerait nettement que Gabriel sorte malgré tout braver la pluie tombante;27693;I
27713;question;Que peut-on déduire globalement de la place occupée par la curiosité dans le quotidien de Gabriel à travers cette histoire ?;elle lui permet de tirer le meilleur parti de chaque situation rencontrée, y compris des imprévus du quotidien;elle ne joue en réalité aucun rôle particulier significatif dans son quotidien habituel;elle se manifeste uniquement lorsqu'il est contrarié par une situation précise vécue;elle disparaît complètement dès qu'un imprévu survient dans son quotidien;27693;I
27714;passage;Julia rêve depuis de nombreux mois de posséder sa propre cabane installée tout au fond du jardin familial, un projet qu'elle a enfin l'occasion de concrétiser grâce à l'aide précieuse de son papa bricoleur. Ensemble, ils passent tout un samedi matin à choisir soigneusement l'emplacement idéal pour cette future cabane, optant finalement pour un coin ombrage situe juste à côté du grand pommier du jardin familial. Son papa dessine d'abord un plan simple sur une feuille de papier, expliquant patiemment à Julia chaque étape nécessaire à la construction de leur petite cabane en planches de bois recyclées. Durant plusieurs weekends consécutifs, Julia aide activement son papa à poncer les planches, à les peindre d'une jolie couleur verte, puis à les assembler solidement les unes aux autres selon le plan prévu. Julia se montre particulièrement fière lorsqu'elle parvient elle-même à planter quelques clous sous la surveillance attentive de son papa, découvrant avec joie les petits plaisirs simples du bricolage manuel. Une fois la structure principale de la cabane terminée, Julia décide de personnaliser entièrement l'intérieur avec des coussins colorés, quelques étagères improvisées et une petite guirlande lumineuse décorative. Elle invite alors sa meilleure amie Rosalie à venir découvrir sa toute nouvelle cabane, les deux fillettes passant ensemble un long après-midi à y jouer et à y imaginer de nombreuses histoires fantastiques. Curieuse, Julia demande à son papa pourquoi le bois utilise pour construire leur cabane doit impérativement être traite contre l'humidité extérieure, découvrant ainsi l'importance de protéger durablement ce matériau naturel. Chaque soir après l'école, Julia prend désormais l'habitude de s'installer tranquillement dans sa cabane pour lire ou dessiner, appréciant particulièrement ce nouvel espace bien à elle au fond du jardin. Julia remercie chaleureusement son papa pour ce merveilleux projet partage ensemble, affirmant que cette cabane restera pour toujours l'un des plus beaux cadeaux qu'elle ait jamais reçus de toute sa vie.;;;;;;
27715;question;Depuis combien de temps précisément Julia rêvait-elle de posséder sa propre cabane de jardin ?;depuis de nombreux mois;depuis à peine quelques jours;depuis sa toute petite enfance seulement;elle n'y avait en réalité jamais pense auparavant;27714;L
27716;question;Où précisément Julia et son papa décident-ils finalement d'installer la nouvelle cabane ?;dans un coin ombrage près du grand pommier;juste à côté du portail d'entrée du jardin;directement au milieu du potager familial;contre le mur extérieur de la maison;27714;L
27717;question;Que dessine précisément le papa de Julia avant de commencer la construction de la cabane ?;un plan simple sur une feuille de papier;une maquette complète en carton;un dessin numérique réalise sur ordinateur;rien du tout, ils improvisent entièrement;27714;L
27718;question;Que fait précisément Julia pour personnaliser l'intérieur de sa cabane une fois terminée ?;elle ajoute des coussins, des étagères et une guirlande lumineuse;elle installe un véritable lit et une armoire;elle peint uniquement les murs intérieurs en bleu;elle n'apporte finalement aucune modification particulière;27714;L
27719;question;Qui précisément Julia invite-t-elle à découvrir sa toute nouvelle cabane de jardin ?;sa meilleure amie Rosalie;sa propre grande soeur;sa maîtresse d'école;son cousin venu en visite;27714;L
27720;question;Que fait désormais Julia chaque soir après l'école dans sa nouvelle cabane installée au fond du jardin ?;elle s'installe pour lire ou dessiner tranquillement;elle y fait uniquement ses devoirs scolaires;elle y range simplement ses jouets d'enfant;elle n'y retourne finalement plus très souvent;27714;L
27721;question;Que veut dire 'concrétiser' à propos du projet de cabane que Julia souhaitait réaliser depuis longtemps ?;rendre réellement possible un projet jusqu'alors imagine;abandonner définitivement un projet envisage;modifier complètement un projet déjà termine;raconter simplement un projet à d'autres personnes;27714;V
27722;question;Que veut dire 'recyclées' à propos des planches de bois utilisées pour construire la cabane de Julia ?;réutilisées après avoir déjà servi à un autre usage;achetées neuves spécialement pour ce projet précis;importées depuis un pays particulièrement lointain;fabriquées à partir d'un matériau totalement différent;27714;V
27723;question;Que veut dire 'poncer' à propos de l'une des taches réalisées par Julia et son papa sur les planches de bois ?;frotter une surface pour la rendre lisse;peindre une surface d'une couleur vive;couper une planche de bois en plusieurs morceaux;clouer solidement deux planches ensemble;27714;V
27724;question;Que veut dire 'traite' à propos du bois utilise pour la construction, évoque par le papa de Julia ?;soumis à un procède spécial pour le protéger durablement;coupe selon une forme particulière et précise;peint d'une couleur spécifique choisie à l'avance;transporte depuis un lieu de stockage éloigne;27714;V
27725;question;Que veut dire 'improvisées' à propos des étagères installées par Julia à l'intérieur de sa cabane ?;fabriquées rapidement avec les moyens disponibles sur le moment;commandées spécialement dans un magasin spécialise;installées par un professionnel venu spécialement;identiques à celles présentes dans sa propre chambre;27714;V
27726;question;Que veut dire 'durablement' à propos de la protection du bois contre l'humidité mentionnée par le papa de Julia ?;de manière efficace et pour une très longue période;de manière très brève et peu efficace;uniquement pendant la période de construction précise;de façon totalement inutile et superflue;27714;V
27727;question;Pourquoi précisément Julia et son papa choisissent-ils un emplacement ombrage près du pommier pour la cabane ?;cet emplacement offre probablement un cadre agréable et protège pour profiter pleinement de la cabane;il s'agit du seul endroit disponible dans tout le jardin familial;le papa de Julia souhaite avant tout protéger ses propres plantations du soleil;Julia n'aime pas du tout le soleil et cherche à l'éviter systématiquement;27714;I
27728;question;Pourquoi précisément le papa de Julia explique-t-il patiemment chaque étape de construction avant de commencer les travaux ?;il souhaite que Julia comprenne et participe activement à son propre projet plutôt que de simplement observer;il n'est en réalité pas sur lui-même de la méthode de construction à suivre;Julia insiste fermement pour tout savoir avant même de commencer les travaux;il espère ainsi retarder volontairement le début réel de la construction;27714;I
27729;question;Pourquoi précisément Julia se montre-t-elle particulièrement fière de planter elle-même quelques clous durant la construction ?;réaliser une tache concrète et nouvelle pour elle lui procure un réel sentiment d'accomplissement personnel;son papa la félicite excessivement pour un geste pourtant très simple à réaliser;elle n'a en réalité jamais rien construit ni fabriqué auparavant de toute sa vie;elle espère impressionner sa meilleure amie qui doit venir plus tard dans la journée;27714;I
27730;question;Qu'est-ce qui montre précisément l'attachement sincère de Julia pour sa nouvelle cabane de jardin ?;elle prend désormais l'habitude de s'y installer chaque soir après l'école pour lire ou dessiner tranquillement;elle n'y retourne finalement qu'une seule fois après l'avoir terminée avec son papa;elle préfère nettement rester dans sa propre chambre plutôt que dans cette cabane;elle regrette en réalité d'avoir consacré autant de temps à ce projet particulier;27714;I
27731;question;Pourquoi précisément Julia interroge-t-elle son papa sur le traitement nécessaire du bois contre l'humidité ?;sa curiosité naturelle la pousse à comprendre comment préserver durablement ce qu'ils ont construit ensemble;elle doute sérieusement de la solidité réelle de la cabane nouvellement construite;son papa l'oblige explicitement à poser cette question particulière avant de continuer;elle cherche uniquement à faire durer davantage cette conversation avec son papa;27714;I
27732;question;Que peut-on déduire de la relation entre Julia et son papa à travers ce projet de construction partage ensemble ?;ce projet commun renforce durablement leur complicité et leur confiance mutuelle partagée;le papa de Julia réalise finalement l'essentiel du travail sans réelle participation de sa fille;Julia se désintéresse rapidement du projet une fois la construction bien entamée;ce projet crée en réalité davantage de tensions que de moments de partage sincère;27714;I
27733;question;Que peut-on déduire du plaisir manifeste par Julia et Rosalie à jouer ensemble dans la nouvelle cabane construite ?;cet espace bien à elles stimule naturellement leur imagination et leur complicité amicale;les deux fillettes s'ennuient en réalité assez rapidement dans cet espace restreint;Rosalie préférerait nettement jouer ailleurs plutôt que dans cette cabane précise;la cabane construite se révèle finalement trop petite pour accueillir deux personnes;27714;I
27734;question;Que peut-on déduire globalement de la valeur que Julia accorde à cette cabane construite avec son papa ?;elle considère ce projet partage comme un cadeau précieux et durable bien au-delà de sa simple valeur matérielle;elle perçoit cette cabane uniquement comme un simple espace de rangement supplémentaire;elle regrette au fond d'elle-même le temps consacre à ce projet de construction;cette cabane ne représente finalement rien de particulièrement spécial à ses propres yeux;27714;I
27735;passage;Victor participe ce samedi après-midi à une grande chasse au trésor organisée dans le parc municipal de sa ville, un événement spécial auquel il s'est inscrit avec grand enthousiasme quelques semaines plus tôt. Dès le début de l'événement, l'organisatrice remet à chaque équipe participante une première énigme mystérieuse à résoudre, promettant que celle-ci mènera progressivement vers l'indice suivant cache quelque part dans le parc. Victor forme une équipe soudée avec deux de ses camarades de classe, Nina et Théo, les trois enfants décidant ensemble de réfléchir méthodiquement à chaque indice avant de se précipiter dans une direction particulière. La toute première énigme évoque justement un arbre particulièrement ancien situe près de l'entrée principale du parc, ce qui pousse l'équipe de Victor à s'y rendre rapidement pour y chercher un indice cache. Sous une racine bien visible de cet arbre remarquable, l'équipe découvre effectivement une petite enveloppe scellée contenant la deuxième énigme, celle-ci évoquant cette fois-ci une fontaine ornée de sculptures particulières. Nina se souvient alors avoir aperçu justement une telle fontaine près de l'aire de jeux du parc, information précieuse qui permet à l'équipe de progresser rapidement vers l'étape suivante de cette chasse au trésor. Près de cette fontaine ornementale, Théo remarque un petit indice discrètement dissimule entre deux pierres du muret environnant, une découverte qui enthousiasme grandement le reste de son équipe réunie. Cette troisième énigme, plus complexe que les précédentes, nécessite que l'équipe résolve d'abord une petite opération mathématique avant de pouvoir déterminer précisément l'emplacement exact du trésor final cache. Après plusieurs minutes de réflexion collective particulièrement intense, Victor parvient finalement à résoudre cette dernière énigme, permettant à son équipe de localiser le coffre au trésor cache derrière un grand banc public. Fiers d'avoir remporté cette chasse au trésor grâce à un véritable travail d'équipe efficace, Victor, Nina et Théo reçoivent chacun une petite médaille souvenir, concluant ensemble que cette expérience partagée restera longtemps mémorable.;;;;;;
27736;question;Où précisément se déroule cette grande chasse au trésor à laquelle participe Victor ce samedi ?;dans le parc municipal de sa ville;dans la cour de son école;sur la plage près de chez lui;dans le jardin de ses grands-parents;27735;L
27737;question;Que remet précisément l'organisatrice à chaque équipe participante dès le début de l'événement ?;une première énigme mystérieuse à résoudre;une carte complète du parc municipal;une petite boussole individuelle;un plan détaille de toutes les énigmes;27735;L
27738;question;Avec qui précisément Victor forme-t-il son équipe pour cette chasse au trésor particulière ?;Nina et Théo;sa propre petite soeur;deux enfants inconnus rencontres sur place;il participe en réalité entièrement seul;27735;L
27739;question;Où précisément l'équipe de Victor découvre-t-elle la deuxième énigme cachée ?;sous une racine d'un arbre ancien près de l'entrée du parc;à l'intérieur d'une fontaine du parc;sur un banc public situe près de l'aire de jeux;cachée dans un buisson près du muret;27735;L
27740;question;Que doit résoudre précisément l'équipe pour comprendre la troisième énigme rencontrée durant la chasse ?;une petite opération mathématique;une longue devinette en vers rimes;un puzzle constitue de nombreuses pièces;une simple question de culture générale;27735;L
27741;question;Que reçoit finalement chaque membre de l'équipe victorieuse à la toute fin de cette chasse au trésor ?;une petite médaille souvenir;une somme d'argent importante;un véritable trophée en argent;un simple diplôme imprime sur papier;27735;L
27742;question;Que veut dire 'soudée' à propos de l'équipe formée par Victor, Nina et Théo pour cette chasse au trésor ?;unie et particulièrement solidaire dans son fonctionnement;formée au tout dernier moment et sans grande conviction;composée de personnes qui ne se connaissent pas du tout;divisée par de nombreux désaccords internes persistants;27735;V
27743;question;Que veut dire 'scellée' à propos de l'enveloppe découverte sous la racine de l'arbre ancien du parc ?;fermée hermétiquement pour protéger son contenu;ouverte largement et laissée bien visible;décorée de nombreux dessins colorés;écrite entièrement à la main par l'organisatrice;27735;V
27744;question;Que veut dire 'ornementale' à propos de la fontaine mentionnée dans la deuxième énigme rencontrée par l'équipe ?;décorative et particulièrement soignée dans son apparence;totalement fonctionnelle mais sans réel intérêt visuel;récemment installée dans le parc municipal;réservée exclusivement aux événements officiels de la ville;27735;V
27745;question;Que veut dire 'dissimule' à propos de l'indice trouvé par Théo près du muret de la fontaine ?;cache avec soin pour ne pas être facilement trouve;place bien en évidence pour être vu rapidement;abandonne par erreur à cet endroit précis;écrit en très grandes lettres particulièrement visibles;27735;V
27746;question;Que veut dire 'localiser' à propos de l'action finale permettant à l'équipe de trouver le coffre au trésor cache ?;déterminer précisément l'emplacement exact d'un objet;transporter physiquement un objet d'un lieu à un autre;décrire en détail l'apparence extérieure d'un objet;partager avec d'autres équipes une information précise;27735;V
27747;question;Que veut dire 'collective' à propos de la réflexion menée par l'équipe pour résoudre la dernière énigme rencontrée ?;menée ensemble par plusieurs personnes réunies;menée entièrement seul sans aucune aide extérieure;menée dans un silence total et absolu;menée de manière particulièrement rapide et hâtive;27735;V
27748;question;Pourquoi précisément l'équipe de Victor décide-t-elle de réfléchir méthodiquement plutôt que de se précipiter dès le début de la chasse ?;une réflexion soigneuse augmente probablement leurs chances de résoudre correctement chaque énigme rencontrée;l'organisatrice leur interdit formellement de courir dans le parc municipal;ils ont en réalité peur de se perdre dans les allées du grand parc;ils souhaitent avant tout laisser une chance aux autres équipes participantes;27735;I
27749;question;Pourquoi précisément le souvenir de Nina concernant la fontaine du parc s'avère-t-il si utile à toute l'équipe ?;sa connaissance préalable du parc permet à l'équipe de gagner un temps précieux dans sa progression;elle a en réalité déjà participé à cette même chasse au trésor l'année précédente;l'organisatrice lui a discrètement donné cette information avant le début de l'événement;elle invente simplement cette information au hasard pour aider son équipe;27735;I
27750;question;Qu'est-ce qui rend précisément la troisième énigme plus difficile à résoudre que les deux énigmes précédentes ?;elle nécessite une étape de calcul supplémentaire avant de pouvoir localiser l'emplacement du trésor;elle est écrite dans une langue étrangère que l'équipe ne maîtrise pas;elle ne contient en réalité aucun indice exploitable par l'équipe;elle a été délibérément rendue illisible par l'organisatrice de l'événement;27735;I
27751;question;Pourquoi précisément Victor et son équipe éprouvent-ils une joie particulière en découvrant enfin le coffre au trésor final ?;cette découverte récompense les efforts collectifs fournis tout au long de cette chasse au trésor exigeante;ils ne s'attendaient en réalité pas du tout à trouver un trésor réel au bout de cette chasse;l'organisatrice leur avait promis une récompense financière importante en cas de victoire;ils découvrent en réalité un trésor bien plus important que ce qu'ils imaginaient au départ;27735;I
27752;question;Qu'est-ce qui montre précisément l'efficacité du travail d'équipe entre Victor, Nina et Théo durant cette chasse au trésor ?;chacun contribue à sa manière, par ses souvenirs, son observation ou sa réflexion, à la réussite collective finale;Victor résout finalement seul l'intégralité des énigmes rencontrées sans aucune aide;Nina et Théo se contentent simplement de suivre passivement les décisions prises par Victor;l'équipe échoue finalement à résoudre la dernière énigme présentée durant l'événement;27735;I
27753;question;Que peut-on déduire de la complémentarité des trois enfants formant cette équipe durant toute la chasse au trésor ?;leurs qualités respectives, mémoire, observation et logique, se combinent efficacement pour progresser ensemble;ils possèdent en réalité tous exactement les mêmes compétences et qualités personnelles;seul Victor possède réellement des qualités utiles à la progression de son équipe;leurs personnalités très différentes génèrent surtout des tensions internes persistantes;27735;I
27754;question;Que peut-on déduire globalement du plaisir manifeste par les trois enfants à l'issue de cette chasse au trésor réussie ?;cette victoire collective renforce durablement leur amitié et leur goût sincère pour ce type d'activité partagée;ils sont surtout soulages que cette chasse au trésor exigeante soit enfin terminée;ils regrettent en réalité d'avoir formé une équipe à trois plutôt que de participer individuellement;la médaille reçue compte finalement bien davantage à leurs yeux que l'expérience vécue ensemble;27735;I
27755;question;Que peut-on déduire du rôle joue par l'organisatrice tout au long de cette chasse au trésor décrite dans cette histoire ?;elle conçoit un parcours progressif et stimulant qui encourage la réflexion et la coopération entre les participants;elle se contente simplement de distribuer les énigmes sans réel souci de leur qualité;elle favorise ouvertement certaines équipes participantes au détriment des autres;elle n'intervient en réalité à aucun moment durant le déroulement de cette chasse au trésor;27735;I
27756;passage;Rosa se rend un dimanche après-midi avec toute sa famille pour assister à un grand spectacle de magie organisé dans la salle des fêtes de son village, un événement qu'elle attend impatiemment depuis plusieurs semaines. Dès le lever du rideau, un magicien vêtu d'un élégant costume noir apparaît soudainement sur scène dans un nuage de fumée colorée, provoquant immédiatement des exclamations d'étonnement dans toute l'assistance réunie. Le magicien commence son spectacle en réalisant un premier tour particulièrement impressionnant, faisant disparaître complètement une colombe blanche sous un simple foulard de soie rouge devant les yeux ébahis du public. Rosa, assise au tout premier rang avec ses parents, observe attentivement chaque geste du magicien, cherchant discrètement à comprendre comment celui-ci parvient à réaliser des tours aussi surprenants et mystérieux. Le magicien invite alors quelques enfants présents dans la salle à monter sur scène pour participer directement à son prochain tour, et Rosa se porte volontaire avec un enthousiasme particulièrement visible. Sur scène, le magicien demande à Rosa de choisir une carte précise parmi un jeu complet, puis, après quelques manipulations habiles, il devine exactement quelle carte elle avait pourtant choisie en toute discrétion. Émerveillée par ce tour de magie particulièrement bluffant, Rosa retourne s'asseoir auprès de ses parents, encore incrédule face à la performance impressionnante qu'elle vient tout juste de vivre sur cette scène. Le spectacle se poursuit ensuite avec de nombreux autres tours toujours plus étonnants, dont un impressionnant numéro de lévitation qui laisse toute la salle des fêtes littéralement bouche bée d'admiration. à la fin du spectacle, Rosa demande à son papa comment un magicien parvient à réaliser de tels tours, découvrant ainsi que la magie repose avant tout sur des techniques précises entraînées durant de très nombreuses années. Sur le chemin du retour, Rosa déclare avec conviction à toute sa famille qu'elle aimerait elle-même apprendre quelques tours de magie simples, espérant déjà pouvoir impressionner ses propres camarades de classe.;;;;;;
27757;question;À quel moment précis de la semaine Rosa assiste-t-elle à ce spectacle de magie avec sa famille ?;un dimanche après-midi;un samedi matin;un mercredi soir;un vendredi en fin de journée;27756;L
27758;question;Où précisément se déroule ce grand spectacle de magie auquel assiste Rosa ?;dans la salle des fêtes de son village;dans un théâtre situe en ville;dans la cour de son école;directement chez elle, à la maison;27756;L
27759;question;Que fait disparaître précisément le magicien lors de son tout premier tour de magie ?;une colombe blanche sous un foulard de soie rouge;une petite pièce de monnaie dorée;un foulard de soie appartenant à un spectateur;l'un des enfants présents dans le public;27756;L
27760;question;Que demande précisément le magicien à Rosa lorsqu'elle monte sur scène participer à son tour ?;de choisir une carte précise parmi un jeu complet;de choisir un objet cache dans une boite mystérieuse;de répéter simplement une formule magique particulière;de deviner elle-même le prochain tour de magie prévu;27756;L
27761;question;Que devine finalement le magicien concernant le choix effectue par Rosa durant ce tour de magie ?;exactement quelle carte elle avait choisie;le prénom complet de Rosa;l'âge exact de Rosa;la couleur précise des vêtements portes par Rosa;27756;L
27762;question;Quel autre numéro impressionnant est évoqué vers la fin du spectacle de magie assiste par Rosa ?;un numéro de lévitation;un numéro de jonglerie avec des balles;un numéro de danse acrobatique;un numéro de chant particulièrement puissant;27756;L
27763;question;Que veut dire 'ébahis' à propos des yeux du public observant le tour de disparition réalise par le magicien ?;extrêmement étonnés face à un spectacle surprenant;totalement indifférents face à la scène observée;particulièrement en colère sans raison précise;profondément ennuyés par le spectacle propose;27756;V
27764;question;Que veut dire 'incrédule' à propos de Rosa retournant s'asseoir après son tour de magie sur scène ?;ayant du mal à croire ce qu'elle vient de vivre;totalement convaincue et rassurée par l'expérience vécue;particulièrement fière sans le moindre étonnement;complètement indifférente à ce qui vient de se passer;27756;V
27765;question;Que veut dire 'bluffant' à propos du tour de magie réalise avec la carte choisie par Rosa ?;impressionnant au point de sembler difficile à croire;particulièrement simple et facilement explicable;totalement rate et sans réel intérêt;identique à un tour déjà vu par Rosa auparavant;27756;V
27766;question;Que veut dire 'bouche bée' à propos de la réaction de toute la salle face au numéro de lévitation présente ?;frappe d'un tel étonnement qu'on en reste sans voix;en train de parler très fort et bruyamment;totalement endormie durant tout le numéro présente;en train de rire aux éclats sans discontinuer;27756;V
27767;question;Que veut dire 'habiles' à propos des manipulations réalisées par le magicien avec le jeu de cartes utilise ?;exécutées avec une grande dextérité et beaucoup d'adresse;effectuées de manière hasardeuse et particulièrement maladroite;réalisées très lentement et avec une grande difficulté visible;copiées directement depuis un livre de magie;27756;V
27768;question;Que veut dire 'se porte volontaire' à propos de l'attitude de Rosa quand le magicien invite des enfants sur scène ?;elle propose spontanément de participer elle-même au tour présente;elle refuse catégoriquement de monter sur la scène proposée;elle attend qu'un autre enfant soit choisi à sa place;elle demande à ses parents la permission avant de répondre;27756;V
27769;question;Pourquoi précisément Rosa observe-t-elle si attentivement chaque geste effectue par le magicien durant le spectacle ?;sa curiosité la pousse à essayer de comprendre le secret cache derrière ces tours impressionnants présentes;elle a en réalité déjà assisté à ce même spectacle de magie l'année précédente;elle cherche uniquement à repérer une erreur éventuelle commise par le magicien;ses parents lui ont explicitement demandé de surveiller attentivement le magicien;27756;I
27770;question;Pourquoi précisément Rosa se porte-t-elle volontaire avec un tel enthousiasme pour monter sur scène participer au tour de magie ?;l'occasion de vivre elle-même un moment magique de près représente pour elle une expérience particulièrement excitante;ses parents l'obligent explicitement à se porter volontaire pour ce tour de magie précis;elle connaît déjà à l'avance le secret du tour qui va être présente sur scène;elle espère uniquement recevoir un cadeau particulier en participant à ce tour;27756;I
27771;question;Qu'est-ce qui montre précisément que Rosa reste profondément marquée par le tour de magie réalise avec sa propre carte choisie ?;elle demeure incrédule et continue d'y penser même après être retournée s'asseoir auprès de ses parents;elle oublie complètement ce tour dès qu'elle retourne s'asseoir à sa place initiale;elle explique immédiatement à ses parents comment ce tour a été réalise par le magicien;elle refuse catégoriquement de reparler de cette expérience vécue sur scène;27756;I
27772;question;Pourquoi précisément Rosa interroge-t-elle son papa sur la manière dont un magicien parvient à réaliser de tels tours ?;sa curiosité naturelle la pousse à mieux comprendre le travail véritable qui se cache derrière cet art particulier;elle doute sérieusement de la sincérité réelle du magicien qu'elle vient d'observer;son papa lui propose spontanément cette explication sans qu'elle ne demande rien;elle cherche uniquement à prolonger un peu la conversation avec son propre papa;27756;I
27773;question;Qu'est-ce que la réponse donnée par le papa de Rosa concernant l'entraînement nécessaire nous apprend sur l'art de la magie ?;la magie repose en réalité sur une maîtrise technique acquise grâce à un travail long et rigoureux;la magie repose exclusivement sur des pouvoirs surnaturels réels et véritables;n'importe qui peut réussir de tels tours sans le moindre entraînement préalable;les tours de magie présentes sont en réalité improvises entièrement sur scène;27756;I
27774;question;Que peut-on déduire du souhait exprimé par Rosa d'apprendre elle-même quelques tours de magie simples ?;l'expérience vécue ce jour-là a suscité chez elle une véritable passion naissante pour cet art particulier;elle souhaite uniquement se moquer gentiment de ses propres camarades de classe;elle pense en réalité que la magie est trop facile pour mériter d'être apprise sérieusement;elle a déjà oublié l'enthousiasme ressenti durant le spectacle auquel elle vient d'assister;27756;I
27775;question;Que peut-on déduire globalement de l'effet produit par ce spectacle de magie sur l'imagination de la jeune Rosa ?;il stimule durablement sa curiosité et nourrit chez elle un véritable émerveillement pour cet art du spectacle;il la laisse totalement indifférente une fois le spectacle termine;il lui fait au contraire peur et elle refuse désormais d'assister à un tel spectacle;il ne suscite chez elle qu'un intérêt très passager et rapidement oublie;27756;I
27776;question;Que peut-on déduire du rôle joue par la famille de Rosa dans cette expérience partagée ensemble ce dimanche après-midi ?;elle accompagne et encourage avec bienveillance la curiosité et l'enthousiasme naturel de Rosa face à cette découverte;elle se montre en réalité plutôt indifférente à l'enthousiasme manifeste par Rosa ce jour-là;elle regrette d'avoir emmené Rosa assister à ce spectacle de magie particulier;elle empêche activement Rosa de participer pleinement à cette expérience vécue;27756;I
27777;passage;Simon participe cette année à un atelier de fabrication de marionnettes propose durant les vacances scolaires par le centre de loisirs de son quartier, une activité qui l'enthousiasme particulièrement depuis son inscription. Dès le premier jour de cet atelier, l'animatrice explique en détail aux enfants présents les différentes étapes nécessaires pour fabriquer une marionnette à fils entièrement de leurs propres mains. Simon choisit de créer une marionnette représentant un petit chevalier courageux, dessinant d'abord soigneusement son visage sur une boule de papier mâche qu'il faudra ensuite laisser sécher plusieurs jours. Pendant que la tête de sa marionnette sèche tranquillement, Simon confectionne avec application le corps du chevalier à l'aide de morceaux de tissu recycles, choisissant des couleurs vives particulièrement chatoyantes. Une fois toutes les différentes parties du corps assemblées entre elles, Simon doit apprendre patiemment à fixer correctement les fils qui permettront ensuite d'animer sa marionnette lors des futures représentations. L'animatrice lui montre alors comment manipuler habilement une croix de commande en bois, un accessoire essentiel qui permet de contrôler précisément chacun des mouvements de la marionnette fabriquée. Simon s'entraîne ainsi durant plusieurs jours à faire marcher, saluer et même danser sa marionnette chevalier, découvrant progressivement que cette pratique demande en réalité beaucoup plus de dextérité qu'il ne l'imaginait initialement. à la fin de l'atelier, tous les enfants participants sont invités à présenter fièrement leur propre marionnette lors d'un petit spectacle organisé devant leurs familles réunies dans la salle du centre de loisirs. Simon, un peu nerveux avant de monter sur la petite scène improvisée, parvient finalement à réaliser une courte démonstration particulièrement réussie, provoquant les applaudissements enthousiastes de toute l'assistance présente. Fier de sa réussite et de son nouveau savoir-faire acquis durant ces vacances, Simon ramène sa marionnette chevalier à la maison, espérant déjà pouvoir en fabriquer une nouvelle lors du prochain atelier propose.;;;;;;
27778;question;Où précisément Simon participe-t-il à cet atelier de fabrication de marionnettes durant les vacances scolaires ?;au centre de loisirs de son quartier;dans la cour de son école;chez sa grand-mère, à la maison;dans une salle municipale du centre-ville;27777;L
27779;question;Quel type de marionnette précisément Simon choisit-il de fabriquer durant cet atelier ?;un petit chevalier courageux;un dragon impressionnant;une princesse élégante;un animal de la forêt;27777;L
27780;question;Avec quel matériau précisément Simon fabrique-t-il la tête de sa marionnette chevalier ?;du papier mâche;de l'argile séchée au four;du bois soigneusement sculpte;du tissu rembourré de coton;27777;L
27781;question;Que montre précisément l'animatrice à Simon pour lui apprendre à animer sa marionnette fabriquée ?;comment manipuler une croix de commande en bois;comment coudre solidement les différents morceaux de tissu;comment peindre le visage de la marionnette;comment attacher simplement une ficelle unique;27777;L
27782;question;Que doivent faire tous les enfants participants à la toute fin de cet atelier de fabrication de marionnettes ?;présenter leur marionnette lors d'un petit spectacle devant leurs familles;ramener immédiatement leur marionnette chez eux sans autre étape;offrir leur marionnette fabriquée à un autre enfant présent;détruire leur marionnette pour recommencer un nouveau modèle;27777;L
27783;question;Comment réagit précisément l'assistance présente après la démonstration réalisée par Simon sur la petite scène ?;elle applaudit avec enthousiasme;elle reste totalement silencieuse;elle quitte immédiatement la salle;elle rit fortement sans raison précise;27777;L
27784;question;Que veut dire 'chatoyantes' à propos des couleurs choisies par Simon pour le corps de sa marionnette chevalier ?;vives et brillantes, changeant légèrement selon la lumière;ternes et particulièrement fades à regarder;identiques à la couleur naturelle du tissu utilise;totalement invisibles une fois la marionnette terminée;27777;V
27785;question;Que veut dire 'confectionne' à propos du corps du chevalier réalisé par Simon à partir de morceaux de tissu ?;fabriqué avec soin à partir de plusieurs éléments assemblés;acheté directement dans un magasin spécialisé;emprunté temporairement à un autre enfant de l'atelier;dessiné simplement sur une feuille de papier;27777;V
27786;question;Que veut dire 'dextérité' à propos de l'habileté nécessaire pour faire bouger correctement une marionnette à fils ?;une habileté manuelle précise acquise par la pratique;une force physique particulièrement importante;une connaissance théorique approfondie de la couture;une capacité à mémoriser de nombreuses informations;27777;V
27787;question;Que veut dire 'improvisée' à propos de la petite scène installée pour le spectacle final de cet atelier ?;mise en place rapidement avec les moyens disponibles sur place;construite spécialement des mois à l'avance pour cet événement précis;identique à celle d'un véritable théâtre professionnel;installée habituellement en permanence dans cette salle du centre;27777;V
27788;question;Que veut dire 'savoir-faire' à propos des compétences acquises par Simon durant cet atelier de fabrication de marionnettes ?;une compétence pratique acquise par l'expérience et l'entraînement;une simple connaissance théorique jamais mise en pratique;un diplôme officiel obtenu à la fin de l'atelier suivi;un objet matériel rapporte à la maison par Simon;27777;V
27789;question;Que veut dire 'assistance' à propos des personnes réunies dans la salle pour regarder le spectacle final des enfants ?;l'ensemble des personnes présentes pour assister à un événement;l'aide matérielle apportée par l'animatrice aux enfants présents;le nom donne à la salle utilisée pour ce spectacle précis;un synonyme du mot marionnette utilise dans cette histoire;27777;V
27790;question;Pourquoi précisément Simon doit-il laisser sécher la tête en papier mâche de sa marionnette durant plusieurs jours avant de continuer ?;le papier mâche nécessite un temps de séchage naturel avant de pouvoir être manipule sans risque de l'abîmer;l'animatrice impose ce délai uniquement pour ralentir volontairement la progression des enfants;Simon préfère en réalité travailler sur d'autres activités en attendant sans raison particulière;le centre de loisirs manque de matériel disponible durant cette période précise de l'atelier;27777;I
27791;question;Pourquoi précisément Simon découvre-t-il que manipuler une marionnette à fils demande davantage de dextérité qu'il ne l'imaginait initialement ?;contrôler précisément plusieurs fils en même temps s'avère plus complexe en pratique qu'en apparence première;sa marionnette chevalier a été fabriquée de manière particulièrement défectueuse dès le départ;l'animatrice ne lui a en réalité donné aucune indication utile pour l'aider dans cette tache;il n'a en réalité jamais essaye sérieusement de faire fonctionner correctement sa propre marionnette;27777;I
27792;question;Pourquoi précisément Simon se sent-il un peu nerveux juste avant de monter sur la petite scène improvisée pour son spectacle ?;présenter son travail personnel devant un public réuni représente une situation nouvelle et impressionnante pour lui;il sait pertinemment que sa marionnette fonctionne particulièrement mal depuis le début;l'animatrice l'a averti d'une possible erreur technique pouvant survenir durant le spectacle;il n'a en réalité pas du tout envie de participer à ce spectacle final organisé;27777;I
27793;question;Qu'est-ce qui montre précisément que la démonstration réalisée par Simon devant le public rencontre un réel succès ce jour-là ?;les applaudissements enthousiastes de toute l'assistance présente saluent sa performance accomplie sur scène;Simon quitte précipitamment la scène avant même la fin de sa propre démonstration;l'animatrice doit intervenir directement pour corriger une erreur commise par Simon;le public présent reste totalement silencieux durant toute la démonstration réalisée;27777;I
27794;question;Que peut-on déduire de la fierté manifeste par Simon en ramenant sa marionnette chevalier à la maison à la fin de l'atelier ?;il valorise sincèrement le travail personnel accompli et le nouveau savoir-faire acquis durant ces vacances;il considère en réalité cette marionnette comme un simple objet sans grande valeur particulière;il regrette d'avoir participé à cet atelier plutôt qu'à une autre activité proposée durant les vacances;il prévoit déjà de se débarrasser rapidement de cette marionnette une fois rentre chez lui;27777;I
27795;question;Que peut-on déduire du rôle joue par l'animatrice tout au long de cet atelier de fabrication de marionnettes suivi par Simon ?;elle guide patiemment les enfants à travers chaque étape technique, favorisant ainsi leur progression et leur réussite;elle laisse les enfants totalement livres à eux-mêmes sans le moindre encadrement particulier;elle favorise ouvertement certains enfants participants au détriment des autres présents;elle se désintéresse rapidement du projet de Simon une fois celui-ci bien avance;27777;I
27796;question;Que peut-on déduire globalement de l'évolution de Simon entre le tout début et la toute fin de cet atelier de plusieurs jours ?;il progresse véritablement, passant d'un simple débutant curieux à un jeune créateur capable de présenter fièrement son propre travail;il ne progresse finalement que très peu malgré le temps consacre à cette activité particulière;il perd progressivement tout intérêt pour cette activité au fil des différentes séances suivies;son niveau reste rigoureusement identique du début à la toute fin de cet atelier suivi;27777;I
27797;question;Que peut-on déduire du choix fait par Simon de fabriquer une nouvelle marionnette dès le prochain atelier propose ?;l'expérience vécue cette fois-ci lui a donné goût à cette pratique créative et il souhaite sincèrement la poursuivre;il pense en réalité avoir raté sa première marionnette et souhaite simplement recommencer;il n'a en réalité pas d'autre activité prévue durant les prochaines vacances scolaires;l'animatrice l'oblige explicitement à participer de nouveau à ce même atelier;27777;I
27798;passage;Emma participe depuis la rentrée de septembre à la chorale de son école, une activité hebdomadaire qu'elle a découverte avec un véritable plaisir dès les toutes premières répétitions organisées. Chaque mardi après-midi, tous les enfants inscrits se retrouvent dans la grande salle de musique de l'école pour répéter ensemble les différents chants prévus pour le spectacle de fin d'année scolaire. Le professeur de musique, monsieur Rivet, explique patiemment aux enfants comment respirer correctement et comment placer justement leur voix pour chanter sans jamais se fatiguer inutilement la gorge. Emma, qui possède naturellement une jolie voix particulièrement claire, se voit rapidement confier un petit passage en solo dans l'une des chansons prévues pour le grand spectacle de fin d'année. Impressionnée mais aussi très fière de cette responsabilité nouvelle, Emma s'entraîne chaque soir à la maison, répétant inlassablement son passage devant le miroir de sa propre chambre. Sa maman l'écoute attentivement et lui donne quelques précieux conseils supplémentaires, l'encourageant à articuler davantage chaque parole pour que le public puisse comprendre parfaitement les paroles chantées. Au fil des semaines qui suivent, Emma gagne progressivement en confiance, parvenant désormais à chanter son passage en solo sans la moindre hésitation devant l'ensemble de ses camarades de chorale. Curieuse, elle demande à monsieur Rivet pourquoi certaines chansons se chantent à plusieurs voix différentes en même temps, découvrant ainsi avec intérêt le principe fascinant des harmonies vocales superposées. Le jour tant attendu du spectacle arrive enfin, et Emma, malgré un léger trac ressenti juste avant de monter sur scène, parvient à chanter son passage en solo devant toutes les familles réunies dans la salle. à la fin du spectacle, ses parents la félicitent chaleureusement pour sa performance particulièrement réussie, et Emma affirme avec fierté qu'elle souhaite continuer la chorale des la rentrée suivante.;;;;;;
27799;question;Depuis quel moment précis de l'année Emma participe-t-elle à la chorale de son école ?;depuis la rentrée de septembre;depuis les vacances de printemps;depuis le tout début de l'année scolaire précédente;elle vient tout juste de s'inscrire cette semaine;27798;L
27800;question;À quel moment précis de la semaine se déroulent les répétitions de la chorale suivies par Emma ?;chaque mardi après-midi;chaque lundi matin;chaque vendredi soir;chaque samedi matin;27798;L
27801;question;Comment se nomme précisément le professeur de musique qui encadre la chorale à laquelle participe Emma ?;monsieur Rivet;madame Rivet;monsieur Dumont;madame Lenoir;27798;L
27802;question;Que se voit confier précisément Emma dans l'une des chansons prévues pour le spectacle de fin d'année ?;un petit passage en solo;la direction complète du choeur;le choix des costumes portes;l'écriture d'une nouvelle chanson;27798;L
27803;question;Où précisément Emma s'entraîne-t-elle chaque soir à répéter son passage en solo ?;devant le miroir de sa propre chambre;dans la salle de musique de l'école;chez sa meilleure amie;dans le jardin familial;27798;L
27804;question;Que ressent précisément Emma juste avant de monter sur scène le jour du spectacle final ?;un léger trac;une immense colère;une profonde tristesse;une totale indifférence;27798;L
27805;question;Que veut dire 'inlassablement' à propos de la manière dont Emma répète chaque soir son passage en solo ?;sans jamais se lasser, de manière régulière et persévérante;de manière très brève et peu appliquée;seulement une fois, sans jamais recommencer;avec beaucoup de mauvaise volonté ressentie;27798;V
27806;question;Que veut dire 'articuler' à propos du conseil donné par la maman d'Emma concernant sa manière de chanter ?;prononcer clairement chaque son pour être bien compris;chanter le plus fort possible sans nuance particulière;chanter très doucement presque à voix basse;répéter plusieurs fois la même parole chantée;27798;V
27807;question;Que veut dire 'harmonies' à propos des voix superposées évoquées par monsieur Rivet lors d'une répétition ?;des combinaisons de sons qui s'accordent agréablement ensemble;des voix qui chantent toutes exactement la même note;des instruments de musique utilisés durant les répétitions;des costumes portés par les enfants lors du spectacle;27798;V
27808;question;Que veut dire 'trac' à propos du ressenti d'Emma juste avant de monter sur la scène du spectacle final ?;une nervosité ressentie avant de se produire devant un public;une joie profonde ressentie avant un événement attendu;une totale indifférence face à la situation vécue;une grande fatigue physique ressentie ce jour précis;27798;V
27809;question;Que veut dire 'hebdomadaire' à propos de l'activité de chorale à laquelle participe Emma depuis la rentrée ?;qui revient chaque semaine de manière régulière;qui n'a lieu qu'une seule fois par trimestre;qui se déroule uniquement pendant les vacances scolaires;qui se produit de manière totalement imprévisible;27798;V
27810;question;Que veut dire 'placer sa voix' à propos de l'explication donnée par monsieur Rivet aux enfants de la chorale ?;utiliser correctement sa voix pour chanter sans se fatiguer la gorge;choisir l'endroit précis où se tenir durant une répétition;déposer un objet à un emplacement particulier de la salle;mémoriser précisément les paroles d'une chanson donnée;27798;V
27811;question;Pourquoi précisément monsieur Rivet explique-t-il patiemment aux enfants comment respirer correctement pour chanter ?;une bonne technique respiratoire évite de fatiguer inutilement la voix des jeunes choristes;il souhaite avant tout occuper le temps de répétition disponible chaque mardi;les parents des enfants exigent explicitement cet enseignement particulier;c'est une simple habitude sans réelle utilité pratique pour les enfants;27798;I
27812;question;Pourquoi précisément Emma s'entraîne-t-elle chaque soir chez elle en plus des répétitions organisées à l'école ?;elle souhaite sincèrement progresser et se sentir pleinement prête pour le jour du spectacle final;monsieur Rivet exige explicitement cet entraînement supplémentaire de chaque enfant;elle a en réalité peur de décevoir ses propres camarades de chorale;elle n'a en réalité rien d'autre à faire durant ses soirées libres;27798;I
27813;question;Qu'est-ce qui montre précisément qu'Emma gagne progressivement en confiance au fil des semaines de répétition ?;elle parvient désormais à chanter son passage en solo sans la moindre hésitation devant ses camarades;elle refuse catégoriquement de chanter devant qui que ce soit avant le jour du spectacle;elle demande finalement à une autre enfant de la remplacer pour ce passage en solo;elle oublie régulièrement les paroles de son passage lors des répétitions suivantes;27798;I
27814;question;Pourquoi précisément Emma interroge-t-elle monsieur Rivet sur le principe des chansons chantées à plusieurs voix différentes ?;sa curiosité naturelle la pousse à mieux comprendre la construction musicale des chansons répétées ensemble;elle trouve que ces chansons à plusieurs voix sont bien trop difficiles à chanter correctement;monsieur Rivet l'oblige explicitement à poser cette question durant une répétition précise;elle cherche uniquement à faire durer davantage cette répétition particulière du mardi;27798;I
27815;question;Qu'est-ce qui permet précisément à Emma de réussir à chanter son passage en solo devant toutes les familles réunies malgré son trac ressenti ?;les nombreuses répétitions effectuées en amont lui donnent la confiance nécessaire pour surmonter sa nervosité du moment;monsieur Rivet chante en réalité à sa place durant le spectacle final organise;le public présent ne remarque en réalité pas sa présence sur la scène ce jour-là;elle décide finalement de ne pas chanter et reste silencieuse durant tout le spectacle;27798;I
27816;question;Que peut-on déduire du plaisir manifeste par Emma pour la chorale depuis le tout début de son inscription en septembre ?;cette activité correspond sincèrement à un talent et un goût naturel qu'elle découvre et cultive avec enthousiasme;elle participe uniquement pour faire plaisir à ses propres parents qui l'y ont inscrite;elle préférerait en réalité nettement pratiquer une autre activité extrascolaire différente;cette activité ne représente finalement rien de particulier à ses propres yeux;27798;I
27817;question;Que peut-on déduire du rôle joue par la maman d'Emma dans la progression de sa fille au sein de la chorale ?;elle soutient et encourage avec attention les efforts fournis par sa fille, contribuant ainsi à sa réussite;elle se montre en réalité plutôt indifférente aux progrès accomplis par sa propre fille;elle critique systématiquement chaque tentative réalisée par Emma à la maison;elle préférerait nettement qu'Emma abandonne cette activité de chorale suivie;27798;I
27818;question;Que peut-on déduire globalement de la décision d'Emma de continuer la chorale des la rentrée suivante ?;cette expérience très positive confirme durablement sa passion sincère pour le chant et la musique;elle continue uniquement par habitude sans réel enthousiasme personnel;elle espère surtout obtenir un nouveau passage en solo plus important encore;elle n'a en réalité pas d'autre activité extrascolaire disponible pour l'année suivante;27798;I
27819;passage;Nathan participe ce vendredi à la grande journée sportive organisée chaque année par son école, un événement particulièrement attendu qui rassemble tous les élèves autour de nombreuses épreuves physiques variées. Dès le matin, les élèves sont répartis en plusieurs équipes portant chacune une couleur distincte, Nathan se retrouvant dans l'équipe verte aux côtés de plusieurs de ses meilleurs camarades de classe. La toute première épreuve consiste en une course de relais organisée autour du grand terrain de sport de l'école, chaque équipe devant se transmettre rapidement un bâton entre ses différents coureurs successifs. Nathan, particulièrement rapide à la course, se voit confier le tout dernier relais de son équipe, une responsabilité qui l'impressionne mais qu'il accepte finalement avec une grande détermination personnelle. Lorsque son tour arrive enfin, Nathan reçoit le bâton avec une légère appréhension, puis s'élancé de toutes ses forces vers la ligne d'arrivée, encouragé par les cris enthousiastes de toute son équipe réunie. grâce à cet effort particulièrement intense fourni par Nathan, l'équipe verte parvient à remporter cette première épreuve de relais, ce qui procure à tous ses membres une immense joie collective partagée. Les épreuves suivantes s'enchaînent alors tout au long de cette journée, avec notamment un lancer de ballon, un parcours d'équilibre particulièrement délicat et une épreuve de saut en longueur exigeante. Nathan, épuisé mais toujours aussi motivé, participe activement à chacune de ces différentes épreuves, encourageant chaleureusement chacun de ses camarades d'équipe lors de leurs propres tentatives respectives. En fin de journée, les professeurs annoncent solennellement les résultats finaux devant tous les élèves réunis, et l'équipe verte de Nathan termine finalement à une très honorable deuxième place du classement général. Malgré cette deuxième place plutôt que la première espérée, Nathan rentre chez lui particulièrement heureux, affirmant à ses parents que l'esprit d'équipe vécu ce jour-là comptait finalement bien davantage que le simple classement final obtenu.;;;;;;
27820;question;Quel jour précis de la semaine se déroule cette grande journée sportive organisée par l'école de Nathan ?;un vendredi;un lundi;un mercredi;un jeudi;27819;L
27821;question;Dans quelle équipe précisément Nathan se retrouve-t-il pour cette journée sportive organisée par son école ?;l'équipe verte;l'équipe rouge;l'équipe bleue;l'équipe jaune;27819;L
27822;question;En quoi consiste précisément la toute première épreuve de cette journée sportive vécue par Nathan ?;une course de relais;un match de football;un concours de saut en hauteur;une course d'orientation dans le parc;27819;L
27823;question;Quelle responsabilité précise se voit confier Nathan durant cette course de relais organisée ?;le tout dernier relais de son équipe;le tout premier relais de son équipe;le rôle d'arbitre de la course;le comptage des points de son équipe;27819;L
27824;question;Quelles autres épreuves précises s'enchaînent tout au long de cette journée sportive après la course de relais ?;un lancer de ballon, un parcours d'équilibre et un saut en longueur;une course à pied et un concours de dessin;un match de basketball et une épreuve de natation;un quiz de culture générale et une épreuve de chant;27819;L
27825;question;À quelle place précise termine finalement l'équipe verte de Nathan au classement général de cette journée sportive ?;à la deuxième place;à la toute première place;à la toute dernière place;l'équipe n'est finalement pas classée;27819;L
27826;question;Que veut dire 'distincte' à propos de la couleur portée par chaque équipe lors de cette journée sportive organisée ?;différente et particulière à chaque équipe concernée;identique pour toutes les équipes participantes;choisie au hasard juste avant chaque épreuve;attribuée uniquement aux membres les plus rapides;27819;V
27827;question;Que veut dire 'appréhension' à propos du ressenti de Nathan juste avant de recevoir le bâton du relais final ?;une légère inquiétude ressentie face à une situation importante;une joie profonde et particulièrement intense ressentie;une totale indifférence face à la situation vécue;une immense fatigue physique déjà ressentie;27819;V
27828;question;Que veut dire 's'enchaînent' à propos des différentes épreuves qui se succèdent tout au long de cette journée sportive ?;se suivent les unes après les autres sans interruption notable;se déroulent toutes exactement au même moment précis;sont annulées les unes après les autres durant la journée;sont organisées uniquement le matin de cette journée;27819;V
27829;question;Que veut dire 'solennellement' à propos de la manière dont les professeurs annoncent les résultats finaux de cette journée ?;avec une certaine gravite et un sérieux particulier;de manière très désinvolte et peu sérieuse;en chuchotant discrètement à chaque élève concerne;en riant beaucoup durant toute l'annonce des résultats;27819;V
27830;question;Que veut dire 'exigeante' à propos de l'épreuve de saut en longueur mentionnée parmi les différentes épreuves de la journée ?;qui demande beaucoup d'efforts et de capacités physiques;très facile à réaliser sans effort particulier;de très courte durée seulement;sans aucun intérêt particulier pour les élèves;27819;V
27831;question;Que veut dire 'esprit d'équipe' à propos de ce que Nathan retient finalement comme le plus important de cette journée sportive vécue ?;la solidarité et la coopération ressenties entre les membres d'un même groupe;la volonté individuelle de gagner à tout prix une compétition;le simple fait de porter la même couleur qu'un camarade;la rapidité personnelle d'un coureur lors d'une épreuve donnée;27819;V
27832;question;Pourquoi précisément Nathan accepte-t-il la responsabilité du tout dernier relais malgré l'impression ressentie face à cette tache ?;sa détermination et sa confiance en ses propres capacités l'emportent finalement sur son impression initiale ressentie;ses camarades d'équipe l'obligent explicitement à accepter cette responsabilité particulière;aucun autre élève de son équipe n'est disponible pour assurer ce dernier relais précis;il espère uniquement impressionner ses propres parents présents ce jour-là;27819;I
27833;question;Pourquoi précisément les cris enthousiastes de son équipe encouragent-ils autant Nathan durant sa course de relais final ?;le soutien collectif ressenti lui donne une motivation supplémentaire pour donner le meilleur de lui-même;il a en réalité besoin de ces encouragements pour ne pas se perdre sur le terrain de sport;ses camarades espèrent ainsi le distraire volontairement de la course qu'il doit courir;il n'entend en réalité pas du tout ces encouragements durant sa propre course;27819;I
27834;question;Qu'est-ce qui montre précisément l'engagement sincère de Nathan tout au long de cette journée sportive malgré la fatigue ressentie ?;il continue de participer activement à chaque épreuve et d'encourager ses camarades malgré son épuisement progressif;il abandonne finalement plusieurs épreuves en cours de journée par manque de motivation personnelle;il se contente uniquement d'observer les autres élèves participer aux différentes épreuves organisées;il quitte précipitamment la journée sportive avant même l'annonce des résultats finaux;27819;I
27835;question;Pourquoi précisément l'équipe verte de Nathan ressent-elle une immense joie collective après avoir remporté la course de relais ?;cette victoire récompense les efforts individuels et collectifs fournis par chaque membre de l'équipe durant cette épreuve;ils ne s'attendaient en réalité pas du tout à remporter cette première épreuve de la journée;les autres équipes participantes abandonnent finalement volontairement cette course de relais;cette victoire leur assure automatiquement la toute première place du classement général final;27819;I
27836;question;Que peut-on déduire de l'attitude de Nathan envers ses camarades lors des épreuves suivantes de cette journée sportive ?;il fait preuve d'un véritable esprit d'équipe en encourageant sincèrement chacun malgré sa propre fatigué ressentie;il se désintéresse rapidement des épreuves suivantes une fois son propre relais termine;il critique ouvertement les performances réalisées par ses camarades d'équipe présents;il préférerait nettement participer seul plutôt qu'en équipe à cette journée sportive;27819;I
27837;question;Que peut-on déduire de la réaction de Nathan face à la deuxième place finalement obtenue par son équipe au classement général ?;il relativisé sainement l'importance du classement final au profit de l'expérience collective vécue ensemble;il ressent une profonde déception qui gâche entièrement son souvenir de cette journée sportive;il accuse injustement ses propres camarades d'être responsables de cette deuxième place obtenue;il refuse catégoriquement de reconnaître les efforts fournis par les autres équipes participantes;27819;I
27838;question;Que peut-on déduire globalement du message que Nathan souhaite transmettre à ses parents en rentrant chez lui ce soir-là ?;la valeur du partage et de la cohésion d'équipe compte davantage à ses yeux qu'une simple victoire individuelle;il souhaite uniquement se plaindre du résultat final obtenu par son équipe ce jour-là;il cherche surtout à minimiser ses propres efforts fournis durant cette journée sportive;il n'accorde en réalité aucune importance particulière à cette journée sportive vécue;27819;I
27839;question;Que peut-on déduire du rôle joue par les professeurs organisateurs dans la réussite globale de cette journée sportive scolaire ?;ils mettent en place un cadre stimulant et varie qui favorise à la fois l'effort physique et la cohésion entre élèves;ils se contentent simplement de surveiller les élèves sans réel investissement personnel;ils favorisent ouvertement certaines équipes participantes au détriment des autres élèves;ils n'interviennent en réalité à aucun moment durant le déroulement de cette journée sportive;27819;I
27840;passage;Sara s'inscrit cette année à un nouveau club sportif de sa ville propose spécifiquement pour les enfants, une discipline appelée parcours d'obstacles qui l'attire depuis qu'elle en a vu une démonstration à la télévision. Des la toute première séance, l'entraîneur explique aux enfants présents les règles essentielles de sécurité à respecter absolument avant de s'attaquer aux différents modules composant le parcours d'obstacles. Sara découvre alors un parcours impressionnant compose de plusieurs obstacles variés, notamment des murs à escalader, des filets à franchir et des poutres d'équilibre particulièrement étroites à traverser. Un peu intimidée par la hauteur du premier mur à escalader, Sara hésite quelques instants avant de se lancer, encouragée par les conseils bienveillants prodigues par son entraîneur présent à ses côtés. grâce à une technique précise enseignée patiemment par l'entraîneur, Sara parvient finalement à escalader ce premier mur avec une aisance qui la surprend elle-même, ressentant une immense fierté personnelle. Elle enchaîne ensuite sur le franchissement du grand filet suspendu, un obstacle qui nécessite une coordination particulière entre les bras et les jambes que Sara maîtrise progressivement au fil des séances suivies. L'obstacle le plus redoute par Sara reste toutefois la poutre d'équilibre étroite, sur laquelle elle doit avancer lentement tout en maintenant un équilibre parfait pour éviter toute chute malheureuse. Après plusieurs tentatives infructueuses accompagnées de quelques chutes sans gravite, Sara parvient enfin à traverser entièrement cette poutre délicate, provoquant les applaudissements chaleureux de tout le groupe présent. Curieuse, Sara demande à son entraîneur pourquoi cette discipline particulière développe autant de qualités physiques différentes chez les pratiquants, découvrant ainsi l'importance de la force, de l'équilibre et de la coordination. Après plusieurs mois de pratique régulière et assidue, Sara participe finalement à sa toute première compétition officielle, terminant fièrement cette épreuve exigeante sans la moindre chute sur l'ensemble du parcours propose.;;;;;;
27841;question;À quelle discipline sportive précise Sara s'inscrit-elle cette année dans un nouveau club de sa ville ?;le parcours d'obstacles;la natation synchronisée;la gymnastique rythmique;l'escalade en salle;27840;L
27842;question;Que fait précisément l'entraîneur des la toute première séance suivie par Sara dans ce nouveau club ?;il explique les règles essentielles de sécurité à respecter;il organise directement une première compétition;il laisse les enfants s'entraîner entièrement seuls;il présente uniquement le matériel disponible dans le club;27840;L
27843;question;Quels obstacles précis composent le parcours découvert par Sara lors de cette première séance ?;des murs, des filets et des poutres d'équilibre;des piscines et des toboggans aquatiques;des tapis de course et des vélos d'appartement;des cerceaux et des ballons de sport varies;27840;L
27844;question;Quel obstacle précis Sara redoute-t-elle le plus parmi tous ceux composant ce parcours d'obstacles ?;la poutre d'équilibre étroite;le premier mur à escalader;le grand filet suspendu;aucun obstacle particulier ne l'inquiète réellement;27840;L
27845;question;Comment réagit précisément le groupe présent lorsque Sara parvient enfin à traverser la poutre d'équilibre délicate ?;il applaudit chaleureusement;il reste totalement silencieux;il quitte immédiatement la salle;il se moque gentiment de Sara;27840;L
27846;question;À quoi participe finalement Sara après plusieurs mois de pratique régulière et assidue dans ce club sportif ?;sa toute première compétition officielle;un simple entraînement supplémentaire;une démonstration télévisée nationale;l'organisation d'un nouveau club sportif;27840;L
27847;question;Que veut dire 'intimidée' à propos du ressenti de Sara face à la hauteur du premier mur à escalader ?;impressionnée et légèrement inquiété face à un défi;totalement indifférente face à la situation rencontrée;particulièrement enthousiaste sans la moindre crainte;profondément ennuyée par cet obstacle propose;27840;V
27848;question;Que veut dire 'infructueuses' à propos des premières tentatives réalisées par Sara sur la poutre d'équilibre ?;qui n'aboutissent pas au résultat espère;qui réussissent parfaitement dès le premier essai;qui sont interdites par le règlement du club;qui sont réalisées par un autre enfant du groupe;27840;V
27849;question;Que veut dire 'assidue' à propos de la pratique régulière de Sara au sein de ce club de parcours d'obstacles ?;appliquée et constante dans le temps;très occasionnelle et peu suivie dans la durée;réalisée uniquement durant les vacances scolaires;abandonnée puis reprise à plusieurs reprises différentes;27840;V
27850;question;Que veut dire 'coordination' à propos de la qualité nécessaire pour franchir le grand filet suspendu ?;la capacité à faire travailler ensemble plusieurs parties du corps;la capacité à mémoriser rapidement de nombreuses informations;la capacité à courir très vite sur une longue distance;la capacité à rester immobile durant une longue période;27840;V
27851;question;Que veut dire 'modules' à propos des différents éléments composant le parcours d'obstacles découvert par Sara ?;les différents éléments ou structures composant un ensemble;les différents entraîneurs présents dans le club sportif;les différents horaires proposés pour les séances;les différents enfants inscrits dans ce club sportif;27840;V
27852;question;Que veut dire 'sans gravite' à propos des chutes subies par Sara lors de ses premières tentatives sur la poutre d'équilibre ?;sans conséquence sérieuse ni blessure importante;particulièrement dangereuses et inquiétantes;provoquant une blessure grave nécessitant des soins;totalement évitées grâce à un équipement particulier;27840;V
27853;question;Pourquoi précisément l'entraîneur explique-t-il en détail les règles de sécurité des la toute première séance suivie par les enfants ?;la pratique de cette discipline exigeante nécessite une vigilance particulière pour éviter tout accident évitable;il souhaite avant tout impressionner les parents des enfants présents ce jour-là;le règlement officiel du club l'oblige à consacrer un temps minimal à cette explication;il n'a en réalité rien d'autre à proposer durant cette toute première séance;27840;I
27854;question;Pourquoi précisément Sara hésite-t-elle quelques instants avant de se lancer face au premier mur à escalader ?;la hauteur impressionnante de cet obstacle inconnu suscite chez elle une appréhension naturelle et compréhensible;elle a en réalité déjà tenté d'escalader ce mur à de nombreuses reprises auparavant;l'entraîneur lui interdit explicitement de commencer avant d'avoir reçu son accord;elle n'a en réalité aucune envie réelle de participer à cette activité proposée;27840;I
27855;question;Qu'est-ce qui permet précisément à Sara de réussir à escalader ce premier mur malgré son appréhension initiale ressentie ?;la technique précise enseignée par l'entraîneur associée à sa propre détermination personnelle lui permettent de réussir;un autre enfant du groupe escalade le mur à sa place à ce moment précis;l'entraîneur porte physiquement Sara jusqu'au sommet du mur concerne;elle abandonne finalement cette tentative sans jamais réussir à escalader ce mur;27840;I
27856;question;Pourquoi précisément la poutre d'équilibre représente-t-elle un défi particulièrement redoute par Sara parmi tous les obstacles rencontres ?;maintenir un équilibre parfait sur une surface étroite exige une maîtrise du corps plus délicate que les autres obstacles rencontres;cette poutre est en réalité bien plus haute que tous les autres obstacles proposés dans ce parcours;l'entraîneur ne fournit aucune explication utile concernant cet obstacle particulier;Sara à déjà subi une blessure sérieuse sur cette poutre lors d'une séance précédente;27840;I
27857;question;Qu'est-ce qui montre précisément la persévérance de Sara face aux difficultés rencontrées sur la poutre d'équilibre étroite ?;malgré plusieurs chutes successives, elle continue de tenter jusqu'à parvenir finalement à traverser entièrement cet obstacle délicat;elle abandonne définitivement cet obstacle des la toute première tentative infructueuse réalisée;l'entraîneur doit la porter lui-même jusqu'à l'autre extrémité de cette poutre concernée;elle refuse catégoriquement de retenter cet obstacle lors des séances suivantes organisées;27840;I
27858;question;Que peut-on déduire de la réponse donnée par l'entraîneur concernant les qualités physiques développées par cette discipline particulière ?;cette activité complète favorise un développement physique équilibre grâce à la diversité des obstacles proposés;seule la force physique brute importe réellement dans la pratique de cette discipline sportive;cette discipline ne développe en réalité aucune qualité physique particulièrement utile;l'équilibre et la coordination ne jouent finalement aucun rôle dans cette pratique sportive;27840;I
27859;question;Que peut-on déduire de la réussite de Sara lors de sa toute première compétition officielle sans la moindre chute constatée ?;les mois de pratique régulière et assidue portent pleinement leurs fruits lors de cette première épreuve officielle;cette compétition officielle était en réalité beaucoup plus facile que les entraînements habituels suivis;Sara a simplement eu beaucoup de chance lors du déroulement de cette compétition particulière;les autres participants à cette compétition étaient en réalité moins bien prépares que Sara;27840;I
27860;question;Que peut-on déduire globalement de l'évolution de Sara entre sa toute première séance hésitante et sa réussite lors de la compétition officielle ?;elle progresse véritablement grâce à sa persévérance, passant d'une débutante intimidée à une pratiquante confiante et compétente;elle ne progresse finalement que très peu malgré les nombreux mois de pratique consacres à cette discipline;son niveau reste rigoureusement identique entre le début et la fin de cette période de pratique régulière;elle perd progressivement tout intérêt pour cette discipline au fil des différentes séances suivies;27840;I
27861;passage;Adam se rend un samedi d'été avec toute sa famille dans un grand parc aquatique situé non loin de leur ville, une sortie particulière qu'il attend impatiemment depuis que ses parents lui en ont parlé quelques semaines plus tôt. Dès leur arrivée, Adam et sa soeur aînée se précipitent avec enthousiasme vers le premier toboggan gigantesque qu'ils aperçoivent, impatients de découvrir enfin les sensations promises par cette attraction impressionnante. Un peu impressionné par la hauteur particulièrement vertigineuse de ce premier toboggan, Adam hésite quelques instants avant de se lancer, rassuré finalement par les encouragements chaleureux de sa grande soeur présente à ses côtés. La descente s'avère finalement particulièrement grisante, et Adam remonte immédiatement les escaliers pour recommencer cette expérience exaltante, entraîné par un plaisir grandissant qu'il ne s'attendait pas à ressentir aussi intensément. Après plusieurs descentes successives sur ce même toboggan, toute la famille décide d'explorer ensemble les autres attractions proposées par ce vaste parc aquatique, notamment une rivière artificielle particulièrement paisible. Adam apprécie particulièrement se laisser flotter tranquillement sur cette rivière artificielle à bord d'une bouée gonflable colorée, profitant pleinement du soleil estival tout en observant le paysage aménagé tout autour de lui. En milieu de journée, la famille fait une pause bienvenue pour déjeuner ensemble sur l'une des terrasses ombragées du parc, échangeant avec enthousiasme leurs impressions respectives sur les différentes attractions déjà essayées. L'après-midi, Adam découvre avec curiosité une piscine à vagues particulièrement impressionnante, où des vagues artificielles régulières viennent bousculer agréablement les nombreux visiteurs présents dans le grand bassin. Curieux, Adam demande à son papa comment ces vagues artificielles sont précisément générées dans cette piscine particulière, découvrant ainsi avec intérêt le fonctionnement technique des machines spécifiques installées sous l'eau. En fin de journée, épuisé mais particulièrement heureux de cette expérience partagée en famille, Adam affirme à ses parents que cette sortie au parc aquatique restera assurément l'un des plus beaux souvenirs de son été.;;;;;;
27862;question;À quel moment précis de l'année Adam se rend-il avec sa famille au grand parc aquatique évoque dans cette histoire ?;un samedi d'été;un dimanche d'hiver;un mercredi de printemps;un vendredi d'automne;27861;L
27863;question;Vers quelle attraction précise Adam et sa soeur se précipitent-ils dès leur arrivée au parc aquatique ?;le premier toboggan gigantesque aperçu;la piscine à vagues située plus loin;la rivière artificielle paisible;le restaurant du parc aquatique;27861;L
27864;question;Qui précisément rassure Adam juste avant qu'il ne se lance dans la descente de ce premier toboggan impressionnant ?;sa grande soeur;son papa;un maître-nageur du parc;personne, il se lance entièrement seul;27861;L
27865;question;Sur quoi précisément Adam se laisse-t-il flotter tranquillement sur la rivière artificielle du parc aquatique ?;une bouée gonflable colorée;un simple matelas de plage;une planche de bois flottante;il nage directement sans aucun support;27861;L
27866;question;Que découvre précisément Adam avec curiosité durant l'après-midi passe dans ce parc aquatique ?;une piscine à vagues particulièrement impressionnante;un nouveau toboggan encore plus haut;une cascade artificielle décorative;un bassin réserve aux tout petits enfants;27861;L
27867;question;Que fait précisément la famille d'Adam en milieu de journée durant cette sortie au parc aquatique ?;elle fait une pause pour déjeuner ensemble sur une terrasse ombragée;elle rentre directement à la maison pour se reposer;elle quitte définitivement le parc aquatique;elle assiste à un spectacle aquatique organisé;27861;L
27868;question;Que veut dire 'vertigineuse' à propos de la hauteur du premier toboggan découvert par Adam à son arrivée ?;impressionnante au point de donner une sensation de vertige;particulièrement basse et peu impressionnante;identique à celle des autres toboggans du parc;totalement invisible depuis l'entrée du parc aquatique;27861;V
27869;question;Que veut dire 'grisante' à propos de la sensation ressentie par Adam lors de sa toute première descente sur le toboggan ?;procurant une sensation d'excitation intense et grisante;particulièrement décevante par rapport à ses attentes;totalement neutre sans aucune émotion particulière ressentie;légèrement douloureuse au niveau du corps;27861;V
27870;question;Que veut dire 'exaltante' à propos de l'expérience vécue par Adam en remontant immédiatement recommencer le toboggan ?;procurant un enthousiasme et une joie particulièrement intense;particulièrement ennuyeuse et répétitive à vivre;provoquant une fatigue excessive et désagréable;totalement banale et sans réel intérêt particulier;27861;V
27871;question;Que veut dire 'aménagé' à propos du paysage observé par Adam tout autour de la rivière artificielle du parc aquatique ?;arrange et organise avec soin pour l'agrément des visiteurs;totalement naturel et laisse sans aucune intervention humaine;particulièrement dangereux et non sécurise pour les visiteurs;identique en tout point à un paysage de bord de mer naturel;27861;V
27872;question;Que veut dire 'générées' à propos des vagues artificielles produites dans la piscine à vagues du parc aquatique ?;produites et créées grâce à un dispositif technique spécifique;totalement naturelles et indépendantes de toute intervention;observées uniquement lors de journées particulièrement venteuses;provoquées par le mouvement des nombreux visiteurs présents;27861;V
27873;question;Que veut dire 'grandissant' à propos du plaisir ressenti par Adam au fil de ses descentes successives sur le toboggan ?;qui augmente progressivement avec le temps qui passe;qui diminue au contraire très rapidement;qui reste parfaitement stable sans jamais changer;qui disparaît complètement après la première descente;27861;V
27874;question;Pourquoi précisément Adam hésite-t-il quelques instants avant de se lancer dans la descente de ce premier toboggan impressionnant ?;la hauteur vertigineuse de cette attraction inconnue suscite chez lui une appréhension naturelle et compréhensible;il a en réalité déjà essayé ce même toboggan lors d'une précédente visite au parc aquatique;sa soeur aînée lui interdit explicitement de se lancer avant elle-même;il n'a en réalité aucune envie réelle de découvrir cette attraction particulière;27861;I
27875;question;Pourquoi précisément Adam remonte-t-il immédiatement les escaliers pour recommencer la descente de ce même toboggan ?;le plaisir intense ressenti lors de la première descente lui donne envie de renouveler immédiatement cette expérience;ses parents l'obligent explicitement à recommencer cette descente une seconde fois;il pense avoir raté sa première descente et souhaite simplement recommencer correctement;il n'a en réalité rien d'autre à faire en attendant que sa famille le rejoigne;27861;I
27876;question;Qu'est-ce qui montre précisément qu'Adam apprécie particulièrement le moment de détente passe sur la rivière artificielle du parc ?;il profite pleinement du soleil et du paysage tout en se laissant flotter tranquillement sur sa bouée gonflable;il demande rapidement à quitter cette attraction pour retourner vers le toboggan initial;il s'ennuie visiblement durant tout le temps passe sur cette rivière artificielle paisible;il refuse catégoriquement de monter sur la bouée gonflable proposée par ses parents;27861;I
27877;question;Pourquoi précisément Adam interroge-t-il son papa sur le fonctionnement des vagues artificielles de la piscine à vagues ?;sa curiosité naturelle le pousse à mieux comprendre le fonctionnement technique de cette attraction impressionnante;il a en réalité peur de ces vagues artificielles et cherche à se rassurer davantage;son papa l'oblige explicitement à poser cette question particulière durant la journée;il cherche uniquement à faire durer davantage cette pause avant de retourner se baigner;27861;I
27878;question;Que peut-on déduire du moment de partage vécu par toute la famille lors de la pause déjeuner sur la terrasse ombragée du parc ?;ce moment convivial renforce la complicité familiale autour d'une expérience commune sincèrement appréciée de tous;cette pause déjeuner est vécue comme une contrainte plutôt que comme un moment de plaisir partage;les membres de la famille n'ont finalement pas grand-chose à se raconter durant cette pause;cette pause déjeuner gâche considérablement le plaisir ressenti durant le reste de la journée;27861;I
27879;question;Que peut-on déduire globalement du plaisir manifeste par Adam tout au long de cette journée passée au parc aquatique en famille ?;cette sortie constitue pour lui une expérience particulièrement enrichissante et mémorable partagée avec les siens;il s'ennuie en réalité profondément durant la plus grande partie de cette journée vécue au parc aquatique;il regrette d'avoir choisi ce parc aquatique plutôt qu'une autre destination pour cette sortie familiale;cette journée ne restera finalement qu'un souvenir très ordinaire et rapidement oublie par Adam;27861;I
27880;question;Que peut-on déduire du rôle joue par la famille d'Adam dans la réussite de cette journée passée ensemble au parc aquatique ?;leur présence et leur enthousiasme partage contribuent grandement au plaisir sincère ressenti par Adam ce jour-là;chaque membre de la famille reste isole de son côté sans réel partage durant cette journée vécue ensemble;les parents d'Adam se montrent en réalité plutôt indifférents aux attractions découvertes ce jour-là;cette sortie familiale crée davantage de tensions que de moments de plaisir sincèrement partages;27861;I
27881;question;Que peut-on déduire de l'affirmation faite par Adam en fin de journée selon laquelle cette sortie restera l'un des plus beaux souvenirs de son été ?;l'ensemble des expériences vécues ce jour-là, entre sensations fortes et moments de partage, a profondément marqué le jeune garçon;il exagère largement son propre ressenti simplement pour faire plaisir à ses parents présents;il compare cette journée à d'autres sorties bien plus impressionnantes vécues auparavant;cette affirmation ne reflète en réalité pas du tout son véritable ressenti sur cette journée;27861;I
27882;passage;Léna se rend un dimanche de printemps dans un grand parc d'attractions avec ses parents et son grand frère, une sortie particulière qu'elle attend impatiemment depuis qu'elle a enfin atteint la taille minimale requise pour monter dans le grand huit. Dès leur arrivée dans le parc d'attractions, Léna aperçoit au loin l'imposante structure métallique du grand huit, ses rails vertigineux se tordant dans toutes les directions au-dessus de l'ensemble du parc. Son grand frère, déjà habitué à ce type d'attraction impressionnante, tente de rassurer Léna en lui expliquant calmement chaque étape du parcours qui les attend une fois installés dans les wagons du manège. Un peu nerveuse en faisant la queue devant l'entrée de l'attraction, Léna observe attentivement les autres visiteurs descendant du grand huit, cherchant à deviner sur leurs visages si l'expérience vécue s'avère effrayante ou plutôt agréable. Une fois installée et solidement attachée dans son wagon aux côtés de son frère, Léna sent son coeur battre plus rapidement tandis que le grand huit commence lentement son ascension vers le sommet de la première montée. Arrivée tout en haut de cette première montée impressionnante, Léna a à peine le temps d'apercevoir l'ensemble du parc d'attractions avant que le wagon ne dévale soudainement à toute vitesse la pente vertigineuse. Durant cette descente fulgurante, Léna pousse un cri mêlant à la fois la peur et une joie intense, découvrant avec surprise à quel point cette sensation extrême lui procure finalement un plaisir inattendu. Le grand huit poursuit alors son parcours à travers plusieurs virages serrés et une boucle complètement inversée, chaque nouvelle sensation ressentie par Léna étant plus intense que la précédente. Lorsque le manège s'arrête enfin, Léna descend du wagon les jambes encore tremblantes mais le visage radieux, demandant immédiatement à ses parents si elle peut remonter tout de suite dans cette attraction extraordinaire. Fière d'avoir surmonté sa peur initiale et enthousiasmée par cette expérience inoubliable, Léna affirme à toute sa famille que le grand huit restera désormais sa toute nouvelle attraction préférée du parc.;;;;;;
27883;question;À quel moment précis de l'année Léna se rend-elle dans ce grand parc d'attractions avec sa famille ?;un dimanche de printemps;un samedi d'hiver;un vendredi d'automne;un mercredi d'été;27882;L
27884;question;Pourquoi précisément Léna attend-elle impatiemment cette sortie particulière au parc d'attractions ?;elle vient d'atteindre la taille minimale requise pour monter dans le grand huit;elle n'est en réalité jamais allée auparavant dans un parc d'attractions;ses parents lui ont promis un cadeau spécial à la fin de cette sortie;son grand frère célèbre son anniversaire ce jour-là précis;27882;L
27885;question;Qui précisément accompagne Léna et rassure ses craintes avant de monter dans le grand huit ?;son grand frère;sa maman;un employé du parc d'attractions;personne, elle monte entièrement seule;27882;L
27886;question;Que fait précisément Léna en faisant la queue devant l'entrée de cette attraction impressionnante ?;elle observe les autres visiteurs descendant du grand huit;elle révise mentalement le parcours complet du manège;elle demande à faire demi-tour et à quitter la file d'attente;elle discute tranquillement avec d'autres enfants présents;27882;L
27887;question;Que ressent précisément Léna durant la descente fulgurante suivant la toute première montée du grand huit ?;un cri mêlant à la fois la peur et une joie intense;une immense tristesse inattendue;une totale indifférence face à la situation vécue;un profond ennui durant toute la descente;27882;L
27888;question;Que demande immédiatement Léna à ses parents une fois descendue du grand huit à la fin du parcours ?;si elle peut remonter tout de suite dans cette attraction;de rentrer immédiatement à la maison;de ne plus jamais remonter dans une telle attraction;de lui acheter une glace pour se calmer;27882;L
27889;question;Que veut dire 'vertigineux' à propos des rails du grand huit aperçus par Léna dès son arrivée dans le parc d'attractions ?;donnant une impression de hauteur et de vitesse impressionnantes;particulièrement bas et peu impressionnants à regarder;totalement immobiles et sans aucun mouvement particulier;recouverts entièrement de couleurs vives et joyeuses;27882;V
27890;question;Que veut dire 'dévale' à propos du wagon du grand huit descendant soudainement la pente après la première montée ?;descend rapidement et avec une grande vitesse;s'arrête complètement au sommet de la montée;remonte immédiatement vers le sommet de la structure;avance très lentement tout au long du parcours;27882;V
27891;question;Que veut dire 'fulgurante' à propos de la descente vécue par Léna juste après la première montée du grand huit ?;extrêmement rapide et intense;particulièrement lente et progressive;totalement immobile et sans mouvement;répétée plusieurs fois de suite durant le parcours;27882;V
27892;question;Que veut dire 'radieux' à propos du visage de Léna en descendant finalement du wagon à la fin du parcours ?;rayonnant de joie et de satisfaction;marqué par une profonde tristesse;totalement inexpressif et neutre;recouvert d'une expression de colère visible;27882;V
27893;question;Que veut dire 'inversée' à propos de la boucle traversée par le grand huit durant le parcours vécu par Léna ?;retournée, faisant passer les passagers la tête en bas;identique à toutes les autres parties du parcours;particulièrement lente comparée au reste du trajet;totalement invisible depuis l'extérieur de l'attraction;27882;V
27894;question;Que veut dire 'inoubliable' à propos de l'expérience vécue par Léna lors de ce tout premier tour de grand huit ?;qui restera durablement grave dans la mémoire;facilement oubliée dès le lendemain de l'événement;identique à toutes les autres expériences déjà vécues;sans aucun intérêt particulier pour celle qui la vit;27882;V
27895;question;Pourquoi précisément le grand frère de Léna tente-t-il de la rassurer en lui expliquant calmement le parcours du grand huit ?;il souhaite l'aider à mieux appréhender une expérience nouvelle et impressionnante pour elle;il espère ainsi impressionner leurs propres parents présents ce jour-là;il doit obligatoirement fournir cette explication selon le règlement du parc;il n'a en réalité rien d'autre à faire en attendant que la file d'attente avance;27882;I
27896;question;Pourquoi précisément Léna observe-t-elle attentivement les visages des visiteurs descendant du grand huit avant de monter elle-même ?;elle cherche à se faire une idée plus précise de ce qui l'attend afin de mieux se préparer mentalement;elle connaît personnellement certains de ces visiteurs et souhaite les saluer;elle espère ainsi convaincre ses parents de renoncer finalement à cette attraction;elle n'a en réalité aucune autre occupation possible durant cette longue attente;27882;I
27897;question;Pourquoi précisément le coeur de Léna bat-il plus rapidement au moment où le grand huit commence son ascension vers le sommet ?;l'anticipation de la descente à venir et la nouveauté de cette expérience suscitent chez elle une tension naturelle;elle a en réalité peur que le wagon dans lequel elle se trouve tombe en panne durant l'ascension;son grand frère lui à volontairement raconte une histoire effrayante juste avant le départ du manège;elle regrette déjà d'avoir accepté de monter dans cette attraction impressionnante;27882;I
27898;question;Qu'est-ce qui montre précisément que l'expérience vécue par Léna dépasse largement ses craintes initiales ressenties avant de monter dans le grand huit ?;elle découvre avec surprise un plaisir inattendu au coeur même de la peur ressentie durant la descente;elle reste totalement indifférente du début à la fin du parcours effectué;elle pleure abondamment durant l'ensemble du trajet parcouru dans le grand huit;elle demande à arrêter immédiatement le manège des la toute première descente ressentie;27882;I
27899;question;Pourquoi précisément Léna demande-t-elle immédiatement à remonter dans le grand huit juste après en être descendue ?;l'enthousiasme et le plaisir intense ressentis durant ce premier tour lui donnent envie de renouveler immédiatement cette sensation;ses parents lui promettent une récompense si elle accepte de remonter une seconde fois;elle pense avoir manque une partie importante du parcours lors de ce premier tour effectuée;son grand frère l'oblige explicitement à remonter une seconde fois dans cette attraction;27882;I
27900;question;Que peut-on déduire du rôle joue par le grand frère de Léna tout au long de cette expérience vécue au parc d'attractions ?;il accompagne avec bienveillance et patience la découverte de sa petite soeur face à une expérience nouvelle pour elle;il se moque ouvertement des craintes exprimées par Léna avant de monter dans l'attraction;il laisse Léna affronter entièrement seule cette expérience sans lui apporter le moindre soutien;il préférerait nettement monter seul dans cette attraction plutôt qu'avec sa petite soeur;27882;I
27901;question;Que peut-on déduire globalement de l'évolution du ressenti de Léna entre le début et la fin de cette expérience vécue dans le grand huit ?;elle passe d'une appréhension initiale compréhensible à un véritable enthousiasme durable pour ce type de sensation forte;son ressenti reste rigoureusement identique du début à la toute fin de cette expérience vécue;elle regrette profondément d'avoir accepté de monter dans cette attraction impressionnante;elle développe au contraire une peur durable de toute attraction sensationnelle à l'avenir;27882;I
27902;question;Que peut-on déduire de la déclaration finale de Léna affirmant que le grand huit devient sa toute nouvelle attraction préférée ?;cette expérience marquante transforme durablement sa perception des sensations fortes et enrichit ses goûts personnels;elle affirme simplement cela pour faire plaisir à son grand frère présent à ses côtés;elle exagère largement son propre ressenti sans réelle conviction personnelle sincère;elle changera probablement d'avis des la prochaine sortie effectuée dans un parc d'attractions;27882;I
27903;passage;Paul accompagne sa petite cousine Zoé, âgée de seulement quatre ans, à la fête foraine installée chaque printemps sur la grande place principale de leur ville, une sortie que Paul apprécie particulièrement chaque année. Dès leur arrivée sur la grande place transformée en fête foraine, Zoé aperçoit immédiatement un manège enfantin colore compose de petits chevaux de bois tournant lentement au son d'une musique joyeuse et entraînante. Paul accompagne sa petite cousine jusqu'à ce manège particulier, l'aidant à monter avec précaution sur l'un des chevaux de bois peints de couleurs vives, avant de rester juste à côté d'elle pendant tout le tour effectue. Zoé, absolument ravie de cette expérience, agrippe fermement les rênes de son cheval de bois tout en riant aux éclats, saluant chaleureusement Paul à chaque passage devant lui durant le tour du manège. Une fois ce premier tour de manège termine, Zoé supplie immédiatement Paul de l'accompagner sur une autre attraction, cette fois-ci un petit train enfantin qui parcourt lentement l'ensemble de la fête foraine. Paul accepte avec plaisir cette nouvelle demande formulée par sa petite cousine, s'installant à ses côtés dans l'un des wagonnets colorés de ce petit train destine spécifiquement aux plus jeunes visiteurs présents. Pendant le trajet effectue par ce petit train, Zoé pointe du doigt avec un enthousiasme communicatif chaque nouvelle attraction aperçue au loin, posant de nombreuses questions curieuses à son grand cousin Paul. Curieux lui-même, Paul explique patiemment à Zoé le fonctionnement général des différents manages observés, découvrant avec plaisir à quel point sa petite cousine s'intéresse déjà aux mécanismes simples de ces attractions. En fin d'après-midi, Paul et Zoé rejoignent leurs propres parents respectifs pour partager ensemble une délicieuse barbe à papa achetée à l'un des nombreux stands installés sur la grande place principale. Avant de quitter finalement la fête foraine, Zoé remercie chaleureusement son grand cousin Paul pour cette merveilleuse après-midi partagée, espérant déjà pouvoir revenir ensemble à cette même fête l'année suivante.;;;;;;
27904;question;Quel âge précis à la petite cousine de Paul accompagnée à cette fête foraine ?;quatre ans;sept ans;dix ans;deux ans;27903;L
27905;question;Où précisément se déroule cette fête foraine que Paul et Zoé visitent ensemble chaque printemps ?;sur la grande place principale de leur ville;dans un parc situe en dehors de la ville;sur la plage proche de chez eux;dans la cour de l'école de Zoé;27903;L
27906;question;Sur quel manège précis Paul aide-t-il sa petite cousine à monter dès leur arrivée sur la place de la fête foraine ?;un manège enfantin avec des chevaux de bois;une grande roue panoramique;des autos tamponneuses colorées;un grand huit destine aux enfants;27903;L
27907;question;Que fait précisément Zoé durant tout le tour effectue sur le manège des petits chevaux de bois ?;elle agrippe les rênes en riant et salue Paul à chaque passage;elle reste totalement immobile sans dire un mot;elle pleure abondamment durant tout le tour effectué;elle demande immédiatement à descendre du manège;27903;L
27908;question;Quelle nouvelle attraction Zoé supplie-t-elle Paul de découvrir avec elle après ce premier tour de manège ?;un petit train enfantin parcourant la fête foraine;un second tour sur le même manège;un stand de tir à la fête foraine;une grande roue panoramique;27903;L
27909;question;Que partagent ensemble Paul et Zoé avec leurs parents en fin d'après-midi avant de quitter la fête foraine ?;une barbe à papa achetée à un stand;un repas complet dans un restaurant;une pomme d'amour partagée à plusieurs;rien du tout, ils rentrent directement chez eux;27903;L
27910;question;Que veut dire 'entraînante' à propos de la musique diffusée par le manège des petits chevaux de bois ?;qui donne envie de bouger et procure de l'entrain;particulièrement triste et mélancolique à écouter;totalement silencieuse malgré les apparences;identique à celle diffusée par tous les autres manages présents;27903;V
27911;question;Que veut dire 'communicatif' à propos de l'enthousiasme manifeste par Zoé durant le trajet effectue en petit train ?;qui se transmet facilement aux autres personnes présentes;qui reste totalement invisible aux yeux des autres;qui provoque au contraire une certaine gêne chez les autres;qui n'intéresse absolument personne d'autre que Zoé elle-même;27903;V
27912;question;Que veut dire 'supplie' à propos de la demande formulée par Zoé pour que Paul l'accompagne vers une nouvelle attraction ?;demande avec une grande insistance et beaucoup d'enthousiasme;demande de manière très timide et hésitante;refuse catégoriquement toute nouvelle attraction proposée;oublie complètement sa demande initiale quelques instants plus tard;27903;V
27913;question;Que veut dire 'agrippe' à propos de la manière dont Zoé tient les rênes de son cheval de bois durant le tour de manège ?;tient fermement avec ses deux mains;tient très mollement sans grande conviction;laisse totalement de côté sans y toucher;manipule très délicatement du bout des doigts;27903;V
27914;question;Que veut dire 'panoramique' à propos de la grande roue mentionnée parmi les attractions présentes à cette fête foraine ?;offrant une vue dégagée et étendue sur les environs;particulièrement petite et peu impressionnante;réservée exclusivement aux adultes visiteurs présents;installée uniquement lors des fêtes foraines hivernales;27903;V
27915;question;Que veut dire 'destine' à propos du petit train évoque comme étant spécifiquement conçu pour les plus jeunes visiteurs présents ?;conçu et prévu spécialement pour un usage ou un public particulier;totalement interdit à tous les visiteurs présents sur place;identique en tout point aux autres attractions de la fête foraine;installé uniquement de manière temporaire pour cette occasion précise;27903;V
27916;question;Pourquoi précisément Paul reste-t-il juste à côté de Zoé pendant tout le tour effectue sur le manège des chevaux de bois ?;il souhaite veiller sur sa petite cousine tout en partageant pleinement ce moment de plaisir avec elle;le règlement du manège exige obligatoirement la présence d'un accompagnateur adulte;il a en réalité peur que Zoé tombe de son cheval de bois durant le tour effectué;il n'a en réalité rien d'autre à faire en attendant que le tour de manège se termine;27903;I
27917;question;Pourquoi précisément Zoé salue-t-elle chaleureusement Paul à chaque passage devant lui durant son tour de manège ?;elle souhaite partager sa joie immédiate avec la personne qui compte pour elle et qui l'accompagne ce jour-là;elle a en réalité peur et cherche à se rassurer en vérifiant sa présence à chaque instant;Paul lui a explicitement demandé de le saluer à chaque passage devant lui;elle ne remarque en réalité pas vraiment la présence de Paul durant ce tour de manège;27903;I
27918;question;Pourquoi précisément Paul accepte-t-il avec plaisir d'accompagner Zoé sur cette nouvelle attraction du petit train malgré la fatigue possible ressentie ?;le bonheur manifeste par sa petite cousine lui procure lui-même une réelle satisfaction personnelle;il n'a en réalité pas d'autre attraction intéressante à découvrir de son propre côté;les parents de Zoé l'obligent explicitement à accompagner sa petite cousine partout;il espère ainsi recevoir une récompense de la part des parents de Zoé;27903;I
27919;question;Qu'est-ce qui montre précisément que Paul prend un plaisir sincère à expliquer le fonctionnement des manages à sa petite cousine curieuse ?;il découvre lui-même avec plaisir à quel point Zoé s'intéresse déjà aux mécanismes simples de ces attractions découvertes;il répond très brièvement aux questions posées par Zoé sans réel intérêt personnel;il refuse catégoriquement de répondre aux nombreuses questions posées par sa petite cousine;il demande à un employé de la fête foraine de répondre à sa place aux questions de Zoé;27903;I
27920;question;Que peut-on déduire de la relation entre Paul et sa petite cousine Zoé à travers cette après-midi partagée ensemble à la fête foraine ?;une complicité sincère et bienveillante unit le grand cousin et sa petite cousine au fil de cette expérience partagée;Paul se montre en réalité plutôt distant et peu implique dans les activités proposées à Zoé;Zoé préférerait nettement passer cette après-midi avec ses propres parents plutôt qu'avec Paul;cette sortie annuelle ne représente en réalité rien de particulier pour l'un comme pour l'autre;27903;I
27921;question;Que peut-on déduire du rôle joue par Paul en tant que grand cousin responsable tout au long de cette sortie à la fête foraine ?;il fait preuve d'attention et de patience en veillant au bien-être et au plaisir de sa jeune cousine tout au long de la sortie;il se contente simplement d'accompagner Zoé sans réel investissement personnel dans cette sortie;il préférerait nettement profiter seul des attractions plutôt que d'accompagner sa petite cousine;il néglige à plusieurs reprises la surveillance nécessaire de sa jeune cousine durant cette sortie;27903;I
27922;question;Que peut-on déduire globalement du souhait exprimé par Zoé de revenir à cette même fête foraine l'année suivante avec Paul ?;cette expérience partagée cette année laisse une empreinte durable et positive dans son jeune esprit;elle oubliera probablement cette sortie des la semaine suivante malgré son enthousiasme du moment;elle exprime ce souhait uniquement par politesse envers son grand cousin présent;elle préférerait en réalité découvrir une toute nouvelle fête foraine l'année suivante;27903;I
27923;question;Que peut-on déduire de la tradition annuelle établie entre Paul et Zoé autour de cette sortie à la fête foraine du printemps ?;cette sortie répétée chaque année renforce durablement le lien affectif particulier qui unit les deux cousins;cette tradition n'a en réalité plus grande importance ni pour l'un ni pour l'autre des deux cousins;Paul accompagne Zoé uniquement par obligation familiale sans réel plaisir personnel ressenti;cette sortie annuelle sera probablement abandonnée dès l'année suivante par les deux cousins;27903;I
27924;passage;Iris se rend un vendredi soir chez ses grands-parents pour y passer sa toute première nuit entièrement seule, sans ses propres parents, une expérience particulière qu'elle attend avec un mélange d'excitation et d'appréhension. Dès son arrivée, sa grand-mère l'accueille chaleureusement avec un goûter spécial préparé spécialement pour l'occasion, composé de petits gâteaux maison et d'un chocolat chaud particulièrement onctueux. Après ce délicieux goûter partagé ensemble, Iris aide sa grand-mère à préparer le dîner du soir, découvrant avec plaisir une ancienne recette familiale transmise depuis de nombreuses générations dans cette famille. Son grand-père, quant à lui, propose à Iris de l'accompagner au jardin pour observer ensemble les premières étoiles apparaissant progressivement dans le ciel qui s'assombrit doucement en cette soirée de printemps. Émerveillée par ce spectacle céleste, Iris pose de nombreuses questions curieuses à son grand-père concernant les étoiles observées, découvrant ainsi avec passion quelques notions simples d'astronomie expliquées patiemment. Une fois le dîner terminé, toute la petite famille réunie s'installe confortablement dans le salon pour regarder ensemble un vieux film que son grand-père appréciait particulièrement lorsqu'il était lui-même enfant. Au moment du coucher, Iris ressent une légère appréhension à l'idée de dormir dans une chambre inconnue, mais sa grand-mère la rassure avec douceur en lui racontant une histoire particulièrement apaisante avant de dormir. Malgré cette première nuit passée loin de ses propres parents, Iris finit par s'endormir paisiblement, bercée par le sentiment rassurant d'être véritablement entourée par l'affection sincère de ses grands-parents. Le lendemain matin, Iris se réveille particulièrement fière d'elle-même, réalisant qu'elle a finalement surmonté avec succès cette première nuit loin de la maison familiale sans la moindre difficulté réelle rencontrée. Avant de repartir chez elle en fin de matinée, Iris remercie chaleureusement ses grands-parents pour cette merveilleuse expérience vécue, espérant déjà pouvoir revenir passer une nouvelle nuit chez eux très prochainement.;;;;;;
27925;question;Quel jour précis de la semaine Iris se rend-elle chez ses grands-parents pour y passer sa toute première nuit seule ?;un vendredi soir;un lundi matin;un dimanche après-midi;un mercredi soir;27924;L
27926;question;Que prépare précisément la grand-mère d'Iris pour l'accueillir chaleureusement dès son arrivée ?;un goûter spécial avec des gâteaux maison et du chocolat chaud;un grand repas complet servi immédiatement;un simple verre d'eau pour se rafraîchir;rien de particulier, l'accueil se fait sans goûter;27924;L
27927;question;Que propose précisément le grand-père d'Iris après le goûter partage en début de soirée ?;de l'accompagner au jardin observer les premières étoiles;de regarder immédiatement un film ensemble;de partir directement se coucher très tôt;de préparer ensemble le repas du lendemain matin;27924;L
27928;question;Que regarde précisément toute la famille réunie ensemble après le dîner de ce vendredi soir particulier ?;un vieux film que le grand-père appréciait enfant;un match de football retransmis à la télévision;un documentaire sur les étoiles observées plus tôt;rien du tout, chacun se couche immédiatement;27924;L
27929;question;Que fait précisément la grand-mère d'Iris pour la rassurer au moment du coucher ce premier soir ?;elle lui raconte une histoire particulièrement apaisante;elle laisse une petite lumière allumée toute la nuit;elle reste assise à ses côtés jusqu'au petit matin;elle appelle immédiatement les parents d'Iris au téléphone;27924;L
27930;question;Comment se sent précisément Iris au réveil, le lendemain matin de cette première nuit passée chez ses grands-parents ?;particulièrement fière d'elle-même;profondément triste et déçue;totalement indifférente à cette expérience vécue;encore très inquiété et apeurée;27924;L
27931;question;Que veut dire 'onctueux' à propos du chocolat chaud préparé par la grand-mère d'Iris pour le goûter d'accueil ?;d'une texture douce et particulièrement agréable en bouche;particulièrement froid et désagréable à boire;très amer et difficile à avaler facilement;prépare avec beaucoup trop de sucre ajoute;27924;V
27932;question;Que veut dire 'transmise' à propos de l'ancienne recette familiale utilisée par la grand-mère d'Iris pour préparer le dîner ?;léguée et partagée d'une génération à l'autre au fil du temps;inventée tout récemment par la grand-mère elle-même;achetée directement dans un livre de cuisine spécialise;totalement oubliée et jamais réellement utilisée auparavant;27924;V
27933;question;Que veut dire 's'assombrit' à propos du ciel observé par Iris et son grand-père en cette soirée de printemps particulière ?;devient progressivement plus sombre à mesure que la nuit approche;devient au contraire de plus en plus clair et lumineux;reste parfaitement identique du début à la fin de la soirée;se recouvre entièrement de nuages épais et menaçants;27924;V
27934;question;Que veut dire 'astronomie' à propos des notions simples expliquées par le grand-père d'Iris concernant les étoiles observées ?;la science qui étudie les astres et les phénomènes célestes;la technique particulière utilisée pour cultiver un jardin;un jeu traditionnel pratique en famille durant les soirées;une ancienne recette de cuisine transmise depuis longtemps;27924;V
27935;question;Que veut dire 'apaisante' à propos de l'histoire racontée par la grand-mère d'Iris juste avant de dormir ce premier soir ?;qui procure calme et réconfort à celle qui l'écoute;particulièrement effrayante et inquiétante à écouter;totalement ennuyeuse et sans réel intérêt particulier;racontée de manière très brève et peu détaillée;27924;V
27936;question;Que veut dire 'bercée' à propos du sentiment ressenti par Iris juste avant de s'endormir cette première nuit chez ses grands-parents ?;doucement enveloppée et apaisée par une sensation rassurante;brusquement réveillée par un bruit soudain inattendu;particulièrement effrayée par un événement précis vécu;empêchée complètement de trouver le sommeil recherche;27924;V
27937;question;Pourquoi précisément Iris ressent-elle un mélange d'excitation et d'appréhension avant cette toute première nuit passée chez ses grands-parents ?;cette expérience nouvelle et inconnue suscite chez elle à la fois de la curiosité et une légère inquiétude naturelle;elle a en réalité déjà vécu une mauvaise expérience lors d'une précédente visite chez ses grands-parents;ses parents lui ont explicitement raconté des histoires effrayantes concernant cette maison;elle n'a en réalité aucune envie réelle de rendre visite à ses propres grands-parents;27924;I
27938;question;Pourquoi précisément la grand-mère d'Iris prépare-t-elle un goûter spécial dès l'arrivée de sa petite-fille ce vendredi soir ?;elle souhaite marquer cette occasion particulière et mettre immédiatement Iris à l'aise dans cette nouvelle situation;elle n'a en réalité rien d'autre à proposer à Iris pour l'occuper ce vendredi soir précis;Iris exige explicitement ce goûter spécial avant même son arrivée chez ses grands-parents;c'est une habitude systématique sans réel lien avec cette première nuit particulière;27924;I
27939;question;Pourquoi précisément le grand-père d'Iris propose-t-il d'observer ensemble les étoiles plutôt qu'une autre activité ce vendredi soir ?;il souhaite partager avec sa petite-fille un moment privilégié autour d'une activité qui le passionne lui-même;il n'a en réalité rien d'autre à proposer à Iris durant cette soirée particulière;Iris exige explicitement cette activité avant toute autre chose ce soir-là;c'est la seule activité possible en l'absence d'électricité chez les grands-parents;27924;I
27940;question;Qu'est-ce qui montre précisément que la curiosité naturelle d'Iris se manifeste durant l'observation des étoiles avec son grand-père ?;elle pose de nombreuses questions sur ce qu'elle observe et découvre avec passion quelques notions simples d'astronomie;elle reste totalement silencieuse durant toute l'observation réalisée avec son grand-père;elle demande rapidement à rentrer à l'intérieur sans finir cette observation commencée;elle connaît déjà parfaitement toutes les réponses avant même de poser une question;27924;I
27941;question;Pourquoi précisément Iris ressent-elle une légère appréhension au moment de se coucher dans cette chambre inconnue ce premier soir ?;dormir dans un environnement nouveau et différent de sa propre chambre habituelle représente un changement notable pour elle;elle a entendu un bruit étrange provenant de cette chambre juste avant de s'y installer;sa grand-mère lui a raconté une histoire effrayante concernant cette chambre précise;elle regrette déjà d'avoir accepté de passer cette nuit chez ses propres grands-parents;27924;I
27942;question;Que peut-on déduire du rôle joue par les grands-parents d'Iris tout au long de cette première nuit passée loin de ses parents ?;ils offrent à leur petite-fille un cadre chaleureux et rassurant qui facilite grandement cette première expérience d'indépendance;ils se montrent en réalité plutôt indifférents au bien-être ressenti par leur petite-fille;ils laissent Iris totalement livrée à elle-même sans le moindre accompagnement particulier;ils regrettent d'avoir proposé à Iris de passer cette nuit chez eux sans ses propres parents;27924;I
27943;question;Que peut-on déduire de la fierté manifeste par Iris au réveil, le lendemain matin de cette première nuit vécue chez ses grands-parents ?;surmonter avec succès cette expérience nouvelle renforce durablement sa confiance en elle-même et son autonomie naissante;elle exagère largement son propre ressenti simplement pour faire plaisir à ses grands-parents;cette expérience ne représente finalement rien de particulier à ses propres yeux;elle préférerait en réalité ne jamais revivre une expérience similaire à l'avenir;27924;I
27944;question;Que peut-on déduire globalement du souhait exprimé par Iris de revenir très prochainement passer une nouvelle nuit chez ses grands-parents ?;cette première expérience très positive lui donne véritablement envie de renouveler ce moment de complicité partage;elle exprime ce souhait uniquement par politesse envers ses propres grands-parents;elle a en réalité déjà oublié l'appréhension ressentie avant cette première nuit vécue;elle préférerait en réalité passer davantage de temps avec ses propres parents plutôt;27924;I
27945;passage;Milan rentre un dimanche soir de ses grandes vacances d'été passées chez ses grands-parents à la campagne, un retour à la maison familiale accompagné d'un mélange de nostalgie et d'une certaine impatience de retrouver ses propres repérés habituels. Durant tout le trajet en voiture effectue avec ses parents venus le chercher, Milan repense avec émotion aux nombreux souvenirs accumules durant ces deux mois particulièrement riches passes auprès de ses grands-parents adores. Une fois arrive devant la maison familiale, Milan retrouve avec un plaisir évident sa propre chambre restée inchangée, redécouvrant avec surprise plusieurs objets et jouets qu'il avait presque complètement oublies avant son départ. Le lendemain matin, Milan retrouve avec une joie sincère ses camarades de classe lors de la reprise de l'école, chacun d'entre eux se racontant mutuellement avec enthousiasme leurs propres aventures vécues durant ces longues vacances estivales. Sa maîtresse, curieuse d'en apprendre davantage sur les vacances vécues par chaque élève, demande à toute la classe de rédiger un petit texte racontant le moment le plus marquant de leurs propres vacances d'été respectives. Milan choisit alors de raconter avec précision la fois où il a aidé son grand-père à récolter les fruits du verger familial, décrivant avec des détails savoureux cette expérience particulièrement enrichissante vécue à la campagne. En rédigeant ce texte, Milan réalise avec une certaine surprise à quel point ces vacances passées loin de ses parents lui ont permis de gagner en autonomie et en confiance personnelle au contact quotidien de ses grands-parents. Durant la récréation qui suit cette activité d'écriture, Milan partage avec ses meilleurs amis quelques photographies prises durant ses vacances, provoquant l'admiration sincère de tout son groupe d'amis réunis autour de lui. Le soir venu, Milan téléphone longuement à ses grands-parents pour leur raconter avec enthousiasme sa toute première journée de reprise scolaire, leur assurant qu'il pense déjà avec impatience aux prochaines vacances à venir auprès d'eux. Malgré la légère tristesse ressentie en quittant ses grands-parents quelques jours plus tôt, Milan réalise finalement que ce retour à la maison familiale et à l'école lui procure lui aussi un réel bonheur particulier.;;;;;;
27946;question;À quel moment précis de la semaine Milan rentre-t-il de ses grandes vacances d'été passées à la campagne ?;un dimanche soir;un lundi matin;un vendredi après-midi;un mercredi soir;27945;L
27947;question;Chez qui précisément Milan à-t-il passe ses deux mois de vacances d'été évoques dans cette histoire ?;chez ses grands-parents à la campagne;chez des amis de la famille;dans une colonie de vacances organisée;chez sa tante habitant en bord de mer;27945;L
27948;question;Que redécouvre précisément Milan en retrouvant sa propre chambre restée inchangée après son retour de vacances ?;plusieurs objets et jouets qu'il avait presque oublies;une chambre entièrement repeinte durant son absence;un nouveau lit installé pendant les vacances;rien de particulier, tout est resté absolument identique;27945;L
27949;question;Que demande précisément la maîtresse de Milan à toute la classe lors de la reprise scolaire du lendemain matin ?;de rédiger un texte sur le moment le plus marquant des vacances;de dessiner un souvenir précis de leurs propres vacances;de présenter oralement un objet rapporte de vacances;de choisir un livre à lire durant les vacances suivantes;27945;L
27950;question;Que choisit précisément Milan de raconter dans le texte rédige pour sa maîtresse d'école ?;le moment où il a aidé son grand-père à récolter les fruits du verger;une simple description de la maison de ses grands-parents;un jeu auquel il a joué avec des amis de vacances;une dispute survenue avec l'un de ses grands-parents;27945;L
27951;question;Que fait précisément Milan le soir de sa reprise scolaire concernant ses grands-parents restes à la campagne ?;il leur téléphone longuement pour leur raconter sa journée;il leur écrit une longue lettre manuscrite;il ne les contacte pas particulièrement ce soir-là;il prépare déjà sa prochaine visite chez eux;27945;L
27952;question;Que veut dire 'repérés' à propos de ce que Milan retrouve avec impatience en rentrant chez lui après ces vacances estivales ?;les habitudes et le cadre familier de son quotidien habituel;des objets précis rapportes spécialement de ses vacances;des amis particuliers rencontres durant l'été passe;des lieux qu'il n'avait jamais visités auparavant;27945;V
27953;question;Que veut dire 'savoureux' à propos des détails donnés par Milan en racontant la récolte des fruits avec son grand-père ?;particulièrement plaisants et intéressants à découvrir;très brefs et peu détaillés dans leur formulation;inventes de toutes pièces sans lien avec la réalité vécue;identiques à ceux donnés par tous les autres élèves de la classe;27945;V
27954;question;Que veut dire 'autonomie' à propos de ce que Milan estime avoir gagné durant ses vacances passées chez ses grands-parents ?;la capacité à agir et à se débrouiller par soi-même;une connaissance approfondie de la vie à la campagne;une plus grande force physique acquise durant l'été;un plus grand nombre d'amis rencontres durant les vacances;27945;V
27955;question;Que veut dire 'nostalgie' à propos du sentiment ressenti par Milan durant le trajet en voiture le ramenant chez lui ?;un doux regret mélancolique lie à des souvenirs passes;une joie intense sans la moindre once de tristesse;une colère ressentie sans raison particulière précise;une totale indifférence face aux souvenirs évoques;27945;V
27956;question;Que veut dire 'marquant' à propos du moment que Milan doit choisir de raconter dans son texte rédige pour l'école ?;particulièrement important et qui laisse une impression durable;totalement banal et sans réel intérêt particulier;choisi entièrement au hasard sans réflexion préalable;identique au moment choisi par tous les autres élèves;27945;V
27957;question;Que veut dire 'admiration' à propos de la réaction des amis de Milan en découvrant ses photographies de vacances ?;un sentiment d'estime et d'intérêt sincère pour ce qui est observé;une profonde indifférence face aux photographies montrées;une légère jalousie mêlée de rancoeur ressentie;un ennui manifeste rapidement exprimé par le groupe d'amis;27945;V
27958;question;Pourquoi précisément Milan ressent-il un mélange de nostalgie et d'impatience durant son trajet de retour vers la maison familiale ?;il quitte des souvenirs précieux tout en se réjouissant de retrouver son propre quotidien habituel;il regrette profondément d'avoir du quitter ses grands-parents sans aucune contrepartie positive;ses parents lui ont annoncé une mauvaise nouvelle durant ce trajet de retour effectué en voiture;il redoute particulièrement la reprise de l'école prévue dès le lendemain matin;27945;I
27959;question;Pourquoi précisément la maîtresse de Milan demande-t-elle à chaque élève de rédiger un texte sur ses vacances d'été ?;elle souhaite permettre à chaque élève de partager et de mettre en valeur une expérience personnelle vécue durant l'été;elle cherche uniquement à occuper la classe durant cette toute première journée de reprise scolaire;elle doit impérativement noter ce travail pour le bulletin scolaire de fin de trimestre;les parents des élèves exigent explicitement ce type d'exercice des la rentrée scolaire;27945;I
27960;question;Pourquoi précisément Milan choisit-il de raconter justement la récolte des fruits plutôt qu'un autre moment de ses vacances ?;cette expérience partagée avec son grand-père représente pour lui un souvenir particulièrement fort et significatif;c'est le seul moment dont il se souvient réellement parmi tous ceux vécus durant l'été;sa maîtresse lui impose explicitement ce sujet précis à développer dans son texte;il n'a en réalité rien d'autre d'intéressant à raconter concernant ses propres vacances;27945;I
27961;question;Qu'est-ce qui montre précisément que Milan à réellement gagne en maturité durant ses vacances passées auprès de ses grands-parents ?;il prend conscience lui-même, en rédigeant son texte, des progrès personnels accomplis durant cette période passée loin de ses parents;il refuse catégoriquement de reconnaître le moindre changement personnel survenu durant l'été;ses parents constatent eux-mêmes ce changement sans que Milan n'en soit lui-même conscient;sa maîtresse d'école lui fait remarquer ce changement au moment de corriger son texte rédige;27945;I
27962;question;Pourquoi précisément Milan téléphone-t-il longuement à ses grands-parents dès le soir de sa reprise scolaire ?;le lien affectif fort qui l'unit à eux le pousse naturellement à vouloir partager avec eux les événements de sa journée;ses parents l'obligent explicitement à téléphoner chaque soir à ses propres grands-parents;il a oublié un objet important chez ses grands-parents et doit le leur signaler rapidement;il souhaite uniquement se plaindre auprès d'eux de cette reprise scolaire difficile;27945;I
27963;question;Que peut-on déduire de la conclusion tirée par Milan à la toute fin de cette histoire concernant son propre retour à la maison familiale ?;il parvient à concilier les souvenirs précieux des vacances passées avec un bonheur sincère retrouve dans son quotidien habituel;il regrette profondément chaque instant passe loin de ses propres grands-parents durant l'année scolaire;il considère désormais son quotidien habituel comme moins intéressant que ses vacances passées;cette rentrée scolaire ne représente finalement rien de particulier à ses propres yeux;27945;I
27964;question;Que peut-on déduire globalement du rôle joue par les grands-parents de Milan dans son développement personnel à travers cette histoire racontée ?;ils contribuent de manière significative à son épanouissement personnel en lui offrant un cadre différent et enrichissant;ils n'ont finalement joue aucun rôle particulier significatif durant ces deux mois de vacances passées ensemble;Milan aurait vécu une expérience identique auprès de n'importe quelle autre personne de sa famille;leur influence sur Milan s'est en réalité avérée plutôt négative au cours de ces vacances passées;27945;I
27965;question;Que peut-on déduire de l'admiration manifestée par les amis de Milan en découvrant ses photographies de vacances durant la récréation ?;ses vacances à la campagne représentent à leurs yeux une expérience différente et enviable qu'ils écoutent avec un réel intérêt;ses amis se moquent en réalité discrètement de ses vacances passées à la campagne;ses amis ont eux-mêmes vécu des vacances bien plus impressionnantes que celles de Milan;cette admiration manifestée ne reflète en réalité aucun intérêt sincère de la part de ses amis;27945;I
27966;passage;Selma se rend un mercredi après-midi avec sa classe entière visiter un magnifique jardin des papillons situé non loin de son école, une sortie éducative particulièrement attendue par l'ensemble des élèves de sa classe. Dès l'entrée de ce jardin exceptionnel, Selma et ses camarades pénètrent dans une grande serre chauffée où volent librement de nombreux papillons multicolores aux motifs particulièrement varies et surprenants. Le guide accompagnant la classe explique d'abord aux enfants les différentes étapes fascinantes de la métamorphose du papillon, depuis le minuscule oeuf jusqu'à l'insecte adulte capable de voler librement dans les airs. Émerveillée par la beauté des couleurs observées tout autour d'elle, Selma s'approche prudemment d'une grande fleur tropicale sur laquelle s'est justement posé un magnifique papillon bleu aux ailes particulièrement chatoyantes. Curieuse, Selma demande alors au guide pourquoi certains papillons observés possèdent des couleurs aussi vives tandis que d'autres semblent beaucoup plus discrets dans leur apparence générale, découvrant ainsi le rôle essentiel joué par le camouflage naturel. Le guide invite ensuite tous les enfants à observer attentivement une chrysalide accrochée délicatement à une branche, expliquant patiemment que cette enveloppe protectrice abrite actuellement une transformation particulièrement extraordinaire en cours. Selma, fascinée par cette explication, imagine avec émerveillement le minuscule papillon en train de se former progressivement à l'intérieur de cette chrysalide, attendant patiemment le moment de son éclosion prochaine. Vers la fin de cette visite guidée particulièrement instructive, un papillon se pose délicatement sur l'épaule de Selma, provoquant chez elle un mélange de surprise et d'un immense bonheur particulièrement intense à cet instant précis. Avant de quitter définitivement ce magnifique jardin des papillons, toute la classe observe ensemble une dernière fois l'ensemble de la serre, gardant précieusement en mémoire ce spectacle naturel particulièrement extraordinaire. De retour à l'école, Selma dessine avec une grande application le papillon bleu qui s'est posé sur elle, espérant déjà pouvoir revenir très prochainement visiter ce merveilleux jardin en compagnie de ses propres parents.;;;;;;
27967;question;À quel moment précis de la semaine Selma visite-t-elle ce jardin des papillons avec sa classe entière ?;un mercredi après-midi;un lundi matin;un vendredi soir;un samedi après-midi;27966;L
27968;question;Où précisément Selma et ses camarades pénètrent-ils dès l'entrée de ce jardin des papillons visite ?;dans une grande serre chauffée remplie de papillons multicolores;dans un simple jardin extérieur aménagé;dans un musée consacre aux insectes;dans une salle de cinéma présentant un documentaire;27966;L
27969;question;Que fait précisément le guide dès le début de cette visite pour informer les enfants de la classe de Selma ?;il explique les différentes étapes de la métamorphose du papillon;il distribue à chaque enfant un petit papillon en plastique;il organise immédiatement un jeu de recherche dans la serre;il demande à chaque enfant de choisir son papillon préfère;27966;L
27970;question;Sur quoi précisément s'est posé le magnifique papillon bleu observé par Selma durant cette visite ?;une grande fleur tropicale;l'épaule de son camarade de classe;le bras du guide accompagnant la classe;une branche sèche située près de l'entrée;27966;L
27971;question;Qu'observe précisément le guide en invitant tous les enfants à s'approcher d'une branche particulière de la serre ?;une chrysalide accrochée délicatement à la branche;un nid d'oiseau construit récemment;une fleur particulièrement rare et précieuse;un papillon endormi sur cette même branche;27966;L
27972;question;Que fait précisément Selma une fois de retour à l'école après cette visite du jardin des papillons ?;elle dessine le papillon bleu qui s'est posé sur elle;elle écrit un long texte sur cette visite réalisée;elle montre des photographies prises durant la visite;elle ne fait rien de particulier concernant cette sortie;27966;L
27973;question;Que veut dire 'chatoyantes' à propos des ailes du papillon bleu observé par Selma sur la grande fleur tropicale ?;brillantes et changeant légèrement de couleur selon la lumière;ternes et particulièrement peu visibles à l'oeil nu;identiques en tout point aux ailes de tous les autres papillons;totalement transparentes et difficiles à distinguer clairement;27966;V
27974;question;Que veut dire 'camouflage' à propos de l'explication donnée par le guide concernant les papillons aux couleurs discrètes observées ?;une technique naturelle permettant de se fondre dans son environnement;une maladie particulière affectant certains papillons observés;une technique utilisée par les guides pour attirer les papillons;un phénomène qui rend certains papillons incapables de voler;27966;V
27975;question;Que veut dire 'chrysalide' à propos de l'enveloppe protectrice observée par les enfants accrochée à une branche de la serre ?;l'enveloppe dans laquelle la chenille se transforme en papillon;le nom donne au tout premier oeuf pondu par un papillon adulte;une fleur particulière appréciée des papillons de cette serre;un autre nom donne simplement à l'aile d'un papillon adulte;27966;V
27976;question;Que veut dire 'éclosion' à propos du moment attendu par Selma concernant le papillon en formation dans la chrysalide observée ?;le moment où un être vivant sort de son enveloppe protectrice;le moment où un papillon se pose sur une fleur précise;le moment où une fleur tropicale s'ouvre complètement;le moment où la serre chauffée ouvre ses portes au public;27966;V
27977;question;Que veut dire 'instructive' à propos de la visite guidée vécue par Selma et ses camarades dans ce jardin des papillons ?;qui apporte des connaissances nouvelles et un enseignement utile;particulièrement ennuyeuse et dépourvue de réel intérêt;organisée dans la précipitation et sans réelle préparation;identique à une visite déjà réalisée l'année précédente;27966;V
27978;question;Que veut dire 'métamorphose' à propos des différentes étapes expliquées par le guide concernant le développement du papillon ?;une transformation profonde de la forme d'un être vivant au cours de sa vie;un simple changement de couleur observe chez un papillon adulte;un déplacement effectué par un papillon d'une fleur à une autre;une maladie rare qui affecte parfois certains papillons observés;27966;V
27979;question;Pourquoi précisément le guide commence-t-il la visite en expliquant les étapes de la métamorphose du papillon aux enfants présents ?;cette explication préalable permet aux enfants de mieux comprendre et apprécier ce qu'ils vont ensuite observer dans la serre;il souhaite avant tout tester les connaissances scientifiques déjà acquises par les enfants de la classe;le programme scolaire impose formellement cette explication au tout début de chaque visite organisée;il n'a en réalité rien d'autre à proposer aux enfants durant les premières minutes de la visite;27966;I
27980;question;Pourquoi précisément Selma interroge-t-elle le guide sur les différences de couleurs observées entre les papillons de la serre ?;sa curiosité naturelle la pousse à mieux comprendre la diversité fascinante du monde observe autour d'elle;elle doute sérieusement de la véracité des explications données précédemment par le guide accompagnant la classe;le guide l'oblige explicitement à poser cette question particulière durant la visite organisée;elle cherche uniquement à faire durer davantage cette visite avant de retourner à l'école;27966;I
27981;question;Qu'est-ce qui montre précisément que Selma développe une réelle fascination pour le processus de transformation du papillon observe dans la chrysalide ?;elle imagine avec émerveillement le minuscule papillon en train de se former progressivement à l'intérieur de son enveloppe protectrice;elle se contente simplement d'observer la chrysalide sans manifester le moindre intérêt particulier;elle demande immédiatement à quitter cette partie de la visite pour observer autre chose;elle pense que cette chrysalide est en réalité totalement vide et inanimée;27966;I
27982;question;Pourquoi précisément Selma ressent-elle un mélange de surprise et de bonheur intense lorsqu'un papillon se pose sur son épaule ?;ce contact direct et inattendu avec un papillon vivant représente pour elle un moment magique et privilégié;elle a en réalité peur de ce papillon et cherche à le faire fuir rapidement;le guide lui avait promis à l'avance qu'un papillon viendrait se poser sur elle;elle pense qu'il s'agit en réalité d'un faux papillon place volontairement par le guide;27966;I
27983;question;Que peut-on déduire du rôle joue par le guide tout au long de cette visite du jardin des papillons vécue par la classe de Selma ?;il transmet avec passion et pédagogie des connaissances qui nourrissent durablement la curiosité naturelle des enfants présents;il se contente simplement de surveiller les enfants sans réel souci pédagogique particulier;il favorise ouvertement certains enfants de la classe au détriment des autres élèves présents;il n'apporte finalement aucune information particulièrement utile aux enfants durant cette visite;27966;I
27984;question;Que peut-on déduire globalement de l'effet produit par cette visite sur l'intérêt de Selma pour la nature et les insectes observés ?;cette expérience sensorielle et éducative renforce durablement sa curiosité et son émerveillement pour le monde naturel;cette visite la laisse totalement indifférente une fois revenue à son école habituelle;elle développe au contraire une certaine crainte des papillons suite à cette visite réalisée;cette sortie ne suscite chez elle qu'un intérêt très passager et rapidement oublie;27966;I
27985;question;Que peut-on déduire du souhait exprimé par Selma de revenir visiter ce jardin des papillons en compagnie de ses propres parents ?;elle souhaite sincèrement partager avec sa famille une expérience qu'elle a elle-même trouvée particulièrement enrichissante;elle exprime ce souhait uniquement par politesse envers son enseignante ayant organise cette sortie;elle a en réalité déjà oublié l'émerveillement ressenti durant cette visite réalisée avec sa classe;elle préférerait en réalité découvrir un tout autre lieu plutôt que de revenir dans ce même jardin;27966;I
27986;question;Que peut-on déduire de l'application avec laquelle Selma dessine le papillon bleu une fois revenue à l'école après cette visite ?;elle cherche à conserver durablement le souvenir précis d'un moment qui l'a profondément marquée sur le plan personnel;elle doit obligatoirement rendre ce dessin note à sa maîtresse d'école dès le lendemain matin;elle a déjà oublié à quoi ressemblait précisément ce papillon dès sa sortie de la serre visitée;elle dessine ce papillon uniquement pour impressionner ses propres camarades de classe;27966;I
