question_id;classe;matiere_csv;notion
100000;ce1;conjugaison;present
100001;ce1;conjugaison;present
100002;ce1;conjugaison;present
100003;ce1;conjugaison;present
100004;ce1;conjugaison;present
100005;ce1;conjugaison;present
100006;ce1;conjugaison;present
100007;ce1;conjugaison;present
100008;ce1;conjugaison;present
100009;ce1;conjugaison;present
100010;ce1;conjugaison;present
100011;ce1;conjugaison;present
100012;ce1;conjugaison;present
100013;ce1;conjugaison;present
100014;ce1;conjugaison;present
100015;ce1;conjugaison;present
100016;ce1;conjugaison;present
100017;ce1;conjugaison;present
100018;ce1;conjugaison;present
100019;ce1;conjugaison;present
100020;ce1;conjugaison;present
100021;ce1;conjugaison;present
100022;ce1;conjugaison;present
100023;ce1;conjugaison;present
100024;ce1;conjugaison;present
100025;ce1;conjugaison;present
100026;ce1;conjugaison;present
100027;ce1;conjugaison;present
100028;ce1;conjugaison;present
100029;ce1;conjugaison;present
100030;ce1;conjugaison;present
100031;ce1;conjugaison;present
100032;ce1;conjugaison;present
100033;ce1;conjugaison;present
100034;ce1;conjugaison;present
100035;ce1;conjugaison;present
100036;ce1;conjugaison;present
100037;ce1;conjugaison;present
100038;ce1;conjugaison;present
100039;ce1;conjugaison;present
100040;ce1;conjugaison;present
100041;ce1;conjugaison;present
100042;ce1;conjugaison;present
100043;ce1;conjugaison;present
100044;ce1;conjugaison;present
100045;ce1;conjugaison;present
100046;ce1;conjugaison;present
100047;ce1;conjugaison;present
100048;ce1;conjugaison;present
100049;ce1;conjugaison;present
100050;ce1;conjugaison;present
100051;ce1;conjugaison;present
100052;ce1;conjugaison;present
100053;ce1;conjugaison;present
100054;ce1;conjugaison;present
100055;ce1;conjugaison;present
100056;ce1;conjugaison;present
100057;ce1;conjugaison;present
100058;ce1;conjugaison;present
100059;ce1;conjugaison;present
100060;ce1;conjugaison;present
100061;ce1;conjugaison;present
100062;ce1;conjugaison;present
100063;ce1;conjugaison;present
100064;ce1;conjugaison;present
100065;ce1;conjugaison;present
100066;ce1;conjugaison;present
29000;ce1;conjugaison;present
29001;ce1;conjugaison;present
29002;ce1;conjugaison;present
29003;ce1;conjugaison;present
29004;ce1;conjugaison;present
29005;ce1;conjugaison;present
29006;ce1;conjugaison;present
29007;ce1;conjugaison;present
29008;ce1;conjugaison;present
29009;ce1;conjugaison;present
29010;ce1;conjugaison;present
29011;ce1;conjugaison;present
29012;ce1;conjugaison;present
29013;ce1;conjugaison;present
29014;ce1;conjugaison;present
29015;ce1;conjugaison;present
29016;ce1;conjugaison;present
29017;ce1;conjugaison;present
29018;ce1;conjugaison;present
29019;ce1;conjugaison;present
29020;ce1;conjugaison;present
29021;ce1;conjugaison;present
29022;ce1;conjugaison;present
29023;ce1;conjugaison;present
29024;ce1;conjugaison;present
29025;ce1;conjugaison;present
29026;ce1;conjugaison;present
29027;ce1;conjugaison;present
29028;ce1;conjugaison;present
29029;ce1;conjugaison;present
29030;ce1;conjugaison;present
29031;ce1;conjugaison;present
29032;ce1;conjugaison;present
29033;ce1;conjugaison;present
29034;ce1;conjugaison;present
29035;ce1;conjugaison;present
29036;ce1;conjugaison;present
29037;ce1;conjugaison;present
29038;ce1;conjugaison;present
29039;ce1;conjugaison;present
29040;ce1;conjugaison;present
29041;ce1;conjugaison;present
29042;ce1;conjugaison;present
29043;ce1;conjugaison;present
29044;ce1;conjugaison;present
29045;ce1;conjugaison;present
29046;ce1;conjugaison;present
29047;ce1;conjugaison;present
29048;ce1;conjugaison;present
29049;ce1;conjugaison;present
29050;ce1;conjugaison;present
29051;ce1;conjugaison;present
29052;ce1;conjugaison;present
29053;ce1;conjugaison;present
29054;ce1;conjugaison;present
29055;ce1;conjugaison;present
29056;ce1;conjugaison;present
29057;ce1;conjugaison;present
29058;ce1;conjugaison;present
29059;ce1;conjugaison;present
29060;ce1;conjugaison;present
29061;ce1;conjugaison;present
29062;ce1;conjugaison;present
29063;ce1;conjugaison;present
29064;ce1;conjugaison;present
29065;ce1;conjugaison;present
29066;ce1;conjugaison;present
29067;ce1;conjugaison;present
29068;ce1;conjugaison;present
29069;ce1;conjugaison;present
29070;ce1;conjugaison;present
29071;ce1;conjugaison;present
29072;ce1;conjugaison;present
29073;ce1;conjugaison;present
29074;ce1;conjugaison;present
29075;ce1;conjugaison;present
29076;ce1;conjugaison;present
29077;ce1;conjugaison;present
29078;ce1;conjugaison;present
29079;ce1;conjugaison;present
29080;ce1;conjugaison;present
29081;ce1;conjugaison;present
29082;ce1;conjugaison;present
29083;ce1;conjugaison;present
29084;ce1;conjugaison;present
29085;ce1;conjugaison;present
29086;ce1;conjugaison;present
29087;ce1;conjugaison;present
29088;ce1;conjugaison;present
29089;ce1;conjugaison;present
29090;ce1;conjugaison;present
29091;ce1;conjugaison;present
29092;ce1;conjugaison;present
29093;ce1;conjugaison;present
29094;ce1;conjugaison;present
29095;ce1;conjugaison;present
29096;ce1;conjugaison;present
29097;ce1;conjugaison;present
29098;ce1;conjugaison;present
29099;ce1;conjugaison;present
29100;ce1;conjugaison;present
29101;ce1;conjugaison;present
29102;ce1;conjugaison;present
29103;ce1;conjugaison;present
29104;ce1;conjugaison;present
29105;ce1;conjugaison;present
29106;ce1;conjugaison;present
29107;ce1;conjugaison;present
29108;ce1;conjugaison;present
29109;ce1;conjugaison;present
29110;ce1;conjugaison;present
29111;ce1;conjugaison;present
29112;ce1;conjugaison;present
29113;ce1;conjugaison;present
29114;ce1;conjugaison;present
29115;ce1;conjugaison;present
29116;ce1;conjugaison;present
29117;ce1;conjugaison;present
29118;ce1;conjugaison;present
29119;ce1;conjugaison;present
29120;ce1;conjugaison;present
29121;ce1;conjugaison;present
29122;ce1;conjugaison;present
29123;ce1;conjugaison;present
29124;ce1;conjugaison;present
29125;ce1;conjugaison;present
29126;ce1;conjugaison;present
29127;ce1;conjugaison;present
29128;ce1;conjugaison;present
29129;ce1;conjugaison;present
29130;ce1;conjugaison;present
29131;ce1;conjugaison;present
29132;ce1;conjugaison;present
29133;ce1;conjugaison;present
29134;ce1;conjugaison;present
29135;ce1;conjugaison;present
29136;ce1;conjugaison;present
29137;ce1;conjugaison;present
29138;ce1;conjugaison;present
29139;ce1;conjugaison;present
29140;ce1;conjugaison;present
29141;ce1;conjugaison;present
29142;ce1;conjugaison;present
29143;ce1;conjugaison;present
29144;ce1;conjugaison;present
29145;ce1;conjugaison;present
29146;ce1;conjugaison;present
29147;ce1;conjugaison;present
29148;ce1;conjugaison;present
29149;ce1;conjugaison;present
29150;ce1;conjugaison;present
29151;ce1;conjugaison;present
29152;ce1;conjugaison;present
29153;ce1;conjugaison;present
29154;ce1;conjugaison;present
29155;ce1;conjugaison;present
29156;ce1;conjugaison;present
29157;ce1;conjugaison;present
29158;ce1;conjugaison;present
29159;ce1;conjugaison;present
29160;ce1;conjugaison;present
29161;ce1;conjugaison;present
29162;ce1;conjugaison;present
29163;ce1;conjugaison;present
29164;ce1;conjugaison;present
29165;ce1;conjugaison;present
29166;ce1;conjugaison;present
29167;ce1;conjugaison;present
29168;ce1;conjugaison;present
29169;ce1;conjugaison;present
29170;ce1;conjugaison;present
29171;ce1;conjugaison;present
29172;ce1;conjugaison;present
29173;ce1;conjugaison;present
29174;ce1;conjugaison;present
29175;ce1;conjugaison;present
29176;ce1;conjugaison;present
29177;ce1;conjugaison;present
29178;ce1;conjugaison;present
29179;ce1;conjugaison;present
29180;ce1;conjugaison;present
29181;ce1;conjugaison;present
29182;ce1;conjugaison;present
29183;ce1;conjugaison;present
29184;ce1;conjugaison;present
29185;ce1;conjugaison;present
29186;ce1;conjugaison;present
29187;ce1;conjugaison;present
29188;ce1;conjugaison;present
29189;ce1;conjugaison;present
29190;ce1;conjugaison;present
29191;ce1;conjugaison;present
29192;ce1;conjugaison;present
29193;ce1;conjugaison;present
29194;ce1;conjugaison;present
29195;ce1;conjugaison;present
29196;ce1;conjugaison;present
29197;ce1;conjugaison;present
29198;ce1;conjugaison;present
29199;ce1;conjugaison;present
29200;ce1;conjugaison;present
29201;ce1;conjugaison;present
29202;ce1;conjugaison;present
29203;ce1;conjugaison;present
29204;ce1;conjugaison;present
29205;ce1;conjugaison;present
29206;ce1;conjugaison;present
29207;ce1;conjugaison;present
29208;ce1;conjugaison;present
29209;ce1;conjugaison;present
29210;ce1;conjugaison;present
29211;ce1;conjugaison;present
29212;ce1;conjugaison;present
29213;ce1;conjugaison;present
29214;ce1;conjugaison;present
29215;ce1;conjugaison;present
29216;ce1;conjugaison;present
29217;ce1;conjugaison;present
29218;ce1;conjugaison;present
29219;ce1;conjugaison;present
29220;ce1;conjugaison;present
29221;ce1;conjugaison;present
29222;ce1;conjugaison;present
29223;ce1;conjugaison;present
29224;ce1;conjugaison;present
29225;ce1;conjugaison;present
29226;ce1;conjugaison;present
29227;ce1;conjugaison;present
29228;ce1;conjugaison;present
29229;ce1;conjugaison;present
29230;ce1;conjugaison;present
29231;ce1;conjugaison;present
29232;ce1;conjugaison;present
29233;ce1;conjugaison;present
29234;ce1;conjugaison;present
29235;ce1;conjugaison;present
29236;ce1;conjugaison;present
29237;ce1;conjugaison;present
29238;ce1;conjugaison;present
29239;ce1;conjugaison;present
29240;ce1;conjugaison;present
29241;ce1;conjugaison;present
29242;ce1;conjugaison;present
29243;ce1;conjugaison;present
29244;ce1;conjugaison;present
29245;ce1;conjugaison;present
29246;ce1;conjugaison;present
29247;ce1;conjugaison;present
29248;ce1;conjugaison;present
29249;ce1;conjugaison;present
29250;ce1;conjugaison;present
29251;ce1;conjugaison;present
29252;ce1;conjugaison;present
29253;ce1;conjugaison;present
29254;ce1;conjugaison;present
29255;ce1;conjugaison;present
29256;ce1;conjugaison;present
29257;ce1;conjugaison;present
29258;ce1;conjugaison;present
29259;ce1;conjugaison;present
29260;ce1;conjugaison;present
29261;ce1;conjugaison;present
29262;ce1;conjugaison;present
29263;ce1;conjugaison;present
29264;ce1;conjugaison;present
29265;ce1;conjugaison;present
29266;ce1;conjugaison;present
29267;ce1;conjugaison;present
29268;ce1;conjugaison;present
29269;ce1;conjugaison;present
29270;ce1;conjugaison;present
29271;ce1;conjugaison;present
29272;ce1;conjugaison;present
29273;ce1;conjugaison;present
29274;ce1;conjugaison;present
29275;ce1;conjugaison;present
29276;ce1;conjugaison;present
29277;ce1;conjugaison;present
29278;ce1;conjugaison;present
29279;ce1;conjugaison;present
29280;ce1;conjugaison;present
29281;ce1;conjugaison;present
29282;ce1;conjugaison;present
29283;ce1;conjugaison;present
29284;ce1;conjugaison;present
29285;ce1;conjugaison;present
29286;ce1;conjugaison;present
29287;ce1;conjugaison;present
29288;ce1;conjugaison;present
29289;ce1;conjugaison;present
29290;ce1;conjugaison;present
29291;ce1;conjugaison;present
29292;ce1;conjugaison;present
29293;ce1;conjugaison;present
29294;ce1;conjugaison;present
29295;ce1;conjugaison;present
29296;ce1;conjugaison;present
29297;ce1;conjugaison;present
29298;ce1;conjugaison;present
29299;ce1;conjugaison;present
29300;ce1;conjugaison;present
29301;ce1;conjugaison;present
29302;ce1;conjugaison;present
29303;ce1;conjugaison;present
29304;ce1;conjugaison;present
29305;ce1;conjugaison;present
29306;ce1;conjugaison;present
29307;ce1;conjugaison;present
29308;ce1;conjugaison;present
29309;ce1;conjugaison;present
29310;ce1;conjugaison;present
29311;ce1;conjugaison;present
29312;ce1;conjugaison;present
29313;ce1;conjugaison;present
29314;ce1;conjugaison;present
29315;ce1;conjugaison;present
29316;ce1;conjugaison;present
29317;ce1;conjugaison;present
29318;ce1;conjugaison;present
29319;ce1;conjugaison;present
29320;ce1;conjugaison;present
29321;ce1;conjugaison;present
29322;ce1;conjugaison;present
29323;ce1;conjugaison;present
29324;ce1;conjugaison;present
29325;ce1;conjugaison;present
29326;ce1;conjugaison;present
29327;ce1;conjugaison;present
29328;ce1;conjugaison;present
29329;ce1;conjugaison;present
29330;ce1;conjugaison;present
29331;ce1;conjugaison;present
29332;ce1;conjugaison;present
29333;ce1;conjugaison;present
29334;ce1;conjugaison;present
29335;ce1;conjugaison;present
29336;ce1;conjugaison;present
29337;ce1;conjugaison;present
29338;ce1;conjugaison;present
29339;ce1;conjugaison;present
29340;ce1;conjugaison;present
29341;ce1;conjugaison;present
29342;ce1;conjugaison;present
29343;ce1;conjugaison;present
29344;ce1;conjugaison;present
29345;ce1;conjugaison;present
29346;ce1;conjugaison;present
29347;ce1;conjugaison;present
29348;ce1;conjugaison;present
29349;ce1;conjugaison;present
29350;ce1;conjugaison;present
29351;ce1;conjugaison;present
29352;ce1;conjugaison;present
29353;ce1;conjugaison;present
29354;ce1;conjugaison;present
29355;ce1;conjugaison;present
29356;ce1;conjugaison;present
29357;ce1;conjugaison;present
29358;ce1;conjugaison;present
29359;ce1;conjugaison;present
29360;ce1;conjugaison;present
29361;ce1;conjugaison;present
29362;ce1;conjugaison;present
29363;ce1;conjugaison;present
29364;ce1;conjugaison;present
29365;ce1;conjugaison;present
29366;ce1;conjugaison;present
29367;ce1;conjugaison;present
29368;ce1;conjugaison;present
29369;ce1;conjugaison;present
29370;ce1;conjugaison;present
29371;ce1;conjugaison;present
29372;ce1;conjugaison;present
29373;ce1;conjugaison;present
29374;ce1;conjugaison;present
29375;ce1;conjugaison;present
29376;ce1;conjugaison;present
29377;ce1;conjugaison;present
29378;ce1;conjugaison;present
29379;ce1;conjugaison;present
29380;ce1;conjugaison;present
29381;ce1;conjugaison;present
29382;ce1;conjugaison;present
29383;ce1;conjugaison;present
29384;ce1;conjugaison;present
29385;ce1;conjugaison;present
29386;ce1;conjugaison;present
29387;ce1;conjugaison;present
29388;ce1;conjugaison;present
29389;ce1;conjugaison;present
29390;ce1;conjugaison;present
29391;ce1;conjugaison;present
29392;ce1;conjugaison;present
29393;ce1;conjugaison;present
29394;ce1;conjugaison;present
29395;ce1;conjugaison;present
29396;ce1;conjugaison;present
29397;ce1;conjugaison;present
29398;ce1;conjugaison;present
29399;ce1;conjugaison;present
29400;ce1;conjugaison;present
29401;ce1;conjugaison;present
29402;ce1;conjugaison;present
29403;ce1;conjugaison;present
29404;ce1;conjugaison;present
29405;ce1;conjugaison;present
29406;ce1;conjugaison;present
29407;ce1;conjugaison;present
29408;ce1;conjugaison;present
29409;ce1;conjugaison;present
29410;ce1;conjugaison;present
29411;ce1;conjugaison;present
29412;ce1;conjugaison;present
29413;ce1;conjugaison;present
29414;ce1;conjugaison;present
29415;ce1;conjugaison;present
29416;ce1;conjugaison;present
29417;ce1;conjugaison;present
29418;ce1;conjugaison;present
29419;ce1;conjugaison;present
29420;ce1;conjugaison;present
29421;ce1;conjugaison;present
29422;ce1;conjugaison;present
29423;ce1;conjugaison;present
29424;ce1;conjugaison;present
29425;ce1;conjugaison;present
29426;ce1;conjugaison;present
29427;ce1;conjugaison;present
29428;ce1;conjugaison;present
29429;ce1;conjugaison;present
29430;ce1;conjugaison;present
29431;ce1;conjugaison;present
29432;ce1;conjugaison;present
29433;ce1;conjugaison;present
29434;ce1;conjugaison;present
29435;ce1;conjugaison;present
29436;ce1;conjugaison;present
29437;ce1;conjugaison;present
29438;ce1;conjugaison;present
29439;ce1;conjugaison;present
29440;ce1;conjugaison;present
29441;ce1;conjugaison;present
29442;ce1;conjugaison;present
29443;ce1;conjugaison;present
29444;ce1;conjugaison;present
29445;ce1;conjugaison;present
29446;ce1;conjugaison;present
29447;ce1;conjugaison;present
29448;ce1;conjugaison;present
29449;ce1;conjugaison;present
29450;ce1;conjugaison;present
29451;ce1;conjugaison;present
29452;ce1;conjugaison;present
29453;ce1;conjugaison;present
29454;ce1;conjugaison;present
29455;ce1;conjugaison;present
29456;ce1;conjugaison;present
29457;ce1;conjugaison;present
29458;ce1;conjugaison;present
29459;ce1;conjugaison;present
29460;ce1;conjugaison;present
29461;ce1;conjugaison;present
29462;ce1;conjugaison;present
29463;ce1;conjugaison;present
29464;ce1;conjugaison;present
29465;ce1;conjugaison;present
29466;ce1;conjugaison;present
29467;ce1;conjugaison;present
29468;ce1;conjugaison;present
29469;ce1;conjugaison;present
29470;ce1;conjugaison;present
29471;ce1;conjugaison;present
29472;ce1;conjugaison;present
29473;ce1;conjugaison;present
29474;ce1;conjugaison;present
29475;ce1;conjugaison;present
29476;ce1;conjugaison;present
29477;ce1;conjugaison;present
29478;ce1;conjugaison;present
29479;ce1;conjugaison;present
29480;ce1;conjugaison;present
29481;ce1;conjugaison;present
29482;ce1;conjugaison;present
29483;ce1;conjugaison;present
29484;ce1;conjugaison;present
29485;ce1;conjugaison;present
29486;ce1;conjugaison;present
29487;ce1;conjugaison;present
29488;ce1;conjugaison;present
29489;ce1;conjugaison;present
29490;ce1;conjugaison;present
29491;ce1;conjugaison;present
29492;ce1;conjugaison;present
29493;ce1;conjugaison;present
29494;ce1;conjugaison;present
29495;ce1;conjugaison;present
29496;ce1;conjugaison;present
29497;ce1;conjugaison;present
29498;ce1;conjugaison;present
29499;ce1;conjugaison;present
29500;ce1;conjugaison;present
29501;ce1;conjugaison;present
29502;ce1;conjugaison;present
29503;ce1;conjugaison;present
29504;ce1;conjugaison;present
29505;ce1;conjugaison;present
29506;ce1;conjugaison;present
29507;ce1;conjugaison;present
29508;ce1;conjugaison;present
29509;ce1;conjugaison;present
29510;ce1;conjugaison;present
29511;ce1;conjugaison;present
29512;ce1;conjugaison;present
29513;ce1;conjugaison;present
29514;ce1;conjugaison;present
29515;ce1;conjugaison;present
29516;ce1;conjugaison;present
29517;ce1;conjugaison;present
29518;ce1;conjugaison;present
29519;ce1;conjugaison;present
29520;ce1;conjugaison;present
29521;ce1;conjugaison;present
29522;ce1;conjugaison;present
29523;ce1;conjugaison;present
29524;ce1;conjugaison;present
29525;ce1;conjugaison;present
29526;ce1;conjugaison;present
29527;ce1;conjugaison;present
29528;ce1;conjugaison;present
29529;ce1;conjugaison;present
29530;ce1;conjugaison;present
29531;ce1;conjugaison;present
29532;ce1;conjugaison;present
29533;ce1;conjugaison;present
29534;ce1;conjugaison;present
29535;ce1;conjugaison;present
29536;ce1;conjugaison;present
29537;ce1;conjugaison;present
29538;ce1;conjugaison;present
29539;ce1;conjugaison;present
29540;ce1;conjugaison;present
29541;ce1;conjugaison;present
29542;ce1;conjugaison;present
29543;ce1;conjugaison;present
29544;ce1;conjugaison;present
29545;ce1;conjugaison;present
29546;ce1;conjugaison;present
29547;ce1;conjugaison;present
29548;ce1;conjugaison;present
29549;ce1;conjugaison;present
29550;ce1;conjugaison;present
29551;ce1;conjugaison;present
29552;ce1;conjugaison;present
29553;ce1;conjugaison;present
29554;ce1;conjugaison;present
29555;ce1;conjugaison;present
29556;ce1;conjugaison;present
29557;ce1;conjugaison;present
29558;ce1;conjugaison;present
29559;ce1;conjugaison;present
29560;ce1;conjugaison;present
29561;ce1;conjugaison;present
29562;ce1;conjugaison;present
29563;ce1;conjugaison;present
29564;ce1;conjugaison;present
29565;ce1;conjugaison;present
29566;ce1;conjugaison;present
29567;ce1;conjugaison;present
29568;ce1;conjugaison;present
29569;ce1;conjugaison;present
29570;ce1;conjugaison;present
29571;ce1;conjugaison;present
29572;ce1;conjugaison;present
29573;ce1;conjugaison;present
29574;ce1;conjugaison;present
29575;ce1;conjugaison;present
29576;ce1;conjugaison;present
29577;ce1;conjugaison;present
29578;ce1;conjugaison;present
29579;ce1;conjugaison;present
29580;ce1;conjugaison;present
29581;ce1;conjugaison;present
29582;ce1;conjugaison;present
29583;ce1;conjugaison;present
29584;ce1;conjugaison;present
29585;ce1;conjugaison;present
29586;ce1;conjugaison;present
29587;ce1;conjugaison;present
29588;ce1;conjugaison;present
29589;ce1;conjugaison;present
29590;ce1;conjugaison;present
29591;ce1;conjugaison;present
29592;ce1;conjugaison;present
29593;ce1;conjugaison;present
29594;ce1;conjugaison;present
29595;ce1;conjugaison;present
29596;ce1;conjugaison;present
29597;ce1;conjugaison;present
29598;ce1;conjugaison;present
29599;ce1;conjugaison;present
29600;ce1;conjugaison;present
29601;ce1;conjugaison;present
29602;ce1;conjugaison;present
29603;ce1;conjugaison;present
29604;ce1;conjugaison;present
29605;ce1;conjugaison;present
29606;ce1;conjugaison;present
29607;ce1;conjugaison;present
29608;ce1;conjugaison;present
29609;ce1;conjugaison;present
29610;ce1;conjugaison;present
29611;ce1;conjugaison;present
29612;ce1;conjugaison;present
29613;ce1;conjugaison;present
29614;ce1;conjugaison;present
29615;ce1;conjugaison;present
29616;ce1;conjugaison;present
29617;ce1;conjugaison;present
29618;ce1;conjugaison;present
29619;ce1;conjugaison;present
29620;ce1;conjugaison;present
29621;ce1;conjugaison;present
29622;ce1;conjugaison;present
29623;ce1;conjugaison;present
29624;ce1;conjugaison;present
29625;ce1;conjugaison;present
29626;ce1;conjugaison;present
29627;ce1;conjugaison;present
29628;ce1;conjugaison;present
29629;ce1;conjugaison;present
29630;ce1;conjugaison;present
29631;ce1;conjugaison;present
29632;ce1;conjugaison;present
29633;ce1;conjugaison;present
29634;ce1;conjugaison;present
29635;ce1;conjugaison;present
29636;ce1;conjugaison;present
29637;ce1;conjugaison;present
29638;ce1;conjugaison;present
29639;ce1;conjugaison;present
29640;ce1;conjugaison;present
29641;ce1;conjugaison;present
29642;ce1;conjugaison;present
29643;ce1;conjugaison;present
29644;ce1;conjugaison;present
29645;ce1;conjugaison;present
29646;ce1;conjugaison;present
29647;ce1;conjugaison;present
29648;ce1;conjugaison;present
29649;ce1;conjugaison;present
29650;ce1;conjugaison;present
29651;ce1;conjugaison;present
29652;ce1;conjugaison;present
29653;ce1;conjugaison;present
29654;ce1;conjugaison;present
29655;ce1;conjugaison;present
29656;ce1;conjugaison;present
29657;ce1;conjugaison;present
29658;ce1;conjugaison;present
29659;ce1;conjugaison;present
29660;ce1;conjugaison;present
29661;ce1;conjugaison;present
29662;ce1;conjugaison;present
29663;ce1;conjugaison;present
29664;ce1;conjugaison;present
29665;ce1;conjugaison;present
29666;ce1;conjugaison;present
29667;ce1;conjugaison;present
29668;ce1;conjugaison;present
29669;ce1;conjugaison;present
29670;ce1;conjugaison;present
29671;ce1;conjugaison;present
29672;ce1;conjugaison;present
29673;ce1;conjugaison;present
29674;ce1;conjugaison;present
29675;ce1;conjugaison;present
29676;ce1;conjugaison;present
29677;ce1;conjugaison;present
29678;ce1;conjugaison;present
29679;ce1;conjugaison;present
29680;ce1;conjugaison;present
29681;ce1;conjugaison;present
29682;ce1;conjugaison;present
29683;ce1;conjugaison;present
29684;ce1;conjugaison;present
29685;ce1;conjugaison;present
29686;ce1;conjugaison;present
29687;ce1;conjugaison;present
29688;ce1;conjugaison;present
29689;ce1;conjugaison;present
29690;ce1;conjugaison;present
29691;ce1;conjugaison;present
29692;ce1;conjugaison;present
29693;ce1;conjugaison;present
29694;ce1;conjugaison;present
29695;ce1;conjugaison;present
29696;ce1;conjugaison;present
29697;ce1;conjugaison;present
29698;ce1;conjugaison;present
29699;ce1;conjugaison;present
29700;ce1;conjugaison;present
29701;ce1;conjugaison;present
29702;ce1;conjugaison;present
29703;ce1;conjugaison;present
29704;ce1;conjugaison;present
29705;ce1;conjugaison;present
29706;ce1;conjugaison;present
29707;ce1;conjugaison;present
29708;ce1;conjugaison;present
29709;ce1;conjugaison;present
29710;ce1;conjugaison;present
29711;ce1;conjugaison;present
29712;ce1;conjugaison;present
29713;ce1;conjugaison;present
29714;ce1;conjugaison;present
29715;ce1;conjugaison;present
29716;ce1;conjugaison;present
29717;ce1;conjugaison;present
29718;ce1;conjugaison;present
29719;ce1;conjugaison;present
29720;ce1;conjugaison;present
29721;ce1;conjugaison;present
29722;ce1;conjugaison;present
29723;ce1;conjugaison;present
29724;ce1;conjugaison;present
29725;ce1;conjugaison;present
29726;ce1;conjugaison;present
29727;ce1;conjugaison;present
29728;ce1;conjugaison;present
29729;ce1;conjugaison;present
29730;ce1;conjugaison;present
29731;ce1;conjugaison;present
29732;ce1;conjugaison;present
29733;ce1;conjugaison;present
29734;ce1;conjugaison;present
29735;ce1;conjugaison;present
29736;ce1;conjugaison;present
29737;ce1;conjugaison;present
29738;ce1;conjugaison;present
29739;ce1;conjugaison;present
29740;ce1;conjugaison;present
29741;ce1;conjugaison;present
29742;ce1;conjugaison;present
29743;ce1;conjugaison;present
29744;ce1;conjugaison;present
29745;ce1;conjugaison;present
29746;ce1;conjugaison;present
29747;ce1;conjugaison;present
29748;ce1;conjugaison;present
29749;ce1;conjugaison;present
29750;ce1;conjugaison;present
29751;ce1;conjugaison;present
29752;ce1;conjugaison;present
29753;ce1;conjugaison;present
29754;ce1;conjugaison;present
29755;ce1;conjugaison;present
29756;ce1;conjugaison;present
29757;ce1;conjugaison;present
29758;ce1;conjugaison;present
29759;ce1;conjugaison;present
29760;ce1;conjugaison;present
29761;ce1;conjugaison;present
29762;ce1;conjugaison;present
29763;ce1;conjugaison;present
29764;ce1;conjugaison;present
29765;ce1;conjugaison;present
29766;ce1;conjugaison;present
29767;ce1;conjugaison;present
29768;ce1;conjugaison;present
29769;ce1;conjugaison;present
29770;ce1;conjugaison;present
29771;ce1;conjugaison;present
29772;ce1;conjugaison;present
29773;ce1;conjugaison;present
29774;ce1;conjugaison;present
29775;ce1;conjugaison;present
29776;ce1;conjugaison;present
29777;ce1;conjugaison;present
29778;ce1;conjugaison;present
29779;ce1;conjugaison;present
29780;ce1;conjugaison;present
29781;ce1;conjugaison;present
29782;ce1;conjugaison;present
29783;ce1;conjugaison;present
29784;ce1;conjugaison;present
29785;ce1;conjugaison;present
29786;ce1;conjugaison;present
29787;ce1;conjugaison;present
29788;ce1;conjugaison;present
29789;ce1;conjugaison;present
29790;ce1;conjugaison;present
29791;ce1;conjugaison;present
29792;ce1;conjugaison;present
29793;ce1;conjugaison;present
29794;ce1;conjugaison;present
29795;ce1;conjugaison;present
29796;ce1;conjugaison;present
29797;ce1;conjugaison;present
29798;ce1;conjugaison;present
29799;ce1;conjugaison;present
29800;ce1;conjugaison;present
29801;ce1;conjugaison;present
29802;ce1;conjugaison;present
29803;ce1;conjugaison;present
29804;ce1;conjugaison;present
29805;ce1;conjugaison;present
29806;ce1;conjugaison;present
29807;ce1;conjugaison;present
29808;ce1;conjugaison;present
29809;ce1;conjugaison;present
29810;ce1;conjugaison;present
29811;ce1;conjugaison;present
29812;ce1;conjugaison;present
29813;ce1;conjugaison;present
29814;ce1;conjugaison;present
29815;ce1;conjugaison;present
29816;ce1;conjugaison;present
29817;ce1;conjugaison;present
29818;ce1;conjugaison;present
29819;ce1;conjugaison;present
29820;ce1;conjugaison;present
29821;ce1;conjugaison;present
29822;ce1;conjugaison;present
29823;ce1;conjugaison;present
29824;ce1;conjugaison;present
29825;ce1;conjugaison;present
29826;ce1;conjugaison;present
29827;ce1;conjugaison;present
29828;ce1;conjugaison;present
29829;ce1;conjugaison;present
29830;ce1;conjugaison;present
29831;ce1;conjugaison;present
29832;ce1;conjugaison;present
29833;ce1;conjugaison;present
29834;ce1;conjugaison;present
29835;ce1;conjugaison;present
29836;ce1;conjugaison;present
29837;ce1;conjugaison;present
29838;ce1;conjugaison;present
29839;ce1;conjugaison;present
29840;ce1;conjugaison;present
29841;ce1;conjugaison;present
29842;ce1;conjugaison;present
29843;ce1;conjugaison;present
29844;ce1;conjugaison;present
29845;ce1;conjugaison;present
29846;ce1;conjugaison;present
29847;ce1;conjugaison;present
29848;ce1;conjugaison;present
29849;ce1;conjugaison;present
29850;ce1;conjugaison;present
29851;ce1;conjugaison;present
29852;ce1;conjugaison;present
29853;ce1;conjugaison;present
29854;ce1;conjugaison;present
29855;ce1;conjugaison;present
29856;ce1;conjugaison;present
29857;ce1;conjugaison;present
29858;ce1;conjugaison;present
29859;ce1;conjugaison;present
29860;ce1;conjugaison;present
29861;ce1;conjugaison;present
29862;ce1;conjugaison;present
29863;ce1;conjugaison;present
29864;ce1;conjugaison;present
29865;ce1;conjugaison;present
29866;ce1;conjugaison;present
29867;ce1;conjugaison;present
29868;ce1;conjugaison;present
29869;ce1;conjugaison;present
29870;ce1;conjugaison;present
29871;ce1;conjugaison;present
29872;ce1;conjugaison;present
29873;ce1;conjugaison;present
29874;ce1;conjugaison;present
29875;ce1;conjugaison;present
29876;ce1;conjugaison;present
29877;ce1;conjugaison;present
29878;ce1;conjugaison;present
29879;ce1;conjugaison;present
29880;ce1;conjugaison;present
29881;ce1;conjugaison;present
29882;ce1;conjugaison;present
29883;ce1;conjugaison;present
29884;ce1;conjugaison;present
29885;ce1;conjugaison;present
29886;ce1;conjugaison;present
29887;ce1;conjugaison;present
29888;ce1;conjugaison;present
29889;ce1;conjugaison;present
29890;ce1;conjugaison;present
29891;ce1;conjugaison;present
29892;ce1;conjugaison;present
29893;ce1;conjugaison;present
29894;ce1;conjugaison;present
29895;ce1;conjugaison;present
29896;ce1;conjugaison;present
29897;ce1;conjugaison;present
29898;ce1;conjugaison;present
29899;ce1;conjugaison;present
29900;ce1;conjugaison;present
29901;ce1;conjugaison;present
29902;ce1;conjugaison;present
29903;ce1;conjugaison;present
29904;ce1;conjugaison;present
29905;ce1;conjugaison;present
29906;ce1;conjugaison;present
29907;ce1;conjugaison;present
29908;ce1;conjugaison;present
29909;ce1;conjugaison;present
29910;ce1;conjugaison;present
29911;ce1;conjugaison;present
29912;ce1;conjugaison;present
29913;ce1;conjugaison;present
29914;ce1;conjugaison;present
29915;ce1;conjugaison;present
29916;ce1;conjugaison;present
29917;ce1;conjugaison;present
29918;ce1;conjugaison;present
29919;ce1;conjugaison;present
29920;ce1;conjugaison;present
29921;ce1;conjugaison;present
29922;ce1;conjugaison;present
29923;ce1;conjugaison;present
29924;ce1;conjugaison;present
29925;ce1;conjugaison;present
29926;ce1;conjugaison;present
29927;ce1;conjugaison;present
29928;ce1;conjugaison;present
29929;ce1;conjugaison;present
29930;ce1;conjugaison;present
29931;ce1;conjugaison;present
29932;ce1;conjugaison;present
19000;ce1;english;en_ville_transports
19001;ce1;english;en_vetements
19002;ce1;english;en_corps
19003;ce1;english;en_loisirs_metiers
19004;ce1;english;en_calendrier
19005;ce1;english;en_maison_famille
19006;ce1;english;en_maison_famille
19007;ce1;english;en_couleurs
19008;ce1;english;en_corps
19009;ce1;english;en_nombres
19010;ce1;english;en_ville_transports
19011;ce1;english;en_meteo_nature
19012;ce1;english;en_maison_famille
19013;ce1;english;en_corps
19014;ce1;english;en_calendrier
19015;ce1;english;en_loisirs_metiers
19016;ce1;english;en_animaux
19017;ce1;english;en_couleurs
19018;ce1;english;en_loisirs_metiers
19019;ce1;english;en_vetements
19020;ce1;english;en_loisirs_metiers
19021;ce1;english;en_nombres
19022;ce1;english;en_animaux
19023;ce1;english;en_calendrier
19024;ce1;english;en_pays
19025;ce1;english;en_nourriture
19026;ce1;english;en_animaux
19027;ce1;english;en_vetements
19028;ce1;english;en_calendrier
19029;ce1;english;en_nourriture
19030;ce1;english;en_animaux
19031;ce1;english;en_maison_famille
19032;ce1;english;en_vetements
19033;ce1;english;en_pays
19034;ce1;english;en_nombres
19035;ce1;english;en_loisirs_metiers
19036;ce1;english;en_ville_transports
19037;ce1;english;en_maison_famille
19038;ce1;english;en_nourriture
19039;ce1;english;en_couleurs
19040;ce1;english;en_corps
19041;ce1;english;en_maison_famille
19042;ce1;english;en_calendrier
19043;ce1;english;en_vetements
19044;ce1;english;en_loisirs_metiers
19045;ce1;english;en_corps
19046;ce1;english;en_loisirs_metiers
19047;ce1;english;en_animaux
19048;ce1;english;en_loisirs_metiers
19049;ce1;english;en_loisirs_metiers
19050;ce1;english;en_meteo_nature
19051;ce1;english;en_vetements
19052;ce1;english;en_calendrier
19053;ce1;english;en_couleurs
19054;ce1;english;en_animaux
19055;ce1;english;en_nombres
19056;ce1;english;en_pays
19057;ce1;english;en_nombres
19058;ce1;english;en_animaux
19059;ce1;english;en_calendrier
19060;ce1;english;en_nombres
19061;ce1;english;en_nourriture
19062;ce1;english;en_loisirs_metiers
19063;ce1;english;en_loisirs_metiers
19064;ce1;english;en_nombres
19065;ce1;english;en_maison_famille
19066;ce1;english;en_loisirs_metiers
19067;ce1;english;en_calendrier
19068;ce1;english;en_animaux
19069;ce1;english;en_nombres
19070;ce1;english;en_nombres
19071;ce1;english;en_nombres
19072;ce1;english;en_nombres
19073;ce1;english;en_nombres
19074;ce1;english;en_nombres
19075;ce1;english;en_nombres
19076;ce1;english;en_nombres
19077;ce1;english;en_nombres
19078;ce1;english;en_nombres
19079;ce1;english;en_nombres
19080;ce1;english;en_nombres
19081;ce1;english;en_nombres
19082;ce1;english;en_nombres
19083;ce1;english;en_nombres
19084;ce1;english;en_nombres
19085;ce1;english;en_nombres
19086;ce1;english;en_nombres
19087;ce1;english;en_nombres
19088;ce1;english;en_nombres
19089;ce1;english;en_nombres
19090;ce1;english;en_nombres
19091;ce1;english;en_nombres
19092;ce1;english;en_nombres
19093;ce1;english;en_couleurs
19094;ce1;english;en_nombres
19095;ce1;english;en_couleurs
19096;ce1;english;en_couleurs
19097;ce1;english;en_ecole
19098;ce1;english;en_maison_famille
19099;ce1;english;en_couleurs
19100;ce1;english;en_loisirs_metiers
19101;ce1;english;en_animaux
19102;ce1;english;en_couleurs
19103;ce1;english;en_couleurs
19104;ce1;english;en_nombres
19105;ce1;english;en_loisirs_metiers
19106;ce1;english;en_maison_famille
19107;ce1;english;en_passe
19108;ce1;english;en_calendrier
19109;ce1;english;en_loisirs_metiers
19110;ce1;english;en_passe
19111;ce1;english;en_nourriture
19112;ce1;english;en_ville_transports
19113;ce1;english;en_ecole
19114;ce1;english;en_passe
19115;ce1;english;en_ecole
19116;ce1;english;en_loisirs_metiers
19117;ce1;english;en_nourriture
19118;ce1;english;en_nombres
19119;ce1;english;en_passe
19120;ce1;english;en_nourriture
19121;ce1;english;en_loisirs_metiers
19122;ce1;english;en_animaux
19123;ce1;english;en_maison_famille
19124;ce1;english;en_corps
19125;ce1;english;en_nourriture
19126;ce1;english;en_maison_famille
19127;ce1;english;en_animaux
19128;ce1;english;en_animaux
19129;ce1;english;en_animaux
19130;ce1;english;en_animaux
19131;ce1;english;en_animaux
19132;ce1;english;en_animaux
19133;ce1;english;en_animaux
19134;ce1;english;en_animaux
19135;ce1;english;en_animaux
19136;ce1;english;en_animaux
19137;ce1;english;en_animaux
19138;ce1;english;en_animaux
19139;ce1;english;en_corps
19140;ce1;english;en_corps
19141;ce1;english;en_meteo_nature
19142;ce1;english;en_nourriture
19143;ce1;english;en_corps
19144;ce1;english;en_corps
19145;ce1;english;en_corps
19146;ce1;english;en_corps
19147;ce1;english;en_animaux
19148;ce1;english;en_ecole
19149;ce1;english;en_corps
19150;ce1;english;en_corps
19151;ce1;english;en_corps
19152;ce1;english;en_corps
19153;ce1;english;en_maison_famille
19154;ce1;english;en_maison_famille
19155;ce1;english;en_maison_famille
19156;ce1;english;en_ville_transports
19157;ce1;english;en_maison_famille
19158;ce1;english;en_pays
19159;ce1;english;en_maison_famille
19160;ce1;english;en_emotions
19161;ce1;english;en_animaux
19162;ce1;english;en_calendrier
19163;ce1;english;en_maison_famille
19164;ce1;english;en_maison_famille
19165;ce1;english;en_vetements
19166;ce1;english;en_vetements
19167;ce1;english;en_vetements
19168;ce1;english;en_vetements
19169;ce1;english;en_vetements
19170;ce1;english;en_vetements
19171;ce1;english;en_vetements
19172;ce1;english;en_vetements
19173;ce1;english;en_vetements
19174;ce1;english;en_vetements
19175;ce1;english;en_vetements
19176;ce1;english;en_vetements
19177;ce1;english;en_nombres
19178;ce1;english;en_vetements
19179;ce1;english;en_maison_famille
19180;ce1;english;en_emotions
19181;ce1;english;en_loisirs_metiers
19182;ce1;english;en_animaux
19183;ce1;english;en_animaux
19184;ce1;english;en_pays
19185;ce1;english;en_ecole
19186;ce1;english;en_ecole
19187;ce1;english;en_meteo_nature
19188;ce1;english;en_loisirs_metiers
19189;ce1;english;en_animaux
19190;ce1;english;en_emotions
19191;ce1;english;en_animaux
19192;ce1;english;en_animaux
19193;ce1;english;en_maison_famille
19194;ce1;english;en_maison_famille
19195;ce1;english;en_loisirs_metiers
19196;ce1;english;en_loisirs_metiers
19197;ce1;english;en_maison_famille
19198;ce1;english;en_maison_famille
19199;ce1;english;en_maison_famille
19200;ce1;english;en_maison_famille
19201;ce1;english;en_maison_famille
19202;ce1;english;en_maison_famille
19203;ce1;english;en_maison_famille
19204;ce1;english;en_maison_famille
19205;ce1;english;en_maison_famille
19206;ce1;english;en_maison_famille
19207;ce1;english;en_maison_famille
19208;ce1;english;en_maison_famille
19209;ce1;english;en_emotions
19210;ce1;english;en_emotions
19211;ce1;english;en_emotions
19212;ce1;english;en_emotions
19213;ce1;english;en_emotions
19214;ce1;english;en_emotions
19215;ce1;english;en_emotions
19216;ce1;english;en_emotions
19217;ce1;english;en_adjectifs
19218;ce1;english;en_adjectifs
19219;ce1;english;en_emotions
19220;ce1;english;en_emotions
19221;ce1;english;en_loisirs_metiers
19222;ce1;english;en_ecole
19223;ce1;english;en_meteo_nature
19224;ce1;english;en_loisirs_metiers
19225;ce1;english;en_loisirs_metiers
19226;ce1;english;en_ville_transports
19227;ce1;english;en_ville_transports
19228;ce1;english;en_nourriture
19229;ce1;english;en_loisirs_metiers
19230;ce1;english;en_meteo_nature
19231;ce1;english;en_loisirs_metiers
19232;ce1;english;en_maison_famille
19233;ce1;english;en_nourriture
19234;ce1;english;en_nourriture
19235;ce1;english;en_emotions
19236;ce1;english;en_emotions
19237;ce1;english;en_loisirs_metiers
19238;ce1;english;en_loisirs_metiers
19239;ce1;english;en_loisirs_metiers
19240;ce1;english;en_loisirs_metiers
19241;ce1;english;en_loisirs_metiers
19242;ce1;english;en_loisirs_metiers
19243;ce1;english;en_loisirs_metiers
19244;ce1;english;en_loisirs_metiers
19245;ce1;english;en_loisirs_metiers
19246;ce1;english;en_loisirs_metiers
19247;ce1;english;en_loisirs_metiers
19248;ce1;english;en_loisirs_metiers
19249;ce1;english;en_loisirs_metiers
19250;ce1;english;en_loisirs_metiers
19251;ce1;english;en_loisirs_metiers
19252;ce1;english;en_loisirs_metiers
19253;ce1;english;en_loisirs_metiers
19254;ce1;english;en_loisirs_metiers
19255;ce1;english;en_vetements
19256;ce1;english;en_nourriture
19257;ce1;english;en_meteo_nature
19258;ce1;english;en_passe
19259;ce1;english;en_loisirs_metiers
19260;ce1;english;en_maison_famille
19261;ce1;english;en_meteo_nature
19262;ce1;english;en_vetements
19263;ce1;english;en_adjectifs
19264;ce1;english;en_adjectifs
19265;ce1;english;en_adjectifs
19266;ce1;english;en_adjectifs
19267;ce1;english;en_meteo_nature
19268;ce1;english;en_meteo_nature
19269;ce1;english;en_questions_lieux
19270;ce1;english;en_questions_lieux
19271;ce1;english;en_questions_lieux
19272;ce1;english;en_questions_lieux
19273;ce1;english;en_questions_lieux
19274;ce1;english;en_questions_lieux
19275;ce1;english;en_questions_lieux
19276;ce1;english;en_questions_lieux
19277;ce1;english;en_questions_lieux
19278;ce1;english;en_questions_lieux
19279;ce1;english;en_questions_lieux
19280;ce1;english;en_questions_lieux
19281;ce1;english;en_verbes
19282;ce1;english;en_verbes
19283;ce1;english;en_verbes
19284;ce1;english;en_verbes
19285;ce1;english;en_verbes
19286;ce1;english;en_verbes
19287;ce1;english;en_verbes
19288;ce1;english;en_verbes
19289;ce1;english;en_verbes
19290;ce1;english;en_verbes
19291;ce1;english;en_verbes
19292;ce1;english;en_verbes
19293;ce1;english;en_verbes
19294;ce1;english;en_verbes
19295;ce1;english;en_verbes
19296;ce1;english;en_verbes
19297;ce1;english;en_animaux
19298;ce1;english;en_animaux
19299;ce1;english;en_verbes
19300;ce1;english;en_verbes
19301;ce1;english;en_verbes
19302;ce1;english;en_verbes
19303;ce1;english;en_verbes
19304;ce1;english;en_verbes
19305;ce1;english;en_questions_lieux
19306;ce1;english;en_questions_lieux
19307;ce1;english;en_questions_lieux
19308;ce1;english;en_questions_lieux
19309;ce1;english;en_questions_lieux
19310;ce1;english;en_questions_lieux
19311;ce1;english;en_questions_lieux
19312;ce1;english;en_questions_lieux
19313;ce1;english;en_questions_lieux
19314;ce1;english;en_questions_lieux
19315;ce1;english;en_questions_lieux
19316;ce1;english;en_questions_lieux
19317;ce1;english;en_consignes_obligation
19318;ce1;english;en_consignes_obligation
19319;ce1;english;en_consignes_obligation
19320;ce1;english;en_consignes_obligation
19321;ce1;english;en_consignes_obligation
19322;ce1;english;en_consignes_obligation
19323;ce1;english;en_consignes_obligation
19324;ce1;english;en_consignes_obligation
19325;ce1;english;en_consignes_obligation
19326;ce1;english;en_consignes_obligation
19327;ce1;english;en_consignes_obligation
19328;ce1;english;en_consignes_obligation
19329;ce1;english;en_consignes_obligation
19330;ce1;english;en_consignes_obligation
19331;ce1;english;en_consignes_obligation
19332;ce1;english;en_consignes_obligation
19333;ce1;english;en_consignes_obligation
19334;ce1;english;en_consignes_obligation
19335;ce1;english;en_consignes_obligation
19336;ce1;english;en_consignes_obligation
19337;ce1;english;en_consignes_obligation
19338;ce1;english;en_consignes_obligation
19339;ce1;english;en_consignes_obligation
19340;ce1;english;en_consignes_obligation
19341;ce1;english;en_couleurs
19342;ce1;english;en_nombres
19343;ce1;english;en_loisirs_metiers
19344;ce1;english;en_nourriture
19345;ce1;english;en_meteo_nature
19346;ce1;english;en_ville_transports
19347;ce1;english;en_animaux
19348;ce1;english;en_nombres
19349;ce1;english;en_loisirs_metiers
19350;ce1;english;en_couleurs
19351;ce1;english;en_ville_transports
19352;ce1;english;en_gouts
19353;ce1;english;en_gouts
19354;ce1;english;en_gouts
19355;ce1;english;en_gouts
19356;ce1;english;en_gouts
19357;ce1;english;en_gouts
19358;ce1;english;en_gouts
19359;ce1;english;en_gouts
19360;ce1;english;en_nourriture
19361;ce1;english;en_loisirs_metiers
19362;ce1;english;en_nourriture
19363;ce1;english;en_meteo_nature
19364;ce1;english;en_corps
19365;ce1;english;en_ville_transports
19366;ce1;english;en_passe
19367;ce1;english;en_couleurs
19368;ce1;english;en_maison_famille
19369;ce1;english;en_nourriture
19370;ce1;english;en_animaux
19371;ce1;english;en_loisirs_metiers
19372;ce1;english;en_gouts
19373;ce1;english;en_gouts
19374;ce1;english;en_gouts
19375;ce1;english;en_gouts
19376;ce1;english;en_gouts
19377;ce1;english;en_gouts
19378;ce1;english;en_adjectifs
19379;ce1;english;en_loisirs_metiers
19380;ce1;english;en_nombres
19381;ce1;english;en_couleurs
19382;ce1;english;en_couleurs
19383;ce1;english;en_meteo_nature
19384;ce1;english;en_nourriture
19385;ce1;english;en_couleurs
19386;ce1;english;en_meteo_nature
19387;ce1;english;en_ville_transports
19388;ce1;english;en_nourriture
19389;ce1;english;en_gouts
19390;ce1;english;en_gouts
19391;ce1;english;en_gouts
19392;ce1;english;en_gouts
19393;ce1;english;en_gouts
19394;ce1;english;en_gouts
19395;ce1;english;en_gouts
19396;ce1;english;en_gouts
19397;ce1;english;en_maison_famille
19398;ce1;english;en_pays
19399;ce1;english;en_maison_famille
19400;ce1;english;en_nourriture
19401;ce1;english;en_vetements
19402;ce1;english;en_animaux
19403;ce1;english;en_loisirs_metiers
19404;ce1;english;en_loisirs_metiers
19405;ce1;english;en_maison_famille
19406;ce1;english;en_corps
19407;ce1;english;en_meteo_nature
19408;ce1;english;en_meteo_nature
19409;ce1;english;en_gouts
19410;ce1;english;en_gouts
19411;ce1;english;en_gouts
19412;ce1;english;en_gouts
19413;ce1;english;en_gouts
19414;ce1;english;en_gouts
19415;ce1;english;en_loisirs_metiers
19416;ce1;english;en_meteo_nature
19417;ce1;english;en_loisirs_metiers
19418;ce1;english;en_meteo_nature
19419;ce1;english;en_ville_transports
19420;ce1;english;en_meteo_nature
19421;ce1;english;en_maison_famille
19422;ce1;english;en_meteo_nature
19423;ce1;english;en_loisirs_metiers
19424;ce1;english;en_meteo_nature
19425;ce1;english;en_meteo_nature
19426;ce1;english;en_meteo_nature
19427;ce1;english;en_meteo_nature
19428;ce1;english;en_meteo_nature
19429;ce1;english;en_meteo_nature
19430;ce1;english;en_meteo_nature
19431;ce1;english;en_meteo_nature
19432;ce1;english;en_avoir_etre
19433;ce1;english;en_animaux
19434;ce1;english;en_avoir_etre
19435;ce1;english;en_loisirs_metiers
19436;ce1;english;en_avoir_etre
19437;ce1;english;en_loisirs_metiers
19438;ce1;english;en_avoir_etre
19439;ce1;english;en_nourriture
19440;ce1;english;en_avoir_etre
19441;ce1;english;en_animaux
19442;ce1;english;en_avoir_etre
19443;ce1;english;en_avoir_etre
19444;ce1;english;en_avoir_etre
19445;ce1;english;en_avoir_etre
19446;ce1;english;en_avoir_etre
19447;ce1;english;en_maison_famille
19448;ce1;english;en_nourriture
19449;ce1;english;en_animaux
19450;ce1;english;en_passe
19451;ce1;english;en_maison_famille
19452;ce1;english;en_meteo_nature
19453;ce1;english;en_nourriture
19454;ce1;english;en_animaux
19455;ce1;english;en_loisirs_metiers
19456;ce1;english;en_loisirs_metiers
19457;ce1;english;en_ville_transports
19458;ce1;english;en_maison_famille
19459;ce1;english;en_avoir_etre
19460;ce1;english;en_avoir_etre
19461;ce1;english;en_avoir_etre
19462;ce1;english;en_avoir_etre
19463;ce1;english;en_avoir_etre
19464;ce1;english;en_avoir_etre
19465;ce1;english;en_avoir_etre
19466;ce1;english;en_avoir_etre
19467;ce1;english;en_avoir_etre
19468;ce1;english;en_avoir_etre
19469;ce1;english;en_avoir_etre
19470;ce1;english;en_avoir_etre
19471;ce1;english;en_avoir_etre
19472;ce1;english;en_avoir_etre
19473;ce1;english;en_avoir_etre
19474;ce1;english;en_avoir_etre
19475;ce1;english;en_avoir_etre
19476;ce1;english;en_avoir_etre
19477;ce1;english;en_questions_lieux
19478;ce1;english;en_questions_lieux
19479;ce1;english;en_questions_lieux
19480;ce1;english;en_questions_lieux
19481;ce1;english;en_questions_lieux
19482;ce1;english;en_questions_lieux
19483;ce1;english;en_questions_lieux
19484;ce1;english;en_questions_lieux
19485;ce1;english;en_questions_lieux
19486;ce1;english;en_questions_lieux
19487;ce1;english;en_questions_lieux
19488;ce1;english;en_questions_lieux
19489;ce1;english;en_avoir_etre
19490;ce1;english;en_avoir_etre
19491;ce1;english;en_avoir_etre
19492;ce1;english;en_avoir_etre
19493;ce1;english;en_avoir_etre
19494;ce1;english;en_avoir_etre
19495;ce1;english;en_avoir_etre
19496;ce1;english;en_avoir_etre
19497;ce1;english;en_avoir_etre
19498;ce1;english;en_avoir_etre
19499;ce1;english;en_avoir_etre
19500;ce1;english;en_avoir_etre
19501;ce1;english;en_decrire_position
19502;ce1;english;en_decrire_position
19503;ce1;english;en_avoir_etre
19504;ce1;english;en_avoir_etre
19505;ce1;english;en_avoir_etre
19506;ce1;english;en_avoir_etre
19507;ce1;english;en_avoir_etre
19508;ce1;english;en_avoir_etre
19509;ce1;english;en_avoir_etre
19510;ce1;english;en_avoir_etre
19511;ce1;english;en_avoir_etre
19512;ce1;english;en_avoir_etre
19513;ce1;english;en_avoir_etre
19514;ce1;english;en_avoir_etre
19515;ce1;english;en_avoir_etre
19516;ce1;english;en_avoir_etre
19517;ce1;english;en_decrire_position
19518;ce1;english;en_decrire_position
19519;ce1;english;en_avoir_etre
19520;ce1;english;en_avoir_etre
19521;ce1;english;en_avoir_etre
19522;ce1;english;en_avoir_etre
19523;ce1;english;en_avoir_etre
19524;ce1;english;en_avoir_etre
19525;ce1;english;en_avoir_etre
19526;ce1;english;en_avoir_etre
19527;ce1;english;en_avoir_etre
19528;ce1;english;en_avoir_etre
19529;ce1;english;en_avoir_etre
19530;ce1;english;en_avoir_etre
19531;ce1;english;en_avoir_etre
19532;ce1;english;en_avoir_etre
19533;ce1;english;en_decrire_position
19534;ce1;english;en_decrire_position
19535;ce1;english;en_avoir_etre
19536;ce1;english;en_avoir_etre
19537;ce1;english;en_avoir_etre
19538;ce1;english;en_avoir_etre
19539;ce1;english;en_avoir_etre
19540;ce1;english;en_avoir_etre
19541;ce1;english;en_avoir_etre
19542;ce1;english;en_avoir_etre
19543;ce1;english;en_avoir_etre
19544;ce1;english;en_avoir_etre
19545;ce1;english;en_avoir_etre
19546;ce1;english;en_avoir_etre
19547;ce1;english;en_avoir_etre
19548;ce1;english;en_avoir_etre
19549;ce1;english;en_decrire_position
19550;ce1;english;en_decrire_position
19551;ce1;english;en_avoir_etre
19552;ce1;english;en_avoir_etre
19553;ce1;english;en_avoir_etre
19554;ce1;english;en_avoir_etre
19555;ce1;english;en_avoir_etre
19556;ce1;english;en_avoir_etre
19557;ce1;english;en_avoir_etre
19558;ce1;english;en_avoir_etre
19559;ce1;english;en_avoir_etre
19560;ce1;english;en_avoir_etre
19561;ce1;english;en_avoir_etre
19562;ce1;english;en_avoir_etre
19563;ce1;english;en_avoir_etre
19564;ce1;english;en_avoir_etre
19565;ce1;english;en_decrire_position
19566;ce1;english;en_decrire_position
19567;ce1;english;en_avoir_etre
19568;ce1;english;en_avoir_etre
100067;ce1;grammaire;singulier_pluriel
100068;ce1;grammaire;singulier_pluriel
100069;ce1;grammaire;singulier_pluriel
100070;ce1;grammaire;singulier_pluriel
100071;ce1;grammaire;singulier_pluriel
100072;ce1;grammaire;singulier_pluriel
100073;ce1;grammaire;singulier_pluriel
100074;ce1;grammaire;singulier_pluriel
100075;ce1;grammaire;singulier_pluriel
100076;ce1;grammaire;singulier_pluriel
100077;ce1;grammaire;singulier_pluriel
100078;ce1;grammaire;singulier_pluriel
100079;ce1;grammaire;singulier_pluriel
100080;ce1;grammaire;singulier_pluriel
100081;ce1;grammaire;singulier_pluriel
100082;ce1;grammaire;singulier_pluriel
100083;ce1;grammaire;singulier_pluriel
100084;ce1;grammaire;singulier_pluriel
100085;ce1;grammaire;masculin_feminin
100086;ce1;grammaire;masculin_feminin
100087;ce1;grammaire;masculin_feminin
100088;ce1;grammaire;masculin_feminin
100089;ce1;grammaire;masculin_feminin
100090;ce1;grammaire;masculin_feminin
100091;ce1;grammaire;masculin_feminin
100092;ce1;grammaire;masculin_feminin
100093;ce1;grammaire;masculin_feminin
100094;ce1;grammaire;masculin_feminin
100095;ce1;grammaire;masculin_feminin
100096;ce1;grammaire;masculin_feminin
100097;ce1;grammaire;masculin_feminin
100098;ce1;grammaire;masculin_feminin
100099;ce1;grammaire;masculin_feminin
100100;ce1;grammaire;masculin_feminin
100101;ce1;grammaire;masculin_feminin
100102;ce1;grammaire;masculin_feminin
100103;ce1;grammaire;masculin_feminin
100104;ce1;grammaire;masculin_feminin
100105;ce1;grammaire;masculin_feminin
100106;ce1;grammaire;masculin_feminin
100107;ce1;grammaire;masculin_feminin
100108;ce1;grammaire;masculin_feminin
100109;ce1;grammaire;masculin_feminin
100110;ce1;grammaire;masculin_feminin
100111;ce1;grammaire;masculin_feminin
100112;ce1;grammaire;masculin_feminin
100113;ce1;grammaire;nature_mots
100114;ce1;grammaire;nature_mots
100115;ce1;grammaire;nature_mots
100116;ce1;grammaire;nature_mots
100117;ce1;grammaire;nature_mots
100118;ce1;grammaire;nature_mots
100119;ce1;grammaire;nature_mots
100120;ce1;grammaire;nature_mots
100121;ce1;grammaire;nature_mots
100122;ce1;grammaire;nature_mots
100123;ce1;grammaire;nature_mots
100124;ce1;grammaire;nature_mots
100125;ce1;grammaire;nature_mots
100126;ce1;grammaire;nature_mots
100127;ce1;grammaire;nature_mots
100128;ce1;grammaire;nature_mots
100129;ce1;grammaire;nature_mots
100130;ce1;grammaire;nature_mots
100131;ce1;grammaire;nature_mots
100132;ce1;grammaire;nature_mots
100133;ce1;grammaire;masculin_feminin
100134;ce1;grammaire;masculin_feminin
100135;ce1;grammaire;masculin_feminin
100136;ce1;grammaire;masculin_feminin
100137;ce1;grammaire;masculin_feminin
100138;ce1;grammaire;masculin_feminin
100139;ce1;grammaire;masculin_feminin
100140;ce1;grammaire;masculin_feminin
100141;ce1;grammaire;masculin_feminin
100142;ce1;grammaire;masculin_feminin
100143;ce1;grammaire;masculin_feminin
100144;ce1;grammaire;masculin_feminin
100145;ce1;grammaire;masculin_feminin
100146;ce1;grammaire;masculin_feminin
100147;ce1;grammaire;masculin_feminin
100148;ce1;grammaire;masculin_feminin
100149;ce1;grammaire;masculin_feminin
100150;ce1;grammaire;masculin_feminin
100151;ce1;grammaire;masculin_feminin
100152;ce1;grammaire;masculin_feminin
28000;ce1;grammaire;singulier_pluriel
28001;ce1;grammaire;singulier_pluriel
28002;ce1;grammaire;singulier_pluriel
28003;ce1;grammaire;singulier_pluriel
28004;ce1;grammaire;singulier_pluriel
28005;ce1;grammaire;singulier_pluriel
28006;ce1;grammaire;singulier_pluriel
28007;ce1;grammaire;singulier_pluriel
28008;ce1;grammaire;singulier_pluriel
28009;ce1;grammaire;singulier_pluriel
28010;ce1;grammaire;singulier_pluriel
28011;ce1;grammaire;singulier_pluriel
28012;ce1;grammaire;singulier_pluriel
28013;ce1;grammaire;singulier_pluriel
28014;ce1;grammaire;singulier_pluriel
28015;ce1;grammaire;singulier_pluriel
28016;ce1;grammaire;singulier_pluriel
28017;ce1;grammaire;singulier_pluriel
28018;ce1;grammaire;masculin_feminin
28019;ce1;grammaire;masculin_feminin
28020;ce1;grammaire;masculin_feminin
28021;ce1;grammaire;masculin_feminin
28022;ce1;grammaire;masculin_feminin
28023;ce1;grammaire;masculin_feminin
28024;ce1;grammaire;masculin_feminin
28025;ce1;grammaire;masculin_feminin
28026;ce1;grammaire;masculin_feminin
28027;ce1;grammaire;masculin_feminin
28028;ce1;grammaire;masculin_feminin
28029;ce1;grammaire;masculin_feminin
28030;ce1;grammaire;masculin_feminin
28031;ce1;grammaire;masculin_feminin
28032;ce1;grammaire;masculin_feminin
28033;ce1;grammaire;masculin_feminin
28034;ce1;grammaire;masculin_feminin
28035;ce1;grammaire;masculin_feminin
28036;ce1;grammaire;masculin_feminin
28037;ce1;grammaire;masculin_feminin
28038;ce1;grammaire;masculin_feminin
28039;ce1;grammaire;masculin_feminin
28040;ce1;grammaire;masculin_feminin
28041;ce1;grammaire;masculin_feminin
28042;ce1;grammaire;masculin_feminin
28043;ce1;grammaire;masculin_feminin
28044;ce1;grammaire;masculin_feminin
28045;ce1;grammaire;masculin_feminin
28046;ce1;grammaire;masculin_feminin
28047;ce1;grammaire;masculin_feminin
28048;ce1;grammaire;masculin_feminin
28049;ce1;grammaire;masculin_feminin
28050;ce1;grammaire;masculin_feminin
28051;ce1;grammaire;masculin_feminin
28052;ce1;grammaire;masculin_feminin
28053;ce1;grammaire;masculin_feminin
28054;ce1;grammaire;masculin_feminin
28055;ce1;grammaire;masculin_feminin
28056;ce1;grammaire;masculin_feminin
28057;ce1;grammaire;masculin_feminin
28058;ce1;grammaire;masculin_feminin
28059;ce1;grammaire;masculin_feminin
28060;ce1;grammaire;masculin_feminin
28061;ce1;grammaire;masculin_feminin
28062;ce1;grammaire;masculin_feminin
28063;ce1;grammaire;masculin_feminin
28064;ce1;grammaire;masculin_feminin
28065;ce1;grammaire;masculin_feminin
28066;ce1;grammaire;masculin_feminin
28067;ce1;grammaire;masculin_feminin
28068;ce1;grammaire;masculin_feminin
28069;ce1;grammaire;masculin_feminin
28070;ce1;grammaire;masculin_feminin
28071;ce1;grammaire;masculin_feminin
28072;ce1;grammaire;masculin_feminin
28073;ce1;grammaire;masculin_feminin
28074;ce1;grammaire;masculin_feminin
28075;ce1;grammaire;masculin_feminin
28076;ce1;grammaire;masculin_feminin
28077;ce1;grammaire;masculin_feminin
28078;ce1;grammaire;masculin_feminin
28079;ce1;grammaire;masculin_feminin
28080;ce1;grammaire;masculin_feminin
28081;ce1;grammaire;masculin_feminin
28082;ce1;grammaire;masculin_feminin
28083;ce1;grammaire;masculin_feminin
28084;ce1;grammaire;masculin_feminin
28085;ce1;grammaire;masculin_feminin
28086;ce1;grammaire;masculin_feminin
28087;ce1;grammaire;masculin_feminin
28088;ce1;grammaire;masculin_feminin
28089;ce1;grammaire;masculin_feminin
28090;ce1;grammaire;masculin_feminin
28091;ce1;grammaire;masculin_feminin
28092;ce1;grammaire;masculin_feminin
28093;ce1;grammaire;masculin_feminin
28094;ce1;grammaire;masculin_feminin
28095;ce1;grammaire;masculin_feminin
28096;ce1;grammaire;masculin_feminin
28097;ce1;grammaire;masculin_feminin
28098;ce1;grammaire;masculin_feminin
28099;ce1;grammaire;masculin_feminin
28100;ce1;grammaire;masculin_feminin
28101;ce1;grammaire;masculin_feminin
28102;ce1;grammaire;masculin_feminin
28103;ce1;grammaire;masculin_feminin
28104;ce1;grammaire;masculin_feminin
28105;ce1;grammaire;masculin_feminin
28106;ce1;grammaire;masculin_feminin
28107;ce1;grammaire;masculin_feminin
28108;ce1;grammaire;masculin_feminin
28109;ce1;grammaire;masculin_feminin
28110;ce1;grammaire;masculin_feminin
28111;ce1;grammaire;masculin_feminin
28112;ce1;grammaire;masculin_feminin
28113;ce1;grammaire;masculin_feminin
28114;ce1;grammaire;masculin_feminin
28115;ce1;grammaire;masculin_feminin
28116;ce1;grammaire;masculin_feminin
28117;ce1;grammaire;masculin_feminin
28118;ce1;grammaire;masculin_feminin
28119;ce1;grammaire;masculin_feminin
28120;ce1;grammaire;masculin_feminin
28121;ce1;grammaire;masculin_feminin
28122;ce1;grammaire;masculin_feminin
28123;ce1;grammaire;masculin_feminin
28124;ce1;grammaire;masculin_feminin
28125;ce1;grammaire;masculin_feminin
28126;ce1;grammaire;masculin_feminin
28127;ce1;grammaire;masculin_feminin
28128;ce1;grammaire;masculin_feminin
28129;ce1;grammaire;masculin_feminin
28130;ce1;grammaire;masculin_feminin
28131;ce1;grammaire;masculin_feminin
28132;ce1;grammaire;masculin_feminin
28133;ce1;grammaire;masculin_feminin
28134;ce1;grammaire;masculin_feminin
28135;ce1;grammaire;masculin_feminin
28136;ce1;grammaire;masculin_feminin
28137;ce1;grammaire;masculin_feminin
28138;ce1;grammaire;masculin_feminin
28139;ce1;grammaire;masculin_feminin
28140;ce1;grammaire;masculin_feminin
28141;ce1;grammaire;masculin_feminin
28142;ce1;grammaire;masculin_feminin
28143;ce1;grammaire;masculin_feminin
28144;ce1;grammaire;masculin_feminin
28145;ce1;grammaire;masculin_feminin
28146;ce1;grammaire;masculin_feminin
28147;ce1;grammaire;masculin_feminin
28148;ce1;grammaire;masculin_feminin
28149;ce1;grammaire;masculin_feminin
28150;ce1;grammaire;masculin_feminin
28151;ce1;grammaire;masculin_feminin
28152;ce1;grammaire;masculin_feminin
28153;ce1;grammaire;masculin_feminin
28154;ce1;grammaire;masculin_feminin
28155;ce1;grammaire;masculin_feminin
28156;ce1;grammaire;nature_mots
28157;ce1;grammaire;nature_mots
28158;ce1;grammaire;nature_mots
28159;ce1;grammaire;nature_mots
28160;ce1;grammaire;nature_mots
28161;ce1;grammaire;nature_mots
28162;ce1;grammaire;nature_mots
28163;ce1;grammaire;nature_mots
28164;ce1;grammaire;nature_mots
28165;ce1;grammaire;nature_mots
28166;ce1;grammaire;nature_mots
28167;ce1;grammaire;nature_mots
28168;ce1;grammaire;nature_mots
28169;ce1;grammaire;nature_mots
28170;ce1;grammaire;nature_mots
28171;ce1;grammaire;nature_mots
28172;ce1;grammaire;nature_mots
28173;ce1;grammaire;nature_mots
28174;ce1;grammaire;nature_mots
28175;ce1;grammaire;nature_mots
28176;ce1;grammaire;nature_mots
28177;ce1;grammaire;nature_mots
28178;ce1;grammaire;nature_mots
28179;ce1;grammaire;nature_mots
28180;ce1;grammaire;nature_mots
28181;ce1;grammaire;nature_mots
28182;ce1;grammaire;nature_mots
28183;ce1;grammaire;nature_mots
28184;ce1;grammaire;nature_mots
28185;ce1;grammaire;nature_mots
28186;ce1;grammaire;nature_mots
28187;ce1;grammaire;nature_mots
28188;ce1;grammaire;nature_mots
28189;ce1;grammaire;nature_mots
28190;ce1;grammaire;nature_mots
28191;ce1;grammaire;nature_mots
28192;ce1;grammaire;nature_mots
28193;ce1;grammaire;nature_mots
28194;ce1;grammaire;nature_mots
28195;ce1;grammaire;nature_mots
28196;ce1;grammaire;nature_mots
28197;ce1;grammaire;nature_mots
28198;ce1;grammaire;nature_mots
28199;ce1;grammaire;nature_mots
28200;ce1;grammaire;nature_mots
28201;ce1;grammaire;nature_mots
28202;ce1;grammaire;nature_mots
28203;ce1;grammaire;nature_mots
28204;ce1;grammaire;nature_mots
28205;ce1;grammaire;nature_mots
28206;ce1;grammaire;nature_mots
28207;ce1;grammaire;nature_mots
28208;ce1;grammaire;nature_mots
28209;ce1;grammaire;nature_mots
28210;ce1;grammaire;nature_mots
28211;ce1;grammaire;nature_mots
28212;ce1;grammaire;nature_mots
28213;ce1;grammaire;nature_mots
28214;ce1;grammaire;nature_mots
28215;ce1;grammaire;nature_mots
28216;ce1;grammaire;nature_mots
28217;ce1;grammaire;nature_mots
28218;ce1;grammaire;nature_mots
28219;ce1;grammaire;nature_mots
28220;ce1;grammaire;nature_mots
28221;ce1;grammaire;nature_mots
28222;ce1;grammaire;nature_mots
28223;ce1;grammaire;nature_mots
28224;ce1;grammaire;nature_mots
28225;ce1;grammaire;nature_mots
28226;ce1;grammaire;nature_mots
28227;ce1;grammaire;nature_mots
28228;ce1;grammaire;nature_mots
28229;ce1;grammaire;nature_mots
28230;ce1;grammaire;nature_mots
28231;ce1;grammaire;nature_mots
28232;ce1;grammaire;nature_mots
28233;ce1;grammaire;nature_mots
28234;ce1;grammaire;nature_mots
28235;ce1;grammaire;nature_mots
28236;ce1;grammaire;nature_mots
28237;ce1;grammaire;nature_mots
28238;ce1;grammaire;nature_mots
28239;ce1;grammaire;nature_mots
28240;ce1;grammaire;nature_mots
28241;ce1;grammaire;nature_mots
28242;ce1;grammaire;nature_mots
28243;ce1;grammaire;nature_mots
28244;ce1;grammaire;nature_mots
28245;ce1;grammaire;nature_mots
28246;ce1;grammaire;nature_mots
28247;ce1;grammaire;nature_mots
28248;ce1;grammaire;nature_mots
28249;ce1;grammaire;nature_mots
28250;ce1;grammaire;nature_mots
28251;ce1;grammaire;nature_mots
28252;ce1;grammaire;nature_mots
28253;ce1;grammaire;nature_mots
28254;ce1;grammaire;nature_mots
28255;ce1;grammaire;nature_mots
28256;ce1;grammaire;nature_mots
28257;ce1;grammaire;nature_mots
28258;ce1;grammaire;nature_mots
28259;ce1;grammaire;nature_mots
28260;ce1;grammaire;nature_mots
28261;ce1;grammaire;nature_mots
28262;ce1;grammaire;nature_mots
28263;ce1;grammaire;nature_mots
28264;ce1;grammaire;nature_mots
28265;ce1;grammaire;nature_mots
28266;ce1;grammaire;nature_mots
28267;ce1;grammaire;nature_mots
28268;ce1;grammaire;nature_mots
28269;ce1;grammaire;nature_mots
28270;ce1;grammaire;nature_mots
28271;ce1;grammaire;nature_mots
28272;ce1;grammaire;nature_mots
28273;ce1;grammaire;nature_mots
28274;ce1;grammaire;nature_mots
28275;ce1;grammaire;nature_mots
28276;ce1;grammaire;nature_mots
28277;ce1;grammaire;nature_mots
28278;ce1;grammaire;nature_mots
28279;ce1;grammaire;nature_mots
28280;ce1;grammaire;nature_mots
28281;ce1;grammaire;nature_mots
28282;ce1;grammaire;nature_mots
28283;ce1;grammaire;nature_mots
28284;ce1;grammaire;nature_mots
28285;ce1;grammaire;nature_mots
28286;ce1;grammaire;nature_mots
28287;ce1;grammaire;nature_mots
28288;ce1;grammaire;nature_mots
28289;ce1;grammaire;nature_mots
28290;ce1;grammaire;nature_mots
28291;ce1;grammaire;nature_mots
28292;ce1;grammaire;nature_mots
28293;ce1;grammaire;nature_mots
28294;ce1;grammaire;nature_mots
28295;ce1;grammaire;nature_mots
28296;ce1;grammaire;nature_mots
28297;ce1;grammaire;nature_mots
28298;ce1;grammaire;nature_mots
28299;ce1;grammaire;nature_mots
28300;ce1;grammaire;nature_mots
28301;ce1;grammaire;nature_mots
28302;ce1;grammaire;nature_mots
28303;ce1;grammaire;nature_mots
28304;ce1;grammaire;nature_mots
28305;ce1;grammaire;nature_mots
28306;ce1;grammaire;nature_mots
28307;ce1;grammaire;nature_mots
28308;ce1;grammaire;nature_mots
28309;ce1;grammaire;nature_mots
28310;ce1;grammaire;nature_mots
28311;ce1;grammaire;nature_mots
28312;ce1;grammaire;nature_mots
28313;ce1;grammaire;nature_mots
28314;ce1;grammaire;nature_mots
28315;ce1;grammaire;nature_mots
28316;ce1;grammaire;nature_mots
28317;ce1;grammaire;nature_mots
28318;ce1;grammaire;nature_mots
28319;ce1;grammaire;nature_mots
28320;ce1;grammaire;nature_mots
28321;ce1;grammaire;nature_mots
28322;ce1;grammaire;nature_mots
28323;ce1;grammaire;nature_mots
28324;ce1;grammaire;nature_mots
28325;ce1;grammaire;nature_mots
28326;ce1;grammaire;nature_mots
28327;ce1;grammaire;nature_mots
28328;ce1;grammaire;nature_mots
28329;ce1;grammaire;nature_mots
28330;ce1;grammaire;nature_mots
28331;ce1;grammaire;nature_mots
28332;ce1;grammaire;nature_mots
28333;ce1;grammaire;nature_mots
28334;ce1;grammaire;nature_mots
28335;ce1;grammaire;nature_mots
28336;ce1;grammaire;nature_mots
28337;ce1;grammaire;nature_mots
28338;ce1;grammaire;nature_mots
28339;ce1;grammaire;nature_mots
28340;ce1;grammaire;nature_mots
28341;ce1;grammaire;nature_mots
28342;ce1;grammaire;nature_mots
28343;ce1;grammaire;nature_mots
28344;ce1;grammaire;nature_mots
28345;ce1;grammaire;nature_mots
28346;ce1;grammaire;nature_mots
28347;ce1;grammaire;nature_mots
28348;ce1;grammaire;nature_mots
28349;ce1;grammaire;nature_mots
28350;ce1;grammaire;nature_mots
28351;ce1;grammaire;nature_mots
28352;ce1;grammaire;nature_mots
28353;ce1;grammaire;nature_mots
28354;ce1;grammaire;nature_mots
28355;ce1;grammaire;nature_mots
28356;ce1;grammaire;nature_mots
28357;ce1;grammaire;nature_mots
28358;ce1;grammaire;nature_mots
28359;ce1;grammaire;nature_mots
28360;ce1;grammaire;nature_mots
28361;ce1;grammaire;nature_mots
28362;ce1;grammaire;nature_mots
28363;ce1;grammaire;nature_mots
28364;ce1;grammaire;nature_mots
28365;ce1;grammaire;nature_mots
28366;ce1;grammaire;nature_mots
28367;ce1;grammaire;nature_mots
28368;ce1;grammaire;nature_mots
28369;ce1;grammaire;nature_mots
28370;ce1;grammaire;nature_mots
28371;ce1;grammaire;nature_mots
28372;ce1;grammaire;nature_mots
28373;ce1;grammaire;nature_mots
28374;ce1;grammaire;nature_mots
28375;ce1;grammaire;nature_mots
28376;ce1;grammaire;nature_mots
28377;ce1;grammaire;nature_mots
28378;ce1;grammaire;nature_mots
28379;ce1;grammaire;nature_mots
28380;ce1;grammaire;nature_mots
28381;ce1;grammaire;nature_mots
28382;ce1;grammaire;nature_mots
28383;ce1;grammaire;nature_mots
28384;ce1;grammaire;nature_mots
28385;ce1;grammaire;nature_mots
28386;ce1;grammaire;nature_mots
28387;ce1;grammaire;nature_mots
28388;ce1;grammaire;nature_mots
28389;ce1;grammaire;nature_mots
28390;ce1;grammaire;nature_mots
28391;ce1;grammaire;nature_mots
28392;ce1;grammaire;nature_mots
28393;ce1;grammaire;nature_mots
28394;ce1;grammaire;nature_mots
28395;ce1;grammaire;nature_mots
28396;ce1;grammaire;nature_mots
28397;ce1;grammaire;nature_mots
28398;ce1;grammaire;nature_mots
28399;ce1;grammaire;nature_mots
28400;ce1;grammaire;nature_mots
28401;ce1;grammaire;nature_mots
28402;ce1;grammaire;nature_mots
28403;ce1;grammaire;nature_mots
28404;ce1;grammaire;nature_mots
28405;ce1;grammaire;nature_mots
28406;ce1;grammaire;nature_mots
28407;ce1;grammaire;nature_mots
28408;ce1;grammaire;nature_mots
28409;ce1;grammaire;nature_mots
28410;ce1;grammaire;nature_mots
28411;ce1;grammaire;nature_mots
28412;ce1;grammaire;nature_mots
28413;ce1;grammaire;nature_mots
28414;ce1;grammaire;nature_mots
28415;ce1;grammaire;nature_mots
28416;ce1;grammaire;nature_mots
28417;ce1;grammaire;nature_mots
28418;ce1;grammaire;nature_mots
28419;ce1;grammaire;nature_mots
28420;ce1;grammaire;nature_mots
28421;ce1;grammaire;nature_mots
28422;ce1;grammaire;nature_mots
28423;ce1;grammaire;nature_mots
28424;ce1;grammaire;nature_mots
28425;ce1;grammaire;nature_mots
28426;ce1;grammaire;nature_mots
28427;ce1;grammaire;nature_mots
28428;ce1;grammaire;nature_mots
28429;ce1;grammaire;nature_mots
28430;ce1;grammaire;nature_mots
28431;ce1;grammaire;nature_mots
28432;ce1;grammaire;nature_mots
28433;ce1;grammaire;nature_mots
28434;ce1;grammaire;nature_mots
28435;ce1;grammaire;nature_mots
28436;ce1;grammaire;nature_mots
28437;ce1;grammaire;nature_mots
28438;ce1;grammaire;nature_mots
28439;ce1;grammaire;nature_mots
28440;ce1;grammaire;nature_mots
28441;ce1;grammaire;nature_mots
28442;ce1;grammaire;nature_mots
28443;ce1;grammaire;nature_mots
28444;ce1;grammaire;nature_mots
28445;ce1;grammaire;nature_mots
28446;ce1;grammaire;nature_mots
28447;ce1;grammaire;nature_mots
28448;ce1;grammaire;nature_mots
28449;ce1;grammaire;nature_mots
28450;ce1;grammaire;nature_mots
28451;ce1;grammaire;nature_mots
28452;ce1;grammaire;nature_mots
28453;ce1;grammaire;nature_mots
28454;ce1;grammaire;nature_mots
28455;ce1;grammaire;nature_mots
28456;ce1;grammaire;nature_mots
28457;ce1;grammaire;nature_mots
28458;ce1;grammaire;nature_mots
28459;ce1;grammaire;nature_mots
28460;ce1;grammaire;nature_mots
28461;ce1;grammaire;nature_mots
28462;ce1;grammaire;nature_mots
28463;ce1;grammaire;nature_mots
28464;ce1;grammaire;nature_mots
28465;ce1;grammaire;nature_mots
28466;ce1;grammaire;nature_mots
28467;ce1;grammaire;nature_mots
28468;ce1;grammaire;nature_mots
28469;ce1;grammaire;nature_mots
28470;ce1;grammaire;nature_mots
28471;ce1;grammaire;nature_mots
28472;ce1;grammaire;nature_mots
28473;ce1;grammaire;nature_mots
28474;ce1;grammaire;nature_mots
28475;ce1;grammaire;nature_mots
28476;ce1;grammaire;nature_mots
28477;ce1;grammaire;nature_mots
28478;ce1;grammaire;nature_mots
28479;ce1;grammaire;nature_mots
28480;ce1;grammaire;nature_mots
28481;ce1;grammaire;nature_mots
28482;ce1;grammaire;nature_mots
28483;ce1;grammaire;nature_mots
28484;ce1;grammaire;nature_mots
28485;ce1;grammaire;nature_mots
28486;ce1;grammaire;nature_mots
28487;ce1;grammaire;nature_mots
28488;ce1;grammaire;nature_mots
28489;ce1;grammaire;nature_mots
28490;ce1;grammaire;nature_mots
28491;ce1;grammaire;nature_mots
28492;ce1;grammaire;nature_mots
28493;ce1;grammaire;nature_mots
28494;ce1;grammaire;nature_mots
28495;ce1;grammaire;nature_mots
28496;ce1;grammaire;nature_mots
28497;ce1;grammaire;nature_mots
28498;ce1;grammaire;nature_mots
28499;ce1;grammaire;nature_mots
28500;ce1;grammaire;nature_mots
28501;ce1;grammaire;nature_mots
28502;ce1;grammaire;nature_mots
28503;ce1;grammaire;nature_mots
28504;ce1;grammaire;nature_mots
28505;ce1;grammaire;nature_mots
28506;ce1;grammaire;nature_mots
28507;ce1;grammaire;nature_mots
28508;ce1;grammaire;nature_mots
28509;ce1;grammaire;nature_mots
28510;ce1;grammaire;nature_mots
28511;ce1;grammaire;nature_mots
28512;ce1;grammaire;nature_mots
28513;ce1;grammaire;nature_mots
28514;ce1;grammaire;nature_mots
28515;ce1;grammaire;nature_mots
28516;ce1;grammaire;nature_mots
28517;ce1;grammaire;nature_mots
28518;ce1;grammaire;nature_mots
28519;ce1;grammaire;nature_mots
28520;ce1;grammaire;nature_mots
28521;ce1;grammaire;nature_mots
28522;ce1;grammaire;nature_mots
28523;ce1;grammaire;nature_mots
28524;ce1;grammaire;nature_mots
28525;ce1;grammaire;nature_mots
28526;ce1;grammaire;nature_mots
28527;ce1;grammaire;nature_mots
28528;ce1;grammaire;nature_mots
28529;ce1;grammaire;nature_mots
28530;ce1;grammaire;nature_mots
28531;ce1;grammaire;nature_mots
28532;ce1;grammaire;nature_mots
28533;ce1;grammaire;nature_mots
28534;ce1;grammaire;nature_mots
28535;ce1;grammaire;nature_mots
28536;ce1;grammaire;nature_mots
28537;ce1;grammaire;nature_mots
28538;ce1;grammaire;nature_mots
28539;ce1;grammaire;nature_mots
28540;ce1;grammaire;nature_mots
28541;ce1;grammaire;nature_mots
28542;ce1;grammaire;nature_mots
28543;ce1;grammaire;nature_mots
28544;ce1;grammaire;nature_mots
28545;ce1;grammaire;nature_mots
28546;ce1;grammaire;nature_mots
28547;ce1;grammaire;nature_mots
28548;ce1;grammaire;nature_mots
28549;ce1;grammaire;nature_mots
28550;ce1;grammaire;nature_mots
28551;ce1;grammaire;nature_mots
28552;ce1;grammaire;nature_mots
28553;ce1;grammaire;nature_mots
28554;ce1;grammaire;nature_mots
28555;ce1;grammaire;nature_mots
28556;ce1;grammaire;nature_mots
28557;ce1;grammaire;nature_mots
28558;ce1;grammaire;nature_mots
28559;ce1;grammaire;nature_mots
28560;ce1;grammaire;nature_mots
28561;ce1;grammaire;nature_mots
28562;ce1;grammaire;nature_mots
28563;ce1;grammaire;nature_mots
28564;ce1;grammaire;nature_mots
28565;ce1;grammaire;nature_mots
28566;ce1;grammaire;nature_mots
28567;ce1;grammaire;nature_mots
28568;ce1;grammaire;nature_mots
28569;ce1;grammaire;nature_mots
28570;ce1;grammaire;nature_mots
28571;ce1;grammaire;nature_mots
28572;ce1;grammaire;nature_mots
28573;ce1;grammaire;nature_mots
28574;ce1;grammaire;nature_mots
28575;ce1;grammaire;nature_mots
28576;ce1;grammaire;nature_mots
28577;ce1;grammaire;nature_mots
28578;ce1;grammaire;nature_mots
28579;ce1;grammaire;nature_mots
28580;ce1;grammaire;nature_mots
28581;ce1;grammaire;nature_mots
28582;ce1;grammaire;nature_mots
28583;ce1;grammaire;nature_mots
28584;ce1;grammaire;nature_mots
28585;ce1;grammaire;nature_mots
28586;ce1;grammaire;nature_mots
28587;ce1;grammaire;nature_mots
28588;ce1;grammaire;nature_mots
28589;ce1;grammaire;nature_mots
28590;ce1;grammaire;nature_mots
28591;ce1;grammaire;nature_mots
28592;ce1;grammaire;nature_mots
28593;ce1;grammaire;nature_mots
28594;ce1;grammaire;nature_mots
28595;ce1;grammaire;nature_mots
28596;ce1;grammaire;nature_mots
28597;ce1;grammaire;nature_mots
28598;ce1;grammaire;nature_mots
28599;ce1;grammaire;nature_mots
28600;ce1;grammaire;nature_mots
28601;ce1;grammaire;nature_mots
28602;ce1;grammaire;nature_mots
28603;ce1;grammaire;nature_mots
28604;ce1;grammaire;nature_mots
28605;ce1;grammaire;nature_mots
28606;ce1;grammaire;nature_mots
28607;ce1;grammaire;nature_mots
28608;ce1;grammaire;nature_mots
28609;ce1;grammaire;nature_mots
28610;ce1;grammaire;nature_mots
28611;ce1;grammaire;nature_mots
28612;ce1;grammaire;nature_mots
28613;ce1;grammaire;nature_mots
28614;ce1;grammaire;nature_mots
28615;ce1;grammaire;nature_mots
28616;ce1;grammaire;nature_mots
28617;ce1;grammaire;nature_mots
28618;ce1;grammaire;nature_mots
28619;ce1;grammaire;nature_mots
28620;ce1;grammaire;nature_mots
28621;ce1;grammaire;nature_mots
28622;ce1;grammaire;nature_mots
28623;ce1;grammaire;nature_mots
28624;ce1;grammaire;nature_mots
28625;ce1;grammaire;nature_mots
28626;ce1;grammaire;nature_mots
28627;ce1;grammaire;nature_mots
28628;ce1;grammaire;nature_mots
28629;ce1;grammaire;nature_mots
28630;ce1;grammaire;nature_mots
28631;ce1;grammaire;nature_mots
28632;ce1;grammaire;nature_mots
28633;ce1;grammaire;nature_mots
28634;ce1;grammaire;nature_mots
28635;ce1;grammaire;nature_mots
28636;ce1;grammaire;nature_mots
28637;ce1;grammaire;nature_mots
28638;ce1;grammaire;nature_mots
28639;ce1;grammaire;nature_mots
28640;ce1;grammaire;nature_mots
28641;ce1;grammaire;nature_mots
28642;ce1;grammaire;nature_mots
28643;ce1;grammaire;nature_mots
28644;ce1;grammaire;nature_mots
28645;ce1;grammaire;nature_mots
28646;ce1;grammaire;nature_mots
28647;ce1;grammaire;nature_mots
28648;ce1;grammaire;nature_mots
28649;ce1;grammaire;nature_mots
28650;ce1;grammaire;nature_mots
28651;ce1;grammaire;nature_mots
28652;ce1;grammaire;nature_mots
28653;ce1;grammaire;nature_mots
28654;ce1;grammaire;nature_mots
28655;ce1;grammaire;nature_mots
28656;ce1;grammaire;nature_mots
28657;ce1;grammaire;nature_mots
28658;ce1;grammaire;nature_mots
28659;ce1;grammaire;nature_mots
28660;ce1;grammaire;nature_mots
28661;ce1;grammaire;nature_mots
28662;ce1;grammaire;nature_mots
28663;ce1;grammaire;nature_mots
28664;ce1;grammaire;nature_mots
28665;ce1;grammaire;nature_mots
28666;ce1;grammaire;nature_mots
28667;ce1;grammaire;nature_mots
28668;ce1;grammaire;nature_mots
28669;ce1;grammaire;nature_mots
28670;ce1;grammaire;nature_mots
28671;ce1;grammaire;nature_mots
28672;ce1;grammaire;nature_mots
28673;ce1;grammaire;nature_mots
28674;ce1;grammaire;nature_mots
28675;ce1;grammaire;nature_mots
28676;ce1;grammaire;nature_mots
28677;ce1;grammaire;nature_mots
28678;ce1;grammaire;nature_mots
28679;ce1;grammaire;nature_mots
28680;ce1;grammaire;nature_mots
28681;ce1;grammaire;nature_mots
28682;ce1;grammaire;nature_mots
28683;ce1;grammaire;nature_mots
28684;ce1;grammaire;nature_mots
28685;ce1;grammaire;nature_mots
28686;ce1;grammaire;nature_mots
28687;ce1;grammaire;nature_mots
28688;ce1;grammaire;nature_mots
28689;ce1;grammaire;nature_mots
28690;ce1;grammaire;nature_mots
28691;ce1;grammaire;nature_mots
28692;ce1;grammaire;nature_mots
28693;ce1;grammaire;nature_mots
28694;ce1;grammaire;nature_mots
28695;ce1;grammaire;nature_mots
28696;ce1;grammaire;nature_mots
28697;ce1;grammaire;nature_mots
28698;ce1;grammaire;nature_mots
28699;ce1;grammaire;nature_mots
28700;ce1;grammaire;nature_mots
28701;ce1;grammaire;nature_mots
28702;ce1;grammaire;nature_mots
28703;ce1;grammaire;masculin_feminin
28704;ce1;grammaire;masculin_feminin
28705;ce1;grammaire;masculin_feminin
28706;ce1;grammaire;masculin_feminin
28707;ce1;grammaire;masculin_feminin
28708;ce1;grammaire;masculin_feminin
28709;ce1;grammaire;masculin_feminin
28710;ce1;grammaire;masculin_feminin
28711;ce1;grammaire;masculin_feminin
28712;ce1;grammaire;masculin_feminin
28713;ce1;grammaire;masculin_feminin
28714;ce1;grammaire;masculin_feminin
28715;ce1;grammaire;masculin_feminin
28716;ce1;grammaire;masculin_feminin
28717;ce1;grammaire;masculin_feminin
28718;ce1;grammaire;masculin_feminin
28719;ce1;grammaire;masculin_feminin
28720;ce1;grammaire;masculin_feminin
28721;ce1;grammaire;masculin_feminin
28722;ce1;grammaire;masculin_feminin
28723;ce1;grammaire;masculin_feminin
28724;ce1;grammaire;masculin_feminin
28725;ce1;grammaire;masculin_feminin
28726;ce1;grammaire;masculin_feminin
28727;ce1;grammaire;masculin_feminin
28728;ce1;grammaire;masculin_feminin
28729;ce1;grammaire;masculin_feminin
28730;ce1;grammaire;masculin_feminin
28731;ce1;grammaire;masculin_feminin
28732;ce1;grammaire;masculin_feminin
28733;ce1;grammaire;masculin_feminin
28734;ce1;grammaire;masculin_feminin
28735;ce1;grammaire;masculin_feminin
28736;ce1;grammaire;masculin_feminin
28737;ce1;grammaire;masculin_feminin
28738;ce1;grammaire;masculin_feminin
28739;ce1;grammaire;masculin_feminin
28740;ce1;grammaire;masculin_feminin
28741;ce1;grammaire;masculin_feminin
28742;ce1;grammaire;masculin_feminin
28743;ce1;grammaire;masculin_feminin
28744;ce1;grammaire;masculin_feminin
28745;ce1;grammaire;masculin_feminin
28746;ce1;grammaire;masculin_feminin
28747;ce1;grammaire;masculin_feminin
28748;ce1;grammaire;masculin_feminin
28749;ce1;grammaire;masculin_feminin
28750;ce1;grammaire;masculin_feminin
28751;ce1;grammaire;masculin_feminin
28752;ce1;grammaire;masculin_feminin
28753;ce1;grammaire;masculin_feminin
28754;ce1;grammaire;masculin_feminin
28755;ce1;grammaire;masculin_feminin
28756;ce1;grammaire;masculin_feminin
28757;ce1;grammaire;masculin_feminin
28758;ce1;grammaire;masculin_feminin
28759;ce1;grammaire;masculin_feminin
28760;ce1;grammaire;masculin_feminin
28761;ce1;grammaire;masculin_feminin
28762;ce1;grammaire;masculin_feminin
28763;ce1;grammaire;masculin_feminin
28764;ce1;grammaire;masculin_feminin
28765;ce1;grammaire;masculin_feminin
28766;ce1;grammaire;masculin_feminin
28767;ce1;grammaire;masculin_feminin
28768;ce1;grammaire;masculin_feminin
28769;ce1;grammaire;masculin_feminin
28770;ce1;grammaire;masculin_feminin
28771;ce1;grammaire;masculin_feminin
28772;ce1;grammaire;masculin_feminin
28773;ce1;grammaire;masculin_feminin
28774;ce1;grammaire;masculin_feminin
28775;ce1;grammaire;masculin_feminin
28776;ce1;grammaire;masculin_feminin
28777;ce1;grammaire;masculin_feminin
28778;ce1;grammaire;masculin_feminin
28779;ce1;grammaire;masculin_feminin
28780;ce1;grammaire;masculin_feminin
28781;ce1;grammaire;masculin_feminin
28782;ce1;grammaire;masculin_feminin
28783;ce1;grammaire;singulier_pluriel
28784;ce1;grammaire;singulier_pluriel
28785;ce1;grammaire;singulier_pluriel
28786;ce1;grammaire;singulier_pluriel
28787;ce1;grammaire;singulier_pluriel
28788;ce1;grammaire;singulier_pluriel
28789;ce1;grammaire;singulier_pluriel
28790;ce1;grammaire;singulier_pluriel
28791;ce1;grammaire;singulier_pluriel
28792;ce1;grammaire;singulier_pluriel
28793;ce1;grammaire;singulier_pluriel
28794;ce1;grammaire;singulier_pluriel
28795;ce1;grammaire;singulier_pluriel
28796;ce1;grammaire;singulier_pluriel
28797;ce1;grammaire;singulier_pluriel
28798;ce1;grammaire;singulier_pluriel
28799;ce1;grammaire;singulier_pluriel
28800;ce1;grammaire;singulier_pluriel
28801;ce1;grammaire;singulier_pluriel
28802;ce1;grammaire;singulier_pluriel
28803;ce1;grammaire;singulier_pluriel
28804;ce1;grammaire;singulier_pluriel
28805;ce1;grammaire;singulier_pluriel
28806;ce1;grammaire;singulier_pluriel
28807;ce1;grammaire;singulier_pluriel
28808;ce1;grammaire;singulier_pluriel
28809;ce1;grammaire;singulier_pluriel
28810;ce1;grammaire;singulier_pluriel
28811;ce1;grammaire;singulier_pluriel
28812;ce1;grammaire;singulier_pluriel
28813;ce1;grammaire;singulier_pluriel
28814;ce1;grammaire;singulier_pluriel
28815;ce1;grammaire;singulier_pluriel
28816;ce1;grammaire;singulier_pluriel
28817;ce1;grammaire;singulier_pluriel
28818;ce1;grammaire;singulier_pluriel
28819;ce1;grammaire;singulier_pluriel
28820;ce1;grammaire;singulier_pluriel
28821;ce1;grammaire;singulier_pluriel
28822;ce1;grammaire;singulier_pluriel
28823;ce1;grammaire;nature_mots
28824;ce1;grammaire;nature_mots
28825;ce1;grammaire;nature_mots
28826;ce1;grammaire;nature_mots
28827;ce1;grammaire;nature_mots
28828;ce1;grammaire;nature_mots
28829;ce1;grammaire;nature_mots
28830;ce1;grammaire;nature_mots
28831;ce1;grammaire;nature_mots
28832;ce1;grammaire;nature_mots
28833;ce1;grammaire;nature_mots
28834;ce1;grammaire;nature_mots
28835;ce1;grammaire;nature_mots
28836;ce1;grammaire;nature_mots
28837;ce1;grammaire;nature_mots
28838;ce1;grammaire;nature_mots
28839;ce1;grammaire;nature_mots
28840;ce1;grammaire;nature_mots
28841;ce1;grammaire;nature_mots
28842;ce1;grammaire;nature_mots
28843;ce1;grammaire;nature_mots
28844;ce1;grammaire;nature_mots
28845;ce1;grammaire;nature_mots
28846;ce1;grammaire;nature_mots
28847;ce1;grammaire;nature_mots
28848;ce1;grammaire;nature_mots
28849;ce1;grammaire;nature_mots
28850;ce1;grammaire;nature_mots
28851;ce1;grammaire;nature_mots
28852;ce1;grammaire;nature_mots
28853;ce1;grammaire;nature_mots
28854;ce1;grammaire;nature_mots
28855;ce1;grammaire;nature_mots
28856;ce1;grammaire;nature_mots
28857;ce1;grammaire;nature_mots
28858;ce1;grammaire;nature_mots
28859;ce1;grammaire;nature_mots
28860;ce1;grammaire;nature_mots
28861;ce1;grammaire;nature_mots
28862;ce1;grammaire;nature_mots
28863;ce1;grammaire;nature_mots
28864;ce1;grammaire;nature_mots
28865;ce1;grammaire;nature_mots
28866;ce1;grammaire;nature_mots
28867;ce1;grammaire;nature_mots
28868;ce1;grammaire;nature_mots
28869;ce1;grammaire;nature_mots
28870;ce1;grammaire;nature_mots
28871;ce1;grammaire;nature_mots
28872;ce1;grammaire;nature_mots
28873;ce1;grammaire;nature_mots
28874;ce1;grammaire;nature_mots
28875;ce1;grammaire;nature_mots
28876;ce1;grammaire;nature_mots
28877;ce1;grammaire;nature_mots
28878;ce1;grammaire;nature_mots
28879;ce1;grammaire;nature_mots
28880;ce1;grammaire;nature_mots
28881;ce1;grammaire;nature_mots
28882;ce1;grammaire;nature_mots
28883;ce1;grammaire;nature_mots
28884;ce1;grammaire;nature_mots
28885;ce1;grammaire;nature_mots
28886;ce1;grammaire;nature_mots
28887;ce1;grammaire;nature_mots
28888;ce1;grammaire;nature_mots
28889;ce1;grammaire;nature_mots
28890;ce1;grammaire;nature_mots
28891;ce1;grammaire;nature_mots
28892;ce1;grammaire;nature_mots
28893;ce1;grammaire;nature_mots
28894;ce1;grammaire;nature_mots
28895;ce1;grammaire;nature_mots
28896;ce1;grammaire;nature_mots
28897;ce1;grammaire;nature_mots
28898;ce1;grammaire;nature_mots
28899;ce1;grammaire;nature_mots
28900;ce1;grammaire;nature_mots
28901;ce1;grammaire;nature_mots
28902;ce1;grammaire;nature_mots
28903;ce1;grammaire;nature_mots
28904;ce1;grammaire;nature_mots
28905;ce1;grammaire;nature_mots
28906;ce1;grammaire;nature_mots
28907;ce1;grammaire;nature_mots
28908;ce1;grammaire;nature_mots
28909;ce1;grammaire;nature_mots
28910;ce1;grammaire;nature_mots
28911;ce1;grammaire;nature_mots
28912;ce1;grammaire;nature_mots
28913;ce1;grammaire;nature_mots
14001;ce1;lecture;lecture_litterale
14002;ce1;lecture;lecture_litterale
14003;ce1;lecture;lecture_litterale
14004;ce1;lecture;lecture_litterale
14005;ce1;lecture;lecture_litterale
14006;ce1;lecture;lecture_litterale
14007;ce1;lecture;lecture_litterale
14008;ce1;lecture;lecture_litterale
14009;ce1;lecture;lecture_vocabulaire
14010;ce1;lecture;lecture_inference
14011;ce1;lecture;lecture_litterale
14012;ce1;lecture;lecture_litterale
14013;ce1;lecture;lecture_litterale
14014;ce1;lecture;lecture_litterale
14015;ce1;lecture;lecture_litterale
14016;ce1;lecture;lecture_litterale
14017;ce1;lecture;lecture_litterale
14018;ce1;lecture;lecture_litterale
14019;ce1;lecture;lecture_vocabulaire
14020;ce1;lecture;lecture_inference
24001;ce1;lecture;lecture_litterale
24002;ce1;lecture;lecture_litterale
24003;ce1;lecture;lecture_litterale
24004;ce1;lecture;lecture_litterale
24005;ce1;lecture;lecture_litterale
24006;ce1;lecture;lecture_litterale
24007;ce1;lecture;lecture_litterale
24008;ce1;lecture;lecture_litterale
24009;ce1;lecture;lecture_litterale
24010;ce1;lecture;lecture_litterale
24011;ce1;lecture;lecture_litterale
24012;ce1;lecture;lecture_litterale
24013;ce1;lecture;lecture_litterale
24014;ce1;lecture;lecture_litterale
24015;ce1;lecture;lecture_litterale
24016;ce1;lecture;lecture_litterale
24017;ce1;lecture;lecture_vocabulaire
24018;ce1;lecture;lecture_vocabulaire
24019;ce1;lecture;lecture_inference
24020;ce1;lecture;lecture_inference
24022;ce1;lecture;lecture_litterale
24023;ce1;lecture;lecture_litterale
24024;ce1;lecture;lecture_litterale
24025;ce1;lecture;lecture_litterale
24026;ce1;lecture;lecture_litterale
24027;ce1;lecture;lecture_litterale
24028;ce1;lecture;lecture_litterale
24029;ce1;lecture;lecture_litterale
24030;ce1;lecture;lecture_litterale
24031;ce1;lecture;lecture_litterale
24032;ce1;lecture;lecture_litterale
24033;ce1;lecture;lecture_litterale
24034;ce1;lecture;lecture_litterale
24035;ce1;lecture;lecture_litterale
24036;ce1;lecture;lecture_litterale
24037;ce1;lecture;lecture_litterale
24038;ce1;lecture;lecture_vocabulaire
24039;ce1;lecture;lecture_vocabulaire
24040;ce1;lecture;lecture_inference
24041;ce1;lecture;lecture_inference
24043;ce1;lecture;lecture_litterale
24044;ce1;lecture;lecture_litterale
24045;ce1;lecture;lecture_litterale
24046;ce1;lecture;lecture_litterale
24047;ce1;lecture;lecture_litterale
24048;ce1;lecture;lecture_litterale
24049;ce1;lecture;lecture_litterale
24050;ce1;lecture;lecture_litterale
24051;ce1;lecture;lecture_litterale
24052;ce1;lecture;lecture_litterale
24053;ce1;lecture;lecture_litterale
24054;ce1;lecture;lecture_litterale
24055;ce1;lecture;lecture_litterale
24056;ce1;lecture;lecture_litterale
24057;ce1;lecture;lecture_litterale
24058;ce1;lecture;lecture_litterale
24059;ce1;lecture;lecture_vocabulaire
24060;ce1;lecture;lecture_vocabulaire
24061;ce1;lecture;lecture_inference
24062;ce1;lecture;lecture_inference
24064;ce1;lecture;lecture_litterale
24065;ce1;lecture;lecture_litterale
24066;ce1;lecture;lecture_litterale
24067;ce1;lecture;lecture_litterale
24068;ce1;lecture;lecture_litterale
24069;ce1;lecture;lecture_litterale
24070;ce1;lecture;lecture_litterale
24071;ce1;lecture;lecture_litterale
24072;ce1;lecture;lecture_litterale
24073;ce1;lecture;lecture_litterale
24074;ce1;lecture;lecture_litterale
24075;ce1;lecture;lecture_litterale
24076;ce1;lecture;lecture_litterale
24077;ce1;lecture;lecture_litterale
24078;ce1;lecture;lecture_litterale
24079;ce1;lecture;lecture_litterale
24080;ce1;lecture;lecture_vocabulaire
24081;ce1;lecture;lecture_vocabulaire
24082;ce1;lecture;lecture_inference
24083;ce1;lecture;lecture_inference
24085;ce1;lecture;lecture_litterale
24086;ce1;lecture;lecture_litterale
24087;ce1;lecture;lecture_litterale
24088;ce1;lecture;lecture_litterale
24089;ce1;lecture;lecture_litterale
24090;ce1;lecture;lecture_litterale
24091;ce1;lecture;lecture_litterale
24092;ce1;lecture;lecture_litterale
24093;ce1;lecture;lecture_litterale
24094;ce1;lecture;lecture_litterale
24095;ce1;lecture;lecture_litterale
24096;ce1;lecture;lecture_litterale
24097;ce1;lecture;lecture_litterale
24098;ce1;lecture;lecture_litterale
24099;ce1;lecture;lecture_litterale
24100;ce1;lecture;lecture_litterale
24101;ce1;lecture;lecture_vocabulaire
24102;ce1;lecture;lecture_vocabulaire
24103;ce1;lecture;lecture_inference
24104;ce1;lecture;lecture_inference
24106;ce1;lecture;lecture_litterale
24107;ce1;lecture;lecture_litterale
24108;ce1;lecture;lecture_litterale
24109;ce1;lecture;lecture_litterale
24110;ce1;lecture;lecture_litterale
24111;ce1;lecture;lecture_litterale
24112;ce1;lecture;lecture_litterale
24113;ce1;lecture;lecture_litterale
24114;ce1;lecture;lecture_litterale
24115;ce1;lecture;lecture_litterale
24116;ce1;lecture;lecture_litterale
24117;ce1;lecture;lecture_litterale
24118;ce1;lecture;lecture_litterale
24119;ce1;lecture;lecture_litterale
24120;ce1;lecture;lecture_litterale
24121;ce1;lecture;lecture_litterale
24122;ce1;lecture;lecture_vocabulaire
24123;ce1;lecture;lecture_vocabulaire
24124;ce1;lecture;lecture_inference
24125;ce1;lecture;lecture_inference
24127;ce1;lecture;lecture_litterale
24128;ce1;lecture;lecture_litterale
24129;ce1;lecture;lecture_litterale
24130;ce1;lecture;lecture_litterale
24131;ce1;lecture;lecture_litterale
24132;ce1;lecture;lecture_litterale
24133;ce1;lecture;lecture_litterale
24134;ce1;lecture;lecture_litterale
24135;ce1;lecture;lecture_litterale
24136;ce1;lecture;lecture_litterale
24137;ce1;lecture;lecture_litterale
24138;ce1;lecture;lecture_litterale
24139;ce1;lecture;lecture_litterale
24140;ce1;lecture;lecture_litterale
24141;ce1;lecture;lecture_litterale
24142;ce1;lecture;lecture_litterale
24143;ce1;lecture;lecture_vocabulaire
24144;ce1;lecture;lecture_vocabulaire
24145;ce1;lecture;lecture_inference
24146;ce1;lecture;lecture_inference
24148;ce1;lecture;lecture_litterale
24149;ce1;lecture;lecture_litterale
24150;ce1;lecture;lecture_litterale
24151;ce1;lecture;lecture_litterale
24152;ce1;lecture;lecture_litterale
24153;ce1;lecture;lecture_litterale
24154;ce1;lecture;lecture_litterale
24155;ce1;lecture;lecture_litterale
24156;ce1;lecture;lecture_litterale
24157;ce1;lecture;lecture_litterale
24158;ce1;lecture;lecture_litterale
24159;ce1;lecture;lecture_litterale
24160;ce1;lecture;lecture_litterale
24161;ce1;lecture;lecture_litterale
24162;ce1;lecture;lecture_litterale
24163;ce1;lecture;lecture_litterale
24164;ce1;lecture;lecture_vocabulaire
24165;ce1;lecture;lecture_vocabulaire
24166;ce1;lecture;lecture_inference
24167;ce1;lecture;lecture_inference
24169;ce1;lecture;lecture_litterale
24170;ce1;lecture;lecture_litterale
24171;ce1;lecture;lecture_litterale
24172;ce1;lecture;lecture_litterale
24173;ce1;lecture;lecture_litterale
24174;ce1;lecture;lecture_litterale
24175;ce1;lecture;lecture_litterale
24176;ce1;lecture;lecture_litterale
24177;ce1;lecture;lecture_litterale
24178;ce1;lecture;lecture_litterale
24179;ce1;lecture;lecture_litterale
24180;ce1;lecture;lecture_litterale
24181;ce1;lecture;lecture_litterale
24182;ce1;lecture;lecture_litterale
24183;ce1;lecture;lecture_litterale
24184;ce1;lecture;lecture_litterale
24185;ce1;lecture;lecture_vocabulaire
24186;ce1;lecture;lecture_vocabulaire
24187;ce1;lecture;lecture_inference
24188;ce1;lecture;lecture_inference
24190;ce1;lecture;lecture_litterale
24191;ce1;lecture;lecture_litterale
24192;ce1;lecture;lecture_litterale
24193;ce1;lecture;lecture_litterale
24194;ce1;lecture;lecture_litterale
24195;ce1;lecture;lecture_litterale
24196;ce1;lecture;lecture_litterale
24197;ce1;lecture;lecture_litterale
24198;ce1;lecture;lecture_litterale
24199;ce1;lecture;lecture_litterale
24200;ce1;lecture;lecture_litterale
24201;ce1;lecture;lecture_litterale
24202;ce1;lecture;lecture_litterale
24203;ce1;lecture;lecture_litterale
24204;ce1;lecture;lecture_litterale
24205;ce1;lecture;lecture_litterale
24206;ce1;lecture;lecture_vocabulaire
24207;ce1;lecture;lecture_vocabulaire
24208;ce1;lecture;lecture_inference
24209;ce1;lecture;lecture_inference
24211;ce1;lecture;lecture_litterale
24212;ce1;lecture;lecture_litterale
24213;ce1;lecture;lecture_litterale
24214;ce1;lecture;lecture_litterale
24215;ce1;lecture;lecture_litterale
24216;ce1;lecture;lecture_litterale
24217;ce1;lecture;lecture_litterale
24218;ce1;lecture;lecture_litterale
24219;ce1;lecture;lecture_litterale
24220;ce1;lecture;lecture_litterale
24221;ce1;lecture;lecture_litterale
24222;ce1;lecture;lecture_litterale
24223;ce1;lecture;lecture_litterale
24224;ce1;lecture;lecture_litterale
24225;ce1;lecture;lecture_litterale
24226;ce1;lecture;lecture_litterale
24227;ce1;lecture;lecture_vocabulaire
24228;ce1;lecture;lecture_vocabulaire
24229;ce1;lecture;lecture_inference
24230;ce1;lecture;lecture_inference
24232;ce1;lecture;lecture_litterale
24233;ce1;lecture;lecture_litterale
24234;ce1;lecture;lecture_litterale
24235;ce1;lecture;lecture_litterale
24236;ce1;lecture;lecture_litterale
24237;ce1;lecture;lecture_litterale
24238;ce1;lecture;lecture_litterale
24239;ce1;lecture;lecture_litterale
24240;ce1;lecture;lecture_litterale
24241;ce1;lecture;lecture_litterale
24242;ce1;lecture;lecture_litterale
24243;ce1;lecture;lecture_litterale
24244;ce1;lecture;lecture_litterale
24245;ce1;lecture;lecture_litterale
24246;ce1;lecture;lecture_litterale
24247;ce1;lecture;lecture_litterale
24248;ce1;lecture;lecture_vocabulaire
24249;ce1;lecture;lecture_vocabulaire
24250;ce1;lecture;lecture_inference
24251;ce1;lecture;lecture_inference
24253;ce1;lecture;lecture_litterale
24254;ce1;lecture;lecture_litterale
24255;ce1;lecture;lecture_litterale
24256;ce1;lecture;lecture_litterale
24257;ce1;lecture;lecture_litterale
24258;ce1;lecture;lecture_litterale
24259;ce1;lecture;lecture_litterale
24260;ce1;lecture;lecture_litterale
24261;ce1;lecture;lecture_litterale
24262;ce1;lecture;lecture_litterale
24263;ce1;lecture;lecture_litterale
24264;ce1;lecture;lecture_litterale
24265;ce1;lecture;lecture_litterale
24266;ce1;lecture;lecture_litterale
24267;ce1;lecture;lecture_litterale
24268;ce1;lecture;lecture_litterale
24269;ce1;lecture;lecture_vocabulaire
24270;ce1;lecture;lecture_vocabulaire
24271;ce1;lecture;lecture_inference
24272;ce1;lecture;lecture_inference
24274;ce1;lecture;lecture_litterale
24275;ce1;lecture;lecture_litterale
24276;ce1;lecture;lecture_litterale
24277;ce1;lecture;lecture_litterale
24278;ce1;lecture;lecture_litterale
24279;ce1;lecture;lecture_litterale
24280;ce1;lecture;lecture_litterale
24281;ce1;lecture;lecture_litterale
24282;ce1;lecture;lecture_litterale
24283;ce1;lecture;lecture_litterale
24284;ce1;lecture;lecture_litterale
24285;ce1;lecture;lecture_litterale
24286;ce1;lecture;lecture_litterale
24287;ce1;lecture;lecture_litterale
24288;ce1;lecture;lecture_litterale
24289;ce1;lecture;lecture_litterale
24290;ce1;lecture;lecture_vocabulaire
24291;ce1;lecture;lecture_vocabulaire
24292;ce1;lecture;lecture_inference
24293;ce1;lecture;lecture_inference
24295;ce1;lecture;lecture_litterale
24296;ce1;lecture;lecture_litterale
24297;ce1;lecture;lecture_litterale
24298;ce1;lecture;lecture_litterale
24299;ce1;lecture;lecture_litterale
24300;ce1;lecture;lecture_litterale
24301;ce1;lecture;lecture_litterale
24302;ce1;lecture;lecture_litterale
24303;ce1;lecture;lecture_litterale
24304;ce1;lecture;lecture_litterale
24305;ce1;lecture;lecture_litterale
24306;ce1;lecture;lecture_litterale
24307;ce1;lecture;lecture_litterale
24308;ce1;lecture;lecture_litterale
24309;ce1;lecture;lecture_litterale
24310;ce1;lecture;lecture_litterale
24311;ce1;lecture;lecture_vocabulaire
24312;ce1;lecture;lecture_vocabulaire
24313;ce1;lecture;lecture_inference
24314;ce1;lecture;lecture_inference
24316;ce1;lecture;lecture_litterale
24317;ce1;lecture;lecture_litterale
24318;ce1;lecture;lecture_litterale
24319;ce1;lecture;lecture_litterale
24320;ce1;lecture;lecture_litterale
24321;ce1;lecture;lecture_litterale
24322;ce1;lecture;lecture_litterale
24323;ce1;lecture;lecture_litterale
24324;ce1;lecture;lecture_litterale
24325;ce1;lecture;lecture_litterale
24326;ce1;lecture;lecture_litterale
24327;ce1;lecture;lecture_litterale
24328;ce1;lecture;lecture_litterale
24329;ce1;lecture;lecture_litterale
24330;ce1;lecture;lecture_litterale
24331;ce1;lecture;lecture_litterale
24332;ce1;lecture;lecture_vocabulaire
24333;ce1;lecture;lecture_vocabulaire
24334;ce1;lecture;lecture_inference
24335;ce1;lecture;lecture_inference
24337;ce1;lecture;lecture_litterale
24338;ce1;lecture;lecture_litterale
24339;ce1;lecture;lecture_litterale
24340;ce1;lecture;lecture_litterale
24341;ce1;lecture;lecture_litterale
24342;ce1;lecture;lecture_litterale
24343;ce1;lecture;lecture_litterale
24344;ce1;lecture;lecture_litterale
24345;ce1;lecture;lecture_litterale
24346;ce1;lecture;lecture_litterale
24347;ce1;lecture;lecture_litterale
24348;ce1;lecture;lecture_litterale
24349;ce1;lecture;lecture_litterale
24350;ce1;lecture;lecture_litterale
24351;ce1;lecture;lecture_litterale
24352;ce1;lecture;lecture_litterale
24353;ce1;lecture;lecture_vocabulaire
24354;ce1;lecture;lecture_vocabulaire
24355;ce1;lecture;lecture_inference
24356;ce1;lecture;lecture_inference
24358;ce1;lecture;lecture_litterale
24359;ce1;lecture;lecture_litterale
24360;ce1;lecture;lecture_litterale
24361;ce1;lecture;lecture_litterale
24362;ce1;lecture;lecture_litterale
24363;ce1;lecture;lecture_litterale
24364;ce1;lecture;lecture_litterale
24365;ce1;lecture;lecture_litterale
24366;ce1;lecture;lecture_litterale
24367;ce1;lecture;lecture_litterale
24368;ce1;lecture;lecture_litterale
24369;ce1;lecture;lecture_litterale
24370;ce1;lecture;lecture_litterale
24371;ce1;lecture;lecture_litterale
24372;ce1;lecture;lecture_litterale
24373;ce1;lecture;lecture_litterale
24374;ce1;lecture;lecture_vocabulaire
24375;ce1;lecture;lecture_vocabulaire
24376;ce1;lecture;lecture_inference
24377;ce1;lecture;lecture_inference
24379;ce1;lecture;lecture_litterale
24380;ce1;lecture;lecture_litterale
24381;ce1;lecture;lecture_litterale
24382;ce1;lecture;lecture_litterale
24383;ce1;lecture;lecture_litterale
24384;ce1;lecture;lecture_litterale
24385;ce1;lecture;lecture_litterale
24386;ce1;lecture;lecture_litterale
24387;ce1;lecture;lecture_litterale
24388;ce1;lecture;lecture_litterale
24389;ce1;lecture;lecture_litterale
24390;ce1;lecture;lecture_litterale
24391;ce1;lecture;lecture_litterale
24392;ce1;lecture;lecture_litterale
24393;ce1;lecture;lecture_litterale
24394;ce1;lecture;lecture_litterale
24395;ce1;lecture;lecture_vocabulaire
24396;ce1;lecture;lecture_vocabulaire
24397;ce1;lecture;lecture_inference
24398;ce1;lecture;lecture_inference
24400;ce1;lecture;lecture_litterale
24401;ce1;lecture;lecture_litterale
24402;ce1;lecture;lecture_litterale
24403;ce1;lecture;lecture_litterale
24404;ce1;lecture;lecture_litterale
24405;ce1;lecture;lecture_litterale
24406;ce1;lecture;lecture_litterale
24407;ce1;lecture;lecture_litterale
24408;ce1;lecture;lecture_litterale
24409;ce1;lecture;lecture_litterale
24410;ce1;lecture;lecture_litterale
24411;ce1;lecture;lecture_litterale
24412;ce1;lecture;lecture_litterale
24413;ce1;lecture;lecture_litterale
24414;ce1;lecture;lecture_litterale
24415;ce1;lecture;lecture_litterale
24416;ce1;lecture;lecture_vocabulaire
24417;ce1;lecture;lecture_vocabulaire
24418;ce1;lecture;lecture_inference
24419;ce1;lecture;lecture_inference
24421;ce1;lecture;lecture_litterale
24422;ce1;lecture;lecture_litterale
24423;ce1;lecture;lecture_litterale
24424;ce1;lecture;lecture_litterale
24425;ce1;lecture;lecture_litterale
24426;ce1;lecture;lecture_litterale
24427;ce1;lecture;lecture_litterale
24428;ce1;lecture;lecture_litterale
24429;ce1;lecture;lecture_litterale
24430;ce1;lecture;lecture_litterale
24431;ce1;lecture;lecture_litterale
24432;ce1;lecture;lecture_litterale
24433;ce1;lecture;lecture_litterale
24434;ce1;lecture;lecture_litterale
24435;ce1;lecture;lecture_litterale
24436;ce1;lecture;lecture_litterale
24437;ce1;lecture;lecture_vocabulaire
24438;ce1;lecture;lecture_vocabulaire
24439;ce1;lecture;lecture_inference
24440;ce1;lecture;lecture_inference
24442;ce1;lecture;lecture_litterale
24443;ce1;lecture;lecture_litterale
24444;ce1;lecture;lecture_litterale
24445;ce1;lecture;lecture_litterale
24446;ce1;lecture;lecture_litterale
24447;ce1;lecture;lecture_litterale
24448;ce1;lecture;lecture_litterale
24449;ce1;lecture;lecture_litterale
24450;ce1;lecture;lecture_litterale
24451;ce1;lecture;lecture_litterale
24452;ce1;lecture;lecture_litterale
24453;ce1;lecture;lecture_litterale
24454;ce1;lecture;lecture_litterale
24455;ce1;lecture;lecture_litterale
24456;ce1;lecture;lecture_litterale
24457;ce1;lecture;lecture_litterale
24458;ce1;lecture;lecture_vocabulaire
24459;ce1;lecture;lecture_vocabulaire
24460;ce1;lecture;lecture_inference
24461;ce1;lecture;lecture_inference
24463;ce1;lecture;lecture_litterale
24464;ce1;lecture;lecture_litterale
24465;ce1;lecture;lecture_litterale
24466;ce1;lecture;lecture_litterale
24467;ce1;lecture;lecture_litterale
24468;ce1;lecture;lecture_litterale
24469;ce1;lecture;lecture_litterale
24470;ce1;lecture;lecture_litterale
24471;ce1;lecture;lecture_litterale
24472;ce1;lecture;lecture_litterale
24473;ce1;lecture;lecture_litterale
24474;ce1;lecture;lecture_litterale
24475;ce1;lecture;lecture_litterale
24476;ce1;lecture;lecture_litterale
24477;ce1;lecture;lecture_litterale
24478;ce1;lecture;lecture_litterale
24479;ce1;lecture;lecture_vocabulaire
24480;ce1;lecture;lecture_vocabulaire
24481;ce1;lecture;lecture_inference
24482;ce1;lecture;lecture_inference
24484;ce1;lecture;lecture_litterale
24485;ce1;lecture;lecture_litterale
24486;ce1;lecture;lecture_litterale
24487;ce1;lecture;lecture_litterale
24488;ce1;lecture;lecture_litterale
24489;ce1;lecture;lecture_litterale
24490;ce1;lecture;lecture_litterale
24491;ce1;lecture;lecture_litterale
24492;ce1;lecture;lecture_litterale
24493;ce1;lecture;lecture_litterale
24494;ce1;lecture;lecture_litterale
24495;ce1;lecture;lecture_litterale
24496;ce1;lecture;lecture_litterale
24497;ce1;lecture;lecture_litterale
24498;ce1;lecture;lecture_litterale
24499;ce1;lecture;lecture_litterale
24500;ce1;lecture;lecture_vocabulaire
24501;ce1;lecture;lecture_vocabulaire
24502;ce1;lecture;lecture_inference
24503;ce1;lecture;lecture_inference
24505;ce1;lecture;lecture_litterale
24506;ce1;lecture;lecture_litterale
24507;ce1;lecture;lecture_litterale
24508;ce1;lecture;lecture_litterale
24509;ce1;lecture;lecture_litterale
24510;ce1;lecture;lecture_litterale
24511;ce1;lecture;lecture_litterale
24512;ce1;lecture;lecture_litterale
24513;ce1;lecture;lecture_litterale
24514;ce1;lecture;lecture_litterale
24515;ce1;lecture;lecture_litterale
24516;ce1;lecture;lecture_litterale
24517;ce1;lecture;lecture_litterale
24518;ce1;lecture;lecture_litterale
24519;ce1;lecture;lecture_litterale
24520;ce1;lecture;lecture_litterale
24521;ce1;lecture;lecture_vocabulaire
24522;ce1;lecture;lecture_vocabulaire
24523;ce1;lecture;lecture_inference
24524;ce1;lecture;lecture_inference
24526;ce1;lecture;lecture_litterale
24527;ce1;lecture;lecture_litterale
24528;ce1;lecture;lecture_litterale
24529;ce1;lecture;lecture_litterale
24530;ce1;lecture;lecture_litterale
24531;ce1;lecture;lecture_litterale
24532;ce1;lecture;lecture_litterale
24533;ce1;lecture;lecture_litterale
24534;ce1;lecture;lecture_litterale
24535;ce1;lecture;lecture_litterale
24536;ce1;lecture;lecture_litterale
24537;ce1;lecture;lecture_litterale
24538;ce1;lecture;lecture_litterale
24539;ce1;lecture;lecture_litterale
24540;ce1;lecture;lecture_litterale
24541;ce1;lecture;lecture_litterale
24542;ce1;lecture;lecture_vocabulaire
24543;ce1;lecture;lecture_vocabulaire
24544;ce1;lecture;lecture_inference
24545;ce1;lecture;lecture_inference
24547;ce1;lecture;lecture_litterale
24548;ce1;lecture;lecture_litterale
24549;ce1;lecture;lecture_litterale
24550;ce1;lecture;lecture_litterale
24551;ce1;lecture;lecture_litterale
24552;ce1;lecture;lecture_litterale
24553;ce1;lecture;lecture_litterale
24554;ce1;lecture;lecture_litterale
24555;ce1;lecture;lecture_litterale
24556;ce1;lecture;lecture_litterale
24557;ce1;lecture;lecture_litterale
24558;ce1;lecture;lecture_litterale
24559;ce1;lecture;lecture_litterale
24560;ce1;lecture;lecture_litterale
24561;ce1;lecture;lecture_litterale
24562;ce1;lecture;lecture_litterale
24563;ce1;lecture;lecture_vocabulaire
24564;ce1;lecture;lecture_vocabulaire
24565;ce1;lecture;lecture_inference
24566;ce1;lecture;lecture_inference
24568;ce1;lecture;lecture_litterale
24569;ce1;lecture;lecture_litterale
24570;ce1;lecture;lecture_litterale
24571;ce1;lecture;lecture_litterale
24572;ce1;lecture;lecture_litterale
24573;ce1;lecture;lecture_litterale
24574;ce1;lecture;lecture_litterale
24575;ce1;lecture;lecture_litterale
24576;ce1;lecture;lecture_litterale
24577;ce1;lecture;lecture_litterale
24578;ce1;lecture;lecture_litterale
24579;ce1;lecture;lecture_litterale
24580;ce1;lecture;lecture_litterale
24581;ce1;lecture;lecture_litterale
24582;ce1;lecture;lecture_litterale
24583;ce1;lecture;lecture_litterale
24584;ce1;lecture;lecture_vocabulaire
24585;ce1;lecture;lecture_vocabulaire
24586;ce1;lecture;lecture_inference
24587;ce1;lecture;lecture_inference
24589;ce1;lecture;lecture_litterale
24590;ce1;lecture;lecture_litterale
24591;ce1;lecture;lecture_litterale
24592;ce1;lecture;lecture_litterale
24593;ce1;lecture;lecture_litterale
24594;ce1;lecture;lecture_litterale
24595;ce1;lecture;lecture_litterale
24596;ce1;lecture;lecture_litterale
24597;ce1;lecture;lecture_litterale
24598;ce1;lecture;lecture_litterale
24599;ce1;lecture;lecture_litterale
24600;ce1;lecture;lecture_litterale
24601;ce1;lecture;lecture_litterale
24602;ce1;lecture;lecture_litterale
24603;ce1;lecture;lecture_litterale
24604;ce1;lecture;lecture_litterale
24605;ce1;lecture;lecture_vocabulaire
24606;ce1;lecture;lecture_vocabulaire
24607;ce1;lecture;lecture_inference
24608;ce1;lecture;lecture_inference
24610;ce1;lecture;lecture_litterale
24611;ce1;lecture;lecture_litterale
24612;ce1;lecture;lecture_litterale
24613;ce1;lecture;lecture_litterale
24614;ce1;lecture;lecture_litterale
24615;ce1;lecture;lecture_litterale
24616;ce1;lecture;lecture_litterale
24617;ce1;lecture;lecture_litterale
24618;ce1;lecture;lecture_litterale
24619;ce1;lecture;lecture_litterale
24620;ce1;lecture;lecture_litterale
24621;ce1;lecture;lecture_litterale
24622;ce1;lecture;lecture_litterale
24623;ce1;lecture;lecture_litterale
24624;ce1;lecture;lecture_litterale
24625;ce1;lecture;lecture_litterale
24626;ce1;lecture;lecture_vocabulaire
24627;ce1;lecture;lecture_vocabulaire
24628;ce1;lecture;lecture_inference
24629;ce1;lecture;lecture_inference
24631;ce1;lecture;lecture_litterale
24632;ce1;lecture;lecture_litterale
24633;ce1;lecture;lecture_litterale
24634;ce1;lecture;lecture_litterale
24635;ce1;lecture;lecture_litterale
24636;ce1;lecture;lecture_litterale
24637;ce1;lecture;lecture_litterale
24638;ce1;lecture;lecture_litterale
24639;ce1;lecture;lecture_litterale
24640;ce1;lecture;lecture_litterale
24641;ce1;lecture;lecture_litterale
24642;ce1;lecture;lecture_litterale
24643;ce1;lecture;lecture_litterale
24644;ce1;lecture;lecture_litterale
24645;ce1;lecture;lecture_litterale
24646;ce1;lecture;lecture_litterale
24647;ce1;lecture;lecture_vocabulaire
24648;ce1;lecture;lecture_vocabulaire
24649;ce1;lecture;lecture_inference
24650;ce1;lecture;lecture_inference
24652;ce1;lecture;lecture_litterale
24653;ce1;lecture;lecture_litterale
24654;ce1;lecture;lecture_litterale
24655;ce1;lecture;lecture_litterale
24656;ce1;lecture;lecture_litterale
24657;ce1;lecture;lecture_litterale
24658;ce1;lecture;lecture_litterale
24659;ce1;lecture;lecture_litterale
24660;ce1;lecture;lecture_litterale
24661;ce1;lecture;lecture_litterale
24662;ce1;lecture;lecture_litterale
24663;ce1;lecture;lecture_litterale
24664;ce1;lecture;lecture_litterale
24665;ce1;lecture;lecture_litterale
24666;ce1;lecture;lecture_litterale
24667;ce1;lecture;lecture_litterale
24668;ce1;lecture;lecture_vocabulaire
24669;ce1;lecture;lecture_vocabulaire
24670;ce1;lecture;lecture_inference
24671;ce1;lecture;lecture_inference
24673;ce1;lecture;lecture_litterale
24674;ce1;lecture;lecture_litterale
24675;ce1;lecture;lecture_litterale
24676;ce1;lecture;lecture_litterale
24677;ce1;lecture;lecture_litterale
24678;ce1;lecture;lecture_litterale
24679;ce1;lecture;lecture_litterale
24680;ce1;lecture;lecture_litterale
24681;ce1;lecture;lecture_litterale
24682;ce1;lecture;lecture_litterale
24683;ce1;lecture;lecture_litterale
24684;ce1;lecture;lecture_litterale
24685;ce1;lecture;lecture_litterale
24686;ce1;lecture;lecture_litterale
24687;ce1;lecture;lecture_litterale
24688;ce1;lecture;lecture_litterale
24689;ce1;lecture;lecture_vocabulaire
24690;ce1;lecture;lecture_vocabulaire
24691;ce1;lecture;lecture_inference
24692;ce1;lecture;lecture_inference
24694;ce1;lecture;lecture_litterale
24695;ce1;lecture;lecture_litterale
24696;ce1;lecture;lecture_litterale
24697;ce1;lecture;lecture_litterale
24698;ce1;lecture;lecture_litterale
24699;ce1;lecture;lecture_litterale
24700;ce1;lecture;lecture_litterale
24701;ce1;lecture;lecture_litterale
24702;ce1;lecture;lecture_litterale
24703;ce1;lecture;lecture_litterale
24704;ce1;lecture;lecture_litterale
24705;ce1;lecture;lecture_litterale
24706;ce1;lecture;lecture_litterale
24707;ce1;lecture;lecture_litterale
24708;ce1;lecture;lecture_litterale
24709;ce1;lecture;lecture_litterale
24710;ce1;lecture;lecture_vocabulaire
24711;ce1;lecture;lecture_vocabulaire
24712;ce1;lecture;lecture_inference
24713;ce1;lecture;lecture_inference
24715;ce1;lecture;lecture_litterale
24716;ce1;lecture;lecture_litterale
24717;ce1;lecture;lecture_litterale
24718;ce1;lecture;lecture_litterale
24719;ce1;lecture;lecture_litterale
24720;ce1;lecture;lecture_litterale
24721;ce1;lecture;lecture_litterale
24722;ce1;lecture;lecture_litterale
24723;ce1;lecture;lecture_litterale
24724;ce1;lecture;lecture_litterale
24725;ce1;lecture;lecture_litterale
24726;ce1;lecture;lecture_litterale
24727;ce1;lecture;lecture_litterale
24728;ce1;lecture;lecture_litterale
24729;ce1;lecture;lecture_litterale
24730;ce1;lecture;lecture_litterale
24731;ce1;lecture;lecture_vocabulaire
24732;ce1;lecture;lecture_vocabulaire
24733;ce1;lecture;lecture_inference
24734;ce1;lecture;lecture_inference
24736;ce1;lecture;lecture_litterale
24737;ce1;lecture;lecture_litterale
24738;ce1;lecture;lecture_litterale
24739;ce1;lecture;lecture_litterale
24740;ce1;lecture;lecture_litterale
24741;ce1;lecture;lecture_litterale
24742;ce1;lecture;lecture_litterale
24743;ce1;lecture;lecture_litterale
24744;ce1;lecture;lecture_litterale
24745;ce1;lecture;lecture_litterale
24746;ce1;lecture;lecture_litterale
24747;ce1;lecture;lecture_litterale
24748;ce1;lecture;lecture_litterale
24749;ce1;lecture;lecture_litterale
24750;ce1;lecture;lecture_litterale
24751;ce1;lecture;lecture_litterale
24752;ce1;lecture;lecture_vocabulaire
24753;ce1;lecture;lecture_vocabulaire
24754;ce1;lecture;lecture_inference
24755;ce1;lecture;lecture_inference
24757;ce1;lecture;lecture_litterale
24758;ce1;lecture;lecture_litterale
24759;ce1;lecture;lecture_litterale
24760;ce1;lecture;lecture_litterale
24761;ce1;lecture;lecture_litterale
24762;ce1;lecture;lecture_litterale
24763;ce1;lecture;lecture_litterale
24764;ce1;lecture;lecture_litterale
24765;ce1;lecture;lecture_litterale
24766;ce1;lecture;lecture_litterale
24767;ce1;lecture;lecture_litterale
24768;ce1;lecture;lecture_litterale
24769;ce1;lecture;lecture_litterale
24770;ce1;lecture;lecture_litterale
24771;ce1;lecture;lecture_litterale
24772;ce1;lecture;lecture_litterale
24773;ce1;lecture;lecture_vocabulaire
24774;ce1;lecture;lecture_vocabulaire
24775;ce1;lecture;lecture_inference
24776;ce1;lecture;lecture_inference
24778;ce1;lecture;lecture_litterale
24779;ce1;lecture;lecture_litterale
24780;ce1;lecture;lecture_litterale
24781;ce1;lecture;lecture_litterale
24782;ce1;lecture;lecture_litterale
24783;ce1;lecture;lecture_litterale
24784;ce1;lecture;lecture_litterale
24785;ce1;lecture;lecture_litterale
24786;ce1;lecture;lecture_litterale
24787;ce1;lecture;lecture_litterale
24788;ce1;lecture;lecture_litterale
24789;ce1;lecture;lecture_litterale
24790;ce1;lecture;lecture_litterale
24791;ce1;lecture;lecture_litterale
24792;ce1;lecture;lecture_litterale
24793;ce1;lecture;lecture_litterale
24794;ce1;lecture;lecture_vocabulaire
24795;ce1;lecture;lecture_vocabulaire
24796;ce1;lecture;lecture_inference
24797;ce1;lecture;lecture_inference
24799;ce1;lecture;lecture_litterale
24800;ce1;lecture;lecture_litterale
24801;ce1;lecture;lecture_litterale
24802;ce1;lecture;lecture_litterale
24803;ce1;lecture;lecture_litterale
24804;ce1;lecture;lecture_litterale
24805;ce1;lecture;lecture_litterale
24806;ce1;lecture;lecture_litterale
24807;ce1;lecture;lecture_litterale
24808;ce1;lecture;lecture_litterale
24809;ce1;lecture;lecture_litterale
24810;ce1;lecture;lecture_litterale
24811;ce1;lecture;lecture_litterale
24812;ce1;lecture;lecture_litterale
24813;ce1;lecture;lecture_litterale
24814;ce1;lecture;lecture_litterale
24815;ce1;lecture;lecture_vocabulaire
24816;ce1;lecture;lecture_vocabulaire
24817;ce1;lecture;lecture_inference
24818;ce1;lecture;lecture_inference
24820;ce1;lecture;lecture_litterale
24821;ce1;lecture;lecture_litterale
24822;ce1;lecture;lecture_litterale
24823;ce1;lecture;lecture_litterale
24824;ce1;lecture;lecture_litterale
24825;ce1;lecture;lecture_litterale
24826;ce1;lecture;lecture_litterale
24827;ce1;lecture;lecture_litterale
24828;ce1;lecture;lecture_litterale
24829;ce1;lecture;lecture_litterale
24830;ce1;lecture;lecture_litterale
24831;ce1;lecture;lecture_litterale
24832;ce1;lecture;lecture_litterale
24833;ce1;lecture;lecture_litterale
24834;ce1;lecture;lecture_litterale
24835;ce1;lecture;lecture_litterale
24836;ce1;lecture;lecture_vocabulaire
24837;ce1;lecture;lecture_vocabulaire
24838;ce1;lecture;lecture_inference
24839;ce1;lecture;lecture_inference
24841;ce1;lecture;lecture_litterale
24842;ce1;lecture;lecture_litterale
24843;ce1;lecture;lecture_litterale
24844;ce1;lecture;lecture_litterale
24845;ce1;lecture;lecture_litterale
24846;ce1;lecture;lecture_litterale
24847;ce1;lecture;lecture_litterale
24848;ce1;lecture;lecture_litterale
24849;ce1;lecture;lecture_litterale
24850;ce1;lecture;lecture_litterale
24851;ce1;lecture;lecture_litterale
24852;ce1;lecture;lecture_litterale
24853;ce1;lecture;lecture_litterale
24854;ce1;lecture;lecture_litterale
24855;ce1;lecture;lecture_litterale
24856;ce1;lecture;lecture_litterale
24857;ce1;lecture;lecture_vocabulaire
24858;ce1;lecture;lecture_vocabulaire
24859;ce1;lecture;lecture_inference
24860;ce1;lecture;lecture_inference
24862;ce1;lecture;lecture_litterale
24863;ce1;lecture;lecture_litterale
24864;ce1;lecture;lecture_litterale
24865;ce1;lecture;lecture_litterale
24866;ce1;lecture;lecture_litterale
24867;ce1;lecture;lecture_litterale
24868;ce1;lecture;lecture_litterale
24869;ce1;lecture;lecture_litterale
24870;ce1;lecture;lecture_litterale
24871;ce1;lecture;lecture_litterale
24872;ce1;lecture;lecture_litterale
24873;ce1;lecture;lecture_litterale
24874;ce1;lecture;lecture_litterale
24875;ce1;lecture;lecture_litterale
24876;ce1;lecture;lecture_litterale
24877;ce1;lecture;lecture_litterale
24878;ce1;lecture;lecture_vocabulaire
24879;ce1;lecture;lecture_vocabulaire
24880;ce1;lecture;lecture_inference
24881;ce1;lecture;lecture_inference
24883;ce1;lecture;lecture_litterale
24884;ce1;lecture;lecture_litterale
24885;ce1;lecture;lecture_litterale
24886;ce1;lecture;lecture_litterale
24887;ce1;lecture;lecture_litterale
24888;ce1;lecture;lecture_litterale
24889;ce1;lecture;lecture_litterale
24890;ce1;lecture;lecture_litterale
24891;ce1;lecture;lecture_litterale
24892;ce1;lecture;lecture_litterale
24893;ce1;lecture;lecture_litterale
24894;ce1;lecture;lecture_litterale
24895;ce1;lecture;lecture_litterale
24896;ce1;lecture;lecture_litterale
24897;ce1;lecture;lecture_litterale
24898;ce1;lecture;lecture_litterale
24899;ce1;lecture;lecture_vocabulaire
24900;ce1;lecture;lecture_vocabulaire
24901;ce1;lecture;lecture_inference
24902;ce1;lecture;lecture_inference
24904;ce1;lecture;lecture_litterale
24905;ce1;lecture;lecture_litterale
24906;ce1;lecture;lecture_litterale
24907;ce1;lecture;lecture_litterale
24908;ce1;lecture;lecture_litterale
24909;ce1;lecture;lecture_litterale
24910;ce1;lecture;lecture_litterale
24911;ce1;lecture;lecture_litterale
24912;ce1;lecture;lecture_litterale
24913;ce1;lecture;lecture_litterale
24914;ce1;lecture;lecture_litterale
24915;ce1;lecture;lecture_litterale
24916;ce1;lecture;lecture_litterale
24917;ce1;lecture;lecture_litterale
24918;ce1;lecture;lecture_litterale
24919;ce1;lecture;lecture_litterale
24920;ce1;lecture;lecture_vocabulaire
24921;ce1;lecture;lecture_vocabulaire
24922;ce1;lecture;lecture_inference
24923;ce1;lecture;lecture_inference
24925;ce1;lecture;lecture_litterale
24926;ce1;lecture;lecture_litterale
24927;ce1;lecture;lecture_litterale
24928;ce1;lecture;lecture_litterale
24929;ce1;lecture;lecture_litterale
24930;ce1;lecture;lecture_litterale
24931;ce1;lecture;lecture_litterale
24932;ce1;lecture;lecture_litterale
24933;ce1;lecture;lecture_litterale
24934;ce1;lecture;lecture_litterale
24935;ce1;lecture;lecture_litterale
24936;ce1;lecture;lecture_litterale
24937;ce1;lecture;lecture_litterale
24938;ce1;lecture;lecture_litterale
24939;ce1;lecture;lecture_litterale
24940;ce1;lecture;lecture_litterale
24941;ce1;lecture;lecture_vocabulaire
24942;ce1;lecture;lecture_vocabulaire
24943;ce1;lecture;lecture_inference
24944;ce1;lecture;lecture_inference
24946;ce1;lecture;lecture_litterale
24947;ce1;lecture;lecture_litterale
24948;ce1;lecture;lecture_litterale
24949;ce1;lecture;lecture_litterale
24950;ce1;lecture;lecture_litterale
24951;ce1;lecture;lecture_litterale
24952;ce1;lecture;lecture_litterale
24953;ce1;lecture;lecture_litterale
24954;ce1;lecture;lecture_litterale
24955;ce1;lecture;lecture_litterale
24956;ce1;lecture;lecture_litterale
24957;ce1;lecture;lecture_litterale
24958;ce1;lecture;lecture_litterale
24959;ce1;lecture;lecture_litterale
24960;ce1;lecture;lecture_litterale
24961;ce1;lecture;lecture_litterale
24962;ce1;lecture;lecture_vocabulaire
24963;ce1;lecture;lecture_vocabulaire
24964;ce1;lecture;lecture_inference
24965;ce1;lecture;lecture_inference
24967;ce1;lecture;lecture_litterale
24968;ce1;lecture;lecture_litterale
24969;ce1;lecture;lecture_litterale
24970;ce1;lecture;lecture_litterale
24971;ce1;lecture;lecture_litterale
24972;ce1;lecture;lecture_litterale
24973;ce1;lecture;lecture_litterale
24974;ce1;lecture;lecture_litterale
24975;ce1;lecture;lecture_litterale
24976;ce1;lecture;lecture_litterale
24977;ce1;lecture;lecture_litterale
24978;ce1;lecture;lecture_litterale
24979;ce1;lecture;lecture_litterale
24980;ce1;lecture;lecture_litterale
24981;ce1;lecture;lecture_litterale
24982;ce1;lecture;lecture_litterale
24983;ce1;lecture;lecture_vocabulaire
24984;ce1;lecture;lecture_vocabulaire
24985;ce1;lecture;lecture_inference
24986;ce1;lecture;lecture_inference
41000;ce1;logique;suites_logiques
41001;ce1;logique;suites_logiques
41002;ce1;logique;suites_logiques
41003;ce1;logique;suites_logiques
41004;ce1;logique;intrus
41005;ce1;logique;analogies
41006;ce1;logique;suites_logiques
41007;ce1;logique;analogies
41008;ce1;logique;comparer_nombres
41009;ce1;logique;suites_logiques
41010;ce1;logique;suites_logiques
41011;ce1;logique;suites_logiques
41012;ce1;logique;suites_logiques
41013;ce1;logique;suites_logiques
41014;ce1;logique;suites_logiques
41015;ce1;logique;suites_logiques
41016;ce1;logique;suites_logiques
41017;ce1;logique;suites_logiques
41018;ce1;logique;suites_logiques
41019;ce1;logique;suites_logiques
41020;ce1;logique;suites_logiques
41021;ce1;logique;suites_logiques
41022;ce1;logique;suites_logiques
41023;ce1;logique;suites_logiques
41024;ce1;logique;suites_logiques
41025;ce1;logique;suites_logiques
41026;ce1;logique;suites_logiques
41027;ce1;logique;suites_logiques
41028;ce1;logique;suites_logiques
41029;ce1;logique;suites_logiques
41030;ce1;logique;suites_logiques
41031;ce1;logique;suites_logiques
41032;ce1;logique;suites_logiques
41033;ce1;logique;suites_logiques
41034;ce1;logique;suites_logiques
41035;ce1;logique;suites_logiques
41036;ce1;logique;suites_logiques
41037;ce1;logique;suites_logiques
41038;ce1;logique;suites_logiques
41039;ce1;logique;suites_logiques
41040;ce1;logique;suites_logiques
41041;ce1;logique;suites_logiques
41042;ce1;logique;suites_logiques
41043;ce1;logique;suites_logiques
41044;ce1;logique;suites_logiques
41045;ce1;logique;suites_logiques
41046;ce1;logique;suites_logiques
41047;ce1;logique;suites_logiques
41048;ce1;logique;suites_logiques
41049;ce1;logique;suites_logiques
41050;ce1;logique;suites_logiques
41051;ce1;logique;suites_logiques
41052;ce1;logique;suites_logiques
41053;ce1;logique;suites_logiques
41054;ce1;logique;suites_logiques
41055;ce1;logique;suites_logiques
41056;ce1;logique;suites_logiques
41057;ce1;logique;suites_logiques
41058;ce1;logique;suites_logiques
41059;ce1;logique;suites_logiques
41060;ce1;logique;suites_logiques
41061;ce1;logique;suites_logiques
41062;ce1;logique;suites_logiques
41063;ce1;logique;suites_logiques
41064;ce1;logique;suites_logiques
41065;ce1;logique;suites_logiques
41066;ce1;logique;suites_logiques
41067;ce1;logique;suites_logiques
41068;ce1;logique;suites_logiques
41069;ce1;logique;suites_logiques
41070;ce1;logique;suites_logiques
41071;ce1;logique;suites_logiques
41072;ce1;logique;suites_logiques
41073;ce1;logique;suites_logiques
41074;ce1;logique;suites_logiques
41075;ce1;logique;suites_logiques
41076;ce1;logique;suites_logiques
41077;ce1;logique;suites_logiques
41078;ce1;logique;suites_logiques
41079;ce1;logique;suites_logiques
41080;ce1;logique;suites_logiques
41081;ce1;logique;suites_logiques
41082;ce1;logique;suites_logiques
41083;ce1;logique;suites_logiques
41084;ce1;logique;suites_logiques
41085;ce1;logique;suites_logiques
41086;ce1;logique;suites_logiques
41087;ce1;logique;suites_logiques
41088;ce1;logique;suites_logiques
41089;ce1;logique;suites_logiques
41090;ce1;logique;suites_logiques
41091;ce1;logique;suites_logiques
41092;ce1;logique;suites_logiques
41093;ce1;logique;suites_logiques
41094;ce1;logique;suites_logiques
41095;ce1;logique;suites_logiques
41096;ce1;logique;suites_logiques
41097;ce1;logique;suites_logiques
41098;ce1;logique;suites_logiques
41099;ce1;logique;suites_logiques
41100;ce1;logique;suites_logiques
41101;ce1;logique;suites_logiques
41102;ce1;logique;suites_logiques
41103;ce1;logique;suites_logiques
41104;ce1;logique;suites_logiques
41105;ce1;logique;suites_logiques
41106;ce1;logique;suites_logiques
41107;ce1;logique;suites_logiques
41108;ce1;logique;suites_logiques
41109;ce1;logique;suites_logiques
41110;ce1;logique;suites_logiques
41111;ce1;logique;suites_logiques
41112;ce1;logique;suites_logiques
41113;ce1;logique;suites_logiques
41114;ce1;logique;suites_logiques
41115;ce1;logique;suites_logiques
41116;ce1;logique;suites_logiques
41117;ce1;logique;suites_logiques
41118;ce1;logique;suites_logiques
41119;ce1;logique;suites_logiques
41120;ce1;logique;suites_logiques
41121;ce1;logique;suites_logiques
41122;ce1;logique;suites_logiques
41123;ce1;logique;suites_logiques
41124;ce1;logique;suites_logiques
41125;ce1;logique;suites_logiques
41126;ce1;logique;suites_logiques
41127;ce1;logique;suites_logiques
41128;ce1;logique;suites_logiques
41129;ce1;logique;suites_logiques
41130;ce1;logique;suites_logiques
41131;ce1;logique;suites_logiques
41132;ce1;logique;suites_logiques
41133;ce1;logique;suites_logiques
41134;ce1;logique;suites_logiques
41135;ce1;logique;suites_logiques
41136;ce1;logique;suites_logiques
41137;ce1;logique;suites_logiques
41138;ce1;logique;suites_logiques
41139;ce1;logique;suites_logiques
41140;ce1;logique;suites_logiques
41141;ce1;logique;suites_logiques
41142;ce1;logique;suites_logiques
41143;ce1;logique;suites_logiques
41144;ce1;logique;suites_logiques
41145;ce1;logique;suites_logiques
41146;ce1;logique;suites_logiques
41147;ce1;logique;suites_logiques
41148;ce1;logique;suites_logiques
41149;ce1;logique;suites_logiques
41150;ce1;logique;suites_logiques
41151;ce1;logique;suites_logiques
41152;ce1;logique;suites_logiques
41153;ce1;logique;suites_logiques
41154;ce1;logique;suites_logiques
41155;ce1;logique;suites_logiques
41156;ce1;logique;suites_logiques
41157;ce1;logique;suites_logiques
41158;ce1;logique;suites_logiques
41159;ce1;logique;suites_logiques
41160;ce1;logique;suites_logiques
41161;ce1;logique;suites_logiques
41162;ce1;logique;suites_logiques
41163;ce1;logique;suites_logiques
41164;ce1;logique;suites_logiques
41165;ce1;logique;suites_logiques
41166;ce1;logique;suites_logiques
41167;ce1;logique;suites_logiques
41168;ce1;logique;suites_logiques
41169;ce1;logique;suites_logiques
41170;ce1;logique;suites_logiques
41171;ce1;logique;suites_logiques
41172;ce1;logique;suites_logiques
41173;ce1;logique;suites_logiques
41174;ce1;logique;suites_logiques
41175;ce1;logique;suites_logiques
41176;ce1;logique;suites_logiques
41177;ce1;logique;suites_logiques
41178;ce1;logique;suites_logiques
41179;ce1;logique;suites_logiques
41180;ce1;logique;suites_logiques
41181;ce1;logique;suites_logiques
41182;ce1;logique;suites_logiques
41183;ce1;logique;suites_logiques
41184;ce1;logique;suites_logiques
41185;ce1;logique;suites_logiques
41186;ce1;logique;suites_logiques
41187;ce1;logique;suites_logiques
41188;ce1;logique;suites_logiques
41189;ce1;logique;suites_logiques
41190;ce1;logique;suites_logiques
41191;ce1;logique;suites_logiques
41192;ce1;logique;suites_logiques
41193;ce1;logique;suites_logiques
41194;ce1;logique;suites_logiques
41195;ce1;logique;suites_logiques
41196;ce1;logique;suites_logiques
41197;ce1;logique;suites_logiques
41198;ce1;logique;suites_logiques
41199;ce1;logique;suites_logiques
41200;ce1;logique;suites_logiques
41201;ce1;logique;suites_logiques
41202;ce1;logique;intrus
41203;ce1;logique;intrus
41204;ce1;logique;intrus
41205;ce1;logique;intrus
41206;ce1;logique;intrus
41207;ce1;logique;intrus
41208;ce1;logique;intrus
41209;ce1;logique;intrus
41210;ce1;logique;intrus
41211;ce1;logique;intrus
41212;ce1;logique;intrus
41213;ce1;logique;intrus
41214;ce1;logique;intrus
41215;ce1;logique;intrus
41216;ce1;logique;intrus
41217;ce1;logique;intrus
41218;ce1;logique;intrus
41219;ce1;logique;intrus
41220;ce1;logique;intrus
41221;ce1;logique;intrus
41222;ce1;logique;intrus
41223;ce1;logique;intrus
41224;ce1;logique;intrus
41225;ce1;logique;intrus
41226;ce1;logique;intrus
41227;ce1;logique;intrus
41228;ce1;logique;intrus
41229;ce1;logique;intrus
41230;ce1;logique;intrus
41231;ce1;logique;intrus
41232;ce1;logique;intrus
41233;ce1;logique;intrus
41234;ce1;logique;intrus
41235;ce1;logique;intrus
41236;ce1;logique;intrus
41237;ce1;logique;intrus
41238;ce1;logique;intrus
41239;ce1;logique;intrus
41240;ce1;logique;intrus
41241;ce1;logique;intrus
41242;ce1;logique;intrus
41243;ce1;logique;intrus
41244;ce1;logique;intrus
41245;ce1;logique;intrus
41246;ce1;logique;intrus
41247;ce1;logique;intrus
41248;ce1;logique;intrus
41249;ce1;logique;intrus
41250;ce1;logique;intrus
41251;ce1;logique;intrus
41252;ce1;logique;intrus
41253;ce1;logique;intrus
41254;ce1;logique;intrus
41255;ce1;logique;intrus
41256;ce1;logique;intrus
41257;ce1;logique;intrus
41258;ce1;logique;intrus
41259;ce1;logique;intrus
41260;ce1;logique;intrus
41261;ce1;logique;intrus
41262;ce1;logique;analogies
41263;ce1;logique;analogies
41264;ce1;logique;analogies
41265;ce1;logique;analogies
41266;ce1;logique;analogies
41267;ce1;logique;analogies
41268;ce1;logique;analogies
41269;ce1;logique;analogies
41270;ce1;logique;analogies
41271;ce1;logique;analogies
41272;ce1;logique;analogies
41273;ce1;logique;analogies
41274;ce1;logique;analogies
41275;ce1;logique;analogies
41276;ce1;logique;analogies
41277;ce1;logique;analogies
41278;ce1;logique;analogies
41279;ce1;logique;analogies
41280;ce1;logique;analogies
41281;ce1;logique;analogies
41282;ce1;logique;analogies
41283;ce1;logique;analogies
41284;ce1;logique;analogies
41285;ce1;logique;analogies
41286;ce1;logique;analogies
41287;ce1;logique;analogies
41288;ce1;logique;analogies
41289;ce1;logique;analogies
41290;ce1;logique;analogies
41291;ce1;logique;analogies
41292;ce1;logique;analogies
41293;ce1;logique;analogies
41294;ce1;logique;analogies
41295;ce1;logique;analogies
41296;ce1;logique;analogies
41297;ce1;logique;analogies
41298;ce1;logique;analogies
41299;ce1;logique;analogies
41300;ce1;logique;analogies
41301;ce1;logique;analogies
41302;ce1;logique;analogies
41303;ce1;logique;analogies
41304;ce1;logique;analogies
41305;ce1;logique;analogies
41306;ce1;logique;analogies
41307;ce1;logique;analogies
41308;ce1;logique;analogies
41309;ce1;logique;analogies
41310;ce1;logique;analogies
41311;ce1;logique;analogies
41312;ce1;logique;analogies
41313;ce1;logique;analogies
41314;ce1;logique;analogies
41315;ce1;logique;analogies
41316;ce1;logique;analogies
41317;ce1;logique;analogies
41318;ce1;logique;analogies
41319;ce1;logique;analogies
41320;ce1;logique;analogies
41321;ce1;logique;analogies
41322;ce1;logique;analogies
41323;ce1;logique;analogies
41324;ce1;logique;analogies
41325;ce1;logique;analogies
41326;ce1;logique;analogies
41327;ce1;logique;analogies
41328;ce1;logique;analogies
41329;ce1;logique;analogies
41330;ce1;logique;analogies
41331;ce1;logique;analogies
41332;ce1;logique;analogies
41333;ce1;logique;analogies
41334;ce1;logique;analogies
41335;ce1;logique;analogies
41336;ce1;logique;analogies
41337;ce1;logique;analogies
41338;ce1;logique;analogies
41339;ce1;logique;analogies
41340;ce1;logique;analogies
41341;ce1;logique;analogies
41342;ce1;logique;comparer_nombres
41343;ce1;logique;comparer_nombres
41344;ce1;logique;comparer_nombres
41345;ce1;logique;comparer_nombres
41346;ce1;logique;comparer_nombres
41347;ce1;logique;comparer_nombres
41348;ce1;logique;comparer_nombres
41349;ce1;logique;comparer_nombres
41350;ce1;logique;comparer_nombres
41351;ce1;logique;comparer_nombres
41352;ce1;logique;comparer_nombres
41353;ce1;logique;comparer_nombres
41354;ce1;logique;comparer_nombres
41355;ce1;logique;comparer_nombres
41356;ce1;logique;comparer_nombres
41357;ce1;logique;comparer_nombres
41358;ce1;logique;comparer_nombres
41359;ce1;logique;comparer_nombres
41360;ce1;logique;comparer_nombres
41361;ce1;logique;comparer_nombres
41362;ce1;logique;comparer_nombres
41363;ce1;logique;comparer_nombres
41364;ce1;logique;comparer_nombres
41365;ce1;logique;comparer_nombres
41366;ce1;logique;comparer_nombres
41367;ce1;logique;comparer_nombres
41368;ce1;logique;comparer_nombres
41369;ce1;logique;comparer_nombres
41370;ce1;logique;comparer_nombres
41371;ce1;logique;comparer_nombres
41372;ce1;logique;comparer_nombres
41373;ce1;logique;comparer_nombres
41374;ce1;logique;comparer_nombres
41375;ce1;logique;comparer_nombres
41376;ce1;logique;comparer_nombres
41377;ce1;logique;comparer_nombres
41378;ce1;logique;comparer_nombres
41379;ce1;logique;comparer_nombres
41380;ce1;logique;comparer_nombres
41381;ce1;logique;comparer_nombres
41382;ce1;logique;comparer_nombres
41383;ce1;logique;comparer_nombres
41384;ce1;logique;comparer_nombres
41385;ce1;logique;comparer_nombres
41386;ce1;logique;comparer_nombres
41387;ce1;logique;comparer_nombres
41388;ce1;logique;comparer_nombres
41389;ce1;logique;comparer_nombres
41390;ce1;logique;comparer_nombres
41391;ce1;logique;comparer_nombres
41392;ce1;logique;comparer_nombres
41393;ce1;logique;comparer_nombres
41394;ce1;logique;comparer_nombres
41395;ce1;logique;comparer_nombres
41396;ce1;logique;comparer_nombres
41397;ce1;logique;comparer_nombres
41398;ce1;logique;comparer_nombres
41399;ce1;logique;comparer_nombres
41400;ce1;logique;comparer_nombres
41401;ce1;logique;comparer_nombres
41402;ce1;logique;comparer_nombres
41403;ce1;logique;comparer_nombres
41404;ce1;logique;comparer_nombres
41405;ce1;logique;comparer_nombres
41406;ce1;logique;comparer_nombres
41407;ce1;logique;comparer_nombres
41408;ce1;logique;comparer_nombres
41409;ce1;logique;comparer_nombres
41410;ce1;logique;analogies
41411;ce1;logique;analogies
41412;ce1;logique;analogies
41413;ce1;logique;analogies
41414;ce1;logique;analogies
41415;ce1;logique;analogies
41416;ce1;logique;analogies
41417;ce1;logique;analogies
41418;ce1;logique;analogies
41419;ce1;logique;analogies
41420;ce1;logique;analogies
41421;ce1;logique;analogies
41422;ce1;logique;analogies
41423;ce1;logique;analogies
41424;ce1;logique;analogies
41425;ce1;logique;analogies
41426;ce1;logique;analogies
41427;ce1;logique;analogies
41428;ce1;logique;analogies
41429;ce1;logique;analogies
41430;ce1;logique;analogies
41431;ce1;logique;analogies
41432;ce1;logique;analogies
41433;ce1;logique;analogies
41434;ce1;logique;analogies
41435;ce1;logique;analogies
41436;ce1;logique;analogies
41437;ce1;logique;analogies
41438;ce1;logique;analogies
41439;ce1;logique;analogies
41440;ce1;logique;analogies
41441;ce1;logique;analogies
41442;ce1;logique;analogies
41443;ce1;logique;analogies
41444;ce1;logique;analogies
41445;ce1;logique;analogies
41446;ce1;logique;analogies
41447;ce1;logique;analogies
41448;ce1;logique;analogies
41449;ce1;logique;analogies
41450;ce1;logique;analogies
41451;ce1;logique;analogies
41452;ce1;logique;analogies
41453;ce1;logique;analogies
41454;ce1;logique;analogies
41455;ce1;logique;analogies
41456;ce1;logique;analogies
41457;ce1;logique;analogies
41458;ce1;logique;analogies
41459;ce1;logique;analogies
41460;ce1;logique;intrus
41461;ce1;logique;intrus
41462;ce1;logique;intrus
41463;ce1;logique;intrus
41464;ce1;logique;intrus
41465;ce1;logique;intrus
41466;ce1;logique;intrus
41467;ce1;logique;intrus
41468;ce1;logique;intrus
41469;ce1;logique;intrus
41470;ce1;logique;intrus
41471;ce1;logique;intrus
41472;ce1;logique;intrus
41473;ce1;logique;intrus
41474;ce1;logique;intrus
41475;ce1;logique;intrus
41476;ce1;logique;intrus
41477;ce1;logique;intrus
41478;ce1;logique;intrus
41479;ce1;logique;intrus
41480;ce1;logique;intrus
41481;ce1;logique;intrus
41482;ce1;logique;intrus
41483;ce1;logique;intrus
41484;ce1;logique;intrus
41485;ce1;logique;intrus
41486;ce1;logique;intrus
41487;ce1;logique;intrus
41488;ce1;logique;intrus
41489;ce1;logique;intrus
41490;ce1;logique;intrus
41491;ce1;logique;intrus
41492;ce1;logique;intrus
41493;ce1;logique;intrus
41494;ce1;logique;intrus
41495;ce1;logique;intrus
41496;ce1;logique;intrus
41497;ce1;logique;intrus
41498;ce1;logique;intrus
41499;ce1;logique;intrus
1201;ce1;math;addition
1202;ce1;math;addition
1203;ce1;math;addition
1204;ce1;math;addition
1205;ce1;math;addition
1206;ce1;math;addition
1207;ce1;math;addition
1208;ce1;math;addition
1209;ce1;math;addition
1210;ce1;math;addition
1211;ce1;math;addition
1212;ce1;math;addition
1213;ce1;math;addition
1214;ce1;math;addition
1215;ce1;math;addition
1216;ce1;math;addition
1217;ce1;math;addition
1218;ce1;math;addition
1219;ce1;math;addition
1220;ce1;math;addition
1221;ce1;math;addition
1222;ce1;math;addition
1223;ce1;math;addition
1224;ce1;math;addition
1225;ce1;math;addition
1226;ce1;math;addition
1227;ce1;math;addition
1228;ce1;math;addition
1229;ce1;math;addition
1230;ce1;math;addition
1231;ce1;math;soustraction
1232;ce1;math;soustraction
1233;ce1;math;soustraction
1234;ce1;math;soustraction
1235;ce1;math;soustraction
1236;ce1;math;soustraction
1237;ce1;math;soustraction
1238;ce1;math;soustraction
1239;ce1;math;soustraction
1240;ce1;math;soustraction
1241;ce1;math;soustraction
1242;ce1;math;soustraction
1243;ce1;math;soustraction
1244;ce1;math;soustraction
1245;ce1;math;soustraction
1246;ce1;math;soustraction
1247;ce1;math;soustraction
1248;ce1;math;soustraction
1249;ce1;math;soustraction
1250;ce1;math;soustraction
1251;ce1;math;soustraction
1252;ce1;math;soustraction
1253;ce1;math;soustraction
1254;ce1;math;soustraction
1255;ce1;math;soustraction
1256;ce1;math;soustraction
1257;ce1;math;soustraction
1258;ce1;math;soustraction
1259;ce1;math;soustraction
1260;ce1;math;soustraction
1261;ce1;math;multiplication
1262;ce1;math;multiplication
1263;ce1;math;multiplication
1264;ce1;math;multiplication
1265;ce1;math;multiplication
1266;ce1;math;multiplication
1267;ce1;math;multiplication
1268;ce1;math;multiplication
1269;ce1;math;multiplication
1270;ce1;math;multiplication
1271;ce1;math;multiplication
1272;ce1;math;multiplication
1273;ce1;math;multiplication
1274;ce1;math;multiplication
1275;ce1;math;multiplication
1276;ce1;math;multiplication
1277;ce1;math;multiplication
1278;ce1;math;multiplication
1279;ce1;math;multiplication
1280;ce1;math;multiplication
1281;ce1;math;multiplication
1282;ce1;math;multiplication
1283;ce1;math;multiplication
1284;ce1;math;multiplication
1285;ce1;math;multiplication
1286;ce1;math;multiplication
1287;ce1;math;multiplication
1288;ce1;math;multiplication
1289;ce1;math;multiplication
1290;ce1;math;multiplication
1291;ce1;math;multiplication
1292;ce1;math;multiplication
1293;ce1;math;multiplication
1294;ce1;math;multiplication
1295;ce1;math;multiplication
1296;ce1;math;multiplication
1297;ce1;math;multiplication
1298;ce1;math;multiplication
1299;ce1;math;multiplication
1300;ce1;math;multiplication
1301;ce1;math;doubles_moities
1302;ce1;math;doubles_moities
1303;ce1;math;doubles_moities
1304;ce1;math;doubles_moities
1305;ce1;math;doubles_moities
1306;ce1;math;doubles_moities
1307;ce1;math;doubles_moities
1308;ce1;math;doubles_moities
1309;ce1;math;doubles_moities
1310;ce1;math;doubles_moities
1311;ce1;math;doubles_moities
1312;ce1;math;doubles_moities
1313;ce1;math;doubles_moities
1314;ce1;math;doubles_moities
1315;ce1;math;doubles_moities
1316;ce1;math;doubles_moities
1317;ce1;math;doubles_moities
1318;ce1;math;doubles_moities
1319;ce1;math;doubles_moities
1320;ce1;math;doubles_moities
1321;ce1;math;doubles_moities
1322;ce1;math;doubles_moities
1323;ce1;math;doubles_moities
1324;ce1;math;doubles_moities
1325;ce1;math;doubles_moities
1326;ce1;math;doubles_moities
1327;ce1;math;doubles_moities
1328;ce1;math;doubles_moities
1329;ce1;math;doubles_moities
1330;ce1;math;doubles_moities
1331;ce1;math;doubles_moities
1332;ce1;math;doubles_moities
1333;ce1;math;doubles_moities
1334;ce1;math;doubles_moities
1335;ce1;math;doubles_moities
1336;ce1;math;comparer_nombres
1337;ce1;math;comparer_nombres
1338;ce1;math;comparer_nombres
1339;ce1;math;comparer_nombres
1340;ce1;math;comparer_nombres
1341;ce1;math;comparer_nombres
1342;ce1;math;comparer_nombres
1343;ce1;math;comparer_nombres
1344;ce1;math;comparer_nombres
1345;ce1;math;comparer_nombres
1346;ce1;math;comparer_nombres
1347;ce1;math;comparer_nombres
1348;ce1;math;comparer_nombres
1349;ce1;math;comparer_nombres
1350;ce1;math;comparer_nombres
1351;ce1;math;comparer_nombres
1352;ce1;math;comparer_nombres
1353;ce1;math;comparer_nombres
1354;ce1;math;comparer_nombres
1355;ce1;math;comparer_nombres
1356;ce1;math;comparer_nombres
1357;ce1;math;comparer_nombres
1358;ce1;math;comparer_nombres
1359;ce1;math;comparer_nombres
1360;ce1;math;comparer_nombres
1361;ce1;math;problemes
1362;ce1;math;problemes
1363;ce1;math;problemes
1364;ce1;math;problemes
1365;ce1;math;problemes
1366;ce1;math;problemes
1367;ce1;math;problemes
1368;ce1;math;problemes
1369;ce1;math;problemes
1370;ce1;math;problemes
1371;ce1;math;problemes
1372;ce1;math;problemes
1373;ce1;math;problemes
1374;ce1;math;problemes
1375;ce1;math;problemes
1376;ce1;math;complements
1377;ce1;math;complements
1378;ce1;math;complements
1379;ce1;math;complements
1380;ce1;math;complements
1381;ce1;math;complements
1382;ce1;math;complements
1383;ce1;math;complements
1384;ce1;math;complements
1385;ce1;math;complements
1386;ce1;math;problemes
1387;ce1;math;problemes
1388;ce1;math;problemes
1389;ce1;math;problemes
1390;ce1;math;problemes
1391;ce1;math;problemes
1392;ce1;math;problemes
1393;ce1;math;problemes
1394;ce1;math;problemes
1395;ce1;math;problemes
1396;ce1;math;problemes
1397;ce1;math;problemes
1398;ce1;math;problemes
1399;ce1;math;problemes
1400;ce1;math;problemes
3000;ce1;math;addition
3001;ce1;math;addition
3002;ce1;math;addition
3003;ce1;math;addition
3004;ce1;math;addition
3005;ce1;math;addition
3006;ce1;math;addition
3007;ce1;math;addition
3008;ce1;math;addition
3009;ce1;math;addition
3010;ce1;math;addition
3011;ce1;math;addition
3012;ce1;math;addition
3013;ce1;math;addition
3014;ce1;math;addition
3015;ce1;math;addition
3016;ce1;math;addition
3017;ce1;math;addition
3018;ce1;math;addition
3019;ce1;math;addition
3020;ce1;math;addition
3021;ce1;math;addition
3022;ce1;math;addition
3023;ce1;math;addition
3024;ce1;math;addition
3025;ce1;math;addition
3026;ce1;math;addition
3027;ce1;math;addition
3028;ce1;math;addition
3029;ce1;math;addition
3030;ce1;math;addition
3031;ce1;math;addition
3032;ce1;math;addition
3033;ce1;math;addition
3034;ce1;math;addition
3035;ce1;math;addition
3036;ce1;math;addition
3037;ce1;math;addition
3038;ce1;math;addition
3039;ce1;math;addition
3040;ce1;math;addition
3041;ce1;math;addition
3042;ce1;math;addition
3043;ce1;math;addition
3044;ce1;math;addition
3045;ce1;math;addition
3046;ce1;math;addition
3047;ce1;math;addition
3048;ce1;math;addition
3049;ce1;math;addition
3050;ce1;math;addition
3051;ce1;math;addition
3052;ce1;math;addition
3053;ce1;math;addition
3054;ce1;math;addition
3055;ce1;math;addition
3056;ce1;math;addition
3057;ce1;math;addition
3058;ce1;math;addition
3059;ce1;math;addition
3060;ce1;math;addition
3061;ce1;math;addition
3062;ce1;math;addition
3063;ce1;math;addition
3064;ce1;math;addition
3065;ce1;math;addition
3066;ce1;math;addition
3067;ce1;math;addition
3068;ce1;math;addition
3069;ce1;math;addition
3070;ce1;math;addition
3071;ce1;math;addition
3072;ce1;math;addition
3073;ce1;math;addition
3074;ce1;math;addition
3075;ce1;math;addition
3076;ce1;math;addition
3077;ce1;math;addition
3078;ce1;math;addition
3079;ce1;math;addition
3080;ce1;math;addition
3081;ce1;math;addition
3082;ce1;math;addition
3083;ce1;math;addition
3084;ce1;math;addition
3085;ce1;math;addition
3086;ce1;math;addition
3087;ce1;math;addition
3088;ce1;math;addition
3089;ce1;math;addition
3090;ce1;math;addition
3091;ce1;math;addition
3092;ce1;math;addition
3093;ce1;math;addition
3094;ce1;math;addition
3095;ce1;math;addition
3096;ce1;math;addition
3097;ce1;math;addition
3098;ce1;math;addition
3099;ce1;math;addition
3100;ce1;math;addition
3101;ce1;math;addition
3102;ce1;math;addition
3103;ce1;math;addition
3104;ce1;math;addition
3105;ce1;math;addition
3106;ce1;math;addition
3107;ce1;math;addition
3108;ce1;math;addition
3109;ce1;math;addition
3110;ce1;math;soustraction
3111;ce1;math;soustraction
3112;ce1;math;soustraction
3113;ce1;math;soustraction
3114;ce1;math;soustraction
3115;ce1;math;soustraction
3116;ce1;math;soustraction
3117;ce1;math;soustraction
3118;ce1;math;soustraction
3119;ce1;math;soustraction
3120;ce1;math;soustraction
3121;ce1;math;soustraction
3122;ce1;math;soustraction
3123;ce1;math;soustraction
3124;ce1;math;soustraction
3125;ce1;math;soustraction
3126;ce1;math;soustraction
3127;ce1;math;soustraction
3128;ce1;math;soustraction
3129;ce1;math;soustraction
3130;ce1;math;soustraction
3131;ce1;math;soustraction
3132;ce1;math;soustraction
3133;ce1;math;soustraction
3134;ce1;math;soustraction
3135;ce1;math;soustraction
3136;ce1;math;soustraction
3137;ce1;math;soustraction
3138;ce1;math;soustraction
3139;ce1;math;soustraction
3140;ce1;math;soustraction
3141;ce1;math;soustraction
3142;ce1;math;soustraction
3143;ce1;math;soustraction
3144;ce1;math;soustraction
3145;ce1;math;soustraction
3146;ce1;math;soustraction
3147;ce1;math;soustraction
3148;ce1;math;soustraction
3149;ce1;math;soustraction
3150;ce1;math;soustraction
3151;ce1;math;soustraction
3152;ce1;math;soustraction
3153;ce1;math;soustraction
3154;ce1;math;soustraction
3155;ce1;math;soustraction
3156;ce1;math;soustraction
3157;ce1;math;soustraction
3158;ce1;math;soustraction
3159;ce1;math;soustraction
3160;ce1;math;soustraction
3161;ce1;math;soustraction
3162;ce1;math;soustraction
3163;ce1;math;soustraction
3164;ce1;math;soustraction
3165;ce1;math;soustraction
3166;ce1;math;soustraction
3167;ce1;math;soustraction
3168;ce1;math;soustraction
3169;ce1;math;soustraction
3170;ce1;math;soustraction
3171;ce1;math;soustraction
3172;ce1;math;soustraction
3173;ce1;math;soustraction
3174;ce1;math;soustraction
3175;ce1;math;soustraction
3176;ce1;math;soustraction
3177;ce1;math;soustraction
3178;ce1;math;soustraction
3179;ce1;math;soustraction
3180;ce1;math;soustraction
3181;ce1;math;soustraction
3182;ce1;math;soustraction
3183;ce1;math;soustraction
3184;ce1;math;soustraction
3185;ce1;math;soustraction
3186;ce1;math;soustraction
3187;ce1;math;soustraction
3188;ce1;math;soustraction
3189;ce1;math;soustraction
3190;ce1;math;soustraction
3191;ce1;math;soustraction
3192;ce1;math;soustraction
3193;ce1;math;soustraction
3194;ce1;math;soustraction
3195;ce1;math;soustraction
3196;ce1;math;soustraction
3197;ce1;math;soustraction
3198;ce1;math;soustraction
3199;ce1;math;soustraction
3200;ce1;math;soustraction
3201;ce1;math;soustraction
3202;ce1;math;soustraction
3203;ce1;math;soustraction
3204;ce1;math;soustraction
3205;ce1;math;soustraction
3206;ce1;math;soustraction
3207;ce1;math;soustraction
3208;ce1;math;soustraction
3209;ce1;math;soustraction
3210;ce1;math;soustraction
3211;ce1;math;soustraction
3212;ce1;math;soustraction
3213;ce1;math;soustraction
3214;ce1;math;soustraction
3215;ce1;math;soustraction
3216;ce1;math;soustraction
3217;ce1;math;soustraction
3218;ce1;math;soustraction
3219;ce1;math;soustraction
3220;ce1;math;multiplication
3221;ce1;math;multiplication
3222;ce1;math;multiplication
3223;ce1;math;multiplication
3224;ce1;math;multiplication
3225;ce1;math;multiplication
3226;ce1;math;multiplication
3227;ce1;math;multiplication
3228;ce1;math;multiplication
3229;ce1;math;multiplication
3230;ce1;math;multiplication
3231;ce1;math;multiplication
3232;ce1;math;multiplication
3233;ce1;math;multiplication
3234;ce1;math;multiplication
3235;ce1;math;multiplication
3236;ce1;math;multiplication
3237;ce1;math;multiplication
3238;ce1;math;multiplication
3239;ce1;math;multiplication
3240;ce1;math;multiplication
3241;ce1;math;multiplication
3242;ce1;math;multiplication
3243;ce1;math;multiplication
3244;ce1;math;multiplication
3245;ce1;math;multiplication
3246;ce1;math;multiplication
3247;ce1;math;multiplication
3248;ce1;math;multiplication
3249;ce1;math;multiplication
3250;ce1;math;multiplication
3251;ce1;math;multiplication
3252;ce1;math;multiplication
3253;ce1;math;multiplication
3254;ce1;math;multiplication
3255;ce1;math;multiplication
3256;ce1;math;multiplication
3257;ce1;math;multiplication
3258;ce1;math;multiplication
3259;ce1;math;multiplication
3260;ce1;math;multiplication
3261;ce1;math;multiplication
3262;ce1;math;multiplication
3263;ce1;math;multiplication
3264;ce1;math;multiplication
3265;ce1;math;multiplication
3266;ce1;math;multiplication
3267;ce1;math;multiplication
3268;ce1;math;multiplication
3269;ce1;math;multiplication
3270;ce1;math;multiplication
3271;ce1;math;multiplication
3272;ce1;math;multiplication
3273;ce1;math;multiplication
3274;ce1;math;multiplication
3275;ce1;math;multiplication
3276;ce1;math;multiplication
3277;ce1;math;multiplication
3278;ce1;math;multiplication
3279;ce1;math;multiplication
3280;ce1;math;multiplication
3281;ce1;math;multiplication
3282;ce1;math;multiplication
3283;ce1;math;multiplication
3284;ce1;math;multiplication
3285;ce1;math;multiplication
3286;ce1;math;multiplication
3287;ce1;math;multiplication
3288;ce1;math;multiplication
3289;ce1;math;multiplication
3290;ce1;math;multiplication
3291;ce1;math;multiplication
3292;ce1;math;multiplication
3293;ce1;math;multiplication
3294;ce1;math;multiplication
3295;ce1;math;multiplication
3296;ce1;math;multiplication
3297;ce1;math;multiplication
3298;ce1;math;multiplication
3299;ce1;math;multiplication
3300;ce1;math;multiplication
3301;ce1;math;multiplication
3302;ce1;math;multiplication
3303;ce1;math;multiplication
3304;ce1;math;multiplication
3305;ce1;math;multiplication
3306;ce1;math;multiplication
3307;ce1;math;multiplication
3308;ce1;math;multiplication
3309;ce1;math;multiplication
3310;ce1;math;doubles_moities
3311;ce1;math;doubles_moities
3312;ce1;math;doubles_moities
3313;ce1;math;doubles_moities
3314;ce1;math;doubles_moities
3315;ce1;math;doubles_moities
3316;ce1;math;doubles_moities
3317;ce1;math;doubles_moities
3318;ce1;math;doubles_moities
3319;ce1;math;doubles_moities
3320;ce1;math;doubles_moities
3321;ce1;math;doubles_moities
3322;ce1;math;doubles_moities
3323;ce1;math;doubles_moities
3324;ce1;math;doubles_moities
3325;ce1;math;doubles_moities
3326;ce1;math;doubles_moities
3327;ce1;math;doubles_moities
3328;ce1;math;doubles_moities
3329;ce1;math;doubles_moities
3330;ce1;math;doubles_moities
3331;ce1;math;doubles_moities
3332;ce1;math;doubles_moities
3333;ce1;math;doubles_moities
3334;ce1;math;doubles_moities
3335;ce1;math;doubles_moities
3336;ce1;math;doubles_moities
3337;ce1;math;doubles_moities
3338;ce1;math;doubles_moities
3339;ce1;math;doubles_moities
3340;ce1;math;doubles_moities
3341;ce1;math;doubles_moities
3342;ce1;math;doubles_moities
3343;ce1;math;doubles_moities
3344;ce1;math;doubles_moities
3345;ce1;math;doubles_moities
3346;ce1;math;doubles_moities
3347;ce1;math;doubles_moities
3348;ce1;math;doubles_moities
3349;ce1;math;doubles_moities
3350;ce1;math;doubles_moities
3351;ce1;math;doubles_moities
3352;ce1;math;doubles_moities
3353;ce1;math;doubles_moities
3354;ce1;math;doubles_moities
3355;ce1;math;doubles_moities
3356;ce1;math;doubles_moities
3357;ce1;math;doubles_moities
3358;ce1;math;doubles_moities
3359;ce1;math;doubles_moities
3360;ce1;math;doubles_moities
3361;ce1;math;doubles_moities
3362;ce1;math;doubles_moities
3363;ce1;math;doubles_moities
3364;ce1;math;doubles_moities
3365;ce1;math;doubles_moities
3366;ce1;math;doubles_moities
3367;ce1;math;doubles_moities
3368;ce1;math;doubles_moities
3369;ce1;math;doubles_moities
3370;ce1;math;comparer_nombres
3371;ce1;math;comparer_nombres
3372;ce1;math;comparer_nombres
3373;ce1;math;comparer_nombres
3374;ce1;math;comparer_nombres
3375;ce1;math;comparer_nombres
3376;ce1;math;comparer_nombres
3377;ce1;math;comparer_nombres
3378;ce1;math;comparer_nombres
3379;ce1;math;comparer_nombres
3380;ce1;math;comparer_nombres
3381;ce1;math;comparer_nombres
3382;ce1;math;comparer_nombres
3383;ce1;math;comparer_nombres
3384;ce1;math;comparer_nombres
3385;ce1;math;comparer_nombres
3386;ce1;math;comparer_nombres
3387;ce1;math;comparer_nombres
3388;ce1;math;comparer_nombres
3389;ce1;math;comparer_nombres
3390;ce1;math;comparer_nombres
3391;ce1;math;comparer_nombres
3392;ce1;math;comparer_nombres
3393;ce1;math;comparer_nombres
3394;ce1;math;comparer_nombres
3395;ce1;math;comparer_nombres
3396;ce1;math;comparer_nombres
3397;ce1;math;comparer_nombres
3398;ce1;math;comparer_nombres
3399;ce1;math;comparer_nombres
3400;ce1;math;comparer_nombres
3401;ce1;math;comparer_nombres
3402;ce1;math;comparer_nombres
3403;ce1;math;comparer_nombres
3404;ce1;math;comparer_nombres
3405;ce1;math;comparer_nombres
3406;ce1;math;comparer_nombres
3407;ce1;math;comparer_nombres
3408;ce1;math;comparer_nombres
3409;ce1;math;comparer_nombres
3410;ce1;math;comparer_nombres
3411;ce1;math;comparer_nombres
3412;ce1;math;comparer_nombres
3413;ce1;math;comparer_nombres
3414;ce1;math;comparer_nombres
3415;ce1;math;comparer_nombres
3416;ce1;math;comparer_nombres
3417;ce1;math;comparer_nombres
3418;ce1;math;comparer_nombres
3419;ce1;math;comparer_nombres
3420;ce1;math;comparer_nombres
3421;ce1;math;comparer_nombres
3422;ce1;math;comparer_nombres
3423;ce1;math;comparer_nombres
3424;ce1;math;comparer_nombres
3425;ce1;math;comparer_nombres
3426;ce1;math;comparer_nombres
3427;ce1;math;comparer_nombres
3428;ce1;math;comparer_nombres
3429;ce1;math;comparer_nombres
3430;ce1;math;problemes
3431;ce1;math;problemes
3432;ce1;math;problemes
3433;ce1;math;problemes
3434;ce1;math;problemes
3435;ce1;math;problemes
3436;ce1;math;problemes
3437;ce1;math;problemes
3438;ce1;math;problemes
3439;ce1;math;problemes
3440;ce1;math;problemes
3441;ce1;math;problemes
3442;ce1;math;problemes
3443;ce1;math;problemes
3444;ce1;math;problemes
3445;ce1;math;problemes
3446;ce1;math;problemes
3447;ce1;math;problemes
3448;ce1;math;problemes
3449;ce1;math;problemes
3450;ce1;math;problemes
3451;ce1;math;problemes
3452;ce1;math;problemes
3453;ce1;math;problemes
3454;ce1;math;problemes
3455;ce1;math;problemes
3456;ce1;math;problemes
3457;ce1;math;problemes
3458;ce1;math;problemes
3459;ce1;math;problemes
3460;ce1;math;problemes
3461;ce1;math;problemes
3462;ce1;math;problemes
3463;ce1;math;problemes
3464;ce1;math;problemes
3465;ce1;math;problemes
3466;ce1;math;problemes
3467;ce1;math;problemes
3468;ce1;math;problemes
3469;ce1;math;problemes
3470;ce1;math;problemes
3471;ce1;math;problemes
3472;ce1;math;problemes
3473;ce1;math;problemes
3474;ce1;math;problemes
3475;ce1;math;problemes
3476;ce1;math;problemes
3477;ce1;math;problemes
3478;ce1;math;problemes
3479;ce1;math;problemes
3480;ce1;math;problemes
3481;ce1;math;problemes
3482;ce1;math;problemes
3483;ce1;math;problemes
3484;ce1;math;problemes
3485;ce1;math;problemes
3486;ce1;math;problemes
3487;ce1;math;problemes
3488;ce1;math;problemes
3489;ce1;math;problemes
3490;ce1;math;problemes
3491;ce1;math;problemes
3492;ce1;math;problemes
3493;ce1;math;problemes
3494;ce1;math;problemes
3495;ce1;math;problemes
3496;ce1;math;problemes
3497;ce1;math;problemes
3498;ce1;math;problemes
3499;ce1;math;problemes
3500;ce1;math;problemes
3501;ce1;math;problemes
3502;ce1;math;problemes
3503;ce1;math;problemes
3504;ce1;math;problemes
3505;ce1;math;problemes
3506;ce1;math;problemes
3507;ce1;math;problemes
3508;ce1;math;problemes
3509;ce1;math;problemes
3510;ce1;math;problemes
3511;ce1;math;problemes
3512;ce1;math;problemes
3513;ce1;math;problemes
3514;ce1;math;problemes
3515;ce1;math;problemes
3516;ce1;math;problemes
3517;ce1;math;problemes
3518;ce1;math;problemes
3519;ce1;math;problemes
3520;ce1;math;problemes
3521;ce1;math;problemes
3522;ce1;math;problemes
3523;ce1;math;problemes
3524;ce1;math;problemes
3525;ce1;math;problemes
3526;ce1;math;problemes
3527;ce1;math;problemes
3528;ce1;math;problemes
3529;ce1;math;problemes
3530;ce1;math;problemes
3531;ce1;math;problemes
3532;ce1;math;problemes
3533;ce1;math;problemes
3534;ce1;math;problemes
3535;ce1;math;problemes
3536;ce1;math;problemes
3537;ce1;math;problemes
3538;ce1;math;problemes
3539;ce1;math;problemes
3540;ce1;math;problemes
3541;ce1;math;problemes
3542;ce1;math;problemes
3543;ce1;math;problemes
3544;ce1;math;problemes
3545;ce1;math;problemes
3546;ce1;math;problemes
3547;ce1;math;problemes
3548;ce1;math;problemes
3549;ce1;math;problemes
3550;ce1;math;complements
3551;ce1;math;complements
3552;ce1;math;complements
3553;ce1;math;complements
3554;ce1;math;complements
3555;ce1;math;complements
3556;ce1;math;complements
3557;ce1;math;complements
3558;ce1;math;complements
3559;ce1;math;complements
3560;ce1;math;complements
3561;ce1;math;complements
3562;ce1;math;complements
3563;ce1;math;complements
3564;ce1;math;complements
3565;ce1;math;complements
3566;ce1;math;complements
3567;ce1;math;complements
3568;ce1;math;complements
3569;ce1;math;complements
3570;ce1;math;complements
3571;ce1;math;complements
3572;ce1;math;complements
3573;ce1;math;complements
3574;ce1;math;complements
3575;ce1;math;complements
3576;ce1;math;complements
3577;ce1;math;complements
3578;ce1;math;complements
3579;ce1;math;complements
3580;ce1;math;complements
3581;ce1;math;complements
3582;ce1;math;complements
3583;ce1;math;complements
3584;ce1;math;complements
3585;ce1;math;complements
3586;ce1;math;complements
3587;ce1;math;complements
3588;ce1;math;complements
3589;ce1;math;complements
3590;ce1;math;complements
3591;ce1;math;complements
3592;ce1;math;complements
3593;ce1;math;complements
3594;ce1;math;complements
3595;ce1;math;complements
3596;ce1;math;complements
3597;ce1;math;complements
3598;ce1;math;complements
3599;ce1;math;complements
3600;ce1;math;complements
3601;ce1;math;complements
3602;ce1;math;complements
3603;ce1;math;complements
3604;ce1;math;complements
3605;ce1;math;complements
3606;ce1;math;complements
3607;ce1;math;complements
3608;ce1;math;complements
3609;ce1;math;complements
3610;ce1;math;complements
3611;ce1;math;complements
3612;ce1;math;complements
3613;ce1;math;complements
3614;ce1;math;complements
3615;ce1;math;complements
3616;ce1;math;complements
3617;ce1;math;complements
3618;ce1;math;complements
3619;ce1;math;complements
3620;ce1;math;complements
3621;ce1;math;complements
3622;ce1;math;complements
3623;ce1;math;complements
3624;ce1;math;complements
3625;ce1;math;complements
3626;ce1;math;complements
3627;ce1;math;complements
3628;ce1;math;complements
3629;ce1;math;complements
3630;ce1;math;complements
3631;ce1;math;complements
3632;ce1;math;complements
3633;ce1;math;complements
3634;ce1;math;complements
3635;ce1;math;complements
3636;ce1;math;complements
3637;ce1;math;complements
3638;ce1;math;complements
3639;ce1;math;complements
3640;ce1;math;complements
3641;ce1;math;complements
3642;ce1;math;complements
3643;ce1;math;complements
3644;ce1;math;complements
3645;ce1;math;complements
3646;ce1;math;complements
3647;ce1;math;complements
3648;ce1;math;complements
3649;ce1;math;complements
3650;ce1;math;complements
3651;ce1;math;complements
3652;ce1;math;complements
3653;ce1;math;complements
3654;ce1;math;complements
3655;ce1;math;complements
3656;ce1;math;complements
3657;ce1;math;complements
3658;ce1;math;complements
3659;ce1;math;complements
3660;ce1;math;complements
3661;ce1;math;complements
3662;ce1;math;complements
3663;ce1;math;complements
3664;ce1;math;complements
3665;ce1;math;complements
3666;ce1;math;complements
3667;ce1;math;complements
3668;ce1;math;complements
3669;ce1;math;complements
3670;ce1;math;complements
3671;ce1;math;complements
3672;ce1;math;complements
3673;ce1;math;complements
3674;ce1;math;complements
3675;ce1;math;complements
3676;ce1;math;complements
3677;ce1;math;complements
3678;ce1;math;complements
3679;ce1;math;complements
3680;ce1;math;suites_nombres
3681;ce1;math;suites_nombres
3682;ce1;math;suites_nombres
3683;ce1;math;suites_nombres
3684;ce1;math;suites_nombres
3685;ce1;math;suites_nombres
3686;ce1;math;suites_nombres
3687;ce1;math;suites_nombres
3688;ce1;math;suites_nombres
3689;ce1;math;suites_nombres
3690;ce1;math;suites_nombres
3691;ce1;math;suites_nombres
3692;ce1;math;suites_nombres
3693;ce1;math;suites_nombres
3694;ce1;math;suites_nombres
3695;ce1;math;suites_nombres
3696;ce1;math;suites_nombres
3697;ce1;math;suites_nombres
3698;ce1;math;suites_nombres
3699;ce1;math;suites_nombres
3700;ce1;math;suites_nombres
3701;ce1;math;suites_nombres
3702;ce1;math;suites_nombres
3703;ce1;math;suites_nombres
3704;ce1;math;suites_nombres
3705;ce1;math;suites_nombres
3706;ce1;math;suites_nombres
3707;ce1;math;suites_nombres
3708;ce1;math;suites_nombres
3709;ce1;math;suites_nombres
3710;ce1;math;suites_nombres
3711;ce1;math;suites_nombres
3712;ce1;math;suites_nombres
3713;ce1;math;suites_nombres
3714;ce1;math;suites_nombres
3715;ce1;math;suites_nombres
3716;ce1;math;suites_nombres
3717;ce1;math;suites_nombres
3718;ce1;math;suites_nombres
3719;ce1;math;suites_nombres
3720;ce1;math;perimetre
3721;ce1;math;perimetre
3722;ce1;math;perimetre
3723;ce1;math;perimetre
3724;ce1;math;perimetre
3725;ce1;math;perimetre
3726;ce1;math;perimetre
3727;ce1;math;perimetre
3728;ce1;math;perimetre
3729;ce1;math;perimetre
3730;ce1;math;perimetre
3731;ce1;math;perimetre
3732;ce1;math;perimetre
3733;ce1;math;perimetre
3734;ce1;math;perimetre
3735;ce1;math;perimetre
3736;ce1;math;perimetre
3737;ce1;math;perimetre
3738;ce1;math;perimetre
3739;ce1;math;perimetre
3740;ce1;math;perimetre
3741;ce1;math;perimetre
3742;ce1;math;perimetre
3743;ce1;math;perimetre
3744;ce1;math;perimetre
3745;ce1;math;perimetre
3746;ce1;math;perimetre
3747;ce1;math;perimetre
3748;ce1;math;perimetre
3749;ce1;math;perimetre
3750;ce1;math;perimetre
3751;ce1;math;perimetre
3752;ce1;math;perimetre
3753;ce1;math;perimetre
3754;ce1;math;perimetre
3755;ce1;math;perimetre
3756;ce1;math;perimetre
3757;ce1;math;perimetre
3758;ce1;math;perimetre
3759;ce1;math;perimetre
3760;ce1;math;pair_impair
3761;ce1;math;pair_impair
3762;ce1;math;pair_impair
3763;ce1;math;pair_impair
3764;ce1;math;pair_impair
3765;ce1;math;pair_impair
3766;ce1;math;pair_impair
3767;ce1;math;pair_impair
3768;ce1;math;pair_impair
3769;ce1;math;pair_impair
3770;ce1;math;pair_impair
3771;ce1;math;pair_impair
3772;ce1;math;pair_impair
3773;ce1;math;pair_impair
3774;ce1;math;pair_impair
3775;ce1;math;pair_impair
3776;ce1;math;pair_impair
3777;ce1;math;pair_impair
3778;ce1;math;pair_impair
3779;ce1;math;pair_impair
3780;ce1;math;pair_impair
3781;ce1;math;pair_impair
3782;ce1;math;pair_impair
3783;ce1;math;pair_impair
3784;ce1;math;pair_impair
3785;ce1;math;pair_impair
3786;ce1;math;pair_impair
3787;ce1;math;pair_impair
3788;ce1;math;pair_impair
3789;ce1;math;pair_impair
3790;ce1;math;pair_impair
3791;ce1;math;pair_impair
3792;ce1;math;pair_impair
3793;ce1;math;pair_impair
3794;ce1;math;pair_impair
3795;ce1;math;pair_impair
3796;ce1;math;pair_impair
3797;ce1;math;pair_impair
3798;ce1;math;pair_impair
3799;ce1;math;pair_impair
100153;ce1;orthographe;masculin_feminin
100154;ce1;orthographe;masculin_feminin
100155;ce1;orthographe;masculin_feminin
100156;ce1;orthographe;masculin_feminin
100157;ce1;orthographe;masculin_feminin
100158;ce1;orthographe;masculin_feminin
100159;ce1;orthographe;masculin_feminin
100160;ce1;orthographe;masculin_feminin
100161;ce1;orthographe;masculin_feminin
100162;ce1;orthographe;masculin_feminin
100163;ce1;orthographe;homophones
100164;ce1;orthographe;homophones
100165;ce1;orthographe;homophones
100166;ce1;orthographe;homophones
100167;ce1;orthographe;homophones
100168;ce1;orthographe;homophones
100169;ce1;orthographe;homophones
100170;ce1;orthographe;homophones
100171;ce1;orthographe;orthographe_mots
100172;ce1;orthographe;orthographe_mots
100173;ce1;orthographe;orthographe_mots
100174;ce1;orthographe;orthographe_mots
100175;ce1;orthographe;orthographe_mots
100176;ce1;orthographe;orthographe_mots
100177;ce1;orthographe;orthographe_mots
100178;ce1;orthographe;orthographe_mots
100179;ce1;orthographe;orthographe_mots
100180;ce1;orthographe;orthographe_mots
100181;ce1;orthographe;orthographe_mots
100182;ce1;orthographe;orthographe_mots
100183;ce1;orthographe;orthographe_mots
100184;ce1;orthographe;orthographe_mots
100185;ce1;orthographe;orthographe_mots
100186;ce1;orthographe;orthographe_mots
100187;ce1;orthographe;orthographe_mots
100188;ce1;orthographe;orthographe_mots
100189;ce1;orthographe;homophones
100190;ce1;orthographe;homophones
100191;ce1;orthographe;homophones
100192;ce1;orthographe;homophones
100193;ce1;orthographe;homophones
100194;ce1;orthographe;homophones
100195;ce1;orthographe;homophones
100196;ce1;orthographe;homophones
100197;ce1;orthographe;orthographe_mots
100198;ce1;orthographe;orthographe_mots
100199;ce1;orthographe;orthographe_mots
30000;ce1;orthographe;masculin_feminin
30001;ce1;orthographe;masculin_feminin
30002;ce1;orthographe;masculin_feminin
30003;ce1;orthographe;masculin_feminin
30004;ce1;orthographe;masculin_feminin
30005;ce1;orthographe;masculin_feminin
30006;ce1;orthographe;masculin_feminin
30007;ce1;orthographe;masculin_feminin
30008;ce1;orthographe;masculin_feminin
30009;ce1;orthographe;masculin_feminin
30010;ce1;orthographe;masculin_feminin
30011;ce1;orthographe;masculin_feminin
30012;ce1;orthographe;masculin_feminin
30013;ce1;orthographe;masculin_feminin
30014;ce1;orthographe;masculin_feminin
30015;ce1;orthographe;masculin_feminin
30016;ce1;orthographe;masculin_feminin
30017;ce1;orthographe;masculin_feminin
30018;ce1;orthographe;masculin_feminin
30019;ce1;orthographe;masculin_feminin
30020;ce1;orthographe;masculin_feminin
30021;ce1;orthographe;masculin_feminin
30022;ce1;orthographe;masculin_feminin
30023;ce1;orthographe;masculin_feminin
30024;ce1;orthographe;masculin_feminin
30025;ce1;orthographe;masculin_feminin
30026;ce1;orthographe;masculin_feminin
30027;ce1;orthographe;masculin_feminin
30028;ce1;orthographe;masculin_feminin
30029;ce1;orthographe;masculin_feminin
30030;ce1;orthographe;homophones
30031;ce1;orthographe;homophones
30032;ce1;orthographe;homophones
30033;ce1;orthographe;homophones
30034;ce1;orthographe;homophones
30035;ce1;orthographe;homophones
30036;ce1;orthographe;homophones
30037;ce1;orthographe;homophones
30038;ce1;orthographe;homophones
30039;ce1;orthographe;homophones
30040;ce1;orthographe;homophones
30041;ce1;orthographe;homophones
30042;ce1;orthographe;homophones
30043;ce1;orthographe;homophones
30044;ce1;orthographe;homophones
30045;ce1;orthographe;homophones
30046;ce1;orthographe;homophones
30047;ce1;orthographe;homophones
30048;ce1;orthographe;homophones
30049;ce1;orthographe;homophones
30050;ce1;orthographe;homophones
30051;ce1;orthographe;homophones
30052;ce1;orthographe;homophones
30053;ce1;orthographe;homophones
30054;ce1;orthographe;homophones
30055;ce1;orthographe;homophones
30056;ce1;orthographe;homophones
30057;ce1;orthographe;homophones
30058;ce1;orthographe;homophones
30059;ce1;orthographe;homophones
30060;ce1;orthographe;homophones
30061;ce1;orthographe;homophones
30062;ce1;orthographe;homophones
30063;ce1;orthographe;homophones
30064;ce1;orthographe;homophones
30065;ce1;orthographe;homophones
30066;ce1;orthographe;homophones
30067;ce1;orthographe;homophones
30068;ce1;orthographe;homophones
30069;ce1;orthographe;homophones
30070;ce1;orthographe;homophones
30071;ce1;orthographe;homophones
30072;ce1;orthographe;homophones
30073;ce1;orthographe;homophones
30074;ce1;orthographe;homophones
30075;ce1;orthographe;homophones
30076;ce1;orthographe;homophones
30077;ce1;orthographe;homophones
30078;ce1;orthographe;homophones
30079;ce1;orthographe;homophones
30080;ce1;orthographe;homophones
30081;ce1;orthographe;homophones
30082;ce1;orthographe;homophones
30083;ce1;orthographe;homophones
30084;ce1;orthographe;homophones
30085;ce1;orthographe;homophones
30086;ce1;orthographe;homophones
30087;ce1;orthographe;homophones
30088;ce1;orthographe;homophones
30089;ce1;orthographe;homophones
30090;ce1;orthographe;homophones
30091;ce1;orthographe;homophones
30092;ce1;orthographe;homophones
30093;ce1;orthographe;homophones
30094;ce1;orthographe;homophones
30095;ce1;orthographe;homophones
30096;ce1;orthographe;homophones
30097;ce1;orthographe;homophones
30098;ce1;orthographe;homophones
30099;ce1;orthographe;homophones
30100;ce1;orthographe;homophones
30101;ce1;orthographe;homophones
30102;ce1;orthographe;homophones
30103;ce1;orthographe;homophones
30104;ce1;orthographe;homophones
30105;ce1;orthographe;homophones
30106;ce1;orthographe;homophones
30107;ce1;orthographe;homophones
30108;ce1;orthographe;homophones
30109;ce1;orthographe;homophones
30110;ce1;orthographe;homophones
30111;ce1;orthographe;homophones
30112;ce1;orthographe;homophones
30113;ce1;orthographe;homophones
30114;ce1;orthographe;homophones
30115;ce1;orthographe;homophones
30116;ce1;orthographe;homophones
30117;ce1;orthographe;homophones
30118;ce1;orthographe;homophones
30119;ce1;orthographe;homophones
30120;ce1;orthographe;homophones
30121;ce1;orthographe;homophones
30122;ce1;orthographe;homophones
30123;ce1;orthographe;homophones
30124;ce1;orthographe;homophones
30125;ce1;orthographe;homophones
30126;ce1;orthographe;homophones
30127;ce1;orthographe;homophones
30128;ce1;orthographe;homophones
30129;ce1;orthographe;homophones
30130;ce1;orthographe;homophones
30131;ce1;orthographe;homophones
30132;ce1;orthographe;homophones
30133;ce1;orthographe;homophones
30134;ce1;orthographe;homophones
30135;ce1;orthographe;homophones
30136;ce1;orthographe;homophones
30137;ce1;orthographe;homophones
30138;ce1;orthographe;homophones
30139;ce1;orthographe;homophones
30140;ce1;orthographe;homophones
30141;ce1;orthographe;homophones
30142;ce1;orthographe;homophones
30143;ce1;orthographe;homophones
30144;ce1;orthographe;homophones
30145;ce1;orthographe;homophones
30146;ce1;orthographe;homophones
30147;ce1;orthographe;homophones
30148;ce1;orthographe;homophones
30149;ce1;orthographe;homophones
30150;ce1;orthographe;homophones
30151;ce1;orthographe;homophones
30152;ce1;orthographe;homophones
30153;ce1;orthographe;homophones
30154;ce1;orthographe;homophones
30155;ce1;orthographe;homophones
30156;ce1;orthographe;homophones
30157;ce1;orthographe;homophones
30158;ce1;orthographe;homophones
30159;ce1;orthographe;homophones
30160;ce1;orthographe;homophones
30161;ce1;orthographe;homophones
30162;ce1;orthographe;homophones
30163;ce1;orthographe;homophones
30164;ce1;orthographe;homophones
30165;ce1;orthographe;homophones
30166;ce1;orthographe;homophones
30167;ce1;orthographe;homophones
30168;ce1;orthographe;homophones
30169;ce1;orthographe;homophones
30170;ce1;orthographe;homophones
30171;ce1;orthographe;homophones
30172;ce1;orthographe;homophones
30173;ce1;orthographe;homophones
30174;ce1;orthographe;homophones
30175;ce1;orthographe;homophones
30176;ce1;orthographe;homophones
30177;ce1;orthographe;homophones
30178;ce1;orthographe;homophones
30179;ce1;orthographe;homophones
30180;ce1;orthographe;homophones
30181;ce1;orthographe;homophones
30182;ce1;orthographe;homophones
30183;ce1;orthographe;homophones
30184;ce1;orthographe;homophones
30185;ce1;orthographe;homophones
30186;ce1;orthographe;homophones
30187;ce1;orthographe;homophones
30188;ce1;orthographe;homophones
30189;ce1;orthographe;homophones
30190;ce1;orthographe;homophones
30191;ce1;orthographe;homophones
30192;ce1;orthographe;homophones
30193;ce1;orthographe;homophones
30194;ce1;orthographe;homophones
30195;ce1;orthographe;homophones
30196;ce1;orthographe;homophones
30197;ce1;orthographe;homophones
30198;ce1;orthographe;homophones
30199;ce1;orthographe;homophones
30200;ce1;orthographe;homophones
30201;ce1;orthographe;homophones
30202;ce1;orthographe;homophones
30203;ce1;orthographe;homophones
30204;ce1;orthographe;homophones
30205;ce1;orthographe;homophones
30206;ce1;orthographe;homophones
30207;ce1;orthographe;homophones
30208;ce1;orthographe;homophones
30209;ce1;orthographe;homophones
30210;ce1;orthographe;homophones
30211;ce1;orthographe;homophones
30212;ce1;orthographe;homophones
30213;ce1;orthographe;homophones
30214;ce1;orthographe;homophones
30215;ce1;orthographe;homophones
30216;ce1;orthographe;homophones
30217;ce1;orthographe;homophones
30218;ce1;orthographe;homophones
30219;ce1;orthographe;homophones
30220;ce1;orthographe;homophones
30221;ce1;orthographe;homophones
30222;ce1;orthographe;homophones
30223;ce1;orthographe;homophones
30224;ce1;orthographe;homophones
30225;ce1;orthographe;homophones
30226;ce1;orthographe;homophones
30227;ce1;orthographe;homophones
30228;ce1;orthographe;homophones
30229;ce1;orthographe;homophones
30230;ce1;orthographe;homophones
30231;ce1;orthographe;homophones
30232;ce1;orthographe;homophones
30233;ce1;orthographe;homophones
30234;ce1;orthographe;homophones
30235;ce1;orthographe;homophones
30236;ce1;orthographe;homophones
30237;ce1;orthographe;homophones
30238;ce1;orthographe;homophones
30239;ce1;orthographe;homophones
30240;ce1;orthographe;homophones
30241;ce1;orthographe;homophones
30242;ce1;orthographe;homophones
30243;ce1;orthographe;homophones
30244;ce1;orthographe;homophones
30245;ce1;orthographe;homophones
30246;ce1;orthographe;homophones
30247;ce1;orthographe;homophones
30248;ce1;orthographe;homophones
30249;ce1;orthographe;homophones
30250;ce1;orthographe;homophones
30251;ce1;orthographe;homophones
30252;ce1;orthographe;homophones
30253;ce1;orthographe;homophones
30254;ce1;orthographe;homophones
30255;ce1;orthographe;homophones
30256;ce1;orthographe;homophones
30257;ce1;orthographe;homophones
30258;ce1;orthographe;homophones
30259;ce1;orthographe;homophones
30260;ce1;orthographe;homophones
30261;ce1;orthographe;homophones
30262;ce1;orthographe;homophones
30263;ce1;orthographe;homophones
30264;ce1;orthographe;homophones
30265;ce1;orthographe;homophones
30266;ce1;orthographe;homophones
30267;ce1;orthographe;homophones
30268;ce1;orthographe;homophones
30269;ce1;orthographe;homophones
30270;ce1;orthographe;homophones
30271;ce1;orthographe;homophones
30272;ce1;orthographe;homophones
30273;ce1;orthographe;homophones
30274;ce1;orthographe;homophones
30275;ce1;orthographe;homophones
30276;ce1;orthographe;homophones
30277;ce1;orthographe;homophones
30278;ce1;orthographe;homophones
30279;ce1;orthographe;homophones
30280;ce1;orthographe;homophones
30281;ce1;orthographe;homophones
30282;ce1;orthographe;homophones
30283;ce1;orthographe;homophones
30284;ce1;orthographe;homophones
30285;ce1;orthographe;homophones
30286;ce1;orthographe;homophones
30287;ce1;orthographe;homophones
30288;ce1;orthographe;homophones
30289;ce1;orthographe;homophones
30290;ce1;orthographe;homophones
30291;ce1;orthographe;homophones
30292;ce1;orthographe;homophones
30293;ce1;orthographe;homophones
30294;ce1;orthographe;homophones
30295;ce1;orthographe;homophones
30296;ce1;orthographe;homophones
30297;ce1;orthographe;homophones
30298;ce1;orthographe;homophones
30299;ce1;orthographe;homophones
30300;ce1;orthographe;homophones
30301;ce1;orthographe;homophones
30302;ce1;orthographe;homophones
30303;ce1;orthographe;homophones
30304;ce1;orthographe;homophones
30305;ce1;orthographe;homophones
30306;ce1;orthographe;homophones
30307;ce1;orthographe;homophones
30308;ce1;orthographe;homophones
30309;ce1;orthographe;homophones
30310;ce1;orthographe;homophones
30311;ce1;orthographe;homophones
30312;ce1;orthographe;homophones
30313;ce1;orthographe;homophones
30314;ce1;orthographe;homophones
30315;ce1;orthographe;homophones
30316;ce1;orthographe;homophones
30317;ce1;orthographe;homophones
30318;ce1;orthographe;homophones
30319;ce1;orthographe;homophones
30320;ce1;orthographe;homophones
30321;ce1;orthographe;homophones
30322;ce1;orthographe;homophones
30323;ce1;orthographe;homophones
30324;ce1;orthographe;homophones
30325;ce1;orthographe;homophones
30326;ce1;orthographe;homophones
30327;ce1;orthographe;homophones
30328;ce1;orthographe;homophones
30329;ce1;orthographe;homophones
30330;ce1;orthographe;homophones
30331;ce1;orthographe;homophones
30332;ce1;orthographe;homophones
30333;ce1;orthographe;homophones
30334;ce1;orthographe;homophones
30335;ce1;orthographe;homophones
30336;ce1;orthographe;homophones
30337;ce1;orthographe;homophones
30338;ce1;orthographe;homophones
30339;ce1;orthographe;homophones
30340;ce1;orthographe;homophones
30341;ce1;orthographe;homophones
30342;ce1;orthographe;homophones
30343;ce1;orthographe;homophones
30344;ce1;orthographe;homophones
30345;ce1;orthographe;homophones
30346;ce1;orthographe;homophones
30347;ce1;orthographe;homophones
30348;ce1;orthographe;homophones
30349;ce1;orthographe;homophones
30350;ce1;orthographe;homophones
30351;ce1;orthographe;homophones
30352;ce1;orthographe;homophones
30353;ce1;orthographe;homophones
30354;ce1;orthographe;homophones
30355;ce1;orthographe;homophones
30356;ce1;orthographe;homophones
30357;ce1;orthographe;homophones
30358;ce1;orthographe;homophones
30359;ce1;orthographe;homophones
30360;ce1;orthographe;homophones
30361;ce1;orthographe;homophones
30362;ce1;orthographe;homophones
30363;ce1;orthographe;homophones
30364;ce1;orthographe;homophones
30365;ce1;orthographe;homophones
30366;ce1;orthographe;homophones
30367;ce1;orthographe;homophones
30368;ce1;orthographe;homophones
30369;ce1;orthographe;homophones
30370;ce1;orthographe;homophones
30371;ce1;orthographe;homophones
30372;ce1;orthographe;homophones
30373;ce1;orthographe;homophones
30374;ce1;orthographe;homophones
30375;ce1;orthographe;homophones
30376;ce1;orthographe;homophones
30377;ce1;orthographe;homophones
30378;ce1;orthographe;homophones
30379;ce1;orthographe;homophones
30380;ce1;orthographe;homophones
30381;ce1;orthographe;homophones
30382;ce1;orthographe;homophones
30383;ce1;orthographe;homophones
30384;ce1;orthographe;homophones
30385;ce1;orthographe;homophones
30386;ce1;orthographe;homophones
30387;ce1;orthographe;homophones
30388;ce1;orthographe;homophones
30389;ce1;orthographe;homophones
30390;ce1;orthographe;homophones
30391;ce1;orthographe;homophones
30392;ce1;orthographe;homophones
30393;ce1;orthographe;homophones
30394;ce1;orthographe;homophones
30395;ce1;orthographe;homophones
30396;ce1;orthographe;homophones
30397;ce1;orthographe;homophones
30398;ce1;orthographe;homophones
30399;ce1;orthographe;homophones
30400;ce1;orthographe;homophones
30401;ce1;orthographe;homophones
30402;ce1;orthographe;homophones
30403;ce1;orthographe;homophones
30404;ce1;orthographe;homophones
30405;ce1;orthographe;homophones
30406;ce1;orthographe;homophones
30407;ce1;orthographe;homophones
30408;ce1;orthographe;homophones
30409;ce1;orthographe;homophones
30410;ce1;orthographe;homophones
30411;ce1;orthographe;homophones
30412;ce1;orthographe;homophones
30413;ce1;orthographe;homophones
30414;ce1;orthographe;homophones
30415;ce1;orthographe;homophones
30416;ce1;orthographe;homophones
30417;ce1;orthographe;homophones
30418;ce1;orthographe;homophones
30419;ce1;orthographe;homophones
30420;ce1;orthographe;homophones
30421;ce1;orthographe;homophones
30422;ce1;orthographe;homophones
30423;ce1;orthographe;homophones
30424;ce1;orthographe;homophones
30425;ce1;orthographe;homophones
30426;ce1;orthographe;homophones
30427;ce1;orthographe;homophones
30428;ce1;orthographe;homophones
30429;ce1;orthographe;homophones
30430;ce1;orthographe;homophones
30431;ce1;orthographe;homophones
30432;ce1;orthographe;homophones
30433;ce1;orthographe;homophones
30434;ce1;orthographe;homophones
30435;ce1;orthographe;homophones
30436;ce1;orthographe;homophones
30437;ce1;orthographe;homophones
30438;ce1;orthographe;homophones
30439;ce1;orthographe;homophones
30440;ce1;orthographe;homophones
30441;ce1;orthographe;homophones
30442;ce1;orthographe;homophones
30443;ce1;orthographe;homophones
30444;ce1;orthographe;homophones
30445;ce1;orthographe;homophones
30446;ce1;orthographe;homophones
30447;ce1;orthographe;homophones
30448;ce1;orthographe;homophones
30449;ce1;orthographe;homophones
30450;ce1;orthographe;homophones
30451;ce1;orthographe;homophones
30452;ce1;orthographe;homophones
30453;ce1;orthographe;homophones
30454;ce1;orthographe;homophones
30455;ce1;orthographe;homophones
30456;ce1;orthographe;homophones
30457;ce1;orthographe;homophones
30458;ce1;orthographe;homophones
30459;ce1;orthographe;homophones
30460;ce1;orthographe;homophones
30461;ce1;orthographe;homophones
30462;ce1;orthographe;homophones
30464;ce1;orthographe;homophones
30465;ce1;orthographe;homophones
30466;ce1;orthographe;homophones
30467;ce1;orthographe;homophones
30468;ce1;orthographe;homophones
30469;ce1;orthographe;homophones
30470;ce1;orthographe;homophones
30471;ce1;orthographe;homophones
30472;ce1;orthographe;homophones
30473;ce1;orthographe;homophones
30474;ce1;orthographe;homophones
30475;ce1;orthographe;homophones
30476;ce1;orthographe;homophones
30477;ce1;orthographe;homophones
30478;ce1;orthographe;homophones
30479;ce1;orthographe;homophones
30480;ce1;orthographe;homophones
30481;ce1;orthographe;homophones
30482;ce1;orthographe;homophones
30483;ce1;orthographe;homophones
30484;ce1;orthographe;homophones
30485;ce1;orthographe;homophones
30486;ce1;orthographe;homophones
30487;ce1;orthographe;homophones
30488;ce1;orthographe;homophones
30489;ce1;orthographe;homophones
30490;ce1;orthographe;homophones
30491;ce1;orthographe;homophones
30492;ce1;orthographe;homophones
30493;ce1;orthographe;homophones
30494;ce1;orthographe;homophones
30495;ce1;orthographe;homophones
30496;ce1;orthographe;homophones
30497;ce1;orthographe;homophones
30498;ce1;orthographe;homophones
30499;ce1;orthographe;homophones
30500;ce1;orthographe;homophones
30501;ce1;orthographe;homophones
30502;ce1;orthographe;homophones
30503;ce1;orthographe;homophones
30504;ce1;orthographe;homophones
30505;ce1;orthographe;homophones
30506;ce1;orthographe;homophones
30507;ce1;orthographe;homophones
30508;ce1;orthographe;homophones
30509;ce1;orthographe;homophones
30510;ce1;orthographe;homophones
30511;ce1;orthographe;homophones
30512;ce1;orthographe;homophones
30513;ce1;orthographe;homophones
30514;ce1;orthographe;homophones
30515;ce1;orthographe;homophones
30516;ce1;orthographe;homophones
30517;ce1;orthographe;homophones
30518;ce1;orthographe;homophones
30519;ce1;orthographe;homophones
30520;ce1;orthographe;homophones
30521;ce1;orthographe;homophones
30522;ce1;orthographe;homophones
30523;ce1;orthographe;homophones
30524;ce1;orthographe;homophones
30525;ce1;orthographe;homophones
30526;ce1;orthographe;homophones
30527;ce1;orthographe;homophones
30528;ce1;orthographe;homophones
30529;ce1;orthographe;homophones
30530;ce1;orthographe;homophones
30531;ce1;orthographe;homophones
30532;ce1;orthographe;homophones
30533;ce1;orthographe;homophones
30534;ce1;orthographe;homophones
30535;ce1;orthographe;homophones
30536;ce1;orthographe;homophones
30537;ce1;orthographe;homophones
30538;ce1;orthographe;homophones
30539;ce1;orthographe;homophones
30540;ce1;orthographe;homophones
30541;ce1;orthographe;homophones
30542;ce1;orthographe;homophones
30543;ce1;orthographe;homophones
30544;ce1;orthographe;homophones
30545;ce1;orthographe;homophones
30546;ce1;orthographe;homophones
30547;ce1;orthographe;homophones
30548;ce1;orthographe;homophones
30549;ce1;orthographe;homophones
30550;ce1;orthographe;homophones
30551;ce1;orthographe;homophones
30552;ce1;orthographe;homophones
30553;ce1;orthographe;homophones
30554;ce1;orthographe;homophones
30555;ce1;orthographe;homophones
30556;ce1;orthographe;homophones
30557;ce1;orthographe;homophones
30558;ce1;orthographe;homophones
30559;ce1;orthographe;homophones
30560;ce1;orthographe;homophones
30561;ce1;orthographe;homophones
30562;ce1;orthographe;homophones
30563;ce1;orthographe;homophones
30564;ce1;orthographe;homophones
30565;ce1;orthographe;homophones
30566;ce1;orthographe;homophones
30567;ce1;orthographe;homophones
30568;ce1;orthographe;homophones
30569;ce1;orthographe;homophones
30570;ce1;orthographe;homophones
30571;ce1;orthographe;homophones
30572;ce1;orthographe;homophones
30573;ce1;orthographe;homophones
30574;ce1;orthographe;homophones
30575;ce1;orthographe;homophones
30576;ce1;orthographe;homophones
30577;ce1;orthographe;homophones
30578;ce1;orthographe;homophones
30579;ce1;orthographe;homophones
30580;ce1;orthographe;homophones
30581;ce1;orthographe;homophones
30582;ce1;orthographe;homophones
30583;ce1;orthographe;homophones
30584;ce1;orthographe;homophones
30585;ce1;orthographe;homophones
30586;ce1;orthographe;homophones
30587;ce1;orthographe;homophones
30588;ce1;orthographe;homophones
30589;ce1;orthographe;homophones
30590;ce1;orthographe;homophones
30591;ce1;orthographe;homophones
30592;ce1;orthographe;homophones
30593;ce1;orthographe;homophones
30594;ce1;orthographe;homophones
30595;ce1;orthographe;homophones
30596;ce1;orthographe;homophones
30597;ce1;orthographe;homophones
30598;ce1;orthographe;homophones
30599;ce1;orthographe;homophones
30600;ce1;orthographe;homophones
30601;ce1;orthographe;homophones
30602;ce1;orthographe;homophones
30603;ce1;orthographe;homophones
30604;ce1;orthographe;homophones
30605;ce1;orthographe;homophones
30606;ce1;orthographe;homophones
30607;ce1;orthographe;homophones
30608;ce1;orthographe;homophones
30609;ce1;orthographe;homophones
30610;ce1;orthographe;homophones
30611;ce1;orthographe;homophones
30612;ce1;orthographe;homophones
30613;ce1;orthographe;homophones
30614;ce1;orthographe;homophones
30616;ce1;orthographe;homophones
30617;ce1;orthographe;homophones
30618;ce1;orthographe;homophones
30619;ce1;orthographe;homophones
30620;ce1;orthographe;homophones
30621;ce1;orthographe;homophones
30622;ce1;orthographe;homophones
30623;ce1;orthographe;homophones
30624;ce1;orthographe;homophones
30625;ce1;orthographe;homophones
30626;ce1;orthographe;homophones
30627;ce1;orthographe;homophones
30628;ce1;orthographe;homophones
30629;ce1;orthographe;homophones
30630;ce1;orthographe;homophones
30631;ce1;orthographe;homophones
30632;ce1;orthographe;homophones
30633;ce1;orthographe;homophones
30634;ce1;orthographe;homophones
30635;ce1;orthographe;homophones
30636;ce1;orthographe;homophones
30637;ce1;orthographe;homophones
30638;ce1;orthographe;homophones
30639;ce1;orthographe;homophones
30640;ce1;orthographe;homophones
30641;ce1;orthographe;homophones
30642;ce1;orthographe;homophones
30643;ce1;orthographe;homophones
30644;ce1;orthographe;homophones
30645;ce1;orthographe;homophones
30646;ce1;orthographe;homophones
30647;ce1;orthographe;homophones
30648;ce1;orthographe;homophones
30649;ce1;orthographe;homophones
30650;ce1;orthographe;homophones
30651;ce1;orthographe;homophones
30652;ce1;orthographe;homophones
30653;ce1;orthographe;homophones
30654;ce1;orthographe;homophones
30655;ce1;orthographe;homophones
30656;ce1;orthographe;homophones
30657;ce1;orthographe;homophones
30658;ce1;orthographe;homophones
30659;ce1;orthographe;homophones
30660;ce1;orthographe;homophones
30661;ce1;orthographe;homophones
30662;ce1;orthographe;homophones
30663;ce1;orthographe;homophones
30664;ce1;orthographe;homophones
30665;ce1;orthographe;homophones
30666;ce1;orthographe;homophones
30667;ce1;orthographe;homophones
30668;ce1;orthographe;homophones
30669;ce1;orthographe;homophones
30670;ce1;orthographe;homophones
30671;ce1;orthographe;homophones
30672;ce1;orthographe;homophones
30673;ce1;orthographe;homophones
30674;ce1;orthographe;homophones
30675;ce1;orthographe;homophones
30676;ce1;orthographe;homophones
30677;ce1;orthographe;homophones
30678;ce1;orthographe;homophones
30679;ce1;orthographe;homophones
30680;ce1;orthographe;homophones
30681;ce1;orthographe;homophones
30682;ce1;orthographe;homophones
30683;ce1;orthographe;homophones
30684;ce1;orthographe;homophones
30685;ce1;orthographe;homophones
30686;ce1;orthographe;homophones
30687;ce1;orthographe;homophones
30688;ce1;orthographe;homophones
30689;ce1;orthographe;homophones
30691;ce1;orthographe;homophones
30692;ce1;orthographe;homophones
30693;ce1;orthographe;homophones
30694;ce1;orthographe;homophones
30695;ce1;orthographe;homophones
30696;ce1;orthographe;homophones
30697;ce1;orthographe;homophones
30698;ce1;orthographe;homophones
30699;ce1;orthographe;homophones
30700;ce1;orthographe;homophones
30701;ce1;orthographe;homophones
30702;ce1;orthographe;homophones
30703;ce1;orthographe;homophones
30704;ce1;orthographe;homophones
30705;ce1;orthographe;homophones
30706;ce1;orthographe;homophones
30707;ce1;orthographe;homophones
30708;ce1;orthographe;homophones
30709;ce1;orthographe;homophones
30710;ce1;orthographe;homophones
30711;ce1;orthographe;homophones
30712;ce1;orthographe;homophones
30713;ce1;orthographe;homophones
30714;ce1;orthographe;homophones
30715;ce1;orthographe;homophones
30716;ce1;orthographe;homophones
30717;ce1;orthographe;homophones
30718;ce1;orthographe;homophones
30719;ce1;orthographe;homophones
30720;ce1;orthographe;homophones
30721;ce1;orthographe;homophones
30722;ce1;orthographe;homophones
30723;ce1;orthographe;homophones
30724;ce1;orthographe;homophones
30725;ce1;orthographe;homophones
30726;ce1;orthographe;homophones
30727;ce1;orthographe;homophones
30728;ce1;orthographe;homophones
30729;ce1;orthographe;homophones
30730;ce1;orthographe;homophones
30731;ce1;orthographe;homophones
30732;ce1;orthographe;homophones
30733;ce1;orthographe;homophones
30734;ce1;orthographe;homophones
30735;ce1;orthographe;homophones
30736;ce1;orthographe;homophones
30737;ce1;orthographe;homophones
30738;ce1;orthographe;homophones
30739;ce1;orthographe;homophones
30740;ce1;orthographe;homophones
30741;ce1;orthographe;homophones
30742;ce1;orthographe;homophones
30743;ce1;orthographe;homophones
30744;ce1;orthographe;homophones
30745;ce1;orthographe;homophones
30746;ce1;orthographe;homophones
30747;ce1;orthographe;homophones
30748;ce1;orthographe;homophones
30750;ce1;orthographe;homophones
30751;ce1;orthographe;homophones
30752;ce1;orthographe;homophones
30753;ce1;orthographe;homophones
30754;ce1;orthographe;homophones
30755;ce1;orthographe;homophones
30756;ce1;orthographe;homophones
30757;ce1;orthographe;homophones
30758;ce1;orthographe;homophones
30759;ce1;orthographe;orthographe_mots
30760;ce1;orthographe;orthographe_mots
30761;ce1;orthographe;orthographe_mots
30762;ce1;orthographe;orthographe_mots
30763;ce1;orthographe;orthographe_mots
30764;ce1;orthographe;orthographe_mots
30765;ce1;orthographe;orthographe_mots
30766;ce1;orthographe;orthographe_mots
30767;ce1;orthographe;orthographe_mots
30768;ce1;orthographe;orthographe_mots
30769;ce1;orthographe;orthographe_mots
30770;ce1;orthographe;orthographe_mots
30771;ce1;orthographe;orthographe_mots
30773;ce1;orthographe;orthographe_mots
30774;ce1;orthographe;orthographe_mots
30775;ce1;orthographe;orthographe_mots
30776;ce1;orthographe;orthographe_mots
30777;ce1;orthographe;orthographe_mots
30778;ce1;orthographe;orthographe_mots
30779;ce1;orthographe;orthographe_mots
30780;ce1;orthographe;orthographe_mots
30781;ce1;orthographe;orthographe_mots
30782;ce1;orthographe;orthographe_mots
30783;ce1;orthographe;orthographe_mots
30784;ce1;orthographe;orthographe_mots
30785;ce1;orthographe;orthographe_mots
30786;ce1;orthographe;orthographe_mots
30787;ce1;orthographe;orthographe_mots
30788;ce1;orthographe;orthographe_mots
30789;ce1;orthographe;orthographe_mots
30790;ce1;orthographe;orthographe_mots
30792;ce1;orthographe;orthographe_mots
30793;ce1;orthographe;orthographe_mots
30794;ce1;orthographe;orthographe_mots
30795;ce1;orthographe;orthographe_mots
30796;ce1;orthographe;orthographe_mots
30797;ce1;orthographe;orthographe_mots
30798;ce1;orthographe;orthographe_mots
30799;ce1;orthographe;orthographe_mots
30800;ce1;orthographe;orthographe_mots
30801;ce1;orthographe;orthographe_mots
30802;ce1;orthographe;orthographe_mots
30803;ce1;orthographe;orthographe_mots
30804;ce1;orthographe;orthographe_mots
30805;ce1;orthographe;homophones
30806;ce1;orthographe;homophones
30807;ce1;orthographe;homophones
30808;ce1;orthographe;homophones
30809;ce1;orthographe;homophones
30810;ce1;orthographe;homophones
30811;ce1;orthographe;homophones
30812;ce1;orthographe;homophones
30813;ce1;orthographe;homophones
30814;ce1;orthographe;homophones
30815;ce1;orthographe;homophones
30816;ce1;orthographe;homophones
30817;ce1;orthographe;homophones
30818;ce1;orthographe;homophones
30819;ce1;orthographe;homophones
30820;ce1;orthographe;homophones
30821;ce1;orthographe;homophones
30822;ce1;orthographe;homophones
30823;ce1;orthographe;homophones
30824;ce1;orthographe;homophones
30825;ce1;orthographe;homophones
30826;ce1;orthographe;homophones
30827;ce1;orthographe;homophones
30828;ce1;orthographe;homophones
30829;ce1;orthographe;homophones
30830;ce1;orthographe;homophones
30831;ce1;orthographe;homophones
30832;ce1;orthographe;homophones
30833;ce1;orthographe;homophones
30834;ce1;orthographe;homophones
30835;ce1;orthographe;homophones
30836;ce1;orthographe;homophones
30837;ce1;orthographe;homophones
30838;ce1;orthographe;homophones
30839;ce1;orthographe;homophones
30840;ce1;orthographe;homophones
30841;ce1;orthographe;homophones
30842;ce1;orthographe;homophones
30843;ce1;orthographe;homophones
30844;ce1;orthographe;homophones
30845;ce1;orthographe;homophones
30846;ce1;orthographe;homophones
30847;ce1;orthographe;homophones
30848;ce1;orthographe;homophones
30849;ce1;orthographe;homophones
30850;ce1;orthographe;homophones
30851;ce1;orthographe;homophones
30852;ce1;orthographe;homophones
30853;ce1;orthographe;homophones
30854;ce1;orthographe;homophones
30855;ce1;orthographe;homophones
30856;ce1;orthographe;homophones
30857;ce1;orthographe;homophones
30858;ce1;orthographe;homophones
30859;ce1;orthographe;homophones
30860;ce1;orthographe;homophones
30861;ce1;orthographe;homophones
30862;ce1;orthographe;homophones
30863;ce1;orthographe;homophones
30864;ce1;orthographe;homophones
30865;ce1;orthographe;homophones
30866;ce1;orthographe;homophones
30867;ce1;orthographe;homophones
30868;ce1;orthographe;homophones
30869;ce1;orthographe;homophones
30870;ce1;orthographe;homophones
30871;ce1;orthographe;homophones
30872;ce1;orthographe;homophones
30873;ce1;orthographe;homophones
30874;ce1;orthographe;homophones
30875;ce1;orthographe;homophones
30876;ce1;orthographe;homophones
30877;ce1;orthographe;masculin_feminin
30878;ce1;orthographe;masculin_feminin
30879;ce1;orthographe;masculin_feminin
30880;ce1;orthographe;masculin_feminin
30881;ce1;orthographe;masculin_feminin
30882;ce1;orthographe;masculin_feminin
30883;ce1;orthographe;orthographe_mots
30884;ce1;orthographe;orthographe_mots
30885;ce1;orthographe;orthographe_mots
30886;ce1;orthographe;orthographe_mots
30887;ce1;orthographe;orthographe_mots
30888;ce1;orthographe;orthographe_mots
30889;ce1;orthographe;orthographe_mots
30890;ce1;orthographe;orthographe_mots
30891;ce1;orthographe;orthographe_mots
30892;ce1;orthographe;orthographe_mots
30893;ce1;orthographe;orthographe_mots
30894;ce1;orthographe;orthographe_mots
30895;ce1;orthographe;orthographe_mots
30896;ce1;orthographe;orthographe_mots
30897;ce1;orthographe;orthographe_mots
30898;ce1;orthographe;orthographe_mots
30899;ce1;orthographe;orthographe_mots
30900;ce1;orthographe;orthographe_mots
30901;ce1;orthographe;orthographe_mots
30902;ce1;orthographe;orthographe_mots
30903;ce1;orthographe;orthographe_mots
30904;ce1;orthographe;orthographe_mots
30905;ce1;orthographe;orthographe_mots
30906;ce1;orthographe;orthographe_mots
30907;ce1;orthographe;orthographe_mots
30908;ce1;orthographe;orthographe_mots
30909;ce1;orthographe;orthographe_mots
30910;ce1;orthographe;orthographe_mots
30911;ce1;orthographe;orthographe_mots
30912;ce1;orthographe;orthographe_mots
30914;ce1;orthographe;orthographe_mots
30916;ce1;orthographe;orthographe_mots
30917;ce1;orthographe;orthographe_mots
30918;ce1;orthographe;orthographe_mots
30919;ce1;orthographe;orthographe_mots
30920;ce1;orthographe;orthographe_mots
30921;ce1;orthographe;orthographe_mots
30922;ce1;orthographe;orthographe_mots
30923;ce1;orthographe;orthographe_mots
30924;ce1;orthographe;orthographe_mots
30925;ce1;orthographe;orthographe_mots
30926;ce1;orthographe;orthographe_mots
30927;ce1;orthographe;orthographe_mots
30928;ce1;orthographe;orthographe_mots
30929;ce1;orthographe;orthographe_mots
30930;ce1;orthographe;orthographe_mots
30931;ce1;orthographe;orthographe_mots
30932;ce1;orthographe;orthographe_mots
30933;ce1;orthographe;orthographe_mots
30934;ce1;orthographe;orthographe_mots
30935;ce1;orthographe;orthographe_mots
30936;ce1;orthographe;orthographe_mots
30937;ce1;orthographe;orthographe_mots
30938;ce1;orthographe;orthographe_mots
30939;ce1;orthographe;orthographe_mots
30941;ce1;orthographe;orthographe_mots
30942;ce1;orthographe;orthographe_mots
30943;ce1;orthographe;orthographe_mots
30944;ce1;orthographe;orthographe_mots
30945;ce1;orthographe;orthographe_mots
30946;ce1;orthographe;orthographe_mots
30947;ce1;orthographe;orthographe_mots
30948;ce1;orthographe;orthographe_mots
30949;ce1;orthographe;orthographe_mots
30950;ce1;orthographe;orthographe_mots
30951;ce1;orthographe;orthographe_mots
30952;ce1;orthographe;orthographe_mots
30953;ce1;orthographe;orthographe_mots
30954;ce1;orthographe;orthographe_mots
30955;ce1;orthographe;orthographe_mots
30956;ce1;orthographe;masculin_feminin
30957;ce1;orthographe;masculin_feminin
30958;ce1;orthographe;masculin_feminin
30959;ce1;orthographe;masculin_feminin
30960;ce1;orthographe;masculin_feminin
30961;ce1;orthographe;masculin_feminin
10040;ce2;conjugaison;present
10041;ce2;conjugaison;present
10042;ce2;conjugaison;present
10043;ce2;conjugaison;present
10044;ce2;conjugaison;present
10045;ce2;conjugaison;present
10046;ce2;conjugaison;present
10047;ce2;conjugaison;present
10048;ce2;conjugaison;present
10049;ce2;conjugaison;present
10050;ce2;conjugaison;present
10051;ce2;conjugaison;present
10052;ce2;conjugaison;present
10053;ce2;conjugaison;present
10054;ce2;conjugaison;present
10055;ce2;conjugaison;present
10056;ce2;conjugaison;present
10057;ce2;conjugaison;present
10058;ce2;conjugaison;present
10059;ce2;conjugaison;present
10060;ce2;conjugaison;futur
10061;ce2;conjugaison;futur
10062;ce2;conjugaison;futur
10063;ce2;conjugaison;futur
10064;ce2;conjugaison;futur
10065;ce2;conjugaison;futur
10066;ce2;conjugaison;futur
10067;ce2;conjugaison;futur
10068;ce2;conjugaison;futur
10069;ce2;conjugaison;futur
10070;ce2;conjugaison;imparfait
10071;ce2;conjugaison;imparfait
10072;ce2;conjugaison;imparfait
10073;ce2;conjugaison;imparfait
10074;ce2;conjugaison;imparfait
10075;ce2;conjugaison;imparfait
10076;ce2;conjugaison;imparfait
10077;ce2;conjugaison;imparfait
10078;ce2;conjugaison;imparfait
10079;ce2;conjugaison;imparfait
10080;ce2;conjugaison;imparfait
10081;ce2;conjugaison;imparfait
10082;ce2;conjugaison;imparfait
10083;ce2;conjugaison;imparfait
10084;ce2;conjugaison;imparfait
10085;ce2;conjugaison;imparfait
10086;ce2;conjugaison;imparfait
10087;ce2;conjugaison;imparfait
10088;ce2;conjugaison;imparfait
10089;ce2;conjugaison;imparfait
32000;ce2;conjugaison;present
32001;ce2;conjugaison;present
32002;ce2;conjugaison;present
32003;ce2;conjugaison;present
32004;ce2;conjugaison;present
32005;ce2;conjugaison;present
32006;ce2;conjugaison;present
32007;ce2;conjugaison;present
32008;ce2;conjugaison;present
32009;ce2;conjugaison;present
32010;ce2;conjugaison;present
32011;ce2;conjugaison;present
32012;ce2;conjugaison;present
32013;ce2;conjugaison;present
32014;ce2;conjugaison;present
32015;ce2;conjugaison;present
32016;ce2;conjugaison;present
32017;ce2;conjugaison;present
32018;ce2;conjugaison;present
32019;ce2;conjugaison;present
32020;ce2;conjugaison;present
32021;ce2;conjugaison;present
32022;ce2;conjugaison;present
32023;ce2;conjugaison;present
32024;ce2;conjugaison;present
32025;ce2;conjugaison;present
32026;ce2;conjugaison;present
32027;ce2;conjugaison;present
32028;ce2;conjugaison;present
32029;ce2;conjugaison;present
32030;ce2;conjugaison;present
32031;ce2;conjugaison;present
32032;ce2;conjugaison;present
32033;ce2;conjugaison;present
32034;ce2;conjugaison;present
32035;ce2;conjugaison;present
32036;ce2;conjugaison;present
32037;ce2;conjugaison;present
32038;ce2;conjugaison;present
32039;ce2;conjugaison;present
32040;ce2;conjugaison;present
32041;ce2;conjugaison;present
32042;ce2;conjugaison;present
32043;ce2;conjugaison;present
32044;ce2;conjugaison;present
32045;ce2;conjugaison;present
32046;ce2;conjugaison;present
32047;ce2;conjugaison;present
32048;ce2;conjugaison;present
32049;ce2;conjugaison;present
32050;ce2;conjugaison;present
32051;ce2;conjugaison;present
32052;ce2;conjugaison;present
32053;ce2;conjugaison;present
32054;ce2;conjugaison;present
32055;ce2;conjugaison;present
32056;ce2;conjugaison;present
32057;ce2;conjugaison;present
32058;ce2;conjugaison;present
32059;ce2;conjugaison;present
32060;ce2;conjugaison;present
32061;ce2;conjugaison;present
32062;ce2;conjugaison;present
32063;ce2;conjugaison;present
32064;ce2;conjugaison;present
32065;ce2;conjugaison;present
32066;ce2;conjugaison;present
32067;ce2;conjugaison;present
32068;ce2;conjugaison;present
32069;ce2;conjugaison;present
32070;ce2;conjugaison;present
32071;ce2;conjugaison;present
32072;ce2;conjugaison;present
32073;ce2;conjugaison;present
32074;ce2;conjugaison;present
32075;ce2;conjugaison;present
32076;ce2;conjugaison;present
32077;ce2;conjugaison;present
32078;ce2;conjugaison;present
32079;ce2;conjugaison;present
32080;ce2;conjugaison;present
32081;ce2;conjugaison;present
32082;ce2;conjugaison;present
32083;ce2;conjugaison;present
32084;ce2;conjugaison;present
32085;ce2;conjugaison;present
32086;ce2;conjugaison;present
32087;ce2;conjugaison;present
32088;ce2;conjugaison;present
32089;ce2;conjugaison;present
32090;ce2;conjugaison;present
32091;ce2;conjugaison;present
32092;ce2;conjugaison;present
32093;ce2;conjugaison;present
32094;ce2;conjugaison;present
32095;ce2;conjugaison;present
32096;ce2;conjugaison;present
32097;ce2;conjugaison;present
32098;ce2;conjugaison;present
32099;ce2;conjugaison;present
32100;ce2;conjugaison;present
32101;ce2;conjugaison;present
32102;ce2;conjugaison;present
32103;ce2;conjugaison;present
32104;ce2;conjugaison;present
32105;ce2;conjugaison;present
32106;ce2;conjugaison;present
32107;ce2;conjugaison;present
32108;ce2;conjugaison;present
32109;ce2;conjugaison;present
32110;ce2;conjugaison;present
32111;ce2;conjugaison;present
32112;ce2;conjugaison;present
32113;ce2;conjugaison;present
32114;ce2;conjugaison;present
32115;ce2;conjugaison;present
32116;ce2;conjugaison;present
32117;ce2;conjugaison;present
32118;ce2;conjugaison;present
32119;ce2;conjugaison;present
32120;ce2;conjugaison;present
32121;ce2;conjugaison;present
32122;ce2;conjugaison;present
32123;ce2;conjugaison;present
32124;ce2;conjugaison;present
32125;ce2;conjugaison;present
32126;ce2;conjugaison;present
32127;ce2;conjugaison;present
32128;ce2;conjugaison;present
32129;ce2;conjugaison;present
32130;ce2;conjugaison;present
32131;ce2;conjugaison;present
32132;ce2;conjugaison;present
32133;ce2;conjugaison;present
32134;ce2;conjugaison;present
32135;ce2;conjugaison;present
32136;ce2;conjugaison;present
32137;ce2;conjugaison;present
32138;ce2;conjugaison;present
32139;ce2;conjugaison;present
32140;ce2;conjugaison;present
32141;ce2;conjugaison;present
32142;ce2;conjugaison;present
32143;ce2;conjugaison;present
32144;ce2;conjugaison;present
32145;ce2;conjugaison;present
32146;ce2;conjugaison;present
32147;ce2;conjugaison;present
32148;ce2;conjugaison;present
32149;ce2;conjugaison;present
32150;ce2;conjugaison;present
32151;ce2;conjugaison;present
32152;ce2;conjugaison;present
32153;ce2;conjugaison;present
32154;ce2;conjugaison;present
32155;ce2;conjugaison;present
32156;ce2;conjugaison;present
32157;ce2;conjugaison;present
32158;ce2;conjugaison;present
32159;ce2;conjugaison;present
32160;ce2;conjugaison;present
32161;ce2;conjugaison;present
32162;ce2;conjugaison;futur
32163;ce2;conjugaison;futur
32164;ce2;conjugaison;futur
32165;ce2;conjugaison;futur
32166;ce2;conjugaison;futur
32167;ce2;conjugaison;futur
32168;ce2;conjugaison;futur
32169;ce2;conjugaison;futur
32170;ce2;conjugaison;futur
32171;ce2;conjugaison;futur
32172;ce2;conjugaison;futur
32173;ce2;conjugaison;futur
32174;ce2;conjugaison;futur
32175;ce2;conjugaison;futur
32176;ce2;conjugaison;futur
32177;ce2;conjugaison;futur
32178;ce2;conjugaison;futur
32179;ce2;conjugaison;futur
32180;ce2;conjugaison;futur
32181;ce2;conjugaison;futur
32182;ce2;conjugaison;futur
32183;ce2;conjugaison;futur
32184;ce2;conjugaison;futur
32185;ce2;conjugaison;futur
32186;ce2;conjugaison;futur
32187;ce2;conjugaison;futur
32188;ce2;conjugaison;futur
32189;ce2;conjugaison;futur
32190;ce2;conjugaison;futur
32191;ce2;conjugaison;futur
32192;ce2;conjugaison;futur
32193;ce2;conjugaison;futur
32194;ce2;conjugaison;futur
32195;ce2;conjugaison;futur
32196;ce2;conjugaison;futur
32197;ce2;conjugaison;futur
32198;ce2;conjugaison;futur
32199;ce2;conjugaison;futur
32200;ce2;conjugaison;futur
32201;ce2;conjugaison;futur
32202;ce2;conjugaison;futur
32203;ce2;conjugaison;futur
32204;ce2;conjugaison;futur
32205;ce2;conjugaison;futur
32206;ce2;conjugaison;futur
32207;ce2;conjugaison;futur
32208;ce2;conjugaison;futur
32209;ce2;conjugaison;futur
32210;ce2;conjugaison;futur
32211;ce2;conjugaison;futur
32212;ce2;conjugaison;futur
32213;ce2;conjugaison;futur
32214;ce2;conjugaison;futur
32215;ce2;conjugaison;futur
32216;ce2;conjugaison;futur
32217;ce2;conjugaison;futur
32218;ce2;conjugaison;futur
32219;ce2;conjugaison;futur
32220;ce2;conjugaison;futur
32221;ce2;conjugaison;futur
32222;ce2;conjugaison;futur
32223;ce2;conjugaison;futur
32224;ce2;conjugaison;futur
32225;ce2;conjugaison;futur
32226;ce2;conjugaison;futur
32227;ce2;conjugaison;futur
32228;ce2;conjugaison;futur
32229;ce2;conjugaison;futur
32230;ce2;conjugaison;futur
32231;ce2;conjugaison;futur
32232;ce2;conjugaison;futur
32233;ce2;conjugaison;futur
32234;ce2;conjugaison;futur
32235;ce2;conjugaison;futur
32236;ce2;conjugaison;futur
32237;ce2;conjugaison;futur
32238;ce2;conjugaison;futur
32239;ce2;conjugaison;futur
32240;ce2;conjugaison;futur
32241;ce2;conjugaison;futur
32242;ce2;conjugaison;futur
32243;ce2;conjugaison;futur
32244;ce2;conjugaison;futur
32245;ce2;conjugaison;futur
32246;ce2;conjugaison;futur
32247;ce2;conjugaison;futur
32248;ce2;conjugaison;futur
32249;ce2;conjugaison;futur
32250;ce2;conjugaison;futur
32251;ce2;conjugaison;futur
32252;ce2;conjugaison;futur
32253;ce2;conjugaison;futur
32254;ce2;conjugaison;futur
32255;ce2;conjugaison;futur
32256;ce2;conjugaison;futur
32257;ce2;conjugaison;futur
32258;ce2;conjugaison;futur
32259;ce2;conjugaison;futur
32260;ce2;conjugaison;futur
32261;ce2;conjugaison;futur
32262;ce2;conjugaison;futur
32263;ce2;conjugaison;futur
32264;ce2;conjugaison;futur
32265;ce2;conjugaison;futur
32266;ce2;conjugaison;futur
32267;ce2;conjugaison;futur
32268;ce2;conjugaison;futur
32269;ce2;conjugaison;futur
32270;ce2;conjugaison;futur
32271;ce2;conjugaison;futur
32272;ce2;conjugaison;futur
32273;ce2;conjugaison;futur
32274;ce2;conjugaison;futur
32275;ce2;conjugaison;futur
32276;ce2;conjugaison;futur
32277;ce2;conjugaison;futur
32278;ce2;conjugaison;futur
32279;ce2;conjugaison;futur
32280;ce2;conjugaison;futur
32281;ce2;conjugaison;futur
32282;ce2;conjugaison;futur
32283;ce2;conjugaison;futur
32284;ce2;conjugaison;futur
32285;ce2;conjugaison;futur
32286;ce2;conjugaison;futur
32287;ce2;conjugaison;futur
32288;ce2;conjugaison;futur
32289;ce2;conjugaison;futur
32290;ce2;conjugaison;futur
32291;ce2;conjugaison;futur
32292;ce2;conjugaison;futur
32293;ce2;conjugaison;futur
32294;ce2;conjugaison;futur
32295;ce2;conjugaison;futur
32296;ce2;conjugaison;futur
32297;ce2;conjugaison;futur
32298;ce2;conjugaison;futur
32299;ce2;conjugaison;futur
32300;ce2;conjugaison;futur
32301;ce2;conjugaison;futur
32302;ce2;conjugaison;imparfait
32303;ce2;conjugaison;imparfait
32304;ce2;conjugaison;imparfait
32305;ce2;conjugaison;imparfait
32306;ce2;conjugaison;imparfait
32307;ce2;conjugaison;imparfait
32308;ce2;conjugaison;imparfait
32309;ce2;conjugaison;imparfait
32310;ce2;conjugaison;imparfait
32311;ce2;conjugaison;imparfait
32312;ce2;conjugaison;imparfait
32313;ce2;conjugaison;imparfait
32314;ce2;conjugaison;imparfait
32315;ce2;conjugaison;imparfait
32316;ce2;conjugaison;imparfait
32317;ce2;conjugaison;imparfait
32318;ce2;conjugaison;imparfait
32319;ce2;conjugaison;imparfait
32320;ce2;conjugaison;imparfait
32321;ce2;conjugaison;imparfait
32322;ce2;conjugaison;imparfait
32323;ce2;conjugaison;imparfait
32324;ce2;conjugaison;imparfait
32325;ce2;conjugaison;imparfait
32326;ce2;conjugaison;imparfait
32327;ce2;conjugaison;imparfait
32328;ce2;conjugaison;imparfait
32329;ce2;conjugaison;imparfait
32330;ce2;conjugaison;imparfait
32331;ce2;conjugaison;imparfait
32332;ce2;conjugaison;imparfait
32333;ce2;conjugaison;imparfait
32334;ce2;conjugaison;imparfait
32335;ce2;conjugaison;imparfait
32336;ce2;conjugaison;imparfait
32337;ce2;conjugaison;imparfait
32338;ce2;conjugaison;imparfait
32339;ce2;conjugaison;imparfait
32340;ce2;conjugaison;imparfait
32341;ce2;conjugaison;imparfait
32342;ce2;conjugaison;imparfait
32343;ce2;conjugaison;imparfait
32344;ce2;conjugaison;imparfait
32345;ce2;conjugaison;imparfait
32346;ce2;conjugaison;imparfait
32347;ce2;conjugaison;imparfait
32348;ce2;conjugaison;imparfait
32349;ce2;conjugaison;imparfait
32350;ce2;conjugaison;imparfait
32351;ce2;conjugaison;imparfait
32352;ce2;conjugaison;imparfait
32353;ce2;conjugaison;imparfait
32354;ce2;conjugaison;imparfait
32355;ce2;conjugaison;imparfait
32356;ce2;conjugaison;imparfait
32357;ce2;conjugaison;imparfait
32358;ce2;conjugaison;imparfait
32359;ce2;conjugaison;imparfait
32360;ce2;conjugaison;imparfait
32361;ce2;conjugaison;imparfait
32362;ce2;conjugaison;imparfait
32363;ce2;conjugaison;imparfait
32364;ce2;conjugaison;imparfait
32365;ce2;conjugaison;imparfait
32366;ce2;conjugaison;imparfait
32367;ce2;conjugaison;imparfait
32368;ce2;conjugaison;imparfait
32369;ce2;conjugaison;imparfait
32370;ce2;conjugaison;imparfait
32371;ce2;conjugaison;imparfait
32372;ce2;conjugaison;imparfait
32373;ce2;conjugaison;imparfait
32374;ce2;conjugaison;imparfait
32375;ce2;conjugaison;imparfait
32376;ce2;conjugaison;imparfait
32377;ce2;conjugaison;imparfait
32378;ce2;conjugaison;imparfait
32379;ce2;conjugaison;imparfait
32380;ce2;conjugaison;imparfait
32381;ce2;conjugaison;imparfait
32382;ce2;conjugaison;imparfait
32383;ce2;conjugaison;imparfait
32384;ce2;conjugaison;imparfait
32385;ce2;conjugaison;imparfait
32386;ce2;conjugaison;imparfait
32387;ce2;conjugaison;imparfait
32388;ce2;conjugaison;imparfait
32389;ce2;conjugaison;imparfait
32390;ce2;conjugaison;imparfait
32391;ce2;conjugaison;imparfait
32392;ce2;conjugaison;imparfait
32393;ce2;conjugaison;imparfait
32394;ce2;conjugaison;imparfait
32395;ce2;conjugaison;imparfait
32396;ce2;conjugaison;imparfait
32397;ce2;conjugaison;imparfait
32398;ce2;conjugaison;imparfait
32399;ce2;conjugaison;imparfait
32400;ce2;conjugaison;imparfait
32401;ce2;conjugaison;imparfait
32402;ce2;conjugaison;imparfait
32403;ce2;conjugaison;imparfait
32404;ce2;conjugaison;imparfait
32405;ce2;conjugaison;imparfait
32406;ce2;conjugaison;imparfait
32407;ce2;conjugaison;imparfait
32408;ce2;conjugaison;imparfait
32409;ce2;conjugaison;imparfait
32410;ce2;conjugaison;imparfait
32411;ce2;conjugaison;imparfait
32412;ce2;conjugaison;imparfait
32413;ce2;conjugaison;imparfait
32414;ce2;conjugaison;imparfait
32415;ce2;conjugaison;imparfait
32416;ce2;conjugaison;imparfait
32417;ce2;conjugaison;imparfait
32418;ce2;conjugaison;imparfait
32419;ce2;conjugaison;imparfait
32420;ce2;conjugaison;imparfait
32421;ce2;conjugaison;imparfait
32422;ce2;conjugaison;imparfait
32423;ce2;conjugaison;imparfait
32424;ce2;conjugaison;imparfait
32425;ce2;conjugaison;imparfait
32426;ce2;conjugaison;imparfait
32427;ce2;conjugaison;imparfait
32428;ce2;conjugaison;imparfait
32429;ce2;conjugaison;imparfait
32430;ce2;conjugaison;imparfait
32431;ce2;conjugaison;imparfait
32432;ce2;conjugaison;imparfait
32433;ce2;conjugaison;imparfait
32434;ce2;conjugaison;imparfait
32435;ce2;conjugaison;imparfait
32436;ce2;conjugaison;imparfait
32437;ce2;conjugaison;imparfait
32438;ce2;conjugaison;imparfait
32439;ce2;conjugaison;imparfait
32440;ce2;conjugaison;imparfait
32441;ce2;conjugaison;imparfait
32442;ce2;conjugaison;imparfait
32443;ce2;conjugaison;imparfait
32444;ce2;conjugaison;imparfait
32445;ce2;conjugaison;imparfait
32446;ce2;conjugaison;imparfait
32447;ce2;conjugaison;imparfait
32448;ce2;conjugaison;imparfait
32449;ce2;conjugaison;imparfait
32450;ce2;conjugaison;present
32451;ce2;conjugaison;present
32452;ce2;conjugaison;present
32453;ce2;conjugaison;present
32454;ce2;conjugaison;present
32455;ce2;conjugaison;present
32456;ce2;conjugaison;present
32457;ce2;conjugaison;present
32458;ce2;conjugaison;present
32459;ce2;conjugaison;present
32460;ce2;conjugaison;present
32461;ce2;conjugaison;present
32462;ce2;conjugaison;present
32463;ce2;conjugaison;present
32464;ce2;conjugaison;present
32465;ce2;conjugaison;present
32466;ce2;conjugaison;present
32467;ce2;conjugaison;present
32468;ce2;conjugaison;present
32469;ce2;conjugaison;present
32470;ce2;conjugaison;present
32471;ce2;conjugaison;present
32472;ce2;conjugaison;present
32473;ce2;conjugaison;present
32474;ce2;conjugaison;present
32475;ce2;conjugaison;present
32476;ce2;conjugaison;present
32477;ce2;conjugaison;present
32478;ce2;conjugaison;present
32479;ce2;conjugaison;present
32480;ce2;conjugaison;present
32481;ce2;conjugaison;present
32482;ce2;conjugaison;present
32483;ce2;conjugaison;present
32484;ce2;conjugaison;present
32485;ce2;conjugaison;present
32486;ce2;conjugaison;present
32487;ce2;conjugaison;present
32488;ce2;conjugaison;present
32489;ce2;conjugaison;present
32490;ce2;conjugaison;present
32491;ce2;conjugaison;present
32492;ce2;conjugaison;present
32493;ce2;conjugaison;present
32494;ce2;conjugaison;present
32495;ce2;conjugaison;present
32496;ce2;conjugaison;present
32497;ce2;conjugaison;present
32498;ce2;conjugaison;present
32499;ce2;conjugaison;present
32500;ce2;conjugaison;present
32501;ce2;conjugaison;present
32502;ce2;conjugaison;present
32503;ce2;conjugaison;present
32504;ce2;conjugaison;present
32505;ce2;conjugaison;present
32506;ce2;conjugaison;present
32507;ce2;conjugaison;present
32508;ce2;conjugaison;present
32509;ce2;conjugaison;present
32510;ce2;conjugaison;present
32511;ce2;conjugaison;present
32512;ce2;conjugaison;present
32513;ce2;conjugaison;present
32514;ce2;conjugaison;present
32515;ce2;conjugaison;present
32516;ce2;conjugaison;present
32517;ce2;conjugaison;present
32518;ce2;conjugaison;present
32519;ce2;conjugaison;present
32520;ce2;conjugaison;present
32521;ce2;conjugaison;present
32522;ce2;conjugaison;present
32523;ce2;conjugaison;present
32524;ce2;conjugaison;present
32525;ce2;conjugaison;present
32526;ce2;conjugaison;present
32527;ce2;conjugaison;present
32528;ce2;conjugaison;present
32529;ce2;conjugaison;present
32530;ce2;conjugaison;present
32531;ce2;conjugaison;present
32532;ce2;conjugaison;present
32533;ce2;conjugaison;present
32534;ce2;conjugaison;present
32535;ce2;conjugaison;present
32536;ce2;conjugaison;present
32537;ce2;conjugaison;present
32538;ce2;conjugaison;present
32539;ce2;conjugaison;present
32540;ce2;conjugaison;present
32541;ce2;conjugaison;present
32542;ce2;conjugaison;present
32543;ce2;conjugaison;present
32544;ce2;conjugaison;present
32545;ce2;conjugaison;present
32546;ce2;conjugaison;present
32547;ce2;conjugaison;present
32548;ce2;conjugaison;present
32549;ce2;conjugaison;present
32550;ce2;conjugaison;present
32551;ce2;conjugaison;present
32552;ce2;conjugaison;present
32553;ce2;conjugaison;present
32554;ce2;conjugaison;present
32555;ce2;conjugaison;present
32556;ce2;conjugaison;present
32557;ce2;conjugaison;present
32558;ce2;conjugaison;present
32559;ce2;conjugaison;present
32560;ce2;conjugaison;present
32561;ce2;conjugaison;present
32562;ce2;conjugaison;present
32563;ce2;conjugaison;present
32564;ce2;conjugaison;present
32565;ce2;conjugaison;present
32566;ce2;conjugaison;present
32567;ce2;conjugaison;present
32568;ce2;conjugaison;present
32569;ce2;conjugaison;present
32570;ce2;conjugaison;present
32571;ce2;conjugaison;present
32572;ce2;conjugaison;present
32573;ce2;conjugaison;present
32574;ce2;conjugaison;present
32575;ce2;conjugaison;present
32576;ce2;conjugaison;present
32577;ce2;conjugaison;present
32578;ce2;conjugaison;present
32579;ce2;conjugaison;present
32580;ce2;conjugaison;present
32581;ce2;conjugaison;present
32582;ce2;conjugaison;present
32583;ce2;conjugaison;present
32584;ce2;conjugaison;present
32585;ce2;conjugaison;present
32586;ce2;conjugaison;present
32587;ce2;conjugaison;present
32588;ce2;conjugaison;present
32589;ce2;conjugaison;present
32590;ce2;conjugaison;present
32591;ce2;conjugaison;present
32592;ce2;conjugaison;present
32593;ce2;conjugaison;present
32594;ce2;conjugaison;present
32595;ce2;conjugaison;present
32596;ce2;conjugaison;present
32597;ce2;conjugaison;present
32598;ce2;conjugaison;present
32599;ce2;conjugaison;present
32600;ce2;conjugaison;present
32601;ce2;conjugaison;present
32602;ce2;conjugaison;present
32603;ce2;conjugaison;present
32604;ce2;conjugaison;present
32605;ce2;conjugaison;present
32606;ce2;conjugaison;present
32607;ce2;conjugaison;present
32608;ce2;conjugaison;present
32609;ce2;conjugaison;present
32610;ce2;conjugaison;present
32611;ce2;conjugaison;present
32612;ce2;conjugaison;present
32613;ce2;conjugaison;present
32614;ce2;conjugaison;present
32615;ce2;conjugaison;present
32616;ce2;conjugaison;present
32617;ce2;conjugaison;present
32618;ce2;conjugaison;present
32619;ce2;conjugaison;present
32620;ce2;conjugaison;present
32621;ce2;conjugaison;present
32622;ce2;conjugaison;present
32623;ce2;conjugaison;present
32624;ce2;conjugaison;present
32625;ce2;conjugaison;present
32626;ce2;conjugaison;present
32627;ce2;conjugaison;present
32628;ce2;conjugaison;present
32629;ce2;conjugaison;present
32630;ce2;conjugaison;present
32631;ce2;conjugaison;present
32632;ce2;conjugaison;present
32633;ce2;conjugaison;present
32634;ce2;conjugaison;present
32635;ce2;conjugaison;present
32636;ce2;conjugaison;present
32637;ce2;conjugaison;present
32638;ce2;conjugaison;present
32639;ce2;conjugaison;present
32640;ce2;conjugaison;present
32641;ce2;conjugaison;present
32642;ce2;conjugaison;present
32643;ce2;conjugaison;present
32644;ce2;conjugaison;present
32645;ce2;conjugaison;present
32646;ce2;conjugaison;present
32647;ce2;conjugaison;present
32648;ce2;conjugaison;present
32649;ce2;conjugaison;present
32650;ce2;conjugaison;futur
32651;ce2;conjugaison;futur
32652;ce2;conjugaison;futur
32653;ce2;conjugaison;futur
32654;ce2;conjugaison;futur
32655;ce2;conjugaison;futur
32656;ce2;conjugaison;futur
32657;ce2;conjugaison;futur
32658;ce2;conjugaison;futur
32659;ce2;conjugaison;futur
32660;ce2;conjugaison;futur
32661;ce2;conjugaison;futur
32662;ce2;conjugaison;futur
32663;ce2;conjugaison;futur
32664;ce2;conjugaison;futur
32665;ce2;conjugaison;futur
32666;ce2;conjugaison;futur
32667;ce2;conjugaison;futur
32668;ce2;conjugaison;futur
32669;ce2;conjugaison;futur
32670;ce2;conjugaison;futur
32671;ce2;conjugaison;futur
32672;ce2;conjugaison;futur
32673;ce2;conjugaison;futur
32674;ce2;conjugaison;futur
32675;ce2;conjugaison;futur
32676;ce2;conjugaison;futur
32677;ce2;conjugaison;futur
32678;ce2;conjugaison;futur
32679;ce2;conjugaison;futur
32680;ce2;conjugaison;futur
32681;ce2;conjugaison;futur
32682;ce2;conjugaison;futur
32683;ce2;conjugaison;futur
32684;ce2;conjugaison;futur
32685;ce2;conjugaison;futur
32686;ce2;conjugaison;futur
32687;ce2;conjugaison;futur
32688;ce2;conjugaison;futur
32689;ce2;conjugaison;futur
32690;ce2;conjugaison;futur
32691;ce2;conjugaison;futur
32692;ce2;conjugaison;futur
32693;ce2;conjugaison;futur
32694;ce2;conjugaison;futur
32695;ce2;conjugaison;futur
32696;ce2;conjugaison;futur
32697;ce2;conjugaison;futur
32698;ce2;conjugaison;futur
32699;ce2;conjugaison;futur
32700;ce2;conjugaison;futur
32701;ce2;conjugaison;futur
32702;ce2;conjugaison;futur
32703;ce2;conjugaison;futur
32704;ce2;conjugaison;futur
32705;ce2;conjugaison;futur
32706;ce2;conjugaison;futur
32707;ce2;conjugaison;futur
32708;ce2;conjugaison;futur
32709;ce2;conjugaison;futur
32710;ce2;conjugaison;futur
32711;ce2;conjugaison;futur
32712;ce2;conjugaison;futur
32713;ce2;conjugaison;futur
32714;ce2;conjugaison;futur
32715;ce2;conjugaison;futur
32716;ce2;conjugaison;futur
32717;ce2;conjugaison;futur
32718;ce2;conjugaison;futur
32719;ce2;conjugaison;futur
32720;ce2;conjugaison;futur
32721;ce2;conjugaison;futur
32722;ce2;conjugaison;futur
32723;ce2;conjugaison;futur
32724;ce2;conjugaison;futur
32725;ce2;conjugaison;futur
32726;ce2;conjugaison;futur
32727;ce2;conjugaison;futur
32728;ce2;conjugaison;futur
32729;ce2;conjugaison;futur
32730;ce2;conjugaison;futur
32731;ce2;conjugaison;futur
32732;ce2;conjugaison;futur
32733;ce2;conjugaison;futur
32734;ce2;conjugaison;futur
32735;ce2;conjugaison;futur
32736;ce2;conjugaison;futur
32737;ce2;conjugaison;futur
32738;ce2;conjugaison;futur
32739;ce2;conjugaison;futur
32740;ce2;conjugaison;futur
32741;ce2;conjugaison;futur
32742;ce2;conjugaison;futur
32743;ce2;conjugaison;futur
32744;ce2;conjugaison;futur
32745;ce2;conjugaison;futur
32746;ce2;conjugaison;futur
32747;ce2;conjugaison;futur
32748;ce2;conjugaison;futur
32749;ce2;conjugaison;futur
32750;ce2;conjugaison;futur
32751;ce2;conjugaison;futur
32752;ce2;conjugaison;futur
32753;ce2;conjugaison;futur
32754;ce2;conjugaison;futur
32755;ce2;conjugaison;futur
32756;ce2;conjugaison;futur
32757;ce2;conjugaison;futur
32758;ce2;conjugaison;futur
32759;ce2;conjugaison;futur
32760;ce2;conjugaison;futur
32761;ce2;conjugaison;futur
32762;ce2;conjugaison;futur
32763;ce2;conjugaison;futur
32764;ce2;conjugaison;futur
32765;ce2;conjugaison;futur
32766;ce2;conjugaison;futur
32767;ce2;conjugaison;futur
32768;ce2;conjugaison;futur
32769;ce2;conjugaison;futur
32770;ce2;conjugaison;futur
32771;ce2;conjugaison;futur
32772;ce2;conjugaison;futur
32773;ce2;conjugaison;futur
32774;ce2;conjugaison;futur
32775;ce2;conjugaison;futur
32776;ce2;conjugaison;futur
32777;ce2;conjugaison;futur
32778;ce2;conjugaison;futur
32779;ce2;conjugaison;futur
32780;ce2;conjugaison;futur
32781;ce2;conjugaison;futur
32782;ce2;conjugaison;futur
32783;ce2;conjugaison;futur
32784;ce2;conjugaison;futur
32785;ce2;conjugaison;futur
32786;ce2;conjugaison;futur
32787;ce2;conjugaison;futur
32788;ce2;conjugaison;futur
32789;ce2;conjugaison;futur
32790;ce2;conjugaison;futur
32791;ce2;conjugaison;futur
32792;ce2;conjugaison;futur
32793;ce2;conjugaison;futur
32794;ce2;conjugaison;futur
32795;ce2;conjugaison;futur
32796;ce2;conjugaison;futur
32797;ce2;conjugaison;futur
32798;ce2;conjugaison;futur
32799;ce2;conjugaison;futur
32800;ce2;conjugaison;imparfait
32801;ce2;conjugaison;imparfait
32802;ce2;conjugaison;imparfait
32803;ce2;conjugaison;imparfait
32804;ce2;conjugaison;imparfait
32805;ce2;conjugaison;imparfait
32806;ce2;conjugaison;imparfait
32807;ce2;conjugaison;imparfait
32808;ce2;conjugaison;imparfait
32809;ce2;conjugaison;imparfait
32810;ce2;conjugaison;imparfait
32811;ce2;conjugaison;imparfait
32812;ce2;conjugaison;imparfait
32813;ce2;conjugaison;imparfait
32814;ce2;conjugaison;imparfait
32815;ce2;conjugaison;imparfait
32816;ce2;conjugaison;imparfait
32817;ce2;conjugaison;imparfait
32818;ce2;conjugaison;imparfait
32819;ce2;conjugaison;imparfait
32820;ce2;conjugaison;imparfait
32821;ce2;conjugaison;imparfait
32822;ce2;conjugaison;imparfait
32823;ce2;conjugaison;imparfait
32824;ce2;conjugaison;imparfait
32825;ce2;conjugaison;imparfait
32826;ce2;conjugaison;imparfait
32827;ce2;conjugaison;imparfait
32828;ce2;conjugaison;imparfait
32829;ce2;conjugaison;imparfait
32830;ce2;conjugaison;imparfait
32831;ce2;conjugaison;imparfait
32832;ce2;conjugaison;imparfait
32833;ce2;conjugaison;imparfait
32834;ce2;conjugaison;imparfait
32835;ce2;conjugaison;imparfait
32836;ce2;conjugaison;imparfait
32837;ce2;conjugaison;imparfait
32838;ce2;conjugaison;imparfait
32839;ce2;conjugaison;imparfait
32840;ce2;conjugaison;imparfait
32841;ce2;conjugaison;imparfait
32842;ce2;conjugaison;imparfait
32843;ce2;conjugaison;imparfait
32844;ce2;conjugaison;imparfait
32845;ce2;conjugaison;imparfait
32846;ce2;conjugaison;imparfait
32847;ce2;conjugaison;imparfait
32848;ce2;conjugaison;imparfait
32849;ce2;conjugaison;imparfait
32850;ce2;conjugaison;imparfait
32851;ce2;conjugaison;imparfait
32852;ce2;conjugaison;imparfait
32853;ce2;conjugaison;imparfait
32854;ce2;conjugaison;imparfait
32855;ce2;conjugaison;imparfait
32856;ce2;conjugaison;imparfait
32857;ce2;conjugaison;imparfait
32858;ce2;conjugaison;imparfait
32859;ce2;conjugaison;imparfait
32860;ce2;conjugaison;imparfait
32861;ce2;conjugaison;imparfait
32862;ce2;conjugaison;imparfait
32863;ce2;conjugaison;imparfait
32864;ce2;conjugaison;imparfait
32865;ce2;conjugaison;imparfait
32866;ce2;conjugaison;imparfait
32867;ce2;conjugaison;imparfait
32868;ce2;conjugaison;imparfait
32869;ce2;conjugaison;imparfait
32870;ce2;conjugaison;imparfait
32871;ce2;conjugaison;imparfait
32872;ce2;conjugaison;imparfait
32873;ce2;conjugaison;imparfait
32874;ce2;conjugaison;imparfait
32875;ce2;conjugaison;imparfait
32876;ce2;conjugaison;imparfait
32877;ce2;conjugaison;imparfait
32878;ce2;conjugaison;imparfait
32879;ce2;conjugaison;imparfait
32880;ce2;conjugaison;imparfait
32881;ce2;conjugaison;imparfait
32882;ce2;conjugaison;imparfait
32883;ce2;conjugaison;imparfait
32884;ce2;conjugaison;imparfait
32885;ce2;conjugaison;imparfait
32886;ce2;conjugaison;imparfait
32887;ce2;conjugaison;imparfait
32888;ce2;conjugaison;imparfait
32889;ce2;conjugaison;imparfait
32890;ce2;conjugaison;imparfait
32891;ce2;conjugaison;imparfait
32892;ce2;conjugaison;imparfait
32893;ce2;conjugaison;imparfait
32894;ce2;conjugaison;imparfait
32895;ce2;conjugaison;imparfait
32896;ce2;conjugaison;imparfait
32897;ce2;conjugaison;imparfait
32898;ce2;conjugaison;imparfait
32899;ce2;conjugaison;imparfait
32900;ce2;conjugaison;imparfait
32901;ce2;conjugaison;imparfait
32902;ce2;conjugaison;imparfait
32903;ce2;conjugaison;imparfait
32904;ce2;conjugaison;imparfait
32905;ce2;conjugaison;imparfait
32906;ce2;conjugaison;imparfait
32907;ce2;conjugaison;imparfait
32908;ce2;conjugaison;imparfait
32909;ce2;conjugaison;imparfait
32910;ce2;conjugaison;imparfait
32911;ce2;conjugaison;imparfait
32912;ce2;conjugaison;imparfait
32913;ce2;conjugaison;imparfait
32914;ce2;conjugaison;imparfait
32915;ce2;conjugaison;imparfait
32916;ce2;conjugaison;imparfait
32917;ce2;conjugaison;imparfait
32918;ce2;conjugaison;imparfait
32919;ce2;conjugaison;imparfait
32920;ce2;conjugaison;imparfait
32921;ce2;conjugaison;imparfait
32922;ce2;conjugaison;imparfait
32923;ce2;conjugaison;imparfait
32924;ce2;conjugaison;imparfait
32925;ce2;conjugaison;imparfait
32926;ce2;conjugaison;imparfait
32927;ce2;conjugaison;imparfait
32928;ce2;conjugaison;imparfait
32929;ce2;conjugaison;imparfait
32930;ce2;conjugaison;imparfait
32931;ce2;conjugaison;imparfait
32932;ce2;conjugaison;imparfait
32933;ce2;conjugaison;imparfait
32934;ce2;conjugaison;imparfait
32935;ce2;conjugaison;imparfait
32936;ce2;conjugaison;imparfait
32937;ce2;conjugaison;imparfait
32938;ce2;conjugaison;imparfait
32939;ce2;conjugaison;imparfait
32940;ce2;conjugaison;imparfait
32941;ce2;conjugaison;imparfait
32942;ce2;conjugaison;imparfait
32943;ce2;conjugaison;imparfait
32944;ce2;conjugaison;imparfait
32945;ce2;conjugaison;imparfait
32946;ce2;conjugaison;imparfait
32947;ce2;conjugaison;imparfait
32948;ce2;conjugaison;imparfait
32949;ce2;conjugaison;imparfait
20000;ce2;english;en_ecole
20001;ce2;english;en_decrire_position
20002;ce2;english;en_pays
20003;ce2;english;en_decrire_position
20004;ce2;english;en_decrire_position
20005;ce2;english;en_decrire_position
20006;ce2;english;en_pays
20007;ce2;english;en_decrire_position
20008;ce2;english;en_loisirs_metiers
20009;ce2;english;en_animaux
20010;ce2;english;en_corps
20011;ce2;english;en_decrire_position
20012;ce2;english;en_decrire_position
20013;ce2;english;en_decrire_position
20014;ce2;english;en_decrire_position
20015;ce2;english;en_nourriture
20016;ce2;english;en_nourriture
20017;ce2;english;en_decrire_position
20018;ce2;english;en_ecole
20019;ce2;english;en_decrire_position
20020;ce2;english;en_meteo_nature
20021;ce2;english;en_decrire_position
20022;ce2;english;en_vetements
20023;ce2;english;en_passe
20024;ce2;english;en_decrire_position
20025;ce2;english;en_animaux
20026;ce2;english;en_decrire_position
20027;ce2;english;en_calendrier
20028;ce2;english;en_decrire_position
20029;ce2;english;en_decrire_position
20030;ce2;english;en_animaux
20031;ce2;english;en_meteo_nature
20032;ce2;english;en_passe
20033;ce2;english;en_decrire_position
20034;ce2;english;en_decrire_position
20035;ce2;english;en_decrire_position
20036;ce2;english;en_decrire_position
20037;ce2;english;en_meteo_nature
20038;ce2;english;en_decrire_position
20039;ce2;english;en_decrire_position
20040;ce2;english;en_decrire_position
20041;ce2;english;en_decrire_position
20042;ce2;english;en_meteo_nature
20043;ce2;english;en_loisirs_metiers
20044;ce2;english;en_pays
20045;ce2;english;en_animaux
20046;ce2;english;en_maison_famille
20047;ce2;english;en_decrire_position
20048;ce2;english;en_nourriture
20049;ce2;english;en_nourriture
20050;ce2;english;en_decrire_position
20051;ce2;english;en_decrire_position
20052;ce2;english;en_decrire_position
20053;ce2;english;en_decrire_position
20054;ce2;english;en_decrire_position
20055;ce2;english;en_decrire_position
20056;ce2;english;en_decrire_position
20057;ce2;english;en_pays
20058;ce2;english;en_animaux
20059;ce2;english;en_decrire_position
20060;ce2;english;en_nourriture
20061;ce2;english;en_decrire_position
20062;ce2;english;en_decrire_position
20063;ce2;english;en_decrire_position
20064;ce2;english;en_decrire_position
20065;ce2;english;en_passe
20066;ce2;english;en_nombres
20067;ce2;english;en_decrire_position
20068;ce2;english;en_nourriture
20069;ce2;english;en_decrire_position
20070;ce2;english;en_animaux
20071;ce2;english;en_passe
20072;ce2;english;en_decrire_position
20073;ce2;english;en_meteo_nature
20074;ce2;english;en_maison_famille
20075;ce2;english;en_decrire_position
20076;ce2;english;en_decrire_position
20077;ce2;english;en_decrire_position
20078;ce2;english;en_decrire_position
20079;ce2;english;en_nombres
20080;ce2;english;en_nombres
20081;ce2;english;en_nombres
20082;ce2;english;en_nombres
20083;ce2;english;en_nombres
20084;ce2;english;en_nombres
20085;ce2;english;en_nombres
20086;ce2;english;en_nombres
20087;ce2;english;en_nombres
20088;ce2;english;en_nombres
20089;ce2;english;en_nombres
20090;ce2;english;en_nombres
20091;ce2;english;en_nombres
20092;ce2;english;en_nombres
20093;ce2;english;en_decrire_position
20094;ce2;english;en_maison_famille
20095;ce2;english;en_pays
20096;ce2;english;en_decrire_position
20097;ce2;english;en_animaux
20098;ce2;english;en_ville_transports
20099;ce2;english;en_decrire_position
20100;ce2;english;en_animaux
20101;ce2;english;en_decrire_position
20102;ce2;english;en_maison_famille
20103;ce2;english;en_loisirs_metiers
20104;ce2;english;en_decrire_position
20105;ce2;english;en_animaux
20106;ce2;english;en_couleurs
20107;ce2;english;en_nourriture
20108;ce2;english;en_couleurs
20109;ce2;english;en_decrire_position
20110;ce2;english;en_animaux
20111;ce2;english;en_passe
20112;ce2;english;en_ecole
20113;ce2;english;en_animaux
20114;ce2;english;en_passe
20115;ce2;english;en_pays
20116;ce2;english;en_calendrier
20117;ce2;english;en_nombres
20118;ce2;english;en_decrire_position
20119;ce2;english;en_maison_famille
20120;ce2;english;en_loisirs_metiers
20121;ce2;english;en_animaux
20122;ce2;english;en_maison_famille
20123;ce2;english;en_animaux
20124;ce2;english;en_pays
20125;ce2;english;en_decrire_position
20126;ce2;english;en_nourriture
20127;ce2;english;en_animaux
20128;ce2;english;en_pays
20129;ce2;english;en_animaux
20130;ce2;english;en_animaux
20131;ce2;english;en_meteo_nature
20132;ce2;english;en_passe
20133;ce2;english;en_maison_famille
20134;ce2;english;en_maison_famille
20135;ce2;english;en_passe
20136;ce2;english;en_nourriture
20137;ce2;english;en_decrire_position
20138;ce2;english;en_decrire_position
20139;ce2;english;en_decrire_position
20140;ce2;english;en_decrire_position
20141;ce2;english;en_decrire_position
20142;ce2;english;en_decrire_position
20143;ce2;english;en_decrire_position
20144;ce2;english;en_decrire_position
20145;ce2;english;en_decrire_position
20146;ce2;english;en_decrire_position
20147;ce2;english;en_decrire_position
20148;ce2;english;en_decrire_position
20149;ce2;english;en_decrire_position
20150;ce2;english;en_decrire_position
20151;ce2;english;en_decrire_position
20152;ce2;english;en_decrire_position
20153;ce2;english;en_decrire_position
20154;ce2;english;en_corps
20155;ce2;english;en_decrire_position
20156;ce2;english;en_decrire_position
20157;ce2;english;en_decrire_position
20158;ce2;english;en_decrire_position
20159;ce2;english;en_decrire_position
20160;ce2;english;en_decrire_position
20161;ce2;english;en_decrire_position
20162;ce2;english;en_maison_famille
20163;ce2;english;en_maison_famille
20164;ce2;english;en_decrire_position
20165;ce2;english;en_decrire_position
20166;ce2;english;en_corps
20167;ce2;english;en_decrire_position
20168;ce2;english;en_decrire_position
20169;ce2;english;en_decrire_position
20170;ce2;english;en_decrire_position
20171;ce2;english;en_decrire_position
20172;ce2;english;en_decrire_position
20173;ce2;english;en_decrire_position
20174;ce2;english;en_decrire_position
20175;ce2;english;en_decrire_position
20176;ce2;english;en_decrire_position
20177;ce2;english;en_decrire_position
20178;ce2;english;en_decrire_position
20179;ce2;english;en_decrire_position
20180;ce2;english;en_decrire_position
20181;ce2;english;en_decrire_position
20182;ce2;english;en_decrire_position
20183;ce2;english;en_decrire_position
20184;ce2;english;en_decrire_position
20185;ce2;english;en_decrire_position
20186;ce2;english;en_decrire_position
20187;ce2;english;en_decrire_position
20188;ce2;english;en_decrire_position
20189;ce2;english;en_decrire_position
20190;ce2;english;en_decrire_position
20191;ce2;english;en_decrire_position
20192;ce2;english;en_decrire_position
20193;ce2;english;en_decrire_position
20194;ce2;english;en_decrire_position
20195;ce2;english;en_decrire_position
20196;ce2;english;en_decrire_position
20197;ce2;english;en_decrire_position
20198;ce2;english;en_decrire_position
20199;ce2;english;en_decrire_position
20200;ce2;english;en_decrire_position
20201;ce2;english;en_decrire_position
20202;ce2;english;en_decrire_position
20203;ce2;english;en_nourriture
20204;ce2;english;en_nourriture
20205;ce2;english;en_decrire_position
20206;ce2;english;en_decrire_position
20207;ce2;english;en_decrire_position
20208;ce2;english;en_decrire_position
20209;ce2;english;en_decrire_position
20210;ce2;english;en_decrire_position
20211;ce2;english;en_decrire_position
20212;ce2;english;en_decrire_position
20213;ce2;english;en_decrire_position
20214;ce2;english;en_decrire_position
20215;ce2;english;en_decrire_position
20216;ce2;english;en_decrire_position
20217;ce2;english;en_decrire_position
20218;ce2;english;en_decrire_position
20219;ce2;english;en_decrire_position
20220;ce2;english;en_decrire_position
20221;ce2;english;en_ville_transports
20222;ce2;english;en_ville_transports
20223;ce2;english;en_ville_transports
20224;ce2;english;en_ville_transports
20225;ce2;english;en_ville_transports
20226;ce2;english;en_ville_transports
20227;ce2;english;en_ville_transports
20228;ce2;english;en_ville_transports
20229;ce2;english;en_ville_transports
20230;ce2;english;en_ville_transports
20231;ce2;english;en_ville_transports
20232;ce2;english;en_ville_transports
20233;ce2;english;en_ville_transports
20234;ce2;english;en_ville_transports
20235;ce2;english;en_ville_transports
20236;ce2;english;en_ville_transports
20237;ce2;english;en_ecole
20238;ce2;english;en_ecole
20239;ce2;english;en_loisirs_metiers
20240;ce2;english;en_loisirs_metiers
20241;ce2;english;en_loisirs_metiers
20242;ce2;english;en_loisirs_metiers
20243;ce2;english;en_loisirs_metiers
20244;ce2;english;en_loisirs_metiers
20245;ce2;english;en_loisirs_metiers
20246;ce2;english;en_loisirs_metiers
20247;ce2;english;en_loisirs_metiers
20248;ce2;english;en_loisirs_metiers
20249;ce2;english;en_loisirs_metiers
20250;ce2;english;en_loisirs_metiers
20251;ce2;english;en_loisirs_metiers
20252;ce2;english;en_loisirs_metiers
20253;ce2;english;en_loisirs_metiers
20254;ce2;english;en_loisirs_metiers
20255;ce2;english;en_loisirs_metiers
20256;ce2;english;en_loisirs_metiers
20257;ce2;english;en_loisirs_metiers
20258;ce2;english;en_loisirs_metiers
20259;ce2;english;en_decrire_position
20260;ce2;english;en_decrire_position
20261;ce2;english;en_decrire_position
20262;ce2;english;en_decrire_position
20263;ce2;english;en_decrire_position
20264;ce2;english;en_decrire_position
20265;ce2;english;en_decrire_position
20266;ce2;english;en_decrire_position
20267;ce2;english;en_loisirs_metiers
20268;ce2;english;en_loisirs_metiers
20269;ce2;english;en_loisirs_metiers
20270;ce2;english;en_loisirs_metiers
20271;ce2;english;en_decrire_position
20272;ce2;english;en_decrire_position
20273;ce2;english;en_decrire_position
20274;ce2;english;en_decrire_position
20275;ce2;english;en_decrire_position
20276;ce2;english;en_decrire_position
20277;ce2;english;en_decrire_position
20278;ce2;english;en_decrire_position
20279;ce2;english;en_decrire_position
20280;ce2;english;en_decrire_position
20281;ce2;english;en_decrire_position
20282;ce2;english;en_decrire_position
20283;ce2;english;en_decrire_position
20284;ce2;english;en_decrire_position
20285;ce2;english;en_decrire_position
20286;ce2;english;en_decrire_position
20287;ce2;english;en_decrire_position
20288;ce2;english;en_decrire_position
20289;ce2;english;en_decrire_position
20290;ce2;english;en_decrire_position
20291;ce2;english;en_decrire_position
20292;ce2;english;en_decrire_position
20293;ce2;english;en_decrire_position
20294;ce2;english;en_decrire_position
20295;ce2;english;en_decrire_position
20296;ce2;english;en_decrire_position
20297;ce2;english;en_decrire_position
20298;ce2;english;en_decrire_position
20299;ce2;english;en_decrire_position
20300;ce2;english;en_decrire_position
20301;ce2;english;en_decrire_position
20302;ce2;english;en_decrire_position
20303;ce2;english;en_decrire_position
20304;ce2;english;en_decrire_position
20305;ce2;english;en_decrire_position
20306;ce2;english;en_decrire_position
20307;ce2;english;en_decrire_position
20308;ce2;english;en_decrire_position
20309;ce2;english;en_decrire_position
20310;ce2;english;en_decrire_position
20311;ce2;english;en_decrire_position
20312;ce2;english;en_decrire_position
20313;ce2;english;en_decrire_position
20314;ce2;english;en_decrire_position
20315;ce2;english;en_decrire_position
20316;ce2;english;en_decrire_position
20317;ce2;english;en_decrire_position
20318;ce2;english;en_decrire_position
20319;ce2;english;en_decrire_position
20320;ce2;english;en_decrire_position
20321;ce2;english;en_decrire_position
20322;ce2;english;en_decrire_position
20323;ce2;english;en_decrire_position
20324;ce2;english;en_decrire_position
20325;ce2;english;en_decrire_position
20326;ce2;english;en_decrire_position
20327;ce2;english;en_decrire_position
20328;ce2;english;en_decrire_position
20329;ce2;english;en_decrire_position
20330;ce2;english;en_decrire_position
20331;ce2;english;en_decrire_position
20332;ce2;english;en_decrire_position
20333;ce2;english;en_decrire_position
20334;ce2;english;en_decrire_position
20335;ce2;english;en_decrire_position
20336;ce2;english;en_decrire_position
20337;ce2;english;en_gouts
20338;ce2;english;en_gouts
20339;ce2;english;en_gouts
20340;ce2;english;en_gouts
20341;ce2;english;en_gouts
20342;ce2;english;en_gouts
20343;ce2;english;en_gouts
20344;ce2;english;en_gouts
20345;ce2;english;en_gouts
20346;ce2;english;en_gouts
20347;ce2;english;en_gouts
20348;ce2;english;en_gouts
20349;ce2;english;en_gouts
20350;ce2;english;en_gouts
20351;ce2;english;en_gouts
20352;ce2;english;en_gouts
20353;ce2;english;en_gouts
20354;ce2;english;en_gouts
20355;ce2;english;en_gouts
20356;ce2;english;en_gouts
20357;ce2;english;en_gouts
20358;ce2;english;en_gouts
20359;ce2;english;en_gouts
20360;ce2;english;en_gouts
20361;ce2;english;en_gouts
20362;ce2;english;en_gouts
20363;ce2;english;en_gouts
20364;ce2;english;en_gouts
20365;ce2;english;en_gouts
20366;ce2;english;en_gouts
20367;ce2;english;en_gouts
20368;ce2;english;en_gouts
20369;ce2;english;en_gouts
20370;ce2;english;en_gouts
20371;ce2;english;en_gouts
20372;ce2;english;en_gouts
20373;ce2;english;en_gouts
20374;ce2;english;en_gouts
20375;ce2;english;en_gouts
20376;ce2;english;en_gouts
20377;ce2;english;en_gouts
20378;ce2;english;en_gouts
20379;ce2;english;en_gouts
20380;ce2;english;en_gouts
20381;ce2;english;en_gouts
20382;ce2;english;en_gouts
20383;ce2;english;en_decrire_position
20384;ce2;english;en_decrire_position
20385;ce2;english;en_decrire_position
20386;ce2;english;en_decrire_position
20387;ce2;english;en_decrire_position
20388;ce2;english;en_decrire_position
20389;ce2;english;en_decrire_position
20390;ce2;english;en_decrire_position
20391;ce2;english;en_decrire_position
20392;ce2;english;en_decrire_position
20393;ce2;english;en_decrire_position
20394;ce2;english;en_decrire_position
20395;ce2;english;en_decrire_position
20396;ce2;english;en_decrire_position
20397;ce2;english;en_decrire_position
20398;ce2;english;en_decrire_position
20399;ce2;english;en_decrire_position
20400;ce2;english;en_decrire_position
20401;ce2;english;en_decrire_position
20402;ce2;english;en_decrire_position
20403;ce2;english;en_decrire_position
20404;ce2;english;en_decrire_position
20405;ce2;english;en_decrire_position
20406;ce2;english;en_decrire_position
20407;ce2;english;en_decrire_position
20408;ce2;english;en_decrire_position
20409;ce2;english;en_decrire_position
20410;ce2;english;en_decrire_position
20411;ce2;english;en_decrire_position
20412;ce2;english;en_decrire_position
20413;ce2;english;en_decrire_position
20414;ce2;english;en_decrire_position
20415;ce2;english;en_decrire_position
20416;ce2;english;en_decrire_position
20417;ce2;english;en_decrire_position
20418;ce2;english;en_decrire_position
20419;ce2;english;en_calendrier
20420;ce2;english;en_calendrier
20421;ce2;english;en_calendrier
20422;ce2;english;en_calendrier
20423;ce2;english;en_calendrier
20424;ce2;english;en_calendrier
20425;ce2;english;en_calendrier
20426;ce2;english;en_calendrier
20427;ce2;english;en_calendrier
20428;ce2;english;en_calendrier
20429;ce2;english;en_calendrier
20430;ce2;english;en_calendrier
20431;ce2;english;en_calendrier
20432;ce2;english;en_calendrier
20433;ce2;english;en_calendrier
20434;ce2;english;en_calendrier
20435;ce2;english;en_calendrier
20436;ce2;english;en_calendrier
20437;ce2;english;en_calendrier
20438;ce2;english;en_calendrier
20439;ce2;english;en_calendrier
20440;ce2;english;en_calendrier
20441;ce2;english;en_calendrier
20442;ce2;english;en_calendrier
20443;ce2;english;en_gouts
20444;ce2;english;en_gouts
20445;ce2;english;en_gouts
20446;ce2;english;en_gouts
20447;ce2;english;en_gouts
20448;ce2;english;en_gouts
20449;ce2;english;en_gouts
20450;ce2;english;en_gouts
20451;ce2;english;en_gouts
20452;ce2;english;en_gouts
20453;ce2;english;en_gouts
20454;ce2;english;en_gouts
20455;ce2;english;en_gouts
20456;ce2;english;en_gouts
20457;ce2;english;en_gouts
20458;ce2;english;en_gouts
20459;ce2;english;en_gouts
20460;ce2;english;en_gouts
20461;ce2;english;en_gouts
20462;ce2;english;en_gouts
20463;ce2;english;en_ecole
20464;ce2;english;en_ecole
20465;ce2;english;en_ecole
20466;ce2;english;en_ecole
20467;ce2;english;en_ecole
20468;ce2;english;en_ecole
20469;ce2;english;en_ecole
20470;ce2;english;en_ecole
20471;ce2;english;en_ecole
20472;ce2;english;en_ecole
20473;ce2;english;en_ecole
20474;ce2;english;en_ecole
20475;ce2;english;en_ecole
20476;ce2;english;en_ecole
20477;ce2;english;en_ecole
20478;ce2;english;en_ecole
20479;ce2;english;en_ecole
20480;ce2;english;en_ecole
20481;ce2;english;en_ecole
20482;ce2;english;en_ecole
20483;ce2;english;en_ecole
20484;ce2;english;en_ecole
20485;ce2;english;en_ecole
20486;ce2;english;en_ecole
20487;ce2;english;en_ecole
20488;ce2;english;en_ecole
20489;ce2;english;en_ecole
20490;ce2;english;en_ecole
20491;ce2;english;en_ecole
20492;ce2;english;en_ecole
20493;ce2;english;en_ecole
20494;ce2;english;en_ecole
20495;ce2;english;en_ecole
20496;ce2;english;en_ecole
20497;ce2;english;en_ecole
20498;ce2;english;en_ecole
20499;ce2;english;en_ecole
20500;ce2;english;en_ecole
20501;ce2;english;en_ecole
20502;ce2;english;en_ecole
20503;ce2;english;en_ecole
20504;ce2;english;en_ecole
10000;ce2;grammaire;pronoms
10001;ce2;grammaire;pronoms
10002;ce2;grammaire;pronoms
10003;ce2;grammaire;pronoms
10004;ce2;grammaire;pronoms
10005;ce2;grammaire;pronoms
10006;ce2;grammaire;pronoms
10007;ce2;grammaire;pronoms
10008;ce2;grammaire;pronoms
10009;ce2;grammaire;pronoms
10010;ce2;grammaire;fonctions
10011;ce2;grammaire;fonctions
10012;ce2;grammaire;fonctions
10013;ce2;grammaire;fonctions
10014;ce2;grammaire;fonctions
10015;ce2;grammaire;fonctions
10016;ce2;grammaire;fonctions
10017;ce2;grammaire;fonctions
10018;ce2;grammaire;fonctions
10019;ce2;grammaire;fonctions
10020;ce2;grammaire;accord_sujet_verbe
10021;ce2;grammaire;accord_sujet_verbe
10022;ce2;grammaire;accord_sujet_verbe
10023;ce2;grammaire;accord_sujet_verbe
10024;ce2;grammaire;accord_sujet_verbe
10025;ce2;grammaire;accord_sujet_verbe
10026;ce2;grammaire;accord_sujet_verbe
10027;ce2;grammaire;accord_sujet_verbe
10028;ce2;grammaire;accord_sujet_verbe
10029;ce2;grammaire;accord_sujet_verbe
10030;ce2;grammaire;types_phrases
10031;ce2;grammaire;types_phrases
10032;ce2;grammaire;types_phrases
10033;ce2;grammaire;types_phrases
10034;ce2;grammaire;types_phrases
10035;ce2;grammaire;types_phrases
10036;ce2;grammaire;types_phrases
10037;ce2;grammaire;types_phrases
10038;ce2;grammaire;types_phrases
10039;ce2;grammaire;types_phrases
31000;ce2;grammaire;pronoms
31001;ce2;grammaire;pronoms
31002;ce2;grammaire;pronoms
31003;ce2;grammaire;pronoms
31004;ce2;grammaire;pronoms
31005;ce2;grammaire;pronoms
31006;ce2;grammaire;pronoms
31007;ce2;grammaire;pronoms
31008;ce2;grammaire;pronoms
31009;ce2;grammaire;pronoms
31010;ce2;grammaire;pronoms
31011;ce2;grammaire;pronoms
31012;ce2;grammaire;pronoms
31013;ce2;grammaire;pronoms
31014;ce2;grammaire;pronoms
31015;ce2;grammaire;pronoms
31016;ce2;grammaire;pronoms
31017;ce2;grammaire;pronoms
31018;ce2;grammaire;pronoms
31019;ce2;grammaire;pronoms
31020;ce2;grammaire;pronoms
31021;ce2;grammaire;pronoms
31022;ce2;grammaire;pronoms
31023;ce2;grammaire;pronoms
31024;ce2;grammaire;pronoms
31025;ce2;grammaire;pronoms
31026;ce2;grammaire;pronoms
31027;ce2;grammaire;pronoms
31028;ce2;grammaire;pronoms
31029;ce2;grammaire;pronoms
31030;ce2;grammaire;pronoms
31031;ce2;grammaire;pronoms
31032;ce2;grammaire;pronoms
31033;ce2;grammaire;pronoms
31034;ce2;grammaire;pronoms
31035;ce2;grammaire;pronoms
31036;ce2;grammaire;pronoms
31037;ce2;grammaire;pronoms
31038;ce2;grammaire;pronoms
31039;ce2;grammaire;pronoms
31040;ce2;grammaire;pronoms
31041;ce2;grammaire;pronoms
31042;ce2;grammaire;pronoms
31043;ce2;grammaire;fonctions
31044;ce2;grammaire;fonctions
31045;ce2;grammaire;fonctions
31046;ce2;grammaire;fonctions
31047;ce2;grammaire;fonctions
31048;ce2;grammaire;fonctions
31049;ce2;grammaire;fonctions
31050;ce2;grammaire;fonctions
31051;ce2;grammaire;fonctions
31052;ce2;grammaire;fonctions
31053;ce2;grammaire;fonctions
31054;ce2;grammaire;fonctions
31055;ce2;grammaire;fonctions
31056;ce2;grammaire;fonctions
31057;ce2;grammaire;fonctions
31058;ce2;grammaire;fonctions
31059;ce2;grammaire;fonctions
31060;ce2;grammaire;fonctions
31061;ce2;grammaire;fonctions
31062;ce2;grammaire;fonctions
31063;ce2;grammaire;accord_sujet_verbe
31064;ce2;grammaire;accord_sujet_verbe
31065;ce2;grammaire;accord_sujet_verbe
31066;ce2;grammaire;accord_sujet_verbe
31067;ce2;grammaire;accord_sujet_verbe
31068;ce2;grammaire;accord_sujet_verbe
31069;ce2;grammaire;accord_sujet_verbe
31070;ce2;grammaire;accord_sujet_verbe
31071;ce2;grammaire;accord_sujet_verbe
31072;ce2;grammaire;accord_sujet_verbe
31073;ce2;grammaire;accord_sujet_verbe
31074;ce2;grammaire;accord_sujet_verbe
31075;ce2;grammaire;accord_sujet_verbe
31076;ce2;grammaire;accord_sujet_verbe
31077;ce2;grammaire;accord_sujet_verbe
31078;ce2;grammaire;accord_sujet_verbe
31079;ce2;grammaire;accord_sujet_verbe
31080;ce2;grammaire;accord_sujet_verbe
31081;ce2;grammaire;accord_sujet_verbe
31082;ce2;grammaire;accord_sujet_verbe
31083;ce2;grammaire;accord_sujet_verbe
31084;ce2;grammaire;accord_sujet_verbe
31085;ce2;grammaire;accord_sujet_verbe
31086;ce2;grammaire;accord_sujet_verbe
31087;ce2;grammaire;accord_sujet_verbe
31088;ce2;grammaire;accord_sujet_verbe
31089;ce2;grammaire;types_phrases
31090;ce2;grammaire;types_phrases
31091;ce2;grammaire;types_phrases
31092;ce2;grammaire;types_phrases
31093;ce2;grammaire;types_phrases
31094;ce2;grammaire;types_phrases
31095;ce2;grammaire;types_phrases
31096;ce2;grammaire;types_phrases
31097;ce2;grammaire;types_phrases
31098;ce2;grammaire;types_phrases
31099;ce2;grammaire;types_phrases
31100;ce2;grammaire;types_phrases
31101;ce2;grammaire;types_phrases
31102;ce2;grammaire;types_phrases
31103;ce2;grammaire;types_phrases
31104;ce2;grammaire;types_phrases
31105;ce2;grammaire;types_phrases
31106;ce2;grammaire;types_phrases
31107;ce2;grammaire;types_phrases
31108;ce2;grammaire;types_phrases
31109;ce2;grammaire;types_phrases
31110;ce2;grammaire;types_phrases
31111;ce2;grammaire;types_phrases
31112;ce2;grammaire;types_phrases
31113;ce2;grammaire;types_phrases
31114;ce2;grammaire;types_phrases
31115;ce2;grammaire;types_phrases
31116;ce2;grammaire;types_phrases
31117;ce2;grammaire;types_phrases
31118;ce2;grammaire;types_phrases
31119;ce2;grammaire;types_phrases
31120;ce2;grammaire;types_phrases
31121;ce2;grammaire;types_phrases
31122;ce2;grammaire;types_phrases
31123;ce2;grammaire;types_phrases
31124;ce2;grammaire;types_phrases
31125;ce2;grammaire;types_phrases
31126;ce2;grammaire;types_phrases
31127;ce2;grammaire;types_phrases
31128;ce2;grammaire;types_phrases
31129;ce2;grammaire;types_phrases
31130;ce2;grammaire;types_phrases
31131;ce2;grammaire;types_phrases
31132;ce2;grammaire;types_phrases
31133;ce2;grammaire;types_phrases
31134;ce2;grammaire;types_phrases
31135;ce2;grammaire;types_phrases
31136;ce2;grammaire;types_phrases
31137;ce2;grammaire;types_phrases
31138;ce2;grammaire;types_phrases
31139;ce2;grammaire;pronoms
31140;ce2;grammaire;pronoms
31141;ce2;grammaire;pronoms
31142;ce2;grammaire;pronoms
31143;ce2;grammaire;pronoms
31144;ce2;grammaire;pronoms
31145;ce2;grammaire;pronoms
31146;ce2;grammaire;pronoms
31147;ce2;grammaire;pronoms
31148;ce2;grammaire;pronoms
31149;ce2;grammaire;pronoms
31150;ce2;grammaire;pronoms
31151;ce2;grammaire;pronoms
31152;ce2;grammaire;pronoms
31153;ce2;grammaire;pronoms
31154;ce2;grammaire;pronoms
31155;ce2;grammaire;pronoms
31156;ce2;grammaire;pronoms
31157;ce2;grammaire;pronoms
31158;ce2;grammaire;pronoms
31159;ce2;grammaire;pronoms
31160;ce2;grammaire;pronoms
31161;ce2;grammaire;pronoms
31162;ce2;grammaire;pronoms
31163;ce2;grammaire;pronoms
31164;ce2;grammaire;pronoms
31165;ce2;grammaire;pronoms
31166;ce2;grammaire;pronoms
31167;ce2;grammaire;pronoms
31168;ce2;grammaire;pronoms
31169;ce2;grammaire;pronoms
31170;ce2;grammaire;pronoms
31171;ce2;grammaire;pronoms
31172;ce2;grammaire;pronoms
31173;ce2;grammaire;pronoms
31174;ce2;grammaire;pronoms
31175;ce2;grammaire;pronoms
31176;ce2;grammaire;pronoms
31177;ce2;grammaire;pronoms
31178;ce2;grammaire;pronoms
31179;ce2;grammaire;pronoms
31180;ce2;grammaire;pronoms
31181;ce2;grammaire;pronoms
31182;ce2;grammaire;pronoms
31183;ce2;grammaire;pronoms
31184;ce2;grammaire;pronoms
31185;ce2;grammaire;pronoms
31186;ce2;grammaire;pronoms
31187;ce2;grammaire;pronoms
31188;ce2;grammaire;pronoms
31189;ce2;grammaire;pronoms
31190;ce2;grammaire;pronoms
31191;ce2;grammaire;pronoms
31192;ce2;grammaire;pronoms
31193;ce2;grammaire;pronoms
31194;ce2;grammaire;pronoms
31195;ce2;grammaire;pronoms
31196;ce2;grammaire;pronoms
31197;ce2;grammaire;pronoms
31198;ce2;grammaire;pronoms
31199;ce2;grammaire;pronoms
31200;ce2;grammaire;pronoms
31201;ce2;grammaire;pronoms
31202;ce2;grammaire;pronoms
31203;ce2;grammaire;pronoms
31204;ce2;grammaire;pronoms
31205;ce2;grammaire;pronoms
31206;ce2;grammaire;pronoms
31207;ce2;grammaire;pronoms
31208;ce2;grammaire;fonctions
31209;ce2;grammaire;fonctions
31210;ce2;grammaire;fonctions
31211;ce2;grammaire;fonctions
31212;ce2;grammaire;fonctions
31213;ce2;grammaire;fonctions
31214;ce2;grammaire;fonctions
31215;ce2;grammaire;fonctions
31216;ce2;grammaire;fonctions
31217;ce2;grammaire;fonctions
31218;ce2;grammaire;fonctions
31219;ce2;grammaire;fonctions
31220;ce2;grammaire;fonctions
31221;ce2;grammaire;fonctions
31222;ce2;grammaire;fonctions
31223;ce2;grammaire;fonctions
31224;ce2;grammaire;fonctions
31225;ce2;grammaire;fonctions
31226;ce2;grammaire;fonctions
31227;ce2;grammaire;fonctions
31228;ce2;grammaire;fonctions
31229;ce2;grammaire;fonctions
31230;ce2;grammaire;fonctions
31231;ce2;grammaire;fonctions
31232;ce2;grammaire;fonctions
31233;ce2;grammaire;fonctions
31234;ce2;grammaire;fonctions
31235;ce2;grammaire;fonctions
31236;ce2;grammaire;fonctions
31237;ce2;grammaire;accord_sujet_verbe
31238;ce2;grammaire;accord_sujet_verbe
31239;ce2;grammaire;accord_sujet_verbe
31240;ce2;grammaire;accord_sujet_verbe
31241;ce2;grammaire;accord_sujet_verbe
31242;ce2;grammaire;accord_sujet_verbe
31243;ce2;grammaire;accord_sujet_verbe
31244;ce2;grammaire;accord_sujet_verbe
31245;ce2;grammaire;accord_sujet_verbe
31246;ce2;grammaire;accord_sujet_verbe
31247;ce2;grammaire;accord_sujet_verbe
31248;ce2;grammaire;accord_sujet_verbe
31249;ce2;grammaire;accord_sujet_verbe
31250;ce2;grammaire;accord_sujet_verbe
31251;ce2;grammaire;accord_sujet_verbe
31252;ce2;grammaire;accord_sujet_verbe
31253;ce2;grammaire;accord_sujet_verbe
31254;ce2;grammaire;accord_sujet_verbe
31255;ce2;grammaire;accord_sujet_verbe
31256;ce2;grammaire;accord_sujet_verbe
31257;ce2;grammaire;accord_sujet_verbe
31258;ce2;grammaire;accord_sujet_verbe
31259;ce2;grammaire;accord_sujet_verbe
31260;ce2;grammaire;accord_sujet_verbe
31261;ce2;grammaire;accord_sujet_verbe
31262;ce2;grammaire;accord_sujet_verbe
31263;ce2;grammaire;accord_sujet_verbe
31264;ce2;grammaire;accord_sujet_verbe
31265;ce2;grammaire;accord_sujet_verbe
31266;ce2;grammaire;accord_sujet_verbe
31267;ce2;grammaire;types_phrases
31268;ce2;grammaire;types_phrases
31269;ce2;grammaire;types_phrases
31270;ce2;grammaire;types_phrases
31271;ce2;grammaire;types_phrases
31272;ce2;grammaire;types_phrases
31273;ce2;grammaire;types_phrases
31274;ce2;grammaire;types_phrases
31275;ce2;grammaire;types_phrases
31276;ce2;grammaire;types_phrases
31277;ce2;grammaire;types_phrases
31278;ce2;grammaire;types_phrases
31279;ce2;grammaire;types_phrases
31280;ce2;grammaire;types_phrases
31281;ce2;grammaire;types_phrases
31282;ce2;grammaire;types_phrases
31283;ce2;grammaire;types_phrases
31284;ce2;grammaire;types_phrases
31285;ce2;grammaire;types_phrases
31286;ce2;grammaire;types_phrases
31287;ce2;grammaire;types_phrases
31288;ce2;grammaire;types_phrases
31289;ce2;grammaire;types_phrases
31290;ce2;grammaire;types_phrases
31291;ce2;grammaire;types_phrases
31292;ce2;grammaire;types_phrases
31293;ce2;grammaire;types_phrases
31294;ce2;grammaire;types_phrases
31295;ce2;grammaire;types_phrases
31296;ce2;grammaire;types_phrases
31297;ce2;grammaire;types_phrases
31298;ce2;grammaire;types_phrases
31299;ce2;grammaire;types_phrases
31300;ce2;grammaire;types_phrases
31301;ce2;grammaire;types_phrases
31302;ce2;grammaire;types_phrases
31303;ce2;grammaire;types_phrases
31304;ce2;grammaire;types_phrases
31305;ce2;grammaire;types_phrases
31306;ce2;grammaire;types_phrases
31307;ce2;grammaire;types_phrases
31308;ce2;grammaire;types_phrases
31309;ce2;grammaire;types_phrases
31310;ce2;grammaire;types_phrases
31311;ce2;grammaire;types_phrases
31312;ce2;grammaire;types_phrases
31313;ce2;grammaire;types_phrases
31314;ce2;grammaire;types_phrases
31315;ce2;grammaire;types_phrases
31316;ce2;grammaire;types_phrases
31317;ce2;grammaire;types_phrases
31318;ce2;grammaire;types_phrases
31319;ce2;grammaire;types_phrases
31320;ce2;grammaire;types_phrases
31321;ce2;grammaire;types_phrases
31322;ce2;grammaire;types_phrases
31323;ce2;grammaire;types_phrases
31324;ce2;grammaire;types_phrases
31325;ce2;grammaire;types_phrases
31326;ce2;grammaire;types_phrases
31327;ce2;grammaire;types_phrases
31328;ce2;grammaire;types_phrases
31329;ce2;grammaire;types_phrases
31330;ce2;grammaire;types_phrases
31331;ce2;grammaire;types_phrases
31332;ce2;grammaire;types_phrases
31333;ce2;grammaire;types_phrases
31334;ce2;grammaire;types_phrases
31335;ce2;grammaire;types_phrases
31336;ce2;grammaire;types_phrases
31337;ce2;grammaire;types_phrases
31338;ce2;grammaire;types_phrases
31339;ce2;grammaire;types_phrases
31340;ce2;grammaire;types_phrases
31341;ce2;grammaire;types_phrases
31342;ce2;grammaire;types_phrases
31343;ce2;grammaire;types_phrases
31344;ce2;grammaire;types_phrases
31345;ce2;grammaire;types_phrases
31346;ce2;grammaire;types_phrases
31347;ce2;grammaire;types_phrases
31348;ce2;grammaire;types_phrases
31349;ce2;grammaire;types_phrases
31350;ce2;grammaire;types_phrases
31351;ce2;grammaire;types_phrases
31352;ce2;grammaire;types_phrases
31353;ce2;grammaire;types_phrases
31354;ce2;grammaire;types_phrases
31355;ce2;grammaire;types_phrases
31356;ce2;grammaire;types_phrases
31357;ce2;grammaire;types_phrases
31358;ce2;grammaire;types_phrases
31359;ce2;grammaire;types_phrases
31360;ce2;grammaire;types_phrases
31361;ce2;grammaire;types_phrases
31362;ce2;grammaire;types_phrases
31363;ce2;grammaire;types_phrases
31364;ce2;grammaire;pronoms
31365;ce2;grammaire;pronoms
31366;ce2;grammaire;pronoms
31367;ce2;grammaire;pronoms
31368;ce2;grammaire;pronoms
31369;ce2;grammaire;pronoms
31370;ce2;grammaire;pronoms
31371;ce2;grammaire;pronoms
31372;ce2;grammaire;pronoms
31373;ce2;grammaire;pronoms
31374;ce2;grammaire;pronoms
31375;ce2;grammaire;pronoms
31376;ce2;grammaire;pronoms
31377;ce2;grammaire;pronoms
31378;ce2;grammaire;pronoms
31379;ce2;grammaire;pronoms
31380;ce2;grammaire;pronoms
31381;ce2;grammaire;pronoms
31382;ce2;grammaire;pronoms
31383;ce2;grammaire;pronoms
31384;ce2;grammaire;pronoms
31385;ce2;grammaire;pronoms
31386;ce2;grammaire;pronoms
31387;ce2;grammaire;pronoms
31388;ce2;grammaire;pronoms
31389;ce2;grammaire;pronoms
31390;ce2;grammaire;pronoms
31391;ce2;grammaire;pronoms
31392;ce2;grammaire;pronoms
31393;ce2;grammaire;pronoms
31394;ce2;grammaire;pronoms
31395;ce2;grammaire;pronoms
31396;ce2;grammaire;pronoms
31397;ce2;grammaire;pronoms
31398;ce2;grammaire;pronoms
31399;ce2;grammaire;pronoms
31400;ce2;grammaire;pronoms
31401;ce2;grammaire;pronoms
31402;ce2;grammaire;pronoms
31403;ce2;grammaire;pronoms
31404;ce2;grammaire;accord_sujet_verbe
31405;ce2;grammaire;accord_sujet_verbe
31406;ce2;grammaire;accord_sujet_verbe
31407;ce2;grammaire;accord_sujet_verbe
31408;ce2;grammaire;accord_sujet_verbe
31409;ce2;grammaire;accord_sujet_verbe
31410;ce2;grammaire;accord_sujet_verbe
31411;ce2;grammaire;accord_sujet_verbe
31412;ce2;grammaire;accord_sujet_verbe
31413;ce2;grammaire;accord_sujet_verbe
31414;ce2;grammaire;homophones
31415;ce2;grammaire;homophones
31416;ce2;grammaire;homophones
31417;ce2;grammaire;homophones
31418;ce2;grammaire;homophones
31419;ce2;grammaire;homophones
31420;ce2;grammaire;homophones
31421;ce2;grammaire;accord_sujet_verbe
31422;ce2;grammaire;accord_sujet_verbe
31423;ce2;grammaire;accord_sujet_verbe
31424;ce2;grammaire;accord_sujet_verbe
31425;ce2;grammaire;accord_sujet_verbe
31426;ce2;grammaire;accord_sujet_verbe
31427;ce2;grammaire;accord_sujet_verbe
31428;ce2;grammaire;accord_sujet_verbe
31429;ce2;grammaire;types_phrases
31430;ce2;grammaire;types_phrases
31431;ce2;grammaire;types_phrases
31432;ce2;grammaire;types_phrases
31433;ce2;grammaire;types_phrases
31434;ce2;grammaire;types_phrases
31435;ce2;grammaire;types_phrases
31436;ce2;grammaire;types_phrases
31437;ce2;grammaire;types_phrases
31438;ce2;grammaire;types_phrases
31439;ce2;grammaire;types_phrases
31440;ce2;grammaire;types_phrases
31441;ce2;grammaire;types_phrases
31442;ce2;grammaire;types_phrases
31443;ce2;grammaire;types_phrases
31444;ce2;grammaire;types_phrases
31445;ce2;grammaire;types_phrases
31446;ce2;grammaire;types_phrases
31447;ce2;grammaire;types_phrases
31448;ce2;grammaire;types_phrases
31449;ce2;grammaire;types_phrases
31450;ce2;grammaire;types_phrases
31451;ce2;grammaire;types_phrases
31452;ce2;grammaire;types_phrases
31453;ce2;grammaire;types_phrases
31454;ce2;grammaire;types_phrases
31455;ce2;grammaire;types_phrases
31456;ce2;grammaire;types_phrases
31457;ce2;grammaire;types_phrases
31458;ce2;grammaire;types_phrases
31459;ce2;grammaire;types_phrases
31460;ce2;grammaire;pronoms
31461;ce2;grammaire;pronoms
31462;ce2;grammaire;pronoms
31463;ce2;grammaire;pronoms
31464;ce2;grammaire;pronoms
31465;ce2;grammaire;pronoms
31466;ce2;grammaire;pronoms
31467;ce2;grammaire;pronoms
31468;ce2;grammaire;pronoms
31469;ce2;grammaire;pronoms
31470;ce2;grammaire;pronoms
31471;ce2;grammaire;pronoms
31472;ce2;grammaire;pronoms
31473;ce2;grammaire;pronoms
31474;ce2;grammaire;pronoms
31475;ce2;grammaire;pronoms
31476;ce2;grammaire;pronoms
31477;ce2;grammaire;pronoms
31478;ce2;grammaire;pronoms
31479;ce2;grammaire;pronoms
31480;ce2;grammaire;pronoms
31481;ce2;grammaire;pronoms
31482;ce2;grammaire;pronoms
31483;ce2;grammaire;pronoms
31484;ce2;grammaire;pronoms
31485;ce2;grammaire;pronoms
31486;ce2;grammaire;pronoms
31487;ce2;grammaire;pronoms
31488;ce2;grammaire;pronoms
31489;ce2;grammaire;pronoms
31490;ce2;grammaire;pronoms
31491;ce2;grammaire;pronoms
31492;ce2;grammaire;pronoms
31493;ce2;grammaire;pronoms
31494;ce2;grammaire;pronoms
31495;ce2;grammaire;pronoms
31496;ce2;grammaire;pronoms
31497;ce2;grammaire;pronoms
31498;ce2;grammaire;pronoms
31499;ce2;grammaire;pronoms
31500;ce2;grammaire;pronoms
31501;ce2;grammaire;pronoms
31502;ce2;grammaire;pronoms
31503;ce2;grammaire;pronoms
31504;ce2;grammaire;pronoms
31505;ce2;grammaire;pronoms
31506;ce2;grammaire;pronoms
31507;ce2;grammaire;pronoms
31508;ce2;grammaire;pronoms
31509;ce2;grammaire;pronoms
31510;ce2;grammaire;pronoms
31511;ce2;grammaire;pronoms
31512;ce2;grammaire;pronoms
31513;ce2;grammaire;pronoms
31514;ce2;grammaire;pronoms
31515;ce2;grammaire;pronoms
31516;ce2;grammaire;pronoms
31517;ce2;grammaire;pronoms
31518;ce2;grammaire;pronoms
31519;ce2;grammaire;pronoms
31520;ce2;grammaire;pronoms
31521;ce2;grammaire;pronoms
31522;ce2;grammaire;pronoms
31523;ce2;grammaire;pronoms
31524;ce2;grammaire;pronoms
31525;ce2;grammaire;pronoms
31526;ce2;grammaire;pronoms
31527;ce2;grammaire;pronoms
31528;ce2;grammaire;pronoms
31529;ce2;grammaire;pronoms
31530;ce2;grammaire;pronoms
31531;ce2;grammaire;pronoms
31532;ce2;grammaire;pronoms
31533;ce2;grammaire;pronoms
31534;ce2;grammaire;pronoms
31535;ce2;grammaire;pronoms
31536;ce2;grammaire;pronoms
31537;ce2;grammaire;pronoms
31538;ce2;grammaire;pronoms
31539;ce2;grammaire;pronoms
31540;ce2;grammaire;pronoms
31541;ce2;grammaire;pronoms
31542;ce2;grammaire;pronoms
31543;ce2;grammaire;pronoms
31544;ce2;grammaire;pronoms
31545;ce2;grammaire;pronoms
31546;ce2;grammaire;pronoms
31547;ce2;grammaire;pronoms
31548;ce2;grammaire;pronoms
31549;ce2;grammaire;pronoms
31550;ce2;grammaire;pronoms
31551;ce2;grammaire;pronoms
31552;ce2;grammaire;pronoms
31553;ce2;grammaire;pronoms
31554;ce2;grammaire;pronoms
31555;ce2;grammaire;pronoms
31556;ce2;grammaire;pronoms
31557;ce2;grammaire;pronoms
31558;ce2;grammaire;pronoms
31559;ce2;grammaire;pronoms
31560;ce2;grammaire;pronoms
31561;ce2;grammaire;pronoms
31562;ce2;grammaire;pronoms
31563;ce2;grammaire;pronoms
31564;ce2;grammaire;pronoms
31565;ce2;grammaire;pronoms
31566;ce2;grammaire;pronoms
31567;ce2;grammaire;pronoms
31568;ce2;grammaire;pronoms
31569;ce2;grammaire;pronoms
31570;ce2;grammaire;pronoms
31571;ce2;grammaire;pronoms
31572;ce2;grammaire;pronoms
31573;ce2;grammaire;pronoms
31574;ce2;grammaire;pronoms
31575;ce2;grammaire;pronoms
31576;ce2;grammaire;pronoms
31577;ce2;grammaire;pronoms
31578;ce2;grammaire;pronoms
31579;ce2;grammaire;pronoms
31580;ce2;grammaire;pronoms
31581;ce2;grammaire;pronoms
31582;ce2;grammaire;pronoms
31583;ce2;grammaire;pronoms
31584;ce2;grammaire;pronoms
31585;ce2;grammaire;pronoms
31586;ce2;grammaire;pronoms
31587;ce2;grammaire;pronoms
31588;ce2;grammaire;pronoms
31589;ce2;grammaire;pronoms
31590;ce2;grammaire;pronoms
31591;ce2;grammaire;pronoms
31592;ce2;grammaire;pronoms
31593;ce2;grammaire;pronoms
31594;ce2;grammaire;pronoms
31595;ce2;grammaire;pronoms
31596;ce2;grammaire;pronoms
31597;ce2;grammaire;pronoms
31598;ce2;grammaire;pronoms
31599;ce2;grammaire;pronoms
31600;ce2;grammaire;pronoms
31601;ce2;grammaire;pronoms
31602;ce2;grammaire;pronoms
31603;ce2;grammaire;pronoms
31604;ce2;grammaire;pronoms
31605;ce2;grammaire;pronoms
31606;ce2;grammaire;pronoms
31607;ce2;grammaire;pronoms
31608;ce2;grammaire;pronoms
31609;ce2;grammaire;pronoms
31610;ce2;grammaire;pronoms
31611;ce2;grammaire;pronoms
31612;ce2;grammaire;pronoms
31613;ce2;grammaire;pronoms
31614;ce2;grammaire;pronoms
31615;ce2;grammaire;pronoms
31616;ce2;grammaire;pronoms
31617;ce2;grammaire;pronoms
31618;ce2;grammaire;pronoms
31619;ce2;grammaire;pronoms
31620;ce2;grammaire;pronoms
31621;ce2;grammaire;pronoms
31622;ce2;grammaire;pronoms
31623;ce2;grammaire;pronoms
31624;ce2;grammaire;pronoms
31625;ce2;grammaire;pronoms
31626;ce2;grammaire;pronoms
31627;ce2;grammaire;pronoms
31628;ce2;grammaire;pronoms
31629;ce2;grammaire;pronoms
31630;ce2;grammaire;pronoms
31631;ce2;grammaire;pronoms
31632;ce2;grammaire;pronoms
31633;ce2;grammaire;pronoms
31634;ce2;grammaire;pronoms
31635;ce2;grammaire;pronoms
31636;ce2;grammaire;pronoms
31637;ce2;grammaire;pronoms
31638;ce2;grammaire;pronoms
31639;ce2;grammaire;pronoms
31640;ce2;grammaire;pronoms
31641;ce2;grammaire;pronoms
31642;ce2;grammaire;pronoms
31643;ce2;grammaire;pronoms
31644;ce2;grammaire;pronoms
31645;ce2;grammaire;pronoms
31646;ce2;grammaire;pronoms
31647;ce2;grammaire;pronoms
31648;ce2;grammaire;pronoms
31649;ce2;grammaire;pronoms
31650;ce2;grammaire;pronoms
31651;ce2;grammaire;pronoms
31652;ce2;grammaire;pronoms
31653;ce2;grammaire;pronoms
31654;ce2;grammaire;pronoms
31655;ce2;grammaire;pronoms
31656;ce2;grammaire;pronoms
31657;ce2;grammaire;pronoms
31658;ce2;grammaire;pronoms
31659;ce2;grammaire;pronoms
31660;ce2;grammaire;types_phrases
31661;ce2;grammaire;types_phrases
31662;ce2;grammaire;types_phrases
31663;ce2;grammaire;types_phrases
31664;ce2;grammaire;types_phrases
31665;ce2;grammaire;types_phrases
31666;ce2;grammaire;types_phrases
31667;ce2;grammaire;types_phrases
31668;ce2;grammaire;types_phrases
31669;ce2;grammaire;types_phrases
31670;ce2;grammaire;types_phrases
31671;ce2;grammaire;types_phrases
31672;ce2;grammaire;types_phrases
31673;ce2;grammaire;types_phrases
31674;ce2;grammaire;types_phrases
31675;ce2;grammaire;types_phrases
31676;ce2;grammaire;types_phrases
31677;ce2;grammaire;types_phrases
31678;ce2;grammaire;types_phrases
31679;ce2;grammaire;types_phrases
31680;ce2;grammaire;types_phrases
31681;ce2;grammaire;types_phrases
31682;ce2;grammaire;types_phrases
31683;ce2;grammaire;types_phrases
31684;ce2;grammaire;types_phrases
31685;ce2;grammaire;types_phrases
31686;ce2;grammaire;types_phrases
31687;ce2;grammaire;types_phrases
31688;ce2;grammaire;types_phrases
31689;ce2;grammaire;types_phrases
31690;ce2;grammaire;types_phrases
31691;ce2;grammaire;types_phrases
31692;ce2;grammaire;types_phrases
31693;ce2;grammaire;types_phrases
31694;ce2;grammaire;types_phrases
31695;ce2;grammaire;types_phrases
31696;ce2;grammaire;types_phrases
31697;ce2;grammaire;types_phrases
31698;ce2;grammaire;types_phrases
31699;ce2;grammaire;types_phrases
31700;ce2;grammaire;types_phrases
31701;ce2;grammaire;types_phrases
31702;ce2;grammaire;types_phrases
31703;ce2;grammaire;types_phrases
31704;ce2;grammaire;types_phrases
31705;ce2;grammaire;types_phrases
31706;ce2;grammaire;types_phrases
31707;ce2;grammaire;types_phrases
31708;ce2;grammaire;types_phrases
31709;ce2;grammaire;types_phrases
31710;ce2;grammaire;types_phrases
31711;ce2;grammaire;types_phrases
31712;ce2;grammaire;types_phrases
31713;ce2;grammaire;types_phrases
31714;ce2;grammaire;types_phrases
31715;ce2;grammaire;types_phrases
31716;ce2;grammaire;types_phrases
31717;ce2;grammaire;types_phrases
31718;ce2;grammaire;types_phrases
31719;ce2;grammaire;types_phrases
31720;ce2;grammaire;types_phrases
31721;ce2;grammaire;types_phrases
31722;ce2;grammaire;types_phrases
31723;ce2;grammaire;types_phrases
31724;ce2;grammaire;types_phrases
31725;ce2;grammaire;types_phrases
31726;ce2;grammaire;types_phrases
31727;ce2;grammaire;types_phrases
31728;ce2;grammaire;types_phrases
31729;ce2;grammaire;types_phrases
31730;ce2;grammaire;types_phrases
31731;ce2;grammaire;types_phrases
31732;ce2;grammaire;types_phrases
31733;ce2;grammaire;types_phrases
31734;ce2;grammaire;types_phrases
31735;ce2;grammaire;types_phrases
31736;ce2;grammaire;types_phrases
31737;ce2;grammaire;types_phrases
31738;ce2;grammaire;types_phrases
31739;ce2;grammaire;types_phrases
31740;ce2;grammaire;types_phrases
31741;ce2;grammaire;types_phrases
31742;ce2;grammaire;types_phrases
31743;ce2;grammaire;types_phrases
31744;ce2;grammaire;types_phrases
31745;ce2;grammaire;types_phrases
31746;ce2;grammaire;types_phrases
31747;ce2;grammaire;types_phrases
31748;ce2;grammaire;types_phrases
31749;ce2;grammaire;types_phrases
31750;ce2;grammaire;types_phrases
31751;ce2;grammaire;types_phrases
31752;ce2;grammaire;types_phrases
31753;ce2;grammaire;types_phrases
31754;ce2;grammaire;types_phrases
31755;ce2;grammaire;types_phrases
31756;ce2;grammaire;types_phrases
31757;ce2;grammaire;types_phrases
31758;ce2;grammaire;types_phrases
31759;ce2;grammaire;types_phrases
31760;ce2;grammaire;types_phrases
31761;ce2;grammaire;types_phrases
31762;ce2;grammaire;types_phrases
31763;ce2;grammaire;types_phrases
31764;ce2;grammaire;types_phrases
31765;ce2;grammaire;types_phrases
31766;ce2;grammaire;types_phrases
31767;ce2;grammaire;types_phrases
31768;ce2;grammaire;types_phrases
31769;ce2;grammaire;types_phrases
31770;ce2;grammaire;types_phrases
31771;ce2;grammaire;types_phrases
31772;ce2;grammaire;fonctions
31773;ce2;grammaire;fonctions
31774;ce2;grammaire;fonctions
31775;ce2;grammaire;fonctions
31776;ce2;grammaire;fonctions
31777;ce2;grammaire;fonctions
31778;ce2;grammaire;fonctions
31779;ce2;grammaire;fonctions
31780;ce2;grammaire;fonctions
31781;ce2;grammaire;fonctions
31782;ce2;grammaire;fonctions
31783;ce2;grammaire;fonctions
31784;ce2;grammaire;fonctions
31785;ce2;grammaire;fonctions
31786;ce2;grammaire;fonctions
31787;ce2;grammaire;fonctions
31788;ce2;grammaire;fonctions
31789;ce2;grammaire;fonctions
31790;ce2;grammaire;fonctions
31791;ce2;grammaire;fonctions
31792;ce2;grammaire;fonctions
31793;ce2;grammaire;fonctions
31794;ce2;grammaire;fonctions
31795;ce2;grammaire;fonctions
31796;ce2;grammaire;fonctions
31797;ce2;grammaire;fonctions
31798;ce2;grammaire;fonctions
31799;ce2;grammaire;fonctions
31800;ce2;grammaire;fonctions
31801;ce2;grammaire;fonctions
31802;ce2;grammaire;fonctions
31803;ce2;grammaire;fonctions
31804;ce2;grammaire;fonctions
31805;ce2;grammaire;fonctions
31806;ce2;grammaire;fonctions
31807;ce2;grammaire;fonctions
31808;ce2;grammaire;fonctions
31809;ce2;grammaire;fonctions
31810;ce2;grammaire;accord_sujet_verbe
31811;ce2;grammaire;accord_sujet_verbe
31812;ce2;grammaire;accord_sujet_verbe
31813;ce2;grammaire;accord_sujet_verbe
31814;ce2;grammaire;accord_sujet_verbe
31815;ce2;grammaire;accord_sujet_verbe
31816;ce2;grammaire;accord_sujet_verbe
31817;ce2;grammaire;accord_sujet_verbe
31818;ce2;grammaire;accord_sujet_verbe
31819;ce2;grammaire;accord_sujet_verbe
31820;ce2;grammaire;accord_sujet_verbe
31821;ce2;grammaire;accord_sujet_verbe
31822;ce2;grammaire;accord_sujet_verbe
31823;ce2;grammaire;accord_sujet_verbe
31824;ce2;grammaire;accord_sujet_verbe
31825;ce2;grammaire;accord_sujet_verbe
31826;ce2;grammaire;accord_sujet_verbe
31827;ce2;grammaire;accord_sujet_verbe
31828;ce2;grammaire;accord_sujet_verbe
31829;ce2;grammaire;accord_sujet_verbe
31830;ce2;grammaire;accord_sujet_verbe
31831;ce2;grammaire;homophones
31832;ce2;grammaire;accord_sujet_verbe
31833;ce2;grammaire;accord_sujet_verbe
31834;ce2;grammaire;accord_sujet_verbe
31835;ce2;grammaire;accord_sujet_verbe
31836;ce2;grammaire;accord_sujet_verbe
31837;ce2;grammaire;accord_sujet_verbe
31838;ce2;grammaire;accord_sujet_verbe
31839;ce2;grammaire;accord_sujet_verbe
31840;ce2;grammaire;accord_sujet_verbe
31841;ce2;grammaire;accord_sujet_verbe
31842;ce2;grammaire;accord_sujet_verbe
31843;ce2;grammaire;homophones
31844;ce2;grammaire;accord_sujet_verbe
31845;ce2;grammaire;accord_sujet_verbe
31846;ce2;grammaire;accord_sujet_verbe
31847;ce2;grammaire;accord_sujet_verbe
31848;ce2;grammaire;accord_sujet_verbe
31849;ce2;grammaire;accord_sujet_verbe
31850;ce2;grammaire;accord_sujet_verbe
31851;ce2;grammaire;accord_sujet_verbe
31852;ce2;grammaire;accord_sujet_verbe
31853;ce2;grammaire;accord_sujet_verbe
31854;ce2;grammaire;accord_sujet_verbe
31855;ce2;grammaire;accord_sujet_verbe
31856;ce2;grammaire;accord_sujet_verbe
31857;ce2;grammaire;accord_sujet_verbe
31858;ce2;grammaire;accord_sujet_verbe
31859;ce2;grammaire;accord_sujet_verbe
31860;ce2;grammaire;accord_sujet_verbe
31861;ce2;grammaire;accord_sujet_verbe
31862;ce2;grammaire;accord_sujet_verbe
31863;ce2;grammaire;accord_sujet_verbe
31864;ce2;grammaire;accord_sujet_verbe
31865;ce2;grammaire;accord_sujet_verbe
31866;ce2;grammaire;accord_sujet_verbe
31867;ce2;grammaire;accord_sujet_verbe
31868;ce2;grammaire;accord_sujet_verbe
31869;ce2;grammaire;accord_sujet_verbe
31870;ce2;grammaire;accord_sujet_verbe
31871;ce2;grammaire;accord_sujet_verbe
31872;ce2;grammaire;accord_sujet_verbe
31873;ce2;grammaire;accord_sujet_verbe
31874;ce2;grammaire;accord_sujet_verbe
31875;ce2;grammaire;accord_sujet_verbe
31876;ce2;grammaire;accord_sujet_verbe
31877;ce2;grammaire;accord_sujet_verbe
31878;ce2;grammaire;accord_sujet_verbe
31879;ce2;grammaire;accord_sujet_verbe
31880;ce2;grammaire;accord_sujet_verbe
31881;ce2;grammaire;accord_sujet_verbe
31882;ce2;grammaire;accord_sujet_verbe
31883;ce2;grammaire;accord_sujet_verbe
31884;ce2;grammaire;accord_sujet_verbe
31885;ce2;grammaire;accord_sujet_verbe
31886;ce2;grammaire;accord_sujet_verbe
31887;ce2;grammaire;accord_sujet_verbe
31888;ce2;grammaire;accord_sujet_verbe
31889;ce2;grammaire;accord_sujet_verbe
31890;ce2;grammaire;accord_sujet_verbe
31891;ce2;grammaire;accord_sujet_verbe
31892;ce2;grammaire;accord_sujet_verbe
31893;ce2;grammaire;accord_sujet_verbe
31894;ce2;grammaire;homophones
31895;ce2;grammaire;accord_sujet_verbe
31896;ce2;grammaire;accord_sujet_verbe
31897;ce2;grammaire;accord_sujet_verbe
31898;ce2;grammaire;accord_sujet_verbe
31899;ce2;grammaire;accord_sujet_verbe
31900;ce2;grammaire;accord_sujet_verbe
31901;ce2;grammaire;homophones
31902;ce2;grammaire;accord_sujet_verbe
31903;ce2;grammaire;accord_sujet_verbe
31904;ce2;grammaire;accord_sujet_verbe
31905;ce2;grammaire;accord_sujet_verbe
31906;ce2;grammaire;accord_sujet_verbe
31907;ce2;grammaire;accord_sujet_verbe
31908;ce2;grammaire;accord_sujet_verbe
31909;ce2;grammaire;accord_sujet_verbe
31910;ce2;grammaire;accord_sujet_verbe
31911;ce2;grammaire;accord_sujet_verbe
31912;ce2;grammaire;accord_sujet_verbe
31913;ce2;grammaire;accord_sujet_verbe
31914;ce2;grammaire;homophones
31915;ce2;grammaire;accord_sujet_verbe
31916;ce2;grammaire;accord_sujet_verbe
31917;ce2;grammaire;accord_sujet_verbe
31918;ce2;grammaire;accord_sujet_verbe
31919;ce2;grammaire;accord_sujet_verbe
31920;ce2;grammaire;accord_sujet_verbe
31921;ce2;grammaire;accord_sujet_verbe
31922;ce2;grammaire;accord_sujet_verbe
31923;ce2;grammaire;accord_sujet_verbe
31924;ce2;grammaire;accord_sujet_verbe
31925;ce2;grammaire;accord_sujet_verbe
31926;ce2;grammaire;accord_sujet_verbe
31927;ce2;grammaire;accord_sujet_verbe
31928;ce2;grammaire;accord_sujet_verbe
31929;ce2;grammaire;accord_sujet_verbe
31930;ce2;grammaire;accord_sujet_verbe
31931;ce2;grammaire;accord_sujet_verbe
31932;ce2;grammaire;accord_sujet_verbe
31933;ce2;grammaire;accord_sujet_verbe
31934;ce2;grammaire;accord_sujet_verbe
31935;ce2;grammaire;accord_sujet_verbe
31936;ce2;grammaire;accord_sujet_verbe
31937;ce2;grammaire;accord_sujet_verbe
31938;ce2;grammaire;accord_sujet_verbe
31939;ce2;grammaire;accord_sujet_verbe
31940;ce2;grammaire;accord_sujet_verbe
31941;ce2;grammaire;accord_sujet_verbe
31942;ce2;grammaire;accord_sujet_verbe
31943;ce2;grammaire;accord_sujet_verbe
31944;ce2;grammaire;accord_sujet_verbe
31945;ce2;grammaire;accord_sujet_verbe
31946;ce2;grammaire;accord_sujet_verbe
31947;ce2;grammaire;accord_sujet_verbe
31948;ce2;grammaire;accord_sujet_verbe
31949;ce2;grammaire;accord_sujet_verbe
31950;ce2;grammaire;accord_sujet_verbe
31951;ce2;grammaire;accord_sujet_verbe
31952;ce2;grammaire;accord_sujet_verbe
31953;ce2;grammaire;accord_sujet_verbe
31954;ce2;grammaire;accord_sujet_verbe
31955;ce2;grammaire;accord_sujet_verbe
31956;ce2;grammaire;accord_sujet_verbe
31957;ce2;grammaire;accord_sujet_verbe
31958;ce2;grammaire;accord_sujet_verbe
31959;ce2;grammaire;accord_sujet_verbe
15001;ce2;lecture;lecture_litterale
15002;ce2;lecture;lecture_litterale
15003;ce2;lecture;lecture_litterale
15004;ce2;lecture;lecture_litterale
15005;ce2;lecture;lecture_litterale
15006;ce2;lecture;lecture_litterale
15007;ce2;lecture;lecture_vocabulaire
15008;ce2;lecture;lecture_vocabulaire
15009;ce2;lecture;lecture_inference
15010;ce2;lecture;lecture_inference
15011;ce2;lecture;lecture_litterale
15012;ce2;lecture;lecture_litterale
15013;ce2;lecture;lecture_litterale
15014;ce2;lecture;lecture_litterale
15015;ce2;lecture;lecture_litterale
15016;ce2;lecture;lecture_litterale
15017;ce2;lecture;lecture_vocabulaire
15018;ce2;lecture;lecture_vocabulaire
15019;ce2;lecture;lecture_inference
15020;ce2;lecture;lecture_inference
25001;ce2;lecture;lecture_litterale
25002;ce2;lecture;lecture_litterale
25003;ce2;lecture;lecture_litterale
25004;ce2;lecture;lecture_litterale
25005;ce2;lecture;lecture_litterale
25006;ce2;lecture;lecture_litterale
25007;ce2;lecture;lecture_litterale
25008;ce2;lecture;lecture_litterale
25009;ce2;lecture;lecture_litterale
25010;ce2;lecture;lecture_litterale
25011;ce2;lecture;lecture_litterale
25012;ce2;lecture;lecture_litterale
25013;ce2;lecture;lecture_vocabulaire
25014;ce2;lecture;lecture_vocabulaire
25015;ce2;lecture;lecture_vocabulaire
25016;ce2;lecture;lecture_vocabulaire
25017;ce2;lecture;lecture_inference
25018;ce2;lecture;lecture_inference
25019;ce2;lecture;lecture_inference
25020;ce2;lecture;lecture_inference
25022;ce2;lecture;lecture_litterale
25023;ce2;lecture;lecture_litterale
25024;ce2;lecture;lecture_litterale
25025;ce2;lecture;lecture_litterale
25026;ce2;lecture;lecture_litterale
25027;ce2;lecture;lecture_litterale
25028;ce2;lecture;lecture_litterale
25029;ce2;lecture;lecture_litterale
25030;ce2;lecture;lecture_litterale
25031;ce2;lecture;lecture_litterale
25032;ce2;lecture;lecture_litterale
25033;ce2;lecture;lecture_litterale
25034;ce2;lecture;lecture_vocabulaire
25035;ce2;lecture;lecture_vocabulaire
25036;ce2;lecture;lecture_vocabulaire
25037;ce2;lecture;lecture_vocabulaire
25038;ce2;lecture;lecture_inference
25039;ce2;lecture;lecture_inference
25040;ce2;lecture;lecture_inference
25041;ce2;lecture;lecture_inference
25043;ce2;lecture;lecture_litterale
25044;ce2;lecture;lecture_litterale
25045;ce2;lecture;lecture_litterale
25046;ce2;lecture;lecture_litterale
25047;ce2;lecture;lecture_litterale
25048;ce2;lecture;lecture_litterale
25049;ce2;lecture;lecture_litterale
25050;ce2;lecture;lecture_litterale
25051;ce2;lecture;lecture_litterale
25052;ce2;lecture;lecture_litterale
25053;ce2;lecture;lecture_litterale
25054;ce2;lecture;lecture_litterale
25055;ce2;lecture;lecture_vocabulaire
25056;ce2;lecture;lecture_vocabulaire
25057;ce2;lecture;lecture_vocabulaire
25058;ce2;lecture;lecture_vocabulaire
25059;ce2;lecture;lecture_inference
25060;ce2;lecture;lecture_inference
25061;ce2;lecture;lecture_inference
25062;ce2;lecture;lecture_inference
25064;ce2;lecture;lecture_litterale
25065;ce2;lecture;lecture_litterale
25066;ce2;lecture;lecture_litterale
25067;ce2;lecture;lecture_litterale
25068;ce2;lecture;lecture_litterale
25069;ce2;lecture;lecture_litterale
25070;ce2;lecture;lecture_litterale
25071;ce2;lecture;lecture_litterale
25072;ce2;lecture;lecture_litterale
25073;ce2;lecture;lecture_litterale
25074;ce2;lecture;lecture_litterale
25075;ce2;lecture;lecture_litterale
25076;ce2;lecture;lecture_vocabulaire
25077;ce2;lecture;lecture_vocabulaire
25078;ce2;lecture;lecture_vocabulaire
25079;ce2;lecture;lecture_vocabulaire
25080;ce2;lecture;lecture_inference
25081;ce2;lecture;lecture_inference
25082;ce2;lecture;lecture_inference
25083;ce2;lecture;lecture_inference
25085;ce2;lecture;lecture_litterale
25086;ce2;lecture;lecture_litterale
25087;ce2;lecture;lecture_litterale
25088;ce2;lecture;lecture_litterale
25089;ce2;lecture;lecture_litterale
25090;ce2;lecture;lecture_litterale
25091;ce2;lecture;lecture_litterale
25092;ce2;lecture;lecture_litterale
25093;ce2;lecture;lecture_litterale
25094;ce2;lecture;lecture_litterale
25095;ce2;lecture;lecture_litterale
25096;ce2;lecture;lecture_litterale
25097;ce2;lecture;lecture_vocabulaire
25098;ce2;lecture;lecture_vocabulaire
25099;ce2;lecture;lecture_vocabulaire
25100;ce2;lecture;lecture_vocabulaire
25101;ce2;lecture;lecture_inference
25102;ce2;lecture;lecture_inference
25103;ce2;lecture;lecture_inference
25104;ce2;lecture;lecture_inference
25106;ce2;lecture;lecture_litterale
25107;ce2;lecture;lecture_litterale
25108;ce2;lecture;lecture_litterale
25109;ce2;lecture;lecture_litterale
25110;ce2;lecture;lecture_litterale
25111;ce2;lecture;lecture_litterale
25112;ce2;lecture;lecture_litterale
25113;ce2;lecture;lecture_litterale
25114;ce2;lecture;lecture_litterale
25115;ce2;lecture;lecture_litterale
25116;ce2;lecture;lecture_litterale
25117;ce2;lecture;lecture_litterale
25118;ce2;lecture;lecture_vocabulaire
25119;ce2;lecture;lecture_vocabulaire
25120;ce2;lecture;lecture_vocabulaire
25121;ce2;lecture;lecture_vocabulaire
25122;ce2;lecture;lecture_inference
25123;ce2;lecture;lecture_inference
25124;ce2;lecture;lecture_inference
25125;ce2;lecture;lecture_inference
25127;ce2;lecture;lecture_litterale
25128;ce2;lecture;lecture_litterale
25129;ce2;lecture;lecture_litterale
25130;ce2;lecture;lecture_litterale
25131;ce2;lecture;lecture_litterale
25132;ce2;lecture;lecture_litterale
25133;ce2;lecture;lecture_litterale
25134;ce2;lecture;lecture_litterale
25135;ce2;lecture;lecture_litterale
25136;ce2;lecture;lecture_litterale
25137;ce2;lecture;lecture_litterale
25138;ce2;lecture;lecture_litterale
25139;ce2;lecture;lecture_vocabulaire
25140;ce2;lecture;lecture_vocabulaire
25141;ce2;lecture;lecture_vocabulaire
25142;ce2;lecture;lecture_vocabulaire
25143;ce2;lecture;lecture_inference
25144;ce2;lecture;lecture_inference
25145;ce2;lecture;lecture_inference
25146;ce2;lecture;lecture_inference
25148;ce2;lecture;lecture_litterale
25149;ce2;lecture;lecture_litterale
25150;ce2;lecture;lecture_litterale
25151;ce2;lecture;lecture_litterale
25152;ce2;lecture;lecture_litterale
25153;ce2;lecture;lecture_litterale
25154;ce2;lecture;lecture_litterale
25155;ce2;lecture;lecture_litterale
25156;ce2;lecture;lecture_litterale
25157;ce2;lecture;lecture_litterale
25158;ce2;lecture;lecture_litterale
25159;ce2;lecture;lecture_litterale
25160;ce2;lecture;lecture_vocabulaire
25161;ce2;lecture;lecture_vocabulaire
25162;ce2;lecture;lecture_vocabulaire
25163;ce2;lecture;lecture_vocabulaire
25164;ce2;lecture;lecture_inference
25165;ce2;lecture;lecture_inference
25166;ce2;lecture;lecture_inference
25167;ce2;lecture;lecture_inference
25169;ce2;lecture;lecture_litterale
25170;ce2;lecture;lecture_litterale
25171;ce2;lecture;lecture_litterale
25172;ce2;lecture;lecture_litterale
25173;ce2;lecture;lecture_litterale
25174;ce2;lecture;lecture_litterale
25175;ce2;lecture;lecture_litterale
25176;ce2;lecture;lecture_litterale
25177;ce2;lecture;lecture_litterale
25178;ce2;lecture;lecture_litterale
25179;ce2;lecture;lecture_litterale
25180;ce2;lecture;lecture_litterale
25181;ce2;lecture;lecture_vocabulaire
25182;ce2;lecture;lecture_vocabulaire
25183;ce2;lecture;lecture_vocabulaire
25184;ce2;lecture;lecture_vocabulaire
25185;ce2;lecture;lecture_inference
25186;ce2;lecture;lecture_inference
25187;ce2;lecture;lecture_inference
25188;ce2;lecture;lecture_inference
25190;ce2;lecture;lecture_litterale
25191;ce2;lecture;lecture_litterale
25192;ce2;lecture;lecture_litterale
25193;ce2;lecture;lecture_litterale
25194;ce2;lecture;lecture_litterale
25195;ce2;lecture;lecture_litterale
25196;ce2;lecture;lecture_litterale
25197;ce2;lecture;lecture_litterale
25198;ce2;lecture;lecture_litterale
25199;ce2;lecture;lecture_litterale
25200;ce2;lecture;lecture_litterale
25201;ce2;lecture;lecture_litterale
25202;ce2;lecture;lecture_vocabulaire
25203;ce2;lecture;lecture_vocabulaire
25204;ce2;lecture;lecture_vocabulaire
25205;ce2;lecture;lecture_vocabulaire
25206;ce2;lecture;lecture_inference
25207;ce2;lecture;lecture_inference
25208;ce2;lecture;lecture_inference
25209;ce2;lecture;lecture_inference
25211;ce2;lecture;lecture_litterale
25212;ce2;lecture;lecture_litterale
25213;ce2;lecture;lecture_litterale
25214;ce2;lecture;lecture_litterale
25215;ce2;lecture;lecture_litterale
25216;ce2;lecture;lecture_litterale
25217;ce2;lecture;lecture_litterale
25218;ce2;lecture;lecture_litterale
25219;ce2;lecture;lecture_litterale
25220;ce2;lecture;lecture_litterale
25221;ce2;lecture;lecture_litterale
25222;ce2;lecture;lecture_litterale
25223;ce2;lecture;lecture_vocabulaire
25224;ce2;lecture;lecture_vocabulaire
25225;ce2;lecture;lecture_vocabulaire
25226;ce2;lecture;lecture_vocabulaire
25227;ce2;lecture;lecture_inference
25228;ce2;lecture;lecture_inference
25229;ce2;lecture;lecture_inference
25230;ce2;lecture;lecture_inference
25232;ce2;lecture;lecture_litterale
25233;ce2;lecture;lecture_litterale
25234;ce2;lecture;lecture_litterale
25235;ce2;lecture;lecture_litterale
25236;ce2;lecture;lecture_litterale
25237;ce2;lecture;lecture_litterale
25238;ce2;lecture;lecture_litterale
25239;ce2;lecture;lecture_litterale
25240;ce2;lecture;lecture_litterale
25241;ce2;lecture;lecture_litterale
25242;ce2;lecture;lecture_litterale
25243;ce2;lecture;lecture_litterale
25244;ce2;lecture;lecture_vocabulaire
25245;ce2;lecture;lecture_vocabulaire
25246;ce2;lecture;lecture_vocabulaire
25247;ce2;lecture;lecture_vocabulaire
25248;ce2;lecture;lecture_inference
25249;ce2;lecture;lecture_inference
25250;ce2;lecture;lecture_inference
25251;ce2;lecture;lecture_inference
25253;ce2;lecture;lecture_litterale
25254;ce2;lecture;lecture_litterale
25255;ce2;lecture;lecture_litterale
25256;ce2;lecture;lecture_litterale
25257;ce2;lecture;lecture_litterale
25258;ce2;lecture;lecture_litterale
25259;ce2;lecture;lecture_litterale
25260;ce2;lecture;lecture_litterale
25261;ce2;lecture;lecture_litterale
25262;ce2;lecture;lecture_litterale
25263;ce2;lecture;lecture_litterale
25264;ce2;lecture;lecture_litterale
25265;ce2;lecture;lecture_vocabulaire
25266;ce2;lecture;lecture_vocabulaire
25267;ce2;lecture;lecture_vocabulaire
25268;ce2;lecture;lecture_vocabulaire
25269;ce2;lecture;lecture_inference
25270;ce2;lecture;lecture_inference
25271;ce2;lecture;lecture_inference
25272;ce2;lecture;lecture_inference
25274;ce2;lecture;lecture_litterale
25275;ce2;lecture;lecture_litterale
25276;ce2;lecture;lecture_litterale
25277;ce2;lecture;lecture_litterale
25278;ce2;lecture;lecture_litterale
25279;ce2;lecture;lecture_litterale
25280;ce2;lecture;lecture_litterale
25281;ce2;lecture;lecture_litterale
25282;ce2;lecture;lecture_litterale
25283;ce2;lecture;lecture_litterale
25284;ce2;lecture;lecture_litterale
25285;ce2;lecture;lecture_litterale
25286;ce2;lecture;lecture_vocabulaire
25287;ce2;lecture;lecture_vocabulaire
25288;ce2;lecture;lecture_vocabulaire
25289;ce2;lecture;lecture_vocabulaire
25290;ce2;lecture;lecture_inference
25291;ce2;lecture;lecture_inference
25292;ce2;lecture;lecture_inference
25293;ce2;lecture;lecture_inference
25295;ce2;lecture;lecture_litterale
25296;ce2;lecture;lecture_litterale
25297;ce2;lecture;lecture_litterale
25298;ce2;lecture;lecture_litterale
25299;ce2;lecture;lecture_litterale
25300;ce2;lecture;lecture_litterale
25301;ce2;lecture;lecture_litterale
25302;ce2;lecture;lecture_litterale
25303;ce2;lecture;lecture_litterale
25304;ce2;lecture;lecture_litterale
25305;ce2;lecture;lecture_litterale
25306;ce2;lecture;lecture_litterale
25307;ce2;lecture;lecture_vocabulaire
25308;ce2;lecture;lecture_vocabulaire
25309;ce2;lecture;lecture_vocabulaire
25310;ce2;lecture;lecture_vocabulaire
25311;ce2;lecture;lecture_inference
25312;ce2;lecture;lecture_inference
25313;ce2;lecture;lecture_inference
25314;ce2;lecture;lecture_inference
25316;ce2;lecture;lecture_litterale
25317;ce2;lecture;lecture_litterale
25318;ce2;lecture;lecture_litterale
25319;ce2;lecture;lecture_litterale
25320;ce2;lecture;lecture_litterale
25321;ce2;lecture;lecture_litterale
25322;ce2;lecture;lecture_litterale
25323;ce2;lecture;lecture_litterale
25324;ce2;lecture;lecture_litterale
25325;ce2;lecture;lecture_litterale
25326;ce2;lecture;lecture_litterale
25327;ce2;lecture;lecture_litterale
25328;ce2;lecture;lecture_vocabulaire
25329;ce2;lecture;lecture_vocabulaire
25330;ce2;lecture;lecture_vocabulaire
25331;ce2;lecture;lecture_vocabulaire
25332;ce2;lecture;lecture_inference
25333;ce2;lecture;lecture_inference
25334;ce2;lecture;lecture_inference
25335;ce2;lecture;lecture_inference
25337;ce2;lecture;lecture_litterale
25338;ce2;lecture;lecture_litterale
25339;ce2;lecture;lecture_litterale
25340;ce2;lecture;lecture_litterale
25341;ce2;lecture;lecture_litterale
25342;ce2;lecture;lecture_litterale
25343;ce2;lecture;lecture_litterale
25344;ce2;lecture;lecture_litterale
25345;ce2;lecture;lecture_litterale
25346;ce2;lecture;lecture_litterale
25347;ce2;lecture;lecture_litterale
25348;ce2;lecture;lecture_litterale
25349;ce2;lecture;lecture_vocabulaire
25350;ce2;lecture;lecture_vocabulaire
25351;ce2;lecture;lecture_vocabulaire
25352;ce2;lecture;lecture_vocabulaire
25353;ce2;lecture;lecture_inference
25354;ce2;lecture;lecture_inference
25355;ce2;lecture;lecture_inference
25356;ce2;lecture;lecture_inference
25358;ce2;lecture;lecture_litterale
25359;ce2;lecture;lecture_litterale
25360;ce2;lecture;lecture_litterale
25361;ce2;lecture;lecture_litterale
25362;ce2;lecture;lecture_litterale
25363;ce2;lecture;lecture_litterale
25364;ce2;lecture;lecture_litterale
25365;ce2;lecture;lecture_litterale
25366;ce2;lecture;lecture_litterale
25367;ce2;lecture;lecture_litterale
25368;ce2;lecture;lecture_litterale
25369;ce2;lecture;lecture_litterale
25370;ce2;lecture;lecture_vocabulaire
25371;ce2;lecture;lecture_vocabulaire
25372;ce2;lecture;lecture_vocabulaire
25373;ce2;lecture;lecture_vocabulaire
25374;ce2;lecture;lecture_inference
25375;ce2;lecture;lecture_inference
25376;ce2;lecture;lecture_inference
25377;ce2;lecture;lecture_inference
25379;ce2;lecture;lecture_litterale
25380;ce2;lecture;lecture_litterale
25381;ce2;lecture;lecture_litterale
25382;ce2;lecture;lecture_litterale
25383;ce2;lecture;lecture_litterale
25384;ce2;lecture;lecture_litterale
25385;ce2;lecture;lecture_litterale
25386;ce2;lecture;lecture_litterale
25387;ce2;lecture;lecture_litterale
25388;ce2;lecture;lecture_litterale
25389;ce2;lecture;lecture_litterale
25390;ce2;lecture;lecture_litterale
25391;ce2;lecture;lecture_vocabulaire
25392;ce2;lecture;lecture_vocabulaire
25393;ce2;lecture;lecture_vocabulaire
25394;ce2;lecture;lecture_vocabulaire
25395;ce2;lecture;lecture_inference
25396;ce2;lecture;lecture_inference
25397;ce2;lecture;lecture_inference
25398;ce2;lecture;lecture_inference
25400;ce2;lecture;lecture_litterale
25401;ce2;lecture;lecture_litterale
25402;ce2;lecture;lecture_litterale
25403;ce2;lecture;lecture_litterale
25404;ce2;lecture;lecture_litterale
25405;ce2;lecture;lecture_litterale
25406;ce2;lecture;lecture_litterale
25407;ce2;lecture;lecture_litterale
25408;ce2;lecture;lecture_litterale
25409;ce2;lecture;lecture_litterale
25410;ce2;lecture;lecture_litterale
25411;ce2;lecture;lecture_litterale
25412;ce2;lecture;lecture_vocabulaire
25413;ce2;lecture;lecture_vocabulaire
25414;ce2;lecture;lecture_vocabulaire
25415;ce2;lecture;lecture_vocabulaire
25416;ce2;lecture;lecture_inference
25417;ce2;lecture;lecture_inference
25418;ce2;lecture;lecture_inference
25419;ce2;lecture;lecture_inference
25421;ce2;lecture;lecture_litterale
25422;ce2;lecture;lecture_litterale
25423;ce2;lecture;lecture_litterale
25424;ce2;lecture;lecture_litterale
25425;ce2;lecture;lecture_litterale
25426;ce2;lecture;lecture_litterale
25427;ce2;lecture;lecture_litterale
25428;ce2;lecture;lecture_litterale
25429;ce2;lecture;lecture_litterale
25430;ce2;lecture;lecture_litterale
25431;ce2;lecture;lecture_litterale
25432;ce2;lecture;lecture_litterale
25433;ce2;lecture;lecture_vocabulaire
25434;ce2;lecture;lecture_vocabulaire
25435;ce2;lecture;lecture_vocabulaire
25436;ce2;lecture;lecture_vocabulaire
25437;ce2;lecture;lecture_inference
25438;ce2;lecture;lecture_inference
25439;ce2;lecture;lecture_inference
25440;ce2;lecture;lecture_inference
25442;ce2;lecture;lecture_litterale
25443;ce2;lecture;lecture_litterale
25444;ce2;lecture;lecture_litterale
25445;ce2;lecture;lecture_litterale
25446;ce2;lecture;lecture_litterale
25447;ce2;lecture;lecture_litterale
25448;ce2;lecture;lecture_litterale
25449;ce2;lecture;lecture_litterale
25450;ce2;lecture;lecture_litterale
25451;ce2;lecture;lecture_litterale
25452;ce2;lecture;lecture_litterale
25453;ce2;lecture;lecture_litterale
25454;ce2;lecture;lecture_vocabulaire
25455;ce2;lecture;lecture_vocabulaire
25456;ce2;lecture;lecture_vocabulaire
25457;ce2;lecture;lecture_vocabulaire
25458;ce2;lecture;lecture_inference
25459;ce2;lecture;lecture_inference
25460;ce2;lecture;lecture_inference
25461;ce2;lecture;lecture_inference
25463;ce2;lecture;lecture_litterale
25464;ce2;lecture;lecture_litterale
25465;ce2;lecture;lecture_litterale
25466;ce2;lecture;lecture_litterale
25467;ce2;lecture;lecture_litterale
25468;ce2;lecture;lecture_litterale
25469;ce2;lecture;lecture_litterale
25470;ce2;lecture;lecture_litterale
25471;ce2;lecture;lecture_litterale
25472;ce2;lecture;lecture_litterale
25473;ce2;lecture;lecture_litterale
25474;ce2;lecture;lecture_litterale
25475;ce2;lecture;lecture_vocabulaire
25476;ce2;lecture;lecture_vocabulaire
25477;ce2;lecture;lecture_vocabulaire
25478;ce2;lecture;lecture_vocabulaire
25479;ce2;lecture;lecture_inference
25480;ce2;lecture;lecture_inference
25481;ce2;lecture;lecture_inference
25482;ce2;lecture;lecture_inference
25484;ce2;lecture;lecture_litterale
25485;ce2;lecture;lecture_litterale
25486;ce2;lecture;lecture_litterale
25487;ce2;lecture;lecture_litterale
25488;ce2;lecture;lecture_litterale
25489;ce2;lecture;lecture_litterale
25490;ce2;lecture;lecture_litterale
25491;ce2;lecture;lecture_litterale
25492;ce2;lecture;lecture_litterale
25493;ce2;lecture;lecture_litterale
25494;ce2;lecture;lecture_litterale
25495;ce2;lecture;lecture_litterale
25496;ce2;lecture;lecture_vocabulaire
25497;ce2;lecture;lecture_vocabulaire
25498;ce2;lecture;lecture_vocabulaire
25499;ce2;lecture;lecture_vocabulaire
25500;ce2;lecture;lecture_inference
25501;ce2;lecture;lecture_inference
25502;ce2;lecture;lecture_inference
25503;ce2;lecture;lecture_inference
25505;ce2;lecture;lecture_litterale
25506;ce2;lecture;lecture_litterale
25507;ce2;lecture;lecture_litterale
25508;ce2;lecture;lecture_litterale
25509;ce2;lecture;lecture_litterale
25510;ce2;lecture;lecture_litterale
25511;ce2;lecture;lecture_litterale
25512;ce2;lecture;lecture_litterale
25513;ce2;lecture;lecture_litterale
25514;ce2;lecture;lecture_litterale
25515;ce2;lecture;lecture_litterale
25516;ce2;lecture;lecture_litterale
25517;ce2;lecture;lecture_vocabulaire
25518;ce2;lecture;lecture_vocabulaire
25519;ce2;lecture;lecture_vocabulaire
25520;ce2;lecture;lecture_vocabulaire
25521;ce2;lecture;lecture_inference
25522;ce2;lecture;lecture_inference
25523;ce2;lecture;lecture_inference
25524;ce2;lecture;lecture_inference
25526;ce2;lecture;lecture_litterale
25527;ce2;lecture;lecture_litterale
25528;ce2;lecture;lecture_litterale
25529;ce2;lecture;lecture_litterale
25530;ce2;lecture;lecture_litterale
25531;ce2;lecture;lecture_litterale
25532;ce2;lecture;lecture_litterale
25533;ce2;lecture;lecture_litterale
25534;ce2;lecture;lecture_litterale
25535;ce2;lecture;lecture_litterale
25536;ce2;lecture;lecture_litterale
25537;ce2;lecture;lecture_litterale
25538;ce2;lecture;lecture_vocabulaire
25539;ce2;lecture;lecture_vocabulaire
25540;ce2;lecture;lecture_vocabulaire
25541;ce2;lecture;lecture_vocabulaire
25542;ce2;lecture;lecture_inference
25543;ce2;lecture;lecture_inference
25544;ce2;lecture;lecture_inference
25545;ce2;lecture;lecture_inference
25547;ce2;lecture;lecture_litterale
25548;ce2;lecture;lecture_litterale
25549;ce2;lecture;lecture_litterale
25550;ce2;lecture;lecture_litterale
25551;ce2;lecture;lecture_litterale
25552;ce2;lecture;lecture_litterale
25553;ce2;lecture;lecture_litterale
25554;ce2;lecture;lecture_litterale
25555;ce2;lecture;lecture_litterale
25556;ce2;lecture;lecture_litterale
25557;ce2;lecture;lecture_litterale
25558;ce2;lecture;lecture_litterale
25559;ce2;lecture;lecture_vocabulaire
25560;ce2;lecture;lecture_vocabulaire
25561;ce2;lecture;lecture_vocabulaire
25562;ce2;lecture;lecture_vocabulaire
25563;ce2;lecture;lecture_inference
25564;ce2;lecture;lecture_inference
25565;ce2;lecture;lecture_inference
25566;ce2;lecture;lecture_inference
25568;ce2;lecture;lecture_litterale
25569;ce2;lecture;lecture_litterale
25570;ce2;lecture;lecture_litterale
25571;ce2;lecture;lecture_litterale
25572;ce2;lecture;lecture_litterale
25573;ce2;lecture;lecture_litterale
25574;ce2;lecture;lecture_litterale
25575;ce2;lecture;lecture_litterale
25576;ce2;lecture;lecture_litterale
25577;ce2;lecture;lecture_litterale
25578;ce2;lecture;lecture_litterale
25579;ce2;lecture;lecture_litterale
25580;ce2;lecture;lecture_vocabulaire
25581;ce2;lecture;lecture_vocabulaire
25582;ce2;lecture;lecture_vocabulaire
25583;ce2;lecture;lecture_vocabulaire
25584;ce2;lecture;lecture_inference
25585;ce2;lecture;lecture_inference
25586;ce2;lecture;lecture_inference
25587;ce2;lecture;lecture_inference
25589;ce2;lecture;lecture_litterale
25590;ce2;lecture;lecture_litterale
25591;ce2;lecture;lecture_litterale
25592;ce2;lecture;lecture_litterale
25593;ce2;lecture;lecture_litterale
25594;ce2;lecture;lecture_litterale
25595;ce2;lecture;lecture_litterale
25596;ce2;lecture;lecture_litterale
25597;ce2;lecture;lecture_litterale
25598;ce2;lecture;lecture_litterale
25599;ce2;lecture;lecture_litterale
25600;ce2;lecture;lecture_litterale
25601;ce2;lecture;lecture_vocabulaire
25602;ce2;lecture;lecture_vocabulaire
25603;ce2;lecture;lecture_vocabulaire
25604;ce2;lecture;lecture_vocabulaire
25605;ce2;lecture;lecture_inference
25606;ce2;lecture;lecture_inference
25607;ce2;lecture;lecture_inference
25608;ce2;lecture;lecture_inference
25610;ce2;lecture;lecture_litterale
25611;ce2;lecture;lecture_litterale
25612;ce2;lecture;lecture_litterale
25613;ce2;lecture;lecture_litterale
25614;ce2;lecture;lecture_litterale
25615;ce2;lecture;lecture_litterale
25616;ce2;lecture;lecture_litterale
25617;ce2;lecture;lecture_litterale
25618;ce2;lecture;lecture_litterale
25619;ce2;lecture;lecture_litterale
25620;ce2;lecture;lecture_litterale
25621;ce2;lecture;lecture_litterale
25622;ce2;lecture;lecture_vocabulaire
25623;ce2;lecture;lecture_vocabulaire
25624;ce2;lecture;lecture_vocabulaire
25625;ce2;lecture;lecture_vocabulaire
25626;ce2;lecture;lecture_inference
25627;ce2;lecture;lecture_inference
25628;ce2;lecture;lecture_inference
25629;ce2;lecture;lecture_inference
25631;ce2;lecture;lecture_litterale
25632;ce2;lecture;lecture_litterale
25633;ce2;lecture;lecture_litterale
25634;ce2;lecture;lecture_litterale
25635;ce2;lecture;lecture_litterale
25636;ce2;lecture;lecture_litterale
25637;ce2;lecture;lecture_litterale
25638;ce2;lecture;lecture_litterale
25639;ce2;lecture;lecture_litterale
25640;ce2;lecture;lecture_litterale
25641;ce2;lecture;lecture_litterale
25642;ce2;lecture;lecture_litterale
25643;ce2;lecture;lecture_vocabulaire
25644;ce2;lecture;lecture_vocabulaire
25645;ce2;lecture;lecture_vocabulaire
25646;ce2;lecture;lecture_vocabulaire
25647;ce2;lecture;lecture_inference
25648;ce2;lecture;lecture_inference
25649;ce2;lecture;lecture_inference
25650;ce2;lecture;lecture_inference
25652;ce2;lecture;lecture_litterale
25653;ce2;lecture;lecture_litterale
25654;ce2;lecture;lecture_litterale
25655;ce2;lecture;lecture_litterale
25656;ce2;lecture;lecture_litterale
25657;ce2;lecture;lecture_litterale
25658;ce2;lecture;lecture_litterale
25659;ce2;lecture;lecture_litterale
25660;ce2;lecture;lecture_litterale
25661;ce2;lecture;lecture_litterale
25662;ce2;lecture;lecture_litterale
25663;ce2;lecture;lecture_litterale
25664;ce2;lecture;lecture_vocabulaire
25665;ce2;lecture;lecture_vocabulaire
25666;ce2;lecture;lecture_vocabulaire
25667;ce2;lecture;lecture_vocabulaire
25668;ce2;lecture;lecture_inference
25669;ce2;lecture;lecture_inference
25670;ce2;lecture;lecture_inference
25671;ce2;lecture;lecture_inference
25673;ce2;lecture;lecture_litterale
25674;ce2;lecture;lecture_litterale
25675;ce2;lecture;lecture_litterale
25676;ce2;lecture;lecture_litterale
25677;ce2;lecture;lecture_litterale
25678;ce2;lecture;lecture_litterale
25679;ce2;lecture;lecture_litterale
25680;ce2;lecture;lecture_litterale
25681;ce2;lecture;lecture_litterale
25682;ce2;lecture;lecture_litterale
25683;ce2;lecture;lecture_litterale
25684;ce2;lecture;lecture_litterale
25685;ce2;lecture;lecture_vocabulaire
25686;ce2;lecture;lecture_vocabulaire
25687;ce2;lecture;lecture_vocabulaire
25688;ce2;lecture;lecture_vocabulaire
25689;ce2;lecture;lecture_inference
25690;ce2;lecture;lecture_inference
25691;ce2;lecture;lecture_inference
25692;ce2;lecture;lecture_inference
25694;ce2;lecture;lecture_litterale
25695;ce2;lecture;lecture_litterale
25696;ce2;lecture;lecture_litterale
25697;ce2;lecture;lecture_litterale
25698;ce2;lecture;lecture_litterale
25699;ce2;lecture;lecture_litterale
25700;ce2;lecture;lecture_litterale
25701;ce2;lecture;lecture_litterale
25702;ce2;lecture;lecture_litterale
25703;ce2;lecture;lecture_litterale
25704;ce2;lecture;lecture_litterale
25705;ce2;lecture;lecture_litterale
25706;ce2;lecture;lecture_vocabulaire
25707;ce2;lecture;lecture_vocabulaire
25708;ce2;lecture;lecture_vocabulaire
25709;ce2;lecture;lecture_vocabulaire
25710;ce2;lecture;lecture_inference
25711;ce2;lecture;lecture_inference
25712;ce2;lecture;lecture_inference
25713;ce2;lecture;lecture_inference
25715;ce2;lecture;lecture_litterale
25716;ce2;lecture;lecture_litterale
25717;ce2;lecture;lecture_litterale
25718;ce2;lecture;lecture_litterale
25719;ce2;lecture;lecture_litterale
25720;ce2;lecture;lecture_litterale
25721;ce2;lecture;lecture_litterale
25722;ce2;lecture;lecture_litterale
25723;ce2;lecture;lecture_litterale
25724;ce2;lecture;lecture_litterale
25725;ce2;lecture;lecture_litterale
25726;ce2;lecture;lecture_litterale
25727;ce2;lecture;lecture_vocabulaire
25728;ce2;lecture;lecture_vocabulaire
25729;ce2;lecture;lecture_vocabulaire
25730;ce2;lecture;lecture_vocabulaire
25731;ce2;lecture;lecture_inference
25732;ce2;lecture;lecture_inference
25733;ce2;lecture;lecture_inference
25734;ce2;lecture;lecture_inference
25736;ce2;lecture;lecture_litterale
25737;ce2;lecture;lecture_litterale
25738;ce2;lecture;lecture_litterale
25739;ce2;lecture;lecture_litterale
25740;ce2;lecture;lecture_litterale
25741;ce2;lecture;lecture_litterale
25742;ce2;lecture;lecture_litterale
25743;ce2;lecture;lecture_litterale
25744;ce2;lecture;lecture_litterale
25745;ce2;lecture;lecture_litterale
25746;ce2;lecture;lecture_litterale
25747;ce2;lecture;lecture_litterale
25748;ce2;lecture;lecture_vocabulaire
25749;ce2;lecture;lecture_vocabulaire
25750;ce2;lecture;lecture_vocabulaire
25751;ce2;lecture;lecture_vocabulaire
25752;ce2;lecture;lecture_inference
25753;ce2;lecture;lecture_inference
25754;ce2;lecture;lecture_inference
25755;ce2;lecture;lecture_inference
25757;ce2;lecture;lecture_litterale
25758;ce2;lecture;lecture_litterale
25759;ce2;lecture;lecture_litterale
25760;ce2;lecture;lecture_litterale
25761;ce2;lecture;lecture_litterale
25762;ce2;lecture;lecture_litterale
25763;ce2;lecture;lecture_litterale
25764;ce2;lecture;lecture_litterale
25765;ce2;lecture;lecture_litterale
25766;ce2;lecture;lecture_litterale
25767;ce2;lecture;lecture_litterale
25768;ce2;lecture;lecture_litterale
25769;ce2;lecture;lecture_vocabulaire
25770;ce2;lecture;lecture_vocabulaire
25771;ce2;lecture;lecture_vocabulaire
25772;ce2;lecture;lecture_vocabulaire
25773;ce2;lecture;lecture_inference
25774;ce2;lecture;lecture_inference
25775;ce2;lecture;lecture_inference
25776;ce2;lecture;lecture_inference
25778;ce2;lecture;lecture_litterale
25779;ce2;lecture;lecture_litterale
25780;ce2;lecture;lecture_litterale
25781;ce2;lecture;lecture_litterale
25782;ce2;lecture;lecture_litterale
25783;ce2;lecture;lecture_litterale
25784;ce2;lecture;lecture_litterale
25785;ce2;lecture;lecture_litterale
25786;ce2;lecture;lecture_litterale
25787;ce2;lecture;lecture_litterale
25788;ce2;lecture;lecture_litterale
25789;ce2;lecture;lecture_litterale
25790;ce2;lecture;lecture_vocabulaire
25791;ce2;lecture;lecture_vocabulaire
25792;ce2;lecture;lecture_vocabulaire
25793;ce2;lecture;lecture_vocabulaire
25794;ce2;lecture;lecture_inference
25795;ce2;lecture;lecture_inference
25796;ce2;lecture;lecture_inference
25797;ce2;lecture;lecture_inference
25799;ce2;lecture;lecture_litterale
25800;ce2;lecture;lecture_litterale
25801;ce2;lecture;lecture_litterale
25802;ce2;lecture;lecture_litterale
25803;ce2;lecture;lecture_litterale
25804;ce2;lecture;lecture_litterale
25805;ce2;lecture;lecture_litterale
25806;ce2;lecture;lecture_litterale
25807;ce2;lecture;lecture_litterale
25808;ce2;lecture;lecture_litterale
25809;ce2;lecture;lecture_litterale
25810;ce2;lecture;lecture_litterale
25811;ce2;lecture;lecture_vocabulaire
25812;ce2;lecture;lecture_vocabulaire
25813;ce2;lecture;lecture_vocabulaire
25814;ce2;lecture;lecture_vocabulaire
25815;ce2;lecture;lecture_inference
25816;ce2;lecture;lecture_inference
25817;ce2;lecture;lecture_inference
25818;ce2;lecture;lecture_inference
25820;ce2;lecture;lecture_litterale
25821;ce2;lecture;lecture_litterale
25822;ce2;lecture;lecture_litterale
25823;ce2;lecture;lecture_litterale
25824;ce2;lecture;lecture_litterale
25825;ce2;lecture;lecture_litterale
25826;ce2;lecture;lecture_litterale
25827;ce2;lecture;lecture_litterale
25828;ce2;lecture;lecture_litterale
25829;ce2;lecture;lecture_litterale
25830;ce2;lecture;lecture_litterale
25831;ce2;lecture;lecture_litterale
25832;ce2;lecture;lecture_vocabulaire
25833;ce2;lecture;lecture_vocabulaire
25834;ce2;lecture;lecture_vocabulaire
25835;ce2;lecture;lecture_vocabulaire
25836;ce2;lecture;lecture_inference
25837;ce2;lecture;lecture_inference
25838;ce2;lecture;lecture_inference
25839;ce2;lecture;lecture_inference
25841;ce2;lecture;lecture_litterale
25842;ce2;lecture;lecture_litterale
25843;ce2;lecture;lecture_litterale
25844;ce2;lecture;lecture_litterale
25845;ce2;lecture;lecture_litterale
25846;ce2;lecture;lecture_litterale
25847;ce2;lecture;lecture_litterale
25848;ce2;lecture;lecture_litterale
25849;ce2;lecture;lecture_litterale
25850;ce2;lecture;lecture_litterale
25851;ce2;lecture;lecture_litterale
25852;ce2;lecture;lecture_litterale
25853;ce2;lecture;lecture_vocabulaire
25854;ce2;lecture;lecture_vocabulaire
25855;ce2;lecture;lecture_vocabulaire
25856;ce2;lecture;lecture_vocabulaire
25857;ce2;lecture;lecture_inference
25858;ce2;lecture;lecture_inference
25859;ce2;lecture;lecture_inference
25860;ce2;lecture;lecture_inference
25862;ce2;lecture;lecture_litterale
25863;ce2;lecture;lecture_litterale
25864;ce2;lecture;lecture_litterale
25865;ce2;lecture;lecture_litterale
25866;ce2;lecture;lecture_litterale
25867;ce2;lecture;lecture_litterale
25868;ce2;lecture;lecture_litterale
25869;ce2;lecture;lecture_litterale
25870;ce2;lecture;lecture_litterale
25871;ce2;lecture;lecture_litterale
25872;ce2;lecture;lecture_litterale
25873;ce2;lecture;lecture_litterale
25874;ce2;lecture;lecture_vocabulaire
25875;ce2;lecture;lecture_vocabulaire
25876;ce2;lecture;lecture_vocabulaire
25877;ce2;lecture;lecture_vocabulaire
25878;ce2;lecture;lecture_inference
25879;ce2;lecture;lecture_inference
25880;ce2;lecture;lecture_inference
25881;ce2;lecture;lecture_inference
25883;ce2;lecture;lecture_litterale
25884;ce2;lecture;lecture_litterale
25885;ce2;lecture;lecture_litterale
25886;ce2;lecture;lecture_litterale
25887;ce2;lecture;lecture_litterale
25888;ce2;lecture;lecture_litterale
25889;ce2;lecture;lecture_litterale
25890;ce2;lecture;lecture_litterale
25891;ce2;lecture;lecture_litterale
25892;ce2;lecture;lecture_litterale
25893;ce2;lecture;lecture_litterale
25894;ce2;lecture;lecture_litterale
25895;ce2;lecture;lecture_vocabulaire
25896;ce2;lecture;lecture_vocabulaire
25897;ce2;lecture;lecture_vocabulaire
25898;ce2;lecture;lecture_vocabulaire
25899;ce2;lecture;lecture_inference
25900;ce2;lecture;lecture_inference
25901;ce2;lecture;lecture_inference
25902;ce2;lecture;lecture_inference
25904;ce2;lecture;lecture_litterale
25905;ce2;lecture;lecture_litterale
25906;ce2;lecture;lecture_litterale
25907;ce2;lecture;lecture_litterale
25908;ce2;lecture;lecture_litterale
25909;ce2;lecture;lecture_litterale
25910;ce2;lecture;lecture_litterale
25911;ce2;lecture;lecture_litterale
25912;ce2;lecture;lecture_litterale
25913;ce2;lecture;lecture_litterale
25914;ce2;lecture;lecture_litterale
25915;ce2;lecture;lecture_litterale
25916;ce2;lecture;lecture_vocabulaire
25917;ce2;lecture;lecture_vocabulaire
25918;ce2;lecture;lecture_vocabulaire
25919;ce2;lecture;lecture_vocabulaire
25920;ce2;lecture;lecture_inference
25921;ce2;lecture;lecture_inference
25922;ce2;lecture;lecture_inference
25923;ce2;lecture;lecture_inference
25925;ce2;lecture;lecture_litterale
25926;ce2;lecture;lecture_litterale
25927;ce2;lecture;lecture_litterale
25928;ce2;lecture;lecture_litterale
25929;ce2;lecture;lecture_litterale
25930;ce2;lecture;lecture_litterale
25931;ce2;lecture;lecture_litterale
25932;ce2;lecture;lecture_litterale
25933;ce2;lecture;lecture_litterale
25934;ce2;lecture;lecture_litterale
25935;ce2;lecture;lecture_litterale
25936;ce2;lecture;lecture_litterale
25937;ce2;lecture;lecture_vocabulaire
25938;ce2;lecture;lecture_vocabulaire
25939;ce2;lecture;lecture_vocabulaire
25940;ce2;lecture;lecture_vocabulaire
25941;ce2;lecture;lecture_inference
25942;ce2;lecture;lecture_inference
25943;ce2;lecture;lecture_inference
25944;ce2;lecture;lecture_inference
25946;ce2;lecture;lecture_litterale
25947;ce2;lecture;lecture_litterale
25948;ce2;lecture;lecture_litterale
25949;ce2;lecture;lecture_litterale
25950;ce2;lecture;lecture_litterale
25951;ce2;lecture;lecture_litterale
25952;ce2;lecture;lecture_litterale
25953;ce2;lecture;lecture_litterale
25954;ce2;lecture;lecture_litterale
25955;ce2;lecture;lecture_litterale
25956;ce2;lecture;lecture_litterale
25957;ce2;lecture;lecture_litterale
25958;ce2;lecture;lecture_vocabulaire
25959;ce2;lecture;lecture_vocabulaire
25960;ce2;lecture;lecture_vocabulaire
25961;ce2;lecture;lecture_vocabulaire
25962;ce2;lecture;lecture_inference
25963;ce2;lecture;lecture_inference
25964;ce2;lecture;lecture_inference
25965;ce2;lecture;lecture_inference
25967;ce2;lecture;lecture_litterale
25968;ce2;lecture;lecture_litterale
25969;ce2;lecture;lecture_litterale
25970;ce2;lecture;lecture_litterale
25971;ce2;lecture;lecture_litterale
25972;ce2;lecture;lecture_litterale
25973;ce2;lecture;lecture_litterale
25974;ce2;lecture;lecture_litterale
25975;ce2;lecture;lecture_litterale
25976;ce2;lecture;lecture_litterale
25977;ce2;lecture;lecture_litterale
25978;ce2;lecture;lecture_litterale
25979;ce2;lecture;lecture_vocabulaire
25980;ce2;lecture;lecture_vocabulaire
25981;ce2;lecture;lecture_vocabulaire
25982;ce2;lecture;lecture_vocabulaire
25983;ce2;lecture;lecture_inference
25984;ce2;lecture;lecture_inference
25985;ce2;lecture;lecture_inference
25986;ce2;lecture;lecture_inference
42000;ce2;logique;suites_logiques
42001;ce2;logique;suites_logiques
42002;ce2;logique;analogies
42003;ce2;logique;analogies
42004;ce2;logique;raisonnement
42005;ce2;logique;intrus
42006;ce2;logique;suites_logiques
42007;ce2;logique;reperage_espace
42008;ce2;logique;suites_logiques
42009;ce2;logique;classer
42010;ce2;logique;suites_logiques
42011;ce2;logique;suites_logiques
42012;ce2;logique;suites_logiques
42013;ce2;logique;suites_logiques
42014;ce2;logique;suites_logiques
42015;ce2;logique;suites_logiques
42016;ce2;logique;suites_logiques
42017;ce2;logique;suites_logiques
42018;ce2;logique;suites_logiques
42019;ce2;logique;suites_logiques
42020;ce2;logique;suites_logiques
42021;ce2;logique;suites_logiques
42022;ce2;logique;suites_logiques
42023;ce2;logique;suites_logiques
42024;ce2;logique;suites_logiques
42025;ce2;logique;suites_logiques
42026;ce2;logique;suites_logiques
42027;ce2;logique;suites_logiques
42028;ce2;logique;suites_logiques
42029;ce2;logique;suites_logiques
42030;ce2;logique;suites_logiques
42031;ce2;logique;suites_logiques
42032;ce2;logique;suites_logiques
42033;ce2;logique;suites_logiques
42034;ce2;logique;suites_logiques
42035;ce2;logique;suites_logiques
42036;ce2;logique;suites_logiques
42037;ce2;logique;suites_logiques
42038;ce2;logique;suites_logiques
42039;ce2;logique;suites_logiques
42040;ce2;logique;suites_logiques
42041;ce2;logique;suites_logiques
42042;ce2;logique;suites_logiques
42043;ce2;logique;suites_logiques
42044;ce2;logique;suites_logiques
42045;ce2;logique;suites_logiques
42046;ce2;logique;suites_logiques
42047;ce2;logique;suites_logiques
42048;ce2;logique;suites_logiques
42049;ce2;logique;suites_logiques
42050;ce2;logique;suites_logiques
42051;ce2;logique;suites_logiques
42052;ce2;logique;suites_logiques
42053;ce2;logique;suites_logiques
42054;ce2;logique;suites_logiques
42055;ce2;logique;suites_logiques
42056;ce2;logique;suites_logiques
42057;ce2;logique;suites_logiques
42058;ce2;logique;suites_logiques
42059;ce2;logique;suites_logiques
42060;ce2;logique;suites_logiques
42061;ce2;logique;suites_logiques
42062;ce2;logique;suites_logiques
42063;ce2;logique;suites_logiques
42064;ce2;logique;suites_logiques
42065;ce2;logique;suites_logiques
42066;ce2;logique;suites_logiques
42067;ce2;logique;suites_logiques
42068;ce2;logique;suites_logiques
42069;ce2;logique;suites_logiques
42070;ce2;logique;suites_logiques
42071;ce2;logique;suites_logiques
42072;ce2;logique;suites_logiques
42073;ce2;logique;suites_logiques
42074;ce2;logique;suites_logiques
42075;ce2;logique;suites_logiques
42076;ce2;logique;suites_logiques
42077;ce2;logique;suites_logiques
42078;ce2;logique;suites_logiques
42079;ce2;logique;suites_logiques
42080;ce2;logique;suites_logiques
42081;ce2;logique;suites_logiques
42082;ce2;logique;suites_logiques
42083;ce2;logique;suites_logiques
42084;ce2;logique;suites_logiques
42085;ce2;logique;suites_logiques
42086;ce2;logique;suites_logiques
42087;ce2;logique;suites_logiques
42088;ce2;logique;suites_logiques
42089;ce2;logique;suites_logiques
42090;ce2;logique;suites_logiques
42091;ce2;logique;suites_logiques
42092;ce2;logique;suites_logiques
42093;ce2;logique;suites_logiques
42094;ce2;logique;suites_logiques
42095;ce2;logique;suites_logiques
42096;ce2;logique;suites_logiques
42097;ce2;logique;suites_logiques
42098;ce2;logique;suites_logiques
42099;ce2;logique;suites_logiques
42100;ce2;logique;analogies
42101;ce2;logique;analogies
42102;ce2;logique;analogies
42103;ce2;logique;analogies
42104;ce2;logique;analogies
42105;ce2;logique;analogies
42106;ce2;logique;analogies
42107;ce2;logique;analogies
42108;ce2;logique;analogies
42109;ce2;logique;analogies
42110;ce2;logique;analogies
42111;ce2;logique;analogies
42112;ce2;logique;analogies
42113;ce2;logique;analogies
42114;ce2;logique;analogies
42115;ce2;logique;analogies
42116;ce2;logique;analogies
42117;ce2;logique;analogies
42118;ce2;logique;analogies
42119;ce2;logique;analogies
42120;ce2;logique;analogies
42121;ce2;logique;analogies
42122;ce2;logique;analogies
42123;ce2;logique;analogies
42124;ce2;logique;analogies
42125;ce2;logique;analogies
42126;ce2;logique;analogies
42127;ce2;logique;analogies
42128;ce2;logique;analogies
42129;ce2;logique;analogies
42130;ce2;logique;analogies
42131;ce2;logique;analogies
42132;ce2;logique;analogies
42133;ce2;logique;analogies
42134;ce2;logique;analogies
42135;ce2;logique;analogies
42136;ce2;logique;analogies
42137;ce2;logique;analogies
42138;ce2;logique;analogies
42139;ce2;logique;analogies
42140;ce2;logique;analogies
42141;ce2;logique;analogies
42142;ce2;logique;analogies
42143;ce2;logique;analogies
42144;ce2;logique;analogies
42145;ce2;logique;analogies
42146;ce2;logique;analogies
42147;ce2;logique;analogies
42148;ce2;logique;analogies
42149;ce2;logique;analogies
42150;ce2;logique;analogies
42151;ce2;logique;analogies
42152;ce2;logique;analogies
42153;ce2;logique;analogies
42154;ce2;logique;analogies
42155;ce2;logique;analogies
42156;ce2;logique;analogies
42157;ce2;logique;analogies
42158;ce2;logique;analogies
42159;ce2;logique;analogies
42160;ce2;logique;analogies
42161;ce2;logique;analogies
42162;ce2;logique;analogies
42163;ce2;logique;analogies
42164;ce2;logique;raisonnement
42165;ce2;logique;raisonnement
42166;ce2;logique;raisonnement
42167;ce2;logique;raisonnement
42168;ce2;logique;raisonnement
42169;ce2;logique;analogies
42170;ce2;logique;analogies
42171;ce2;logique;analogies
42172;ce2;logique;raisonnement
42173;ce2;logique;raisonnement
42174;ce2;logique;raisonnement
42175;ce2;logique;raisonnement
42176;ce2;logique;analogies
42177;ce2;logique;analogies
42178;ce2;logique;analogies
42179;ce2;logique;analogies
42180;ce2;logique;raisonnement
42181;ce2;logique;analogies
42182;ce2;logique;analogies
42183;ce2;logique;raisonnement
42184;ce2;logique;raisonnement
42185;ce2;logique;raisonnement
42186;ce2;logique;raisonnement
42187;ce2;logique;raisonnement
42188;ce2;logique;analogies
42189;ce2;logique;raisonnement
42190;ce2;logique;analogies
42191;ce2;logique;analogies
42192;ce2;logique;analogies
42193;ce2;logique;analogies
42194;ce2;logique;raisonnement
42195;ce2;logique;raisonnement
42196;ce2;logique;raisonnement
42197;ce2;logique;raisonnement
42198;ce2;logique;raisonnement
42199;ce2;logique;analogies
42200;ce2;logique;analogies
42201;ce2;logique;analogies
42202;ce2;logique;raisonnement
42203;ce2;logique;raisonnement
42204;ce2;logique;raisonnement
42205;ce2;logique;raisonnement
42206;ce2;logique;analogies
42207;ce2;logique;analogies
42208;ce2;logique;analogies
42209;ce2;logique;analogies
42210;ce2;logique;raisonnement
42211;ce2;logique;analogies
42212;ce2;logique;analogies
42213;ce2;logique;raisonnement
42214;ce2;logique;raisonnement
42215;ce2;logique;raisonnement
42216;ce2;logique;raisonnement
42217;ce2;logique;raisonnement
42218;ce2;logique;analogies
42219;ce2;logique;raisonnement
42220;ce2;logique;intrus
42221;ce2;logique;intrus
42222;ce2;logique;intrus
42223;ce2;logique;intrus
42224;ce2;logique;intrus
42225;ce2;logique;intrus
42226;ce2;logique;intrus
42227;ce2;logique;intrus
42228;ce2;logique;intrus
42229;ce2;logique;intrus
42230;ce2;logique;intrus
42231;ce2;logique;intrus
42232;ce2;logique;intrus
42233;ce2;logique;intrus
42234;ce2;logique;intrus
42235;ce2;logique;intrus
42236;ce2;logique;intrus
42237;ce2;logique;intrus
42238;ce2;logique;intrus
42239;ce2;logique;intrus
42240;ce2;logique;intrus
42241;ce2;logique;intrus
42242;ce2;logique;intrus
42243;ce2;logique;intrus
42244;ce2;logique;intrus
42245;ce2;logique;intrus
42246;ce2;logique;intrus
42247;ce2;logique;intrus
42248;ce2;logique;intrus
42249;ce2;logique;intrus
42250;ce2;logique;intrus
42251;ce2;logique;intrus
42252;ce2;logique;intrus
42253;ce2;logique;intrus
42254;ce2;logique;intrus
42255;ce2;logique;intrus
42256;ce2;logique;intrus
42257;ce2;logique;intrus
42258;ce2;logique;intrus
42259;ce2;logique;intrus
42260;ce2;logique;suites_logiques
42261;ce2;logique;suites_logiques
42262;ce2;logique;suites_logiques
42263;ce2;logique;suites_logiques
42264;ce2;logique;suites_logiques
42265;ce2;logique;suites_logiques
42266;ce2;logique;suites_logiques
42267;ce2;logique;suites_logiques
42268;ce2;logique;suites_logiques
42269;ce2;logique;suites_logiques
42270;ce2;logique;suites_logiques
42271;ce2;logique;suites_logiques
42272;ce2;logique;suites_logiques
42273;ce2;logique;suites_logiques
42274;ce2;logique;suites_logiques
42275;ce2;logique;suites_logiques
42276;ce2;logique;suites_logiques
42277;ce2;logique;suites_logiques
42278;ce2;logique;suites_logiques
42279;ce2;logique;suites_logiques
42280;ce2;logique;suites_logiques
42281;ce2;logique;suites_logiques
42282;ce2;logique;suites_logiques
42283;ce2;logique;suites_logiques
42284;ce2;logique;suites_logiques
42285;ce2;logique;suites_logiques
42286;ce2;logique;suites_logiques
42287;ce2;logique;suites_logiques
42288;ce2;logique;suites_logiques
42289;ce2;logique;suites_logiques
42290;ce2;logique;reperage_espace
42291;ce2;logique;reperage_espace
42292;ce2;logique;reperage_espace
42293;ce2;logique;reperage_espace
42294;ce2;logique;reperage_espace
42295;ce2;logique;reperage_espace
42296;ce2;logique;reperage_espace
42297;ce2;logique;reperage_espace
42298;ce2;logique;reperage_espace
42299;ce2;logique;reperage_espace
42300;ce2;logique;reperage_espace
42301;ce2;logique;reperage_espace
42302;ce2;logique;reperage_espace
42303;ce2;logique;reperage_espace
42304;ce2;logique;reperage_espace
42305;ce2;logique;reperage_espace
42306;ce2;logique;reperage_espace
42307;ce2;logique;reperage_espace
42308;ce2;logique;reperage_espace
42309;ce2;logique;reperage_espace
42310;ce2;logique;reperage_espace
42311;ce2;logique;reperage_espace
42312;ce2;logique;reperage_espace
42313;ce2;logique;reperage_espace
42314;ce2;logique;reperage_espace
42315;ce2;logique;reperage_espace
42316;ce2;logique;reperage_espace
42317;ce2;logique;reperage_espace
42318;ce2;logique;reperage_espace
42319;ce2;logique;reperage_espace
42320;ce2;logique;reperage_espace
42321;ce2;logique;reperage_espace
42322;ce2;logique;reperage_espace
42323;ce2;logique;reperage_espace
42324;ce2;logique;reperage_espace
42325;ce2;logique;reperage_espace
42326;ce2;logique;classer
42327;ce2;logique;classer
42328;ce2;logique;classer
42329;ce2;logique;classer
42330;ce2;logique;classer
42331;ce2;logique;classer
42332;ce2;logique;classer
42333;ce2;logique;classer
42334;ce2;logique;classer
42335;ce2;logique;classer
42336;ce2;logique;classer
42337;ce2;logique;classer
42338;ce2;logique;classer
42339;ce2;logique;classer
42340;ce2;logique;classer
42341;ce2;logique;classer
42342;ce2;logique;classer
42343;ce2;logique;classer
42344;ce2;logique;classer
42345;ce2;logique;classer
42346;ce2;logique;classer
42347;ce2;logique;classer
42348;ce2;logique;classer
42349;ce2;logique;classer
42350;ce2;logique;classer
42351;ce2;logique;classer
42352;ce2;logique;classer
42353;ce2;logique;classer
42354;ce2;logique;classer
42355;ce2;logique;classer
42356;ce2;logique;classer
42357;ce2;logique;classer
42358;ce2;logique;classer
42359;ce2;logique;classer
42360;ce2;logique;classer
42361;ce2;logique;classer
42362;ce2;logique;classer
42363;ce2;logique;classer
42364;ce2;logique;classer
42365;ce2;logique;classer
42366;ce2;logique;classer
42367;ce2;logique;classer
42368;ce2;logique;classer
42369;ce2;logique;classer
42370;ce2;logique;classer
42371;ce2;logique;classer
42372;ce2;logique;classer
42373;ce2;logique;classer
42374;ce2;logique;classer
42375;ce2;logique;classer
42376;ce2;logique;classer
42377;ce2;logique;classer
42378;ce2;logique;classer
42379;ce2;logique;classer
42380;ce2;logique;classer
42381;ce2;logique;classer
42382;ce2;logique;classer
42383;ce2;logique;classer
42384;ce2;logique;classer
42385;ce2;logique;classer
42386;ce2;logique;raisonnement
42387;ce2;logique;raisonnement
42388;ce2;logique;raisonnement
42389;ce2;logique;raisonnement
42390;ce2;logique;raisonnement
42391;ce2;logique;raisonnement
42392;ce2;logique;raisonnement
42393;ce2;logique;raisonnement
42394;ce2;logique;raisonnement
42395;ce2;logique;raisonnement
42396;ce2;logique;raisonnement
42397;ce2;logique;raisonnement
42398;ce2;logique;raisonnement
42399;ce2;logique;raisonnement
42400;ce2;logique;raisonnement
42401;ce2;logique;raisonnement
42402;ce2;logique;raisonnement
42403;ce2;logique;raisonnement
42404;ce2;logique;raisonnement
42405;ce2;logique;raisonnement
42406;ce2;logique;raisonnement
42407;ce2;logique;raisonnement
42408;ce2;logique;raisonnement
42409;ce2;logique;raisonnement
42410;ce2;logique;raisonnement
42411;ce2;logique;raisonnement
42412;ce2;logique;raisonnement
42413;ce2;logique;raisonnement
42414;ce2;logique;raisonnement
42415;ce2;logique;raisonnement
42416;ce2;logique;raisonnement
42417;ce2;logique;raisonnement
42418;ce2;logique;raisonnement
42419;ce2;logique;raisonnement
42420;ce2;logique;raisonnement
42421;ce2;logique;raisonnement
42422;ce2;logique;raisonnement
42423;ce2;logique;raisonnement
42424;ce2;logique;raisonnement
42425;ce2;logique;raisonnement
42426;ce2;logique;raisonnement
42427;ce2;logique;raisonnement
42428;ce2;logique;raisonnement
42429;ce2;logique;raisonnement
42430;ce2;logique;raisonnement
42431;ce2;logique;raisonnement
42432;ce2;logique;raisonnement
42433;ce2;logique;raisonnement
42434;ce2;logique;raisonnement
42435;ce2;logique;raisonnement
42436;ce2;logique;analogies
42437;ce2;logique;analogies
42438;ce2;logique;analogies
42439;ce2;logique;analogies
42440;ce2;logique;analogies
42441;ce2;logique;analogies
42442;ce2;logique;analogies
42443;ce2;logique;analogies
42444;ce2;logique;analogies
42445;ce2;logique;analogies
42446;ce2;logique;analogies
42447;ce2;logique;analogies
42448;ce2;logique;analogies
42449;ce2;logique;analogies
42450;ce2;logique;analogies
42451;ce2;logique;analogies
42452;ce2;logique;analogies
42453;ce2;logique;analogies
42454;ce2;logique;analogies
42455;ce2;logique;analogies
42456;ce2;logique;analogies
42457;ce2;logique;analogies
42458;ce2;logique;analogies
42459;ce2;logique;analogies
42460;ce2;logique;analogies
42461;ce2;logique;analogies
42462;ce2;logique;analogies
42463;ce2;logique;analogies
42464;ce2;logique;analogies
42465;ce2;logique;analogies
42466;ce2;logique;comparer_nombres
42467;ce2;logique;comparer_nombres
42468;ce2;logique;comparer_nombres
42469;ce2;logique;comparer_nombres
42470;ce2;logique;comparer_nombres
42471;ce2;logique;comparer_nombres
42472;ce2;logique;comparer_nombres
42473;ce2;logique;comparer_nombres
42474;ce2;logique;comparer_nombres
42475;ce2;logique;comparer_nombres
42476;ce2;logique;comparer_nombres
42477;ce2;logique;comparer_nombres
42478;ce2;logique;comparer_nombres
42479;ce2;logique;comparer_nombres
42480;ce2;logique;comparer_nombres
42481;ce2;logique;comparer_nombres
42482;ce2;logique;comparer_nombres
42483;ce2;logique;comparer_nombres
42484;ce2;logique;comparer_nombres
42485;ce2;logique;comparer_nombres
42486;ce2;logique;comparer_nombres
42487;ce2;logique;comparer_nombres
42488;ce2;logique;comparer_nombres
42489;ce2;logique;comparer_nombres
42490;ce2;logique;comparer_nombres
42491;ce2;logique;comparer_nombres
42492;ce2;logique;comparer_nombres
42493;ce2;logique;comparer_nombres
42494;ce2;logique;comparer_nombres
42495;ce2;logique;comparer_nombres
42496;ce2;logique;comparer_nombres
42497;ce2;logique;comparer_nombres
42498;ce2;logique;comparer_nombres
42499;ce2;logique;comparer_nombres
1401;ce2;math;multiplication
1402;ce2;math;multiplication
1403;ce2;math;multiplication
1404;ce2;math;multiplication
1405;ce2;math;multiplication
1406;ce2;math;multiplication
1407;ce2;math;multiplication
1408;ce2;math;multiplication
1409;ce2;math;multiplication
1410;ce2;math;multiplication
1411;ce2;math;multiplication
1412;ce2;math;multiplication
1413;ce2;math;multiplication
1414;ce2;math;multiplication
1415;ce2;math;multiplication
1416;ce2;math;multiplication
1417;ce2;math;multiplication
1418;ce2;math;multiplication
1419;ce2;math;multiplication
1420;ce2;math;multiplication
1421;ce2;math;multiplication
1422;ce2;math;multiplication
1423;ce2;math;multiplication
1424;ce2;math;multiplication
1425;ce2;math;multiplication
1426;ce2;math;multiplication
1427;ce2;math;multiplication
1428;ce2;math;multiplication
1429;ce2;math;multiplication
1430;ce2;math;multiplication
1431;ce2;math;multiplication
1432;ce2;math;multiplication
1433;ce2;math;multiplication
1434;ce2;math;multiplication
1435;ce2;math;multiplication
1436;ce2;math;multiplication
1437;ce2;math;multiplication
1438;ce2;math;multiplication
1439;ce2;math;multiplication
1440;ce2;math;multiplication
1441;ce2;math;multiplication
1442;ce2;math;multiplication
1443;ce2;math;multiplication
1444;ce2;math;multiplication
1445;ce2;math;multiplication
1446;ce2;math;division
1447;ce2;math;division
1448;ce2;math;division
1449;ce2;math;division
1450;ce2;math;division
1451;ce2;math;division
1452;ce2;math;division
1453;ce2;math;division
1454;ce2;math;division
1455;ce2;math;division
1456;ce2;math;division
1457;ce2;math;division
1458;ce2;math;division
1459;ce2;math;division
1460;ce2;math;division
1461;ce2;math;division
1462;ce2;math;division
1463;ce2;math;division
1464;ce2;math;division
1465;ce2;math;division
1466;ce2;math;division
1467;ce2;math;division
1468;ce2;math;division
1469;ce2;math;division
1470;ce2;math;division
1471;ce2;math;division
1472;ce2;math;division
1473;ce2;math;division
1474;ce2;math;division
1475;ce2;math;division
1476;ce2;math;division
1477;ce2;math;division
1478;ce2;math;division
1479;ce2;math;division
1480;ce2;math;division
1481;ce2;math;division
1482;ce2;math;division
1483;ce2;math;division
1484;ce2;math;division
1485;ce2;math;division
1486;ce2;math;addition
1487;ce2;math;addition
1488;ce2;math;addition
1489;ce2;math;addition
1490;ce2;math;addition
1491;ce2;math;addition
1492;ce2;math;addition
1493;ce2;math;addition
1494;ce2;math;addition
1495;ce2;math;addition
1496;ce2;math;addition
1497;ce2;math;addition
1498;ce2;math;addition
1499;ce2;math;addition
1500;ce2;math;addition
1501;ce2;math;addition
1502;ce2;math;addition
1503;ce2;math;addition
1504;ce2;math;addition
1505;ce2;math;addition
1506;ce2;math;soustraction
1507;ce2;math;soustraction
1508;ce2;math;soustraction
1509;ce2;math;soustraction
1510;ce2;math;soustraction
1511;ce2;math;soustraction
1512;ce2;math;soustraction
1513;ce2;math;soustraction
1514;ce2;math;soustraction
1515;ce2;math;soustraction
1516;ce2;math;soustraction
1517;ce2;math;soustraction
1518;ce2;math;soustraction
1519;ce2;math;soustraction
1520;ce2;math;soustraction
1521;ce2;math;soustraction
1522;ce2;math;soustraction
1523;ce2;math;soustraction
1524;ce2;math;soustraction
1525;ce2;math;soustraction
1526;ce2;math;doubles_moities
1527;ce2;math;doubles_moities
1528;ce2;math;doubles_moities
1529;ce2;math;doubles_moities
1530;ce2;math;doubles_moities
1531;ce2;math;doubles_moities
1532;ce2;math;doubles_moities
1533;ce2;math;doubles_moities
1534;ce2;math;doubles_moities
1535;ce2;math;doubles_moities
1536;ce2;math;doubles_moities
1537;ce2;math;doubles_moities
1538;ce2;math;doubles_moities
1539;ce2;math;doubles_moities
1540;ce2;math;doubles_moities
1541;ce2;math;doubles_moities
1542;ce2;math;doubles_moities
1543;ce2;math;doubles_moities
1544;ce2;math;doubles_moities
1545;ce2;math;doubles_moities
1546;ce2;math;perimetre
1547;ce2;math;perimetre
1548;ce2;math;perimetre
1549;ce2;math;perimetre
1550;ce2;math;perimetre
1551;ce2;math;perimetre
1552;ce2;math;perimetre
1553;ce2;math;perimetre
1554;ce2;math;perimetre
1555;ce2;math;perimetre
1556;ce2;math;perimetre
1557;ce2;math;perimetre
1558;ce2;math;perimetre
1559;ce2;math;perimetre
1560;ce2;math;perimetre
1561;ce2;math;problemes
1562;ce2;math;problemes
1563;ce2;math;problemes
1564;ce2;math;problemes
1565;ce2;math;problemes
1566;ce2;math;problemes
1567;ce2;math;problemes
1568;ce2;math;problemes
1569;ce2;math;problemes
1570;ce2;math;problemes
1571;ce2;math;problemes
1572;ce2;math;problemes
1573;ce2;math;problemes
1574;ce2;math;problemes
1575;ce2;math;problemes
1576;ce2;math;problemes
1577;ce2;math;problemes
1578;ce2;math;problemes
1579;ce2;math;problemes
1580;ce2;math;problemes
1581;ce2;math;problemes
1582;ce2;math;problemes
1583;ce2;math;problemes
1584;ce2;math;problemes
1585;ce2;math;problemes
1586;ce2;math;problemes
1587;ce2;math;problemes
1588;ce2;math;problemes
1589;ce2;math;problemes
1590;ce2;math;problemes
1591;ce2;math;comparer_nombres
1592;ce2;math;comparer_nombres
1593;ce2;math;comparer_nombres
1594;ce2;math;comparer_nombres
1595;ce2;math;comparer_nombres
1596;ce2;math;comparer_nombres
1597;ce2;math;comparer_nombres
1598;ce2;math;comparer_nombres
1599;ce2;math;comparer_nombres
1600;ce2;math;comparer_nombres
4000;ce2;math;addition
4001;ce2;math;addition
4002;ce2;math;addition
4003;ce2;math;addition
4004;ce2;math;addition
4005;ce2;math;addition
4006;ce2;math;addition
4007;ce2;math;addition
4008;ce2;math;addition
4009;ce2;math;addition
4010;ce2;math;addition
4011;ce2;math;addition
4012;ce2;math;addition
4013;ce2;math;addition
4014;ce2;math;addition
4015;ce2;math;addition
4016;ce2;math;addition
4017;ce2;math;addition
4018;ce2;math;addition
4019;ce2;math;addition
4020;ce2;math;addition
4021;ce2;math;addition
4022;ce2;math;addition
4023;ce2;math;addition
4024;ce2;math;addition
4025;ce2;math;addition
4026;ce2;math;addition
4027;ce2;math;addition
4028;ce2;math;addition
4029;ce2;math;addition
4030;ce2;math;addition
4031;ce2;math;addition
4032;ce2;math;addition
4033;ce2;math;addition
4034;ce2;math;addition
4035;ce2;math;addition
4036;ce2;math;addition
4037;ce2;math;addition
4038;ce2;math;addition
4039;ce2;math;addition
4040;ce2;math;addition
4041;ce2;math;addition
4042;ce2;math;addition
4043;ce2;math;addition
4044;ce2;math;addition
4045;ce2;math;addition
4046;ce2;math;addition
4047;ce2;math;addition
4048;ce2;math;addition
4049;ce2;math;addition
4050;ce2;math;addition
4051;ce2;math;addition
4052;ce2;math;addition
4053;ce2;math;addition
4054;ce2;math;addition
4055;ce2;math;addition
4056;ce2;math;addition
4057;ce2;math;addition
4058;ce2;math;addition
4059;ce2;math;addition
4060;ce2;math;addition
4061;ce2;math;addition
4062;ce2;math;addition
4063;ce2;math;addition
4064;ce2;math;addition
4065;ce2;math;addition
4066;ce2;math;addition
4067;ce2;math;addition
4068;ce2;math;addition
4069;ce2;math;addition
4070;ce2;math;addition
4071;ce2;math;addition
4072;ce2;math;addition
4073;ce2;math;addition
4074;ce2;math;addition
4075;ce2;math;addition
4076;ce2;math;addition
4077;ce2;math;addition
4078;ce2;math;addition
4079;ce2;math;addition
4080;ce2;math;addition
4081;ce2;math;addition
4082;ce2;math;addition
4083;ce2;math;addition
4084;ce2;math;addition
4085;ce2;math;addition
4086;ce2;math;addition
4087;ce2;math;addition
4088;ce2;math;addition
4089;ce2;math;addition
4090;ce2;math;addition
4091;ce2;math;addition
4092;ce2;math;addition
4093;ce2;math;addition
4094;ce2;math;addition
4095;ce2;math;addition
4096;ce2;math;addition
4097;ce2;math;addition
4098;ce2;math;addition
4099;ce2;math;addition
4100;ce2;math;soustraction
4101;ce2;math;soustraction
4102;ce2;math;soustraction
4103;ce2;math;soustraction
4104;ce2;math;soustraction
4105;ce2;math;soustraction
4106;ce2;math;soustraction
4107;ce2;math;soustraction
4108;ce2;math;soustraction
4109;ce2;math;soustraction
4110;ce2;math;soustraction
4111;ce2;math;soustraction
4112;ce2;math;soustraction
4113;ce2;math;soustraction
4114;ce2;math;soustraction
4115;ce2;math;soustraction
4116;ce2;math;soustraction
4117;ce2;math;soustraction
4118;ce2;math;soustraction
4119;ce2;math;soustraction
4120;ce2;math;soustraction
4121;ce2;math;soustraction
4122;ce2;math;soustraction
4123;ce2;math;soustraction
4124;ce2;math;soustraction
4125;ce2;math;soustraction
4126;ce2;math;soustraction
4127;ce2;math;soustraction
4128;ce2;math;soustraction
4129;ce2;math;soustraction
4130;ce2;math;soustraction
4131;ce2;math;soustraction
4132;ce2;math;soustraction
4133;ce2;math;soustraction
4134;ce2;math;soustraction
4135;ce2;math;soustraction
4136;ce2;math;soustraction
4137;ce2;math;soustraction
4138;ce2;math;soustraction
4139;ce2;math;soustraction
4140;ce2;math;soustraction
4141;ce2;math;soustraction
4142;ce2;math;soustraction
4143;ce2;math;soustraction
4144;ce2;math;soustraction
4145;ce2;math;soustraction
4146;ce2;math;soustraction
4147;ce2;math;soustraction
4148;ce2;math;soustraction
4149;ce2;math;soustraction
4150;ce2;math;soustraction
4151;ce2;math;soustraction
4152;ce2;math;soustraction
4153;ce2;math;soustraction
4154;ce2;math;soustraction
4155;ce2;math;soustraction
4156;ce2;math;soustraction
4157;ce2;math;soustraction
4158;ce2;math;soustraction
4159;ce2;math;soustraction
4160;ce2;math;soustraction
4161;ce2;math;soustraction
4162;ce2;math;soustraction
4163;ce2;math;soustraction
4164;ce2;math;soustraction
4165;ce2;math;soustraction
4166;ce2;math;soustraction
4167;ce2;math;soustraction
4168;ce2;math;soustraction
4169;ce2;math;soustraction
4170;ce2;math;soustraction
4171;ce2;math;soustraction
4172;ce2;math;soustraction
4173;ce2;math;soustraction
4174;ce2;math;soustraction
4175;ce2;math;soustraction
4176;ce2;math;soustraction
4177;ce2;math;soustraction
4178;ce2;math;soustraction
4179;ce2;math;soustraction
4180;ce2;math;soustraction
4181;ce2;math;soustraction
4182;ce2;math;soustraction
4183;ce2;math;soustraction
4184;ce2;math;soustraction
4185;ce2;math;soustraction
4186;ce2;math;soustraction
4187;ce2;math;soustraction
4188;ce2;math;soustraction
4189;ce2;math;soustraction
4190;ce2;math;soustraction
4191;ce2;math;soustraction
4192;ce2;math;soustraction
4193;ce2;math;soustraction
4194;ce2;math;soustraction
4195;ce2;math;soustraction
4196;ce2;math;soustraction
4197;ce2;math;soustraction
4198;ce2;math;soustraction
4199;ce2;math;soustraction
4200;ce2;math;multiplication
4201;ce2;math;problemes
4202;ce2;math;multiplication
4203;ce2;math;multiplication
4204;ce2;math;problemes
4205;ce2;math;multiplication
4206;ce2;math;multiplication
4207;ce2;math;multiplication
4208;ce2;math;multiplication
4209;ce2;math;problemes
4210;ce2;math;multiplication
4211;ce2;math;multiplication
4212;ce2;math;problemes
4213;ce2;math;problemes
4214;ce2;math;multiplication
4215;ce2;math;problemes
4216;ce2;math;problemes
4217;ce2;math;multiplication
4218;ce2;math;multiplication
4219;ce2;math;multiplication
4220;ce2;math;problemes
4221;ce2;math;multiplication
4222;ce2;math;problemes
4223;ce2;math;problemes
4224;ce2;math;multiplication
4225;ce2;math;problemes
4226;ce2;math;problemes
4227;ce2;math;multiplication
4228;ce2;math;multiplication
4229;ce2;math;problemes
4230;ce2;math;multiplication
4231;ce2;math;multiplication
4232;ce2;math;problemes
4233;ce2;math;multiplication
4234;ce2;math;multiplication
4235;ce2;math;multiplication
4236;ce2;math;multiplication
4237;ce2;math;problemes
4238;ce2;math;multiplication
4239;ce2;math;problemes
4240;ce2;math;problemes
4241;ce2;math;multiplication
4242;ce2;math;multiplication
4243;ce2;math;problemes
4244;ce2;math;problemes
4245;ce2;math;problemes
4246;ce2;math;multiplication
4247;ce2;math;problemes
4248;ce2;math;problemes
4249;ce2;math;problemes
4250;ce2;math;problemes
4251;ce2;math;multiplication
4252;ce2;math;multiplication
4253;ce2;math;problemes
4254;ce2;math;multiplication
4255;ce2;math;problemes
4256;ce2;math;multiplication
4257;ce2;math;multiplication
4258;ce2;math;multiplication
4259;ce2;math;multiplication
4260;ce2;math;problemes
4261;ce2;math;problemes
4262;ce2;math;problemes
4263;ce2;math;problemes
4264;ce2;math;problemes
4265;ce2;math;problemes
4266;ce2;math;multiplication
4267;ce2;math;multiplication
4268;ce2;math;problemes
4269;ce2;math;problemes
4270;ce2;math;multiplication
4271;ce2;math;multiplication
4272;ce2;math;multiplication
4273;ce2;math;problemes
4274;ce2;math;problemes
4275;ce2;math;multiplication
4276;ce2;math;problemes
4277;ce2;math;problemes
4278;ce2;math;problemes
4279;ce2;math;multiplication
4280;ce2;math;problemes
4281;ce2;math;multiplication
4282;ce2;math;multiplication
4283;ce2;math;problemes
4284;ce2;math;problemes
4285;ce2;math;problemes
4286;ce2;math;multiplication
4287;ce2;math;multiplication
4288;ce2;math;multiplication
4289;ce2;math;multiplication
4290;ce2;math;multiplication
4291;ce2;math;multiplication
4292;ce2;math;problemes
4293;ce2;math;multiplication
4294;ce2;math;multiplication
4295;ce2;math;multiplication
4296;ce2;math;multiplication
4297;ce2;math;multiplication
4298;ce2;math;problemes
4299;ce2;math;multiplication
4300;ce2;math;division
4301;ce2;math;division
4302;ce2;math;division
4303;ce2;math;division
4304;ce2;math;division
4305;ce2;math;division
4306;ce2;math;division
4307;ce2;math;division
4308;ce2;math;division
4309;ce2;math;division
4310;ce2;math;division
4311;ce2;math;division
4312;ce2;math;division
4313;ce2;math;division
4314;ce2;math;division
4315;ce2;math;division
4316;ce2;math;division
4317;ce2;math;division
4318;ce2;math;division
4319;ce2;math;division
4320;ce2;math;division
4321;ce2;math;division
4322;ce2;math;division
4323;ce2;math;division
4324;ce2;math;division
4325;ce2;math;division
4326;ce2;math;division
4327;ce2;math;division
4328;ce2;math;division
4329;ce2;math;division
4330;ce2;math;division
4331;ce2;math;division
4332;ce2;math;division
4333;ce2;math;division
4334;ce2;math;division
4335;ce2;math;division
4336;ce2;math;division
4337;ce2;math;division
4338;ce2;math;division
4339;ce2;math;division
4340;ce2;math;division
4341;ce2;math;division
4342;ce2;math;division
4343;ce2;math;division
4344;ce2;math;division
4345;ce2;math;division
4346;ce2;math;division
4347;ce2;math;division
4348;ce2;math;division
4349;ce2;math;division
4350;ce2;math;division
4351;ce2;math;division
4352;ce2;math;division
4353;ce2;math;division
4354;ce2;math;division
4355;ce2;math;division
4356;ce2;math;division
4357;ce2;math;division
4358;ce2;math;division
4359;ce2;math;division
4360;ce2;math;division
4361;ce2;math;division
4362;ce2;math;division
4363;ce2;math;division
4364;ce2;math;division
4365;ce2;math;division
4366;ce2;math;division
4367;ce2;math;division
4368;ce2;math;division
4369;ce2;math;division
4370;ce2;math;division
4371;ce2;math;division
4372;ce2;math;division
4373;ce2;math;division
4374;ce2;math;division
4375;ce2;math;division
4376;ce2;math;division
4377;ce2;math;division
4378;ce2;math;division
4379;ce2;math;division
4380;ce2;math;doubles_moities
4381;ce2;math;doubles_moities
4382;ce2;math;doubles_moities
4383;ce2;math;doubles_moities
4384;ce2;math;doubles_moities
4385;ce2;math;doubles_moities
4386;ce2;math;doubles_moities
4387;ce2;math;doubles_moities
4388;ce2;math;doubles_moities
4389;ce2;math;doubles_moities
4390;ce2;math;doubles_moities
4391;ce2;math;doubles_moities
4392;ce2;math;doubles_moities
4393;ce2;math;doubles_moities
4394;ce2;math;doubles_moities
4395;ce2;math;doubles_moities
4396;ce2;math;doubles_moities
4397;ce2;math;doubles_moities
4398;ce2;math;doubles_moities
4399;ce2;math;doubles_moities
4400;ce2;math;doubles_moities
4401;ce2;math;doubles_moities
4402;ce2;math;doubles_moities
4403;ce2;math;doubles_moities
4404;ce2;math;doubles_moities
4405;ce2;math;doubles_moities
4406;ce2;math;doubles_moities
4407;ce2;math;doubles_moities
4408;ce2;math;doubles_moities
4409;ce2;math;doubles_moities
4410;ce2;math;doubles_moities
4411;ce2;math;doubles_moities
4412;ce2;math;doubles_moities
4413;ce2;math;doubles_moities
4414;ce2;math;doubles_moities
4415;ce2;math;doubles_moities
4416;ce2;math;doubles_moities
4417;ce2;math;doubles_moities
4418;ce2;math;doubles_moities
4419;ce2;math;doubles_moities
4420;ce2;math;doubles_moities
4421;ce2;math;doubles_moities
4422;ce2;math;doubles_moities
4423;ce2;math;doubles_moities
4424;ce2;math;doubles_moities
4425;ce2;math;doubles_moities
4426;ce2;math;doubles_moities
4427;ce2;math;doubles_moities
4428;ce2;math;doubles_moities
4429;ce2;math;doubles_moities
4430;ce2;math;doubles_moities
4431;ce2;math;doubles_moities
4432;ce2;math;doubles_moities
4433;ce2;math;doubles_moities
4434;ce2;math;doubles_moities
4435;ce2;math;doubles_moities
4436;ce2;math;doubles_moities
4437;ce2;math;doubles_moities
4438;ce2;math;doubles_moities
4439;ce2;math;doubles_moities
4440;ce2;math;comparer_nombres
4441;ce2;math;comparer_nombres
4442;ce2;math;comparer_nombres
4443;ce2;math;comparer_nombres
4444;ce2;math;comparer_nombres
4445;ce2;math;comparer_nombres
4446;ce2;math;comparer_nombres
4447;ce2;math;comparer_nombres
4448;ce2;math;comparer_nombres
4449;ce2;math;comparer_nombres
4450;ce2;math;comparer_nombres
4451;ce2;math;comparer_nombres
4452;ce2;math;comparer_nombres
4453;ce2;math;comparer_nombres
4454;ce2;math;comparer_nombres
4455;ce2;math;comparer_nombres
4456;ce2;math;comparer_nombres
4457;ce2;math;comparer_nombres
4458;ce2;math;comparer_nombres
4459;ce2;math;comparer_nombres
4460;ce2;math;comparer_nombres
4461;ce2;math;comparer_nombres
4462;ce2;math;comparer_nombres
4463;ce2;math;comparer_nombres
4464;ce2;math;comparer_nombres
4465;ce2;math;comparer_nombres
4466;ce2;math;comparer_nombres
4467;ce2;math;comparer_nombres
4468;ce2;math;comparer_nombres
4469;ce2;math;comparer_nombres
4470;ce2;math;comparer_nombres
4471;ce2;math;comparer_nombres
4472;ce2;math;comparer_nombres
4473;ce2;math;comparer_nombres
4474;ce2;math;comparer_nombres
4475;ce2;math;comparer_nombres
4476;ce2;math;comparer_nombres
4477;ce2;math;comparer_nombres
4478;ce2;math;comparer_nombres
4479;ce2;math;comparer_nombres
4480;ce2;math;comparer_nombres
4481;ce2;math;comparer_nombres
4482;ce2;math;comparer_nombres
4483;ce2;math;comparer_nombres
4484;ce2;math;comparer_nombres
4485;ce2;math;comparer_nombres
4486;ce2;math;comparer_nombres
4487;ce2;math;comparer_nombres
4488;ce2;math;comparer_nombres
4489;ce2;math;comparer_nombres
4490;ce2;math;comparer_nombres
4491;ce2;math;comparer_nombres
4492;ce2;math;comparer_nombres
4493;ce2;math;comparer_nombres
4494;ce2;math;comparer_nombres
4495;ce2;math;comparer_nombres
4496;ce2;math;comparer_nombres
4497;ce2;math;comparer_nombres
4498;ce2;math;comparer_nombres
4499;ce2;math;comparer_nombres
4500;ce2;math;problemes
4501;ce2;math;problemes
4502;ce2;math;problemes
4503;ce2;math;problemes
4504;ce2;math;problemes
4505;ce2;math;problemes
4506;ce2;math;problemes
4507;ce2;math;problemes
4508;ce2;math;problemes
4509;ce2;math;problemes
4510;ce2;math;problemes
4511;ce2;math;problemes
4512;ce2;math;problemes
4513;ce2;math;problemes
4514;ce2;math;problemes
4515;ce2;math;problemes
4516;ce2;math;problemes
4517;ce2;math;problemes
4518;ce2;math;problemes
4519;ce2;math;problemes
4520;ce2;math;problemes
4521;ce2;math;problemes
4522;ce2;math;problemes
4523;ce2;math;problemes
4524;ce2;math;problemes
4525;ce2;math;problemes
4526;ce2;math;problemes
4527;ce2;math;problemes
4528;ce2;math;problemes
4529;ce2;math;problemes
4530;ce2;math;problemes
4531;ce2;math;problemes
4532;ce2;math;problemes
4533;ce2;math;problemes
4534;ce2;math;problemes
4535;ce2;math;problemes
4536;ce2;math;problemes
4537;ce2;math;problemes
4538;ce2;math;problemes
4539;ce2;math;problemes
4540;ce2;math;problemes
4541;ce2;math;problemes
4542;ce2;math;problemes
4543;ce2;math;problemes
4544;ce2;math;problemes
4545;ce2;math;problemes
4546;ce2;math;problemes
4547;ce2;math;problemes
4548;ce2;math;problemes
4549;ce2;math;problemes
4550;ce2;math;problemes
4551;ce2;math;problemes
4552;ce2;math;problemes
4553;ce2;math;problemes
4554;ce2;math;problemes
4555;ce2;math;problemes
4556;ce2;math;problemes
4557;ce2;math;problemes
4558;ce2;math;problemes
4559;ce2;math;problemes
4560;ce2;math;problemes
4561;ce2;math;problemes
4562;ce2;math;problemes
4563;ce2;math;problemes
4564;ce2;math;problemes
4565;ce2;math;problemes
4566;ce2;math;problemes
4567;ce2;math;problemes
4568;ce2;math;problemes
4569;ce2;math;problemes
4570;ce2;math;problemes
4571;ce2;math;problemes
4572;ce2;math;problemes
4573;ce2;math;problemes
4574;ce2;math;problemes
4575;ce2;math;problemes
4576;ce2;math;problemes
4577;ce2;math;problemes
4578;ce2;math;problemes
4579;ce2;math;problemes
4580;ce2;math;problemes
4581;ce2;math;problemes
4582;ce2;math;problemes
4583;ce2;math;problemes
4584;ce2;math;problemes
4585;ce2;math;problemes
4586;ce2;math;problemes
4587;ce2;math;problemes
4588;ce2;math;problemes
4589;ce2;math;problemes
4590;ce2;math;problemes
4591;ce2;math;problemes
4592;ce2;math;problemes
4593;ce2;math;problemes
4594;ce2;math;problemes
4595;ce2;math;problemes
4596;ce2;math;problemes
4597;ce2;math;problemes
4598;ce2;math;problemes
4599;ce2;math;problemes
4600;ce2;math;problemes
4601;ce2;math;problemes
4602;ce2;math;problemes
4603;ce2;math;problemes
4604;ce2;math;problemes
4605;ce2;math;problemes
4606;ce2;math;problemes
4607;ce2;math;problemes
4608;ce2;math;problemes
4609;ce2;math;problemes
4610;ce2;math;complements
4611;ce2;math;complements
4612;ce2;math;complements
4613;ce2;math;complements
4614;ce2;math;complements
4615;ce2;math;complements
4616;ce2;math;complements
4617;ce2;math;complements
4618;ce2;math;complements
4619;ce2;math;complements
4620;ce2;math;complements
4621;ce2;math;complements
4622;ce2;math;complements
4623;ce2;math;complements
4624;ce2;math;complements
4625;ce2;math;complements
4626;ce2;math;complements
4627;ce2;math;complements
4628;ce2;math;complements
4629;ce2;math;complements
4630;ce2;math;complements
4631;ce2;math;complements
4632;ce2;math;complements
4633;ce2;math;complements
4634;ce2;math;complements
4635;ce2;math;complements
4636;ce2;math;complements
4637;ce2;math;complements
4638;ce2;math;complements
4639;ce2;math;complements
4640;ce2;math;complements
4641;ce2;math;complements
4642;ce2;math;complements
4643;ce2;math;complements
4644;ce2;math;complements
4645;ce2;math;complements
4646;ce2;math;complements
4647;ce2;math;complements
4648;ce2;math;complements
4649;ce2;math;complements
4650;ce2;math;complements
4651;ce2;math;complements
4652;ce2;math;complements
4653;ce2;math;complements
4654;ce2;math;complements
4655;ce2;math;complements
4656;ce2;math;complements
4657;ce2;math;complements
4658;ce2;math;complements
4659;ce2;math;complements
4660;ce2;math;complements
4661;ce2;math;complements
4662;ce2;math;complements
4663;ce2;math;complements
4664;ce2;math;complements
4665;ce2;math;complements
4666;ce2;math;complements
4667;ce2;math;complements
4668;ce2;math;complements
4669;ce2;math;complements
4670;ce2;math;complements
4671;ce2;math;complements
4672;ce2;math;complements
4673;ce2;math;complements
4674;ce2;math;complements
4675;ce2;math;complements
4676;ce2;math;complements
4677;ce2;math;complements
4678;ce2;math;complements
4679;ce2;math;complements
4680;ce2;math;suites_nombres
4681;ce2;math;suites_nombres
4682;ce2;math;suites_nombres
4683;ce2;math;suites_nombres
4684;ce2;math;suites_nombres
4685;ce2;math;suites_nombres
4686;ce2;math;suites_nombres
4687;ce2;math;suites_nombres
4688;ce2;math;suites_nombres
4689;ce2;math;suites_nombres
4690;ce2;math;suites_nombres
4691;ce2;math;suites_nombres
4692;ce2;math;suites_nombres
4693;ce2;math;suites_nombres
4694;ce2;math;suites_nombres
4695;ce2;math;suites_nombres
4696;ce2;math;suites_nombres
4697;ce2;math;suites_nombres
4698;ce2;math;suites_nombres
4699;ce2;math;suites_nombres
4700;ce2;math;suites_nombres
4701;ce2;math;suites_nombres
4702;ce2;math;suites_nombres
4703;ce2;math;suites_nombres
4704;ce2;math;suites_nombres
4705;ce2;math;suites_nombres
4706;ce2;math;suites_nombres
4707;ce2;math;suites_nombres
4708;ce2;math;suites_nombres
4709;ce2;math;suites_nombres
4710;ce2;math;suites_nombres
4711;ce2;math;suites_nombres
4712;ce2;math;suites_nombres
4713;ce2;math;suites_nombres
4714;ce2;math;suites_nombres
4715;ce2;math;suites_nombres
4716;ce2;math;suites_nombres
4717;ce2;math;suites_nombres
4718;ce2;math;suites_nombres
4719;ce2;math;suites_nombres
4720;ce2;math;perimetre
4721;ce2;math;perimetre
4722;ce2;math;perimetre
4723;ce2;math;perimetre
4724;ce2;math;perimetre
4725;ce2;math;perimetre
4726;ce2;math;perimetre
4727;ce2;math;perimetre
4728;ce2;math;perimetre
4729;ce2;math;perimetre
4730;ce2;math;perimetre
4731;ce2;math;perimetre
4732;ce2;math;perimetre
4733;ce2;math;perimetre
4734;ce2;math;perimetre
4735;ce2;math;perimetre
4736;ce2;math;perimetre
4737;ce2;math;perimetre
4738;ce2;math;perimetre
4739;ce2;math;perimetre
4740;ce2;math;perimetre
4741;ce2;math;perimetre
4742;ce2;math;perimetre
4743;ce2;math;perimetre
4744;ce2;math;perimetre
4745;ce2;math;perimetre
4746;ce2;math;perimetre
4747;ce2;math;perimetre
4748;ce2;math;perimetre
4749;ce2;math;perimetre
4750;ce2;math;perimetre
4751;ce2;math;perimetre
4752;ce2;math;perimetre
4753;ce2;math;perimetre
4754;ce2;math;perimetre
4755;ce2;math;perimetre
4756;ce2;math;perimetre
4757;ce2;math;perimetre
4758;ce2;math;perimetre
4759;ce2;math;perimetre
4760;ce2;math;pair_impair
4761;ce2;math;pair_impair
4762;ce2;math;pair_impair
4763;ce2;math;pair_impair
4764;ce2;math;pair_impair
4765;ce2;math;pair_impair
4766;ce2;math;pair_impair
4767;ce2;math;pair_impair
4768;ce2;math;pair_impair
4769;ce2;math;pair_impair
4770;ce2;math;pair_impair
4771;ce2;math;pair_impair
4772;ce2;math;pair_impair
4773;ce2;math;pair_impair
4774;ce2;math;pair_impair
4775;ce2;math;pair_impair
4776;ce2;math;pair_impair
4777;ce2;math;pair_impair
4778;ce2;math;pair_impair
4779;ce2;math;pair_impair
4780;ce2;math;pair_impair
4781;ce2;math;pair_impair
4782;ce2;math;pair_impair
4783;ce2;math;pair_impair
4784;ce2;math;pair_impair
4785;ce2;math;pair_impair
4786;ce2;math;pair_impair
4787;ce2;math;pair_impair
4788;ce2;math;pair_impair
4789;ce2;math;pair_impair
4790;ce2;math;pair_impair
4791;ce2;math;pair_impair
4792;ce2;math;pair_impair
4793;ce2;math;pair_impair
4794;ce2;math;pair_impair
4795;ce2;math;pair_impair
4796;ce2;math;pair_impair
4797;ce2;math;pair_impair
4798;ce2;math;pair_impair
4799;ce2;math;pair_impair
10090;ce2;orthographe;homophones
10091;ce2;orthographe;homophones
10092;ce2;orthographe;homophones
10093;ce2;orthographe;homophones
10094;ce2;orthographe;homophones
10095;ce2;orthographe;homophones
10096;ce2;orthographe;homophones
10097;ce2;orthographe;homophones
10098;ce2;orthographe;homophones
10099;ce2;orthographe;homophones
10100;ce2;orthographe;homophones
10101;ce2;orthographe;homophones
10102;ce2;orthographe;homophones
10103;ce2;orthographe;homophones
10104;ce2;orthographe;homophones
10105;ce2;orthographe;homophones
10106;ce2;orthographe;homophones
10107;ce2;orthographe;homophones
10108;ce2;orthographe;vocabulaire_sens
10109;ce2;orthographe;vocabulaire_sens
10110;ce2;orthographe;vocabulaire_sens
10111;ce2;orthographe;vocabulaire_sens
10112;ce2;orthographe;vocabulaire_sens
10113;ce2;orthographe;vocabulaire_sens
10114;ce2;orthographe;vocabulaire_sens
10115;ce2;orthographe;vocabulaire_sens
10116;ce2;orthographe;vocabulaire_sens
10117;ce2;orthographe;vocabulaire_sens
10118;ce2;orthographe;vocabulaire_sens
10119;ce2;orthographe;vocabulaire_sens
10120;ce2;orthographe;vocabulaire_sens
10121;ce2;orthographe;vocabulaire_sens
10122;ce2;orthographe;vocabulaire_sens
10123;ce2;orthographe;vocabulaire_sens
10124;ce2;orthographe;accord_adjectif
10125;ce2;orthographe;accord_adjectif
10126;ce2;orthographe;accord_adjectif
10127;ce2;orthographe;accord_adjectif
10128;ce2;orthographe;accord_adjectif
10129;ce2;orthographe;accord_adjectif
10130;ce2;orthographe;accord_adjectif
10131;ce2;orthographe;accord_adjectif
10132;ce2;orthographe;singulier_pluriel
10133;ce2;orthographe;singulier_pluriel
10134;ce2;orthographe;singulier_pluriel
10135;ce2;orthographe;singulier_pluriel
10136;ce2;orthographe;singulier_pluriel
10137;ce2;orthographe;singulier_pluriel
10138;ce2;orthographe;singulier_pluriel
10139;ce2;orthographe;singulier_pluriel
33000;ce2;orthographe;homophones
33001;ce2;orthographe;homophones
33002;ce2;orthographe;homophones
33003;ce2;orthographe;homophones
33004;ce2;orthographe;homophones
33005;ce2;orthographe;homophones
33006;ce2;orthographe;homophones
33007;ce2;orthographe;homophones
33008;ce2;orthographe;homophones
33009;ce2;orthographe;homophones
33010;ce2;orthographe;homophones
33011;ce2;orthographe;homophones
33012;ce2;orthographe;homophones
33013;ce2;orthographe;homophones
33014;ce2;orthographe;homophones
33015;ce2;orthographe;homophones
33016;ce2;orthographe;homophones
33017;ce2;orthographe;homophones
33018;ce2;orthographe;homophones
33019;ce2;orthographe;homophones
33020;ce2;orthographe;homophones
33021;ce2;orthographe;homophones
33022;ce2;orthographe;homophones
33023;ce2;orthographe;homophones
33024;ce2;orthographe;homophones
33025;ce2;orthographe;homophones
33026;ce2;orthographe;homophones
33027;ce2;orthographe;homophones
33028;ce2;orthographe;homophones
33029;ce2;orthographe;homophones
33030;ce2;orthographe;homophones
33031;ce2;orthographe;homophones
33032;ce2;orthographe;homophones
33033;ce2;orthographe;homophones
33034;ce2;orthographe;homophones
33035;ce2;orthographe;homophones
33036;ce2;orthographe;homophones
33037;ce2;orthographe;homophones
33038;ce2;orthographe;homophones
33039;ce2;orthographe;homophones
33040;ce2;orthographe;homophones
33041;ce2;orthographe;homophones
33042;ce2;orthographe;homophones
33043;ce2;orthographe;homophones
33044;ce2;orthographe;homophones
33045;ce2;orthographe;homophones
33046;ce2;orthographe;homophones
33047;ce2;orthographe;homophones
33048;ce2;orthographe;homophones
33049;ce2;orthographe;homophones
33050;ce2;orthographe;homophones
33051;ce2;orthographe;homophones
33052;ce2;orthographe;homophones
33053;ce2;orthographe;homophones
33054;ce2;orthographe;homophones
33055;ce2;orthographe;homophones
33056;ce2;orthographe;homophones
33057;ce2;orthographe;homophones
33058;ce2;orthographe;homophones
33059;ce2;orthographe;homophones
33060;ce2;orthographe;homophones
33061;ce2;orthographe;homophones
33062;ce2;orthographe;homophones
33063;ce2;orthographe;homophones
33064;ce2;orthographe;homophones
33065;ce2;orthographe;homophones
33066;ce2;orthographe;homophones
33067;ce2;orthographe;homophones
33068;ce2;orthographe;homophones
33069;ce2;orthographe;homophones
33070;ce2;orthographe;homophones
33071;ce2;orthographe;homophones
33072;ce2;orthographe;homophones
33073;ce2;orthographe;homophones
33074;ce2;orthographe;homophones
33075;ce2;orthographe;homophones
33076;ce2;orthographe;homophones
33077;ce2;orthographe;homophones
33078;ce2;orthographe;vocabulaire_sens
33079;ce2;orthographe;vocabulaire_sens
33080;ce2;orthographe;vocabulaire_sens
33081;ce2;orthographe;vocabulaire_sens
33082;ce2;orthographe;vocabulaire_sens
33083;ce2;orthographe;vocabulaire_sens
33084;ce2;orthographe;vocabulaire_sens
33085;ce2;orthographe;vocabulaire_sens
33086;ce2;orthographe;vocabulaire_sens
33087;ce2;orthographe;vocabulaire_sens
33088;ce2;orthographe;vocabulaire_sens
33089;ce2;orthographe;vocabulaire_sens
33090;ce2;orthographe;vocabulaire_sens
33091;ce2;orthographe;vocabulaire_sens
33092;ce2;orthographe;vocabulaire_sens
33093;ce2;orthographe;vocabulaire_sens
33094;ce2;orthographe;vocabulaire_sens
33095;ce2;orthographe;vocabulaire_sens
33096;ce2;orthographe;vocabulaire_sens
33097;ce2;orthographe;vocabulaire_sens
33098;ce2;orthographe;vocabulaire_sens
33099;ce2;orthographe;vocabulaire_sens
33100;ce2;orthographe;vocabulaire_sens
33101;ce2;orthographe;vocabulaire_sens
33102;ce2;orthographe;vocabulaire_sens
33103;ce2;orthographe;vocabulaire_sens
33104;ce2;orthographe;vocabulaire_sens
33105;ce2;orthographe;vocabulaire_sens
33106;ce2;orthographe;vocabulaire_sens
33107;ce2;orthographe;vocabulaire_sens
33108;ce2;orthographe;vocabulaire_sens
33109;ce2;orthographe;vocabulaire_sens
33110;ce2;orthographe;vocabulaire_sens
33111;ce2;orthographe;vocabulaire_sens
33112;ce2;orthographe;vocabulaire_sens
33113;ce2;orthographe;vocabulaire_sens
33114;ce2;orthographe;vocabulaire_sens
33115;ce2;orthographe;vocabulaire_sens
33116;ce2;orthographe;vocabulaire_sens
33117;ce2;orthographe;vocabulaire_sens
33118;ce2;orthographe;vocabulaire_sens
33119;ce2;orthographe;vocabulaire_sens
33120;ce2;orthographe;vocabulaire_sens
33121;ce2;orthographe;vocabulaire_sens
33122;ce2;orthographe;vocabulaire_sens
33123;ce2;orthographe;vocabulaire_sens
33124;ce2;orthographe;vocabulaire_sens
33125;ce2;orthographe;vocabulaire_sens
33126;ce2;orthographe;vocabulaire_sens
33127;ce2;orthographe;vocabulaire_sens
33128;ce2;orthographe;vocabulaire_sens
33129;ce2;orthographe;vocabulaire_sens
33130;ce2;orthographe;vocabulaire_sens
33131;ce2;orthographe;vocabulaire_sens
33132;ce2;orthographe;vocabulaire_sens
33133;ce2;orthographe;vocabulaire_sens
33134;ce2;orthographe;vocabulaire_sens
33135;ce2;orthographe;vocabulaire_sens
33136;ce2;orthographe;vocabulaire_sens
33137;ce2;orthographe;vocabulaire_sens
33138;ce2;orthographe;vocabulaire_sens
33139;ce2;orthographe;vocabulaire_sens
33140;ce2;orthographe;vocabulaire_sens
33141;ce2;orthographe;vocabulaire_sens
33142;ce2;orthographe;accord_adjectif
33143;ce2;orthographe;accord_adjectif
33144;ce2;orthographe;accord_adjectif
33145;ce2;orthographe;accord_adjectif
33146;ce2;orthographe;accord_adjectif
33147;ce2;orthographe;accord_adjectif
33148;ce2;orthographe;accord_adjectif
33149;ce2;orthographe;accord_adjectif
33150;ce2;orthographe;accord_adjectif
33151;ce2;orthographe;accord_adjectif
33152;ce2;orthographe;accord_adjectif
33153;ce2;orthographe;accord_adjectif
33154;ce2;orthographe;accord_adjectif
33155;ce2;orthographe;accord_adjectif
33156;ce2;orthographe;accord_adjectif
33157;ce2;orthographe;accord_adjectif
33158;ce2;orthographe;accord_adjectif
33159;ce2;orthographe;accord_adjectif
33160;ce2;orthographe;accord_adjectif
33161;ce2;orthographe;accord_adjectif
33162;ce2;orthographe;singulier_pluriel
33163;ce2;orthographe;singulier_pluriel
33164;ce2;orthographe;singulier_pluriel
33165;ce2;orthographe;singulier_pluriel
33166;ce2;orthographe;singulier_pluriel
33167;ce2;orthographe;singulier_pluriel
33168;ce2;orthographe;singulier_pluriel
33169;ce2;orthographe;singulier_pluriel
33170;ce2;orthographe;singulier_pluriel
33171;ce2;orthographe;singulier_pluriel
33172;ce2;orthographe;singulier_pluriel
33173;ce2;orthographe;singulier_pluriel
33174;ce2;orthographe;singulier_pluriel
33175;ce2;orthographe;singulier_pluriel
33176;ce2;orthographe;singulier_pluriel
33177;ce2;orthographe;singulier_pluriel
33178;ce2;orthographe;singulier_pluriel
33179;ce2;orthographe;singulier_pluriel
33180;ce2;orthographe;singulier_pluriel
33181;ce2;orthographe;singulier_pluriel
33182;ce2;orthographe;singulier_pluriel
33183;ce2;orthographe;singulier_pluriel
33184;ce2;orthographe;accord_adjectif
33185;ce2;orthographe;accord_adjectif
33186;ce2;orthographe;accord_adjectif
33187;ce2;orthographe;accord_adjectif
33188;ce2;orthographe;accord_adjectif
33189;ce2;orthographe;accord_adjectif
33190;ce2;orthographe;accord_adjectif
33191;ce2;orthographe;accord_adjectif
33192;ce2;orthographe;accord_adjectif
33193;ce2;orthographe;accord_adjectif
33194;ce2;orthographe;accord_adjectif
33195;ce2;orthographe;accord_adjectif
33196;ce2;orthographe;accord_adjectif
33197;ce2;orthographe;accord_adjectif
33198;ce2;orthographe;accord_adjectif
33199;ce2;orthographe;accord_adjectif
33200;ce2;orthographe;accord_adjectif
33201;ce2;orthographe;accord_adjectif
33202;ce2;orthographe;accord_adjectif
33203;ce2;orthographe;accord_adjectif
33204;ce2;orthographe;accord_adjectif
33205;ce2;orthographe;accord_adjectif
33206;ce2;orthographe;accord_adjectif
33207;ce2;orthographe;accord_adjectif
33208;ce2;orthographe;accord_adjectif
33209;ce2;orthographe;accord_adjectif
33210;ce2;orthographe;accord_adjectif
33211;ce2;orthographe;accord_adjectif
33212;ce2;orthographe;accord_adjectif
33213;ce2;orthographe;accord_adjectif
33214;ce2;orthographe;accord_adjectif
33215;ce2;orthographe;accord_adjectif
33216;ce2;orthographe;accord_adjectif
33217;ce2;orthographe;accord_adjectif
33218;ce2;orthographe;accord_adjectif
33219;ce2;orthographe;accord_adjectif
33220;ce2;orthographe;accord_adjectif
33221;ce2;orthographe;accord_adjectif
33222;ce2;orthographe;accord_adjectif
33223;ce2;orthographe;accord_adjectif
33224;ce2;orthographe;accord_adjectif
33225;ce2;orthographe;accord_adjectif
33226;ce2;orthographe;accord_adjectif
33227;ce2;orthographe;accord_adjectif
33228;ce2;orthographe;accord_adjectif
33229;ce2;orthographe;accord_adjectif
33230;ce2;orthographe;accord_adjectif
33231;ce2;orthographe;accord_adjectif
33232;ce2;orthographe;accord_adjectif
33233;ce2;orthographe;accord_adjectif
33234;ce2;orthographe;accord_adjectif
33235;ce2;orthographe;accord_adjectif
33236;ce2;orthographe;accord_adjectif
33237;ce2;orthographe;accord_adjectif
33238;ce2;orthographe;accord_adjectif
33239;ce2;orthographe;accord_adjectif
33240;ce2;orthographe;accord_adjectif
33241;ce2;orthographe;accord_adjectif
33242;ce2;orthographe;accord_adjectif
33243;ce2;orthographe;accord_adjectif
33244;ce2;orthographe;accord_adjectif
33245;ce2;orthographe;accord_adjectif
33246;ce2;orthographe;accord_adjectif
33247;ce2;orthographe;accord_adjectif
33248;ce2;orthographe;accord_adjectif
33249;ce2;orthographe;accord_adjectif
33250;ce2;orthographe;accord_adjectif
33251;ce2;orthographe;accord_adjectif
33252;ce2;orthographe;accord_adjectif
33253;ce2;orthographe;accord_adjectif
33254;ce2;orthographe;accord_adjectif
33255;ce2;orthographe;accord_adjectif
33256;ce2;orthographe;accord_adjectif
33257;ce2;orthographe;accord_adjectif
33258;ce2;orthographe;accord_adjectif
33259;ce2;orthographe;accord_adjectif
33260;ce2;orthographe;accord_adjectif
33261;ce2;orthographe;accord_adjectif
33262;ce2;orthographe;accord_adjectif
33263;ce2;orthographe;accord_adjectif
33264;ce2;orthographe;accord_adjectif
33265;ce2;orthographe;accord_adjectif
33266;ce2;orthographe;accord_adjectif
33267;ce2;orthographe;accord_adjectif
33268;ce2;orthographe;accord_adjectif
33269;ce2;orthographe;accord_adjectif
33270;ce2;orthographe;accord_adjectif
33271;ce2;orthographe;accord_adjectif
33272;ce2;orthographe;accord_adjectif
33273;ce2;orthographe;accord_adjectif
33274;ce2;orthographe;accord_adjectif
33275;ce2;orthographe;accord_adjectif
33276;ce2;orthographe;accord_adjectif
33277;ce2;orthographe;accord_adjectif
33278;ce2;orthographe;accord_adjectif
33279;ce2;orthographe;accord_adjectif
33280;ce2;orthographe;accord_adjectif
33281;ce2;orthographe;accord_adjectif
33282;ce2;orthographe;accord_adjectif
33283;ce2;orthographe;accord_adjectif
33284;ce2;orthographe;accord_adjectif
33285;ce2;orthographe;accord_adjectif
33286;ce2;orthographe;accord_adjectif
33287;ce2;orthographe;accord_adjectif
33288;ce2;orthographe;accord_adjectif
33289;ce2;orthographe;accord_adjectif
33290;ce2;orthographe;accord_adjectif
33291;ce2;orthographe;accord_adjectif
33292;ce2;orthographe;accord_adjectif
33293;ce2;orthographe;accord_adjectif
33294;ce2;orthographe;accord_adjectif
33295;ce2;orthographe;accord_adjectif
33296;ce2;orthographe;accord_adjectif
33297;ce2;orthographe;accord_adjectif
33298;ce2;orthographe;accord_adjectif
33299;ce2;orthographe;accord_adjectif
33300;ce2;orthographe;accord_adjectif
33301;ce2;orthographe;accord_adjectif
33302;ce2;orthographe;accord_adjectif
33303;ce2;orthographe;accord_adjectif
33304;ce2;orthographe;accord_adjectif
33305;ce2;orthographe;accord_adjectif
33306;ce2;orthographe;accord_adjectif
33307;ce2;orthographe;accord_adjectif
33308;ce2;orthographe;accord_adjectif
33309;ce2;orthographe;accord_adjectif
33310;ce2;orthographe;accord_adjectif
33311;ce2;orthographe;accord_adjectif
33312;ce2;orthographe;accord_adjectif
33313;ce2;orthographe;accord_adjectif
33314;ce2;orthographe;accord_adjectif
33315;ce2;orthographe;accord_adjectif
33316;ce2;orthographe;accord_adjectif
33317;ce2;orthographe;accord_adjectif
33318;ce2;orthographe;accord_adjectif
33319;ce2;orthographe;accord_adjectif
33320;ce2;orthographe;accord_adjectif
33321;ce2;orthographe;accord_adjectif
33322;ce2;orthographe;accord_adjectif
33323;ce2;orthographe;accord_adjectif
33324;ce2;orthographe;accord_adjectif
33325;ce2;orthographe;accord_adjectif
33326;ce2;orthographe;accord_adjectif
33327;ce2;orthographe;accord_adjectif
33328;ce2;orthographe;accord_adjectif
33329;ce2;orthographe;accord_adjectif
33330;ce2;orthographe;accord_adjectif
33331;ce2;orthographe;accord_adjectif
33332;ce2;orthographe;accord_adjectif
33333;ce2;orthographe;accord_adjectif
33334;ce2;orthographe;accord_adjectif
33335;ce2;orthographe;accord_adjectif
33336;ce2;orthographe;accord_adjectif
33337;ce2;orthographe;accord_adjectif
33338;ce2;orthographe;accord_adjectif
33339;ce2;orthographe;accord_adjectif
33340;ce2;orthographe;accord_adjectif
33341;ce2;orthographe;accord_adjectif
33342;ce2;orthographe;accord_adjectif
33343;ce2;orthographe;accord_adjectif
33344;ce2;orthographe;accord_adjectif
33345;ce2;orthographe;accord_adjectif
33346;ce2;orthographe;accord_adjectif
33347;ce2;orthographe;accord_adjectif
33348;ce2;orthographe;accord_adjectif
33349;ce2;orthographe;accord_adjectif
33350;ce2;orthographe;accord_adjectif
33351;ce2;orthographe;accord_adjectif
33352;ce2;orthographe;accord_adjectif
33353;ce2;orthographe;accord_adjectif
33354;ce2;orthographe;accord_adjectif
33355;ce2;orthographe;accord_adjectif
33356;ce2;orthographe;accord_adjectif
33357;ce2;orthographe;accord_adjectif
33358;ce2;orthographe;accord_adjectif
33359;ce2;orthographe;accord_adjectif
33360;ce2;orthographe;accord_adjectif
33361;ce2;orthographe;accord_adjectif
33362;ce2;orthographe;accord_adjectif
33363;ce2;orthographe;accord_adjectif
33364;ce2;orthographe;accord_adjectif
33365;ce2;orthographe;accord_adjectif
33366;ce2;orthographe;accord_adjectif
33367;ce2;orthographe;accord_adjectif
33368;ce2;orthographe;accord_adjectif
33369;ce2;orthographe;accord_adjectif
33370;ce2;orthographe;accord_adjectif
33371;ce2;orthographe;accord_adjectif
33372;ce2;orthographe;accord_adjectif
33373;ce2;orthographe;accord_adjectif
33374;ce2;orthographe;accord_adjectif
33375;ce2;orthographe;accord_adjectif
33376;ce2;orthographe;accord_adjectif
33377;ce2;orthographe;accord_adjectif
33378;ce2;orthographe;accord_adjectif
33379;ce2;orthographe;accord_adjectif
33380;ce2;orthographe;accord_adjectif
33381;ce2;orthographe;accord_adjectif
33382;ce2;orthographe;accord_adjectif
33383;ce2;orthographe;accord_adjectif
33384;ce2;orthographe;accord_adjectif
33385;ce2;orthographe;accord_adjectif
33386;ce2;orthographe;accord_adjectif
33387;ce2;orthographe;accord_adjectif
33388;ce2;orthographe;accord_adjectif
33389;ce2;orthographe;accord_adjectif
33390;ce2;orthographe;accord_adjectif
33391;ce2;orthographe;accord_adjectif
33392;ce2;orthographe;accord_adjectif
33393;ce2;orthographe;accord_adjectif
33394;ce2;orthographe;accord_adjectif
33395;ce2;orthographe;accord_adjectif
33396;ce2;orthographe;accord_adjectif
33397;ce2;orthographe;accord_adjectif
33398;ce2;orthographe;accord_adjectif
33399;ce2;orthographe;accord_adjectif
33400;ce2;orthographe;accord_adjectif
33401;ce2;orthographe;accord_adjectif
33402;ce2;orthographe;accord_adjectif
33403;ce2;orthographe;accord_adjectif
33404;ce2;orthographe;vocabulaire_sens
33405;ce2;orthographe;vocabulaire_sens
33406;ce2;orthographe;vocabulaire_sens
33407;ce2;orthographe;vocabulaire_sens
33408;ce2;orthographe;vocabulaire_sens
33409;ce2;orthographe;vocabulaire_sens
33410;ce2;orthographe;vocabulaire_sens
33411;ce2;orthographe;vocabulaire_sens
33412;ce2;orthographe;vocabulaire_sens
33413;ce2;orthographe;vocabulaire_sens
33414;ce2;orthographe;vocabulaire_sens
33415;ce2;orthographe;vocabulaire_sens
33416;ce2;orthographe;vocabulaire_sens
33417;ce2;orthographe;vocabulaire_sens
33418;ce2;orthographe;vocabulaire_sens
33419;ce2;orthographe;vocabulaire_sens
33420;ce2;orthographe;vocabulaire_sens
33421;ce2;orthographe;vocabulaire_sens
33422;ce2;orthographe;vocabulaire_sens
33423;ce2;orthographe;vocabulaire_sens
33424;ce2;orthographe;vocabulaire_sens
33425;ce2;orthographe;vocabulaire_sens
33426;ce2;orthographe;vocabulaire_sens
33427;ce2;orthographe;vocabulaire_sens
33428;ce2;orthographe;vocabulaire_sens
33429;ce2;orthographe;vocabulaire_sens
33430;ce2;orthographe;vocabulaire_sens
33431;ce2;orthographe;vocabulaire_sens
33432;ce2;orthographe;vocabulaire_sens
33433;ce2;orthographe;homophones
33434;ce2;orthographe;homophones
33435;ce2;orthographe;homophones
33436;ce2;orthographe;homophones
33437;ce2;orthographe;homophones
33438;ce2;orthographe;homophones
33439;ce2;orthographe;homophones
33440;ce2;orthographe;homophones
33441;ce2;orthographe;homophones
33442;ce2;orthographe;homophones
33443;ce2;orthographe;homophones
33444;ce2;orthographe;homophones
33445;ce2;orthographe;homophones
33446;ce2;orthographe;singulier_pluriel
33447;ce2;orthographe;singulier_pluriel
33448;ce2;orthographe;singulier_pluriel
33449;ce2;orthographe;singulier_pluriel
33450;ce2;orthographe;accord_adjectif
33451;ce2;orthographe;accord_adjectif
33452;ce2;orthographe;accord_adjectif
33453;ce2;orthographe;accord_adjectif
33454;ce2;orthographe;accord_adjectif
33455;ce2;orthographe;accord_adjectif
33456;ce2;orthographe;accord_adjectif
33457;ce2;orthographe;accord_adjectif
33458;ce2;orthographe;accord_adjectif
33459;ce2;orthographe;accord_adjectif
33460;ce2;orthographe;accord_adjectif
33461;ce2;orthographe;accord_adjectif
33462;ce2;orthographe;accord_adjectif
33463;ce2;orthographe;accord_adjectif
33464;ce2;orthographe;accord_adjectif
33465;ce2;orthographe;accord_adjectif
33466;ce2;orthographe;accord_adjectif
33467;ce2;orthographe;accord_adjectif
33468;ce2;orthographe;accord_adjectif
33469;ce2;orthographe;accord_adjectif
33470;ce2;orthographe;accord_adjectif
33471;ce2;orthographe;accord_adjectif
33472;ce2;orthographe;accord_adjectif
33473;ce2;orthographe;accord_adjectif
33474;ce2;orthographe;accord_adjectif
33475;ce2;orthographe;accord_adjectif
33476;ce2;orthographe;accord_adjectif
33477;ce2;orthographe;accord_adjectif
33478;ce2;orthographe;accord_adjectif
33479;ce2;orthographe;accord_adjectif
33480;ce2;orthographe;accord_adjectif
33481;ce2;orthographe;accord_adjectif
33482;ce2;orthographe;accord_adjectif
33483;ce2;orthographe;accord_adjectif
33484;ce2;orthographe;accord_adjectif
33485;ce2;orthographe;accord_adjectif
33486;ce2;orthographe;accord_adjectif
33487;ce2;orthographe;accord_adjectif
33488;ce2;orthographe;accord_adjectif
33489;ce2;orthographe;accord_adjectif
33490;ce2;orthographe;accord_adjectif
33491;ce2;orthographe;accord_adjectif
33492;ce2;orthographe;accord_adjectif
33493;ce2;orthographe;accord_adjectif
33494;ce2;orthographe;accord_adjectif
33495;ce2;orthographe;accord_adjectif
33496;ce2;orthographe;accord_adjectif
33497;ce2;orthographe;accord_adjectif
33498;ce2;orthographe;accord_adjectif
33499;ce2;orthographe;accord_adjectif
33500;ce2;orthographe;accord_adjectif
33501;ce2;orthographe;accord_adjectif
33502;ce2;orthographe;accord_adjectif
33503;ce2;orthographe;accord_adjectif
33504;ce2;orthographe;accord_adjectif
33505;ce2;orthographe;accord_adjectif
33506;ce2;orthographe;accord_adjectif
33507;ce2;orthographe;accord_adjectif
33508;ce2;orthographe;accord_adjectif
33509;ce2;orthographe;accord_adjectif
33510;ce2;orthographe;accord_adjectif
33511;ce2;orthographe;accord_adjectif
33512;ce2;orthographe;accord_adjectif
33513;ce2;orthographe;accord_adjectif
33514;ce2;orthographe;accord_adjectif
33515;ce2;orthographe;accord_adjectif
33516;ce2;orthographe;accord_adjectif
33517;ce2;orthographe;accord_adjectif
33518;ce2;orthographe;accord_adjectif
33519;ce2;orthographe;accord_adjectif
33520;ce2;orthographe;accord_adjectif
33521;ce2;orthographe;accord_adjectif
33522;ce2;orthographe;accord_adjectif
33523;ce2;orthographe;accord_adjectif
33524;ce2;orthographe;accord_adjectif
33525;ce2;orthographe;accord_adjectif
33526;ce2;orthographe;accord_adjectif
33527;ce2;orthographe;accord_adjectif
33528;ce2;orthographe;accord_adjectif
33529;ce2;orthographe;accord_adjectif
33530;ce2;orthographe;accord_adjectif
33531;ce2;orthographe;accord_adjectif
33532;ce2;orthographe;accord_adjectif
33533;ce2;orthographe;accord_adjectif
33534;ce2;orthographe;accord_adjectif
33535;ce2;orthographe;accord_adjectif
33536;ce2;orthographe;accord_adjectif
33537;ce2;orthographe;accord_adjectif
33538;ce2;orthographe;accord_adjectif
33539;ce2;orthographe;accord_adjectif
33540;ce2;orthographe;accord_adjectif
33541;ce2;orthographe;accord_adjectif
33542;ce2;orthographe;accord_adjectif
33543;ce2;orthographe;accord_adjectif
33544;ce2;orthographe;accord_adjectif
33545;ce2;orthographe;accord_adjectif
33546;ce2;orthographe;accord_adjectif
33547;ce2;orthographe;accord_adjectif
33548;ce2;orthographe;accord_adjectif
33549;ce2;orthographe;accord_adjectif
33550;ce2;orthographe;accord_adjectif
33551;ce2;orthographe;accord_adjectif
33552;ce2;orthographe;accord_adjectif
33553;ce2;orthographe;accord_adjectif
33554;ce2;orthographe;accord_adjectif
33555;ce2;orthographe;accord_adjectif
33556;ce2;orthographe;accord_adjectif
33557;ce2;orthographe;accord_adjectif
33558;ce2;orthographe;accord_adjectif
33559;ce2;orthographe;accord_adjectif
33560;ce2;orthographe;accord_adjectif
33561;ce2;orthographe;accord_adjectif
33562;ce2;orthographe;accord_adjectif
33563;ce2;orthographe;accord_adjectif
33564;ce2;orthographe;accord_adjectif
33565;ce2;orthographe;accord_adjectif
33566;ce2;orthographe;accord_adjectif
33567;ce2;orthographe;accord_adjectif
33568;ce2;orthographe;accord_adjectif
33569;ce2;orthographe;accord_adjectif
33570;ce2;orthographe;accord_adjectif
33571;ce2;orthographe;accord_adjectif
33572;ce2;orthographe;accord_adjectif
33573;ce2;orthographe;accord_adjectif
33574;ce2;orthographe;accord_adjectif
33575;ce2;orthographe;accord_adjectif
33576;ce2;orthographe;accord_adjectif
33577;ce2;orthographe;accord_adjectif
33578;ce2;orthographe;accord_adjectif
33579;ce2;orthographe;accord_adjectif
33580;ce2;orthographe;accord_adjectif
33581;ce2;orthographe;accord_adjectif
33582;ce2;orthographe;accord_adjectif
33583;ce2;orthographe;accord_adjectif
33584;ce2;orthographe;accord_adjectif
33585;ce2;orthographe;accord_adjectif
33586;ce2;orthographe;accord_adjectif
33587;ce2;orthographe;accord_adjectif
33588;ce2;orthographe;accord_adjectif
33589;ce2;orthographe;accord_adjectif
33590;ce2;orthographe;accord_adjectif
33591;ce2;orthographe;accord_adjectif
33592;ce2;orthographe;accord_adjectif
33593;ce2;orthographe;accord_adjectif
33594;ce2;orthographe;accord_adjectif
33595;ce2;orthographe;accord_adjectif
33596;ce2;orthographe;accord_adjectif
33597;ce2;orthographe;accord_adjectif
33598;ce2;orthographe;accord_adjectif
33599;ce2;orthographe;accord_adjectif
33600;ce2;orthographe;vocabulaire_sens
33601;ce2;orthographe;vocabulaire_sens
33602;ce2;orthographe;vocabulaire_sens
33603;ce2;orthographe;vocabulaire_sens
33604;ce2;orthographe;vocabulaire_sens
33605;ce2;orthographe;vocabulaire_sens
33606;ce2;orthographe;vocabulaire_sens
33607;ce2;orthographe;vocabulaire_sens
33608;ce2;orthographe;vocabulaire_sens
33609;ce2;orthographe;vocabulaire_sens
33610;ce2;orthographe;vocabulaire_sens
33611;ce2;orthographe;vocabulaire_sens
33612;ce2;orthographe;vocabulaire_sens
33613;ce2;orthographe;vocabulaire_sens
33614;ce2;orthographe;vocabulaire_sens
33615;ce2;orthographe;vocabulaire_sens
33616;ce2;orthographe;vocabulaire_sens
33617;ce2;orthographe;vocabulaire_sens
33618;ce2;orthographe;vocabulaire_sens
33619;ce2;orthographe;vocabulaire_sens
33620;ce2;orthographe;vocabulaire_sens
33621;ce2;orthographe;vocabulaire_sens
33622;ce2;orthographe;vocabulaire_sens
33623;ce2;orthographe;vocabulaire_sens
33624;ce2;orthographe;vocabulaire_sens
33625;ce2;orthographe;vocabulaire_sens
33626;ce2;orthographe;vocabulaire_sens
33627;ce2;orthographe;vocabulaire_sens
33628;ce2;orthographe;vocabulaire_sens
33629;ce2;orthographe;vocabulaire_sens
33630;ce2;orthographe;vocabulaire_sens
33631;ce2;orthographe;vocabulaire_sens
33632;ce2;orthographe;vocabulaire_sens
33633;ce2;orthographe;vocabulaire_sens
33634;ce2;orthographe;vocabulaire_sens
33635;ce2;orthographe;vocabulaire_sens
33636;ce2;orthographe;vocabulaire_sens
33637;ce2;orthographe;vocabulaire_sens
33638;ce2;orthographe;vocabulaire_sens
33639;ce2;orthographe;vocabulaire_sens
33640;ce2;orthographe;vocabulaire_sens
33641;ce2;orthographe;vocabulaire_sens
33642;ce2;orthographe;vocabulaire_sens
33643;ce2;orthographe;vocabulaire_sens
33644;ce2;orthographe;vocabulaire_sens
33645;ce2;orthographe;vocabulaire_sens
33646;ce2;orthographe;vocabulaire_sens
33647;ce2;orthographe;vocabulaire_sens
33648;ce2;orthographe;vocabulaire_sens
33649;ce2;orthographe;vocabulaire_sens
33650;ce2;orthographe;vocabulaire_sens
33651;ce2;orthographe;vocabulaire_sens
33652;ce2;orthographe;vocabulaire_sens
33653;ce2;orthographe;vocabulaire_sens
33654;ce2;orthographe;vocabulaire_sens
33655;ce2;orthographe;vocabulaire_sens
33656;ce2;orthographe;vocabulaire_sens
33657;ce2;orthographe;vocabulaire_sens
33658;ce2;orthographe;vocabulaire_sens
33659;ce2;orthographe;vocabulaire_sens
33660;ce2;orthographe;vocabulaire_sens
33661;ce2;orthographe;vocabulaire_sens
33662;ce2;orthographe;vocabulaire_sens
33663;ce2;orthographe;vocabulaire_sens
33664;ce2;orthographe;vocabulaire_sens
33665;ce2;orthographe;vocabulaire_sens
33666;ce2;orthographe;vocabulaire_sens
33667;ce2;orthographe;vocabulaire_sens
33668;ce2;orthographe;vocabulaire_sens
33669;ce2;orthographe;vocabulaire_sens
33670;ce2;orthographe;vocabulaire_sens
33671;ce2;orthographe;vocabulaire_sens
33672;ce2;orthographe;vocabulaire_sens
33673;ce2;orthographe;vocabulaire_sens
33674;ce2;orthographe;vocabulaire_sens
33675;ce2;orthographe;vocabulaire_sens
33676;ce2;orthographe;vocabulaire_sens
33677;ce2;orthographe;singulier_pluriel
33678;ce2;orthographe;singulier_pluriel
33679;ce2;orthographe;singulier_pluriel
33680;ce2;orthographe;singulier_pluriel
33681;ce2;orthographe;singulier_pluriel
33682;ce2;orthographe;singulier_pluriel
33683;ce2;orthographe;singulier_pluriel
33684;ce2;orthographe;singulier_pluriel
33685;ce2;orthographe;singulier_pluriel
33686;ce2;orthographe;singulier_pluriel
33687;ce2;orthographe;singulier_pluriel
33688;ce2;orthographe;singulier_pluriel
33689;ce2;orthographe;singulier_pluriel
33690;ce2;orthographe;singulier_pluriel
33691;ce2;orthographe;singulier_pluriel
33692;ce2;orthographe;singulier_pluriel
33693;ce2;orthographe;singulier_pluriel
33694;ce2;orthographe;singulier_pluriel
33695;ce2;orthographe;singulier_pluriel
33696;ce2;orthographe;singulier_pluriel
33697;ce2;orthographe;singulier_pluriel
33698;ce2;orthographe;singulier_pluriel
33699;ce2;orthographe;singulier_pluriel
33700;ce2;orthographe;singulier_pluriel
33701;ce2;orthographe;singulier_pluriel
33702;ce2;orthographe;singulier_pluriel
33703;ce2;orthographe;singulier_pluriel
33704;ce2;orthographe;singulier_pluriel
33705;ce2;orthographe;singulier_pluriel
33706;ce2;orthographe;singulier_pluriel
33707;ce2;orthographe;singulier_pluriel
33708;ce2;orthographe;singulier_pluriel
33709;ce2;orthographe;singulier_pluriel
33710;ce2;orthographe;singulier_pluriel
33711;ce2;orthographe;singulier_pluriel
33712;ce2;orthographe;singulier_pluriel
33713;ce2;orthographe;singulier_pluriel
33714;ce2;orthographe;singulier_pluriel
33715;ce2;orthographe;singulier_pluriel
33716;ce2;orthographe;singulier_pluriel
33717;ce2;orthographe;singulier_pluriel
33718;ce2;orthographe;singulier_pluriel
33719;ce2;orthographe;singulier_pluriel
33720;ce2;orthographe;singulier_pluriel
33721;ce2;orthographe;singulier_pluriel
33722;ce2;orthographe;singulier_pluriel
33723;ce2;orthographe;singulier_pluriel
33724;ce2;orthographe;singulier_pluriel
33725;ce2;orthographe;singulier_pluriel
33726;ce2;orthographe;singulier_pluriel
33727;ce2;orthographe;singulier_pluriel
33728;ce2;orthographe;singulier_pluriel
33729;ce2;orthographe;singulier_pluriel
33730;ce2;orthographe;singulier_pluriel
33731;ce2;orthographe;singulier_pluriel
33732;ce2;orthographe;singulier_pluriel
33733;ce2;orthographe;singulier_pluriel
33734;ce2;orthographe;singulier_pluriel
33735;ce2;orthographe;singulier_pluriel
33736;ce2;orthographe;singulier_pluriel
33737;ce2;orthographe;homophones
33738;ce2;orthographe;homophones
33739;ce2;orthographe;homophones
33740;ce2;orthographe;homophones
33741;ce2;orthographe;homophones
33742;ce2;orthographe;homophones
33743;ce2;orthographe;homophones
33744;ce2;orthographe;homophones
33745;ce2;orthographe;homophones
33746;ce2;orthographe;homophones
33747;ce2;orthographe;homophones
33748;ce2;orthographe;homophones
33749;ce2;orthographe;homophones
33750;ce2;orthographe;homophones
33751;ce2;orthographe;homophones
33752;ce2;orthographe;homophones
33753;ce2;orthographe;homophones
33754;ce2;orthographe;homophones
33755;ce2;orthographe;homophones
33756;ce2;orthographe;homophones
33757;ce2;orthographe;homophones
33758;ce2;orthographe;homophones
33759;ce2;orthographe;homophones
33760;ce2;orthographe;homophones
33761;ce2;orthographe;homophones
33762;ce2;orthographe;homophones
33763;ce2;orthographe;homophones
33764;ce2;orthographe;homophones
33765;ce2;orthographe;homophones
33766;ce2;orthographe;homophones
33767;ce2;orthographe;homophones
33768;ce2;orthographe;homophones
33769;ce2;orthographe;homophones
33770;ce2;orthographe;homophones
33771;ce2;orthographe;homophones
33772;ce2;orthographe;homophones
33773;ce2;orthographe;homophones
33774;ce2;orthographe;homophones
33775;ce2;orthographe;homophones
33776;ce2;orthographe;homophones
33777;ce2;orthographe;homophones
33778;ce2;orthographe;homophones
33779;ce2;orthographe;homophones
33780;ce2;orthographe;homophones
33781;ce2;orthographe;homophones
33782;ce2;orthographe;homophones
33783;ce2;orthographe;homophones
33784;ce2;orthographe;homophones
33785;ce2;orthographe;homophones
33786;ce2;orthographe;homophones
33787;ce2;orthographe;homophones
33788;ce2;orthographe;homophones
33789;ce2;orthographe;homophones
33790;ce2;orthographe;homophones
33791;ce2;orthographe;homophones
33792;ce2;orthographe;homophones
33793;ce2;orthographe;homophones
33794;ce2;orthographe;homophones
33795;ce2;orthographe;homophones
33796;ce2;orthographe;homophones
33797;ce2;orthographe;homophones
33798;ce2;orthographe;homophones
33799;ce2;orthographe;homophones
33800;ce2;orthographe;homophones
33801;ce2;orthographe;homophones
33802;ce2;orthographe;homophones
33803;ce2;orthographe;homophones
33804;ce2;orthographe;homophones
33805;ce2;orthographe;homophones
33806;ce2;orthographe;homophones
33807;ce2;orthographe;homophones
33808;ce2;orthographe;homophones
33809;ce2;orthographe;homophones
33810;ce2;orthographe;homophones
33811;ce2;orthographe;homophones
33812;ce2;orthographe;homophones
33813;ce2;orthographe;homophones
33814;ce2;orthographe;homophones
33815;ce2;orthographe;homophones
33816;ce2;orthographe;homophones
33817;ce2;orthographe;homophones
33818;ce2;orthographe;homophones
33819;ce2;orthographe;homophones
33820;ce2;orthographe;homophones
33821;ce2;orthographe;homophones
33822;ce2;orthographe;homophones
33823;ce2;orthographe;homophones
33824;ce2;orthographe;homophones
33825;ce2;orthographe;homophones
33826;ce2;orthographe;homophones
33827;ce2;orthographe;homophones
33828;ce2;orthographe;homophones
33829;ce2;orthographe;homophones
33830;ce2;orthographe;homophones
33831;ce2;orthographe;homophones
33832;ce2;orthographe;homophones
33833;ce2;orthographe;homophones
33834;ce2;orthographe;homophones
33835;ce2;orthographe;homophones
33836;ce2;orthographe;accord_adjectif
33837;ce2;orthographe;accord_adjectif
33838;ce2;orthographe;accord_adjectif
33839;ce2;orthographe;accord_adjectif
33840;ce2;orthographe;accord_adjectif
33841;ce2;orthographe;accord_adjectif
33842;ce2;orthographe;accord_adjectif
33843;ce2;orthographe;accord_adjectif
33844;ce2;orthographe;accord_adjectif
33845;ce2;orthographe;accord_adjectif
33846;ce2;orthographe;accord_adjectif
33847;ce2;orthographe;accord_adjectif
33848;ce2;orthographe;accord_adjectif
33849;ce2;orthographe;accord_adjectif
33850;ce2;orthographe;accord_adjectif
33851;ce2;orthographe;accord_adjectif
33852;ce2;orthographe;accord_adjectif
33853;ce2;orthographe;accord_adjectif
33854;ce2;orthographe;accord_adjectif
33855;ce2;orthographe;accord_adjectif
33856;ce2;orthographe;accord_adjectif
33857;ce2;orthographe;accord_adjectif
33858;ce2;orthographe;accord_adjectif
33859;ce2;orthographe;accord_adjectif
33860;ce2;orthographe;accord_adjectif
33861;ce2;orthographe;accord_adjectif
33862;ce2;orthographe;accord_adjectif
33863;ce2;orthographe;accord_adjectif
33864;ce2;orthographe;accord_adjectif
33865;ce2;orthographe;accord_adjectif
33866;ce2;orthographe;accord_adjectif
33867;ce2;orthographe;accord_adjectif
33868;ce2;orthographe;accord_adjectif
33869;ce2;orthographe;accord_adjectif
33870;ce2;orthographe;accord_adjectif
33871;ce2;orthographe;accord_adjectif
33872;ce2;orthographe;accord_adjectif
33873;ce2;orthographe;accord_adjectif
33874;ce2;orthographe;accord_adjectif
33875;ce2;orthographe;accord_adjectif
33876;ce2;orthographe;accord_adjectif
33877;ce2;orthographe;accord_adjectif
33878;ce2;orthographe;accord_adjectif
33879;ce2;orthographe;accord_adjectif
33880;ce2;orthographe;accord_adjectif
33881;ce2;orthographe;accord_adjectif
33882;ce2;orthographe;accord_adjectif
33883;ce2;orthographe;accord_adjectif
33884;ce2;orthographe;accord_adjectif
33885;ce2;orthographe;accord_adjectif
33886;ce2;orthographe;accord_adjectif
33887;ce2;orthographe;accord_adjectif
33888;ce2;orthographe;accord_adjectif
33889;ce2;orthographe;accord_adjectif
33890;ce2;orthographe;accord_adjectif
33891;ce2;orthographe;accord_adjectif
33892;ce2;orthographe;accord_adjectif
33893;ce2;orthographe;accord_adjectif
33894;ce2;orthographe;accord_adjectif
33895;ce2;orthographe;accord_adjectif
33896;ce2;orthographe;accord_adjectif
33897;ce2;orthographe;accord_adjectif
33898;ce2;orthographe;accord_adjectif
33899;ce2;orthographe;accord_adjectif
33900;ce2;orthographe;accord_adjectif
33901;ce2;orthographe;accord_adjectif
33902;ce2;orthographe;accord_adjectif
33903;ce2;orthographe;accord_adjectif
33904;ce2;orthographe;accord_adjectif
33905;ce2;orthographe;accord_adjectif
33906;ce2;orthographe;accord_adjectif
33907;ce2;orthographe;accord_adjectif
33908;ce2;orthographe;accord_adjectif
33909;ce2;orthographe;accord_adjectif
33910;ce2;orthographe;accord_adjectif
33911;ce2;orthographe;accord_adjectif
33912;ce2;orthographe;accord_adjectif
33913;ce2;orthographe;accord_adjectif
33914;ce2;orthographe;accord_adjectif
33915;ce2;orthographe;accord_adjectif
33916;ce2;orthographe;accord_adjectif
33917;ce2;orthographe;accord_adjectif
33918;ce2;orthographe;accord_adjectif
33919;ce2;orthographe;accord_adjectif
33920;ce2;orthographe;accord_adjectif
33921;ce2;orthographe;accord_adjectif
33922;ce2;orthographe;accord_adjectif
33923;ce2;orthographe;accord_adjectif
33924;ce2;orthographe;accord_adjectif
33925;ce2;orthographe;accord_adjectif
33926;ce2;orthographe;accord_adjectif
33927;ce2;orthographe;accord_adjectif
33928;ce2;orthographe;accord_adjectif
33929;ce2;orthographe;accord_adjectif
33930;ce2;orthographe;accord_adjectif
33931;ce2;orthographe;accord_adjectif
33932;ce2;orthographe;accord_adjectif
33933;ce2;orthographe;accord_adjectif
33934;ce2;orthographe;accord_adjectif
33935;ce2;orthographe;accord_adjectif
33936;ce2;orthographe;accord_adjectif
33937;ce2;orthographe;accord_adjectif
33938;ce2;orthographe;accord_adjectif
33939;ce2;orthographe;accord_adjectif
33940;ce2;orthographe;accord_adjectif
33941;ce2;orthographe;accord_adjectif
33942;ce2;orthographe;accord_adjectif
33943;ce2;orthographe;accord_adjectif
33944;ce2;orthographe;accord_adjectif
33945;ce2;orthographe;accord_adjectif
33946;ce2;orthographe;accord_adjectif
33947;ce2;orthographe;accord_adjectif
33948;ce2;orthographe;accord_adjectif
33949;ce2;orthographe;accord_adjectif
11040;cm1;conjugaison;present
11041;cm1;conjugaison;present
11042;cm1;conjugaison;present
11043;cm1;conjugaison;present
11044;cm1;conjugaison;present
11045;cm1;conjugaison;present
11046;cm1;conjugaison;present
11047;cm1;conjugaison;present
11048;cm1;conjugaison;present
11049;cm1;conjugaison;present
11050;cm1;conjugaison;imparfait
11051;cm1;conjugaison;imparfait
11052;cm1;conjugaison;imparfait
11053;cm1;conjugaison;imparfait
11054;cm1;conjugaison;imparfait
11055;cm1;conjugaison;imparfait
11056;cm1;conjugaison;imparfait
11057;cm1;conjugaison;imparfait
11058;cm1;conjugaison;imparfait
11059;cm1;conjugaison;imparfait
11060;cm1;conjugaison;futur
11061;cm1;conjugaison;futur
11062;cm1;conjugaison;futur
11063;cm1;conjugaison;futur
11064;cm1;conjugaison;futur
11065;cm1;conjugaison;futur
11066;cm1;conjugaison;futur
11067;cm1;conjugaison;futur
11068;cm1;conjugaison;futur
11069;cm1;conjugaison;futur
11070;cm1;conjugaison;passe_compose
11071;cm1;conjugaison;passe_compose
11072;cm1;conjugaison;passe_compose
11073;cm1;conjugaison;passe_compose
11074;cm1;conjugaison;passe_compose
11075;cm1;conjugaison;passe_compose
11076;cm1;conjugaison;passe_compose
11077;cm1;conjugaison;passe_compose
11078;cm1;conjugaison;passe_compose
11079;cm1;conjugaison;passe_compose
11080;cm1;conjugaison;passe_compose
11081;cm1;conjugaison;passe_compose
35000;cm1;conjugaison;present
35001;cm1;conjugaison;present
35002;cm1;conjugaison;present
35003;cm1;conjugaison;present
35004;cm1;conjugaison;present
35005;cm1;conjugaison;present
35006;cm1;conjugaison;present
35007;cm1;conjugaison;present
35008;cm1;conjugaison;present
35009;cm1;conjugaison;present
35010;cm1;conjugaison;present
35011;cm1;conjugaison;present
35012;cm1;conjugaison;present
35013;cm1;conjugaison;present
35014;cm1;conjugaison;present
35015;cm1;conjugaison;present
35016;cm1;conjugaison;present
35017;cm1;conjugaison;present
35018;cm1;conjugaison;present
35019;cm1;conjugaison;present
35020;cm1;conjugaison;present
35021;cm1;conjugaison;present
35022;cm1;conjugaison;present
35023;cm1;conjugaison;present
35024;cm1;conjugaison;present
35025;cm1;conjugaison;present
35026;cm1;conjugaison;imparfait
35027;cm1;conjugaison;imparfait
35028;cm1;conjugaison;imparfait
35029;cm1;conjugaison;imparfait
35030;cm1;conjugaison;imparfait
35031;cm1;conjugaison;imparfait
35032;cm1;conjugaison;imparfait
35033;cm1;conjugaison;imparfait
35034;cm1;conjugaison;imparfait
35035;cm1;conjugaison;imparfait
35036;cm1;conjugaison;imparfait
35037;cm1;conjugaison;imparfait
35038;cm1;conjugaison;imparfait
35039;cm1;conjugaison;imparfait
35040;cm1;conjugaison;imparfait
35041;cm1;conjugaison;imparfait
35042;cm1;conjugaison;imparfait
35043;cm1;conjugaison;imparfait
35044;cm1;conjugaison;imparfait
35045;cm1;conjugaison;imparfait
35046;cm1;conjugaison;imparfait
35047;cm1;conjugaison;imparfait
35048;cm1;conjugaison;imparfait
35049;cm1;conjugaison;imparfait
35050;cm1;conjugaison;imparfait
35051;cm1;conjugaison;imparfait
35052;cm1;conjugaison;imparfait
35053;cm1;conjugaison;imparfait
35054;cm1;conjugaison;imparfait
35055;cm1;conjugaison;imparfait
35056;cm1;conjugaison;imparfait
35057;cm1;conjugaison;imparfait
35058;cm1;conjugaison;imparfait
35059;cm1;conjugaison;imparfait
35060;cm1;conjugaison;imparfait
35061;cm1;conjugaison;imparfait
35062;cm1;conjugaison;imparfait
35063;cm1;conjugaison;imparfait
35064;cm1;conjugaison;imparfait
35065;cm1;conjugaison;imparfait
35066;cm1;conjugaison;imparfait
35067;cm1;conjugaison;imparfait
35068;cm1;conjugaison;imparfait
35069;cm1;conjugaison;imparfait
35070;cm1;conjugaison;imparfait
35071;cm1;conjugaison;imparfait
35072;cm1;conjugaison;imparfait
35073;cm1;conjugaison;imparfait
35074;cm1;conjugaison;imparfait
35075;cm1;conjugaison;imparfait
35076;cm1;conjugaison;imparfait
35077;cm1;conjugaison;imparfait
35078;cm1;conjugaison;imparfait
35079;cm1;conjugaison;imparfait
35080;cm1;conjugaison;imparfait
35081;cm1;conjugaison;imparfait
35082;cm1;conjugaison;imparfait
35083;cm1;conjugaison;imparfait
35084;cm1;conjugaison;imparfait
35085;cm1;conjugaison;imparfait
35086;cm1;conjugaison;imparfait
35087;cm1;conjugaison;imparfait
35088;cm1;conjugaison;imparfait
35089;cm1;conjugaison;imparfait
35090;cm1;conjugaison;imparfait
35091;cm1;conjugaison;imparfait
35092;cm1;conjugaison;imparfait
35093;cm1;conjugaison;imparfait
35094;cm1;conjugaison;imparfait
35095;cm1;conjugaison;imparfait
35096;cm1;conjugaison;imparfait
35097;cm1;conjugaison;imparfait
35098;cm1;conjugaison;imparfait
35099;cm1;conjugaison;imparfait
35100;cm1;conjugaison;imparfait
35101;cm1;conjugaison;imparfait
35102;cm1;conjugaison;imparfait
35103;cm1;conjugaison;imparfait
35104;cm1;conjugaison;imparfait
35105;cm1;conjugaison;imparfait
35106;cm1;conjugaison;imparfait
35107;cm1;conjugaison;imparfait
35108;cm1;conjugaison;imparfait
35109;cm1;conjugaison;imparfait
35110;cm1;conjugaison;imparfait
35111;cm1;conjugaison;imparfait
35112;cm1;conjugaison;imparfait
35113;cm1;conjugaison;imparfait
35114;cm1;conjugaison;imparfait
35115;cm1;conjugaison;imparfait
35116;cm1;conjugaison;imparfait
35117;cm1;conjugaison;imparfait
35118;cm1;conjugaison;imparfait
35119;cm1;conjugaison;imparfait
35120;cm1;conjugaison;imparfait
35121;cm1;conjugaison;imparfait
35122;cm1;conjugaison;imparfait
35123;cm1;conjugaison;imparfait
35124;cm1;conjugaison;imparfait
35125;cm1;conjugaison;imparfait
35126;cm1;conjugaison;imparfait
35127;cm1;conjugaison;imparfait
35128;cm1;conjugaison;imparfait
35129;cm1;conjugaison;imparfait
35130;cm1;conjugaison;imparfait
35131;cm1;conjugaison;imparfait
35132;cm1;conjugaison;imparfait
35133;cm1;conjugaison;imparfait
35134;cm1;conjugaison;imparfait
35135;cm1;conjugaison;imparfait
35136;cm1;conjugaison;imparfait
35137;cm1;conjugaison;imparfait
35138;cm1;conjugaison;imparfait
35139;cm1;conjugaison;imparfait
35140;cm1;conjugaison;imparfait
35141;cm1;conjugaison;imparfait
35142;cm1;conjugaison;imparfait
35143;cm1;conjugaison;imparfait
35144;cm1;conjugaison;imparfait
35145;cm1;conjugaison;imparfait
35146;cm1;conjugaison;imparfait
35147;cm1;conjugaison;imparfait
35148;cm1;conjugaison;imparfait
35149;cm1;conjugaison;imparfait
35150;cm1;conjugaison;imparfait
35151;cm1;conjugaison;imparfait
35152;cm1;conjugaison;imparfait
35153;cm1;conjugaison;imparfait
35154;cm1;conjugaison;imparfait
35155;cm1;conjugaison;imparfait
35156;cm1;conjugaison;imparfait
35157;cm1;conjugaison;imparfait
35158;cm1;conjugaison;imparfait
35159;cm1;conjugaison;imparfait
35160;cm1;conjugaison;imparfait
35161;cm1;conjugaison;imparfait
35162;cm1;conjugaison;imparfait
35163;cm1;conjugaison;imparfait
35164;cm1;conjugaison;imparfait
35165;cm1;conjugaison;imparfait
35166;cm1;conjugaison;imparfait
35167;cm1;conjugaison;imparfait
35168;cm1;conjugaison;imparfait
35169;cm1;conjugaison;imparfait
35170;cm1;conjugaison;imparfait
35171;cm1;conjugaison;imparfait
35172;cm1;conjugaison;imparfait
35173;cm1;conjugaison;imparfait
35174;cm1;conjugaison;imparfait
35175;cm1;conjugaison;imparfait
35176;cm1;conjugaison;imparfait
35177;cm1;conjugaison;imparfait
35178;cm1;conjugaison;imparfait
35179;cm1;conjugaison;imparfait
35180;cm1;conjugaison;imparfait
35181;cm1;conjugaison;imparfait
35182;cm1;conjugaison;imparfait
35183;cm1;conjugaison;imparfait
35184;cm1;conjugaison;imparfait
35185;cm1;conjugaison;imparfait
35186;cm1;conjugaison;imparfait
35187;cm1;conjugaison;imparfait
35188;cm1;conjugaison;imparfait
35189;cm1;conjugaison;imparfait
35190;cm1;conjugaison;imparfait
35191;cm1;conjugaison;imparfait
35192;cm1;conjugaison;imparfait
35193;cm1;conjugaison;imparfait
35194;cm1;conjugaison;imparfait
35195;cm1;conjugaison;imparfait
35196;cm1;conjugaison;imparfait
35197;cm1;conjugaison;imparfait
35198;cm1;conjugaison;imparfait
35199;cm1;conjugaison;imparfait
35200;cm1;conjugaison;imparfait
35201;cm1;conjugaison;imparfait
35202;cm1;conjugaison;imparfait
35203;cm1;conjugaison;imparfait
35204;cm1;conjugaison;imparfait
35205;cm1;conjugaison;imparfait
35206;cm1;conjugaison;futur
35207;cm1;conjugaison;futur
35208;cm1;conjugaison;futur
35209;cm1;conjugaison;futur
35210;cm1;conjugaison;futur
35211;cm1;conjugaison;futur
35212;cm1;conjugaison;futur
35213;cm1;conjugaison;futur
35214;cm1;conjugaison;futur
35215;cm1;conjugaison;futur
35216;cm1;conjugaison;futur
35217;cm1;conjugaison;futur
35218;cm1;conjugaison;futur
35219;cm1;conjugaison;futur
35220;cm1;conjugaison;futur
35221;cm1;conjugaison;futur
35222;cm1;conjugaison;futur
35223;cm1;conjugaison;futur
35224;cm1;conjugaison;futur
35225;cm1;conjugaison;futur
35226;cm1;conjugaison;futur
35227;cm1;conjugaison;futur
35228;cm1;conjugaison;futur
35229;cm1;conjugaison;futur
35230;cm1;conjugaison;futur
35231;cm1;conjugaison;futur
35232;cm1;conjugaison;futur
35233;cm1;conjugaison;futur
35234;cm1;conjugaison;futur
35235;cm1;conjugaison;futur
35236;cm1;conjugaison;futur
35237;cm1;conjugaison;futur
35238;cm1;conjugaison;futur
35239;cm1;conjugaison;futur
35240;cm1;conjugaison;futur
35241;cm1;conjugaison;futur
35242;cm1;conjugaison;futur
35243;cm1;conjugaison;futur
35244;cm1;conjugaison;futur
35245;cm1;conjugaison;futur
35246;cm1;conjugaison;futur
35247;cm1;conjugaison;futur
35248;cm1;conjugaison;futur
35249;cm1;conjugaison;futur
35250;cm1;conjugaison;futur
35251;cm1;conjugaison;futur
35252;cm1;conjugaison;futur
35253;cm1;conjugaison;futur
35254;cm1;conjugaison;futur
35255;cm1;conjugaison;futur
35256;cm1;conjugaison;futur
35257;cm1;conjugaison;futur
35258;cm1;conjugaison;futur
35259;cm1;conjugaison;futur
35260;cm1;conjugaison;futur
35261;cm1;conjugaison;futur
35262;cm1;conjugaison;futur
35263;cm1;conjugaison;futur
35264;cm1;conjugaison;futur
35265;cm1;conjugaison;futur
35266;cm1;conjugaison;futur
35267;cm1;conjugaison;futur
35268;cm1;conjugaison;futur
35269;cm1;conjugaison;futur
35270;cm1;conjugaison;futur
35271;cm1;conjugaison;futur
35272;cm1;conjugaison;futur
35273;cm1;conjugaison;futur
35274;cm1;conjugaison;futur
35275;cm1;conjugaison;futur
35276;cm1;conjugaison;futur
35277;cm1;conjugaison;futur
35278;cm1;conjugaison;futur
35279;cm1;conjugaison;futur
35280;cm1;conjugaison;futur
35281;cm1;conjugaison;futur
35282;cm1;conjugaison;futur
35283;cm1;conjugaison;futur
35284;cm1;conjugaison;futur
35285;cm1;conjugaison;futur
35286;cm1;conjugaison;futur
35287;cm1;conjugaison;futur
35288;cm1;conjugaison;futur
35289;cm1;conjugaison;futur
35290;cm1;conjugaison;futur
35291;cm1;conjugaison;futur
35292;cm1;conjugaison;futur
35293;cm1;conjugaison;futur
35294;cm1;conjugaison;futur
35295;cm1;conjugaison;futur
35296;cm1;conjugaison;futur
35297;cm1;conjugaison;futur
35298;cm1;conjugaison;futur
35299;cm1;conjugaison;futur
35300;cm1;conjugaison;futur
35301;cm1;conjugaison;futur
35302;cm1;conjugaison;futur
35303;cm1;conjugaison;futur
35304;cm1;conjugaison;futur
35305;cm1;conjugaison;futur
35306;cm1;conjugaison;futur
35307;cm1;conjugaison;futur
35308;cm1;conjugaison;futur
35309;cm1;conjugaison;futur
35310;cm1;conjugaison;futur
35311;cm1;conjugaison;futur
35312;cm1;conjugaison;futur
35313;cm1;conjugaison;futur
35314;cm1;conjugaison;futur
35315;cm1;conjugaison;futur
35316;cm1;conjugaison;futur
35317;cm1;conjugaison;futur
35318;cm1;conjugaison;futur
35319;cm1;conjugaison;futur
35320;cm1;conjugaison;futur
35321;cm1;conjugaison;futur
35322;cm1;conjugaison;futur
35323;cm1;conjugaison;futur
35324;cm1;conjugaison;futur
35325;cm1;conjugaison;futur
35326;cm1;conjugaison;futur
35327;cm1;conjugaison;futur
35328;cm1;conjugaison;futur
35329;cm1;conjugaison;futur
35330;cm1;conjugaison;futur
35331;cm1;conjugaison;futur
35332;cm1;conjugaison;futur
35333;cm1;conjugaison;futur
35334;cm1;conjugaison;futur
35335;cm1;conjugaison;futur
35336;cm1;conjugaison;futur
35337;cm1;conjugaison;futur
35338;cm1;conjugaison;futur
35339;cm1;conjugaison;futur
35340;cm1;conjugaison;futur
35341;cm1;conjugaison;futur
35342;cm1;conjugaison;futur
35343;cm1;conjugaison;futur
35344;cm1;conjugaison;futur
35345;cm1;conjugaison;futur
35346;cm1;conjugaison;futur
35347;cm1;conjugaison;futur
35348;cm1;conjugaison;futur
35349;cm1;conjugaison;futur
35350;cm1;conjugaison;futur
35351;cm1;conjugaison;futur
35352;cm1;conjugaison;futur
35353;cm1;conjugaison;futur
35354;cm1;conjugaison;futur
35355;cm1;conjugaison;futur
35356;cm1;conjugaison;futur
35357;cm1;conjugaison;futur
35358;cm1;conjugaison;futur
35359;cm1;conjugaison;futur
35360;cm1;conjugaison;futur
35361;cm1;conjugaison;futur
35362;cm1;conjugaison;futur
35363;cm1;conjugaison;futur
35364;cm1;conjugaison;futur
35365;cm1;conjugaison;futur
35366;cm1;conjugaison;futur
35367;cm1;conjugaison;futur
35368;cm1;conjugaison;futur
35369;cm1;conjugaison;futur
35370;cm1;conjugaison;futur
35371;cm1;conjugaison;futur
35372;cm1;conjugaison;futur
35373;cm1;conjugaison;futur
35374;cm1;conjugaison;futur
35375;cm1;conjugaison;futur
35376;cm1;conjugaison;futur
35377;cm1;conjugaison;futur
35378;cm1;conjugaison;futur
35379;cm1;conjugaison;futur
35380;cm1;conjugaison;futur
35381;cm1;conjugaison;futur
35382;cm1;conjugaison;futur
35383;cm1;conjugaison;futur
35384;cm1;conjugaison;futur
35385;cm1;conjugaison;futur
35386;cm1;conjugaison;passe_compose
35387;cm1;conjugaison;passe_compose
35388;cm1;conjugaison;passe_compose
35389;cm1;conjugaison;passe_compose
35390;cm1;conjugaison;passe_compose
35391;cm1;conjugaison;passe_compose
35392;cm1;conjugaison;passe_compose
35393;cm1;conjugaison;passe_compose
35394;cm1;conjugaison;passe_compose
35395;cm1;conjugaison;passe_compose
35396;cm1;conjugaison;passe_compose
35397;cm1;conjugaison;passe_compose
35398;cm1;conjugaison;passe_compose
35399;cm1;conjugaison;passe_compose
35400;cm1;conjugaison;passe_compose
35401;cm1;conjugaison;passe_compose
35402;cm1;conjugaison;passe_compose
35403;cm1;conjugaison;passe_compose
35404;cm1;conjugaison;passe_compose
35405;cm1;conjugaison;passe_compose
35406;cm1;conjugaison;passe_compose
35407;cm1;conjugaison;passe_compose
35408;cm1;conjugaison;passe_compose
35409;cm1;conjugaison;passe_compose
35410;cm1;conjugaison;passe_compose
35411;cm1;conjugaison;passe_compose
35412;cm1;conjugaison;passe_compose
35413;cm1;conjugaison;passe_compose
35414;cm1;conjugaison;passe_compose
35415;cm1;conjugaison;passe_compose
35416;cm1;conjugaison;passe_compose
35417;cm1;conjugaison;passe_compose
35418;cm1;conjugaison;passe_compose
35419;cm1;conjugaison;passe_compose
35420;cm1;conjugaison;passe_compose
35421;cm1;conjugaison;passe_compose
35422;cm1;conjugaison;passe_compose
35423;cm1;conjugaison;passe_compose
35424;cm1;conjugaison;passe_compose
35425;cm1;conjugaison;passe_compose
35426;cm1;conjugaison;passe_compose
35427;cm1;conjugaison;passe_compose
35428;cm1;conjugaison;passe_compose
35429;cm1;conjugaison;passe_compose
35430;cm1;conjugaison;passe_compose
35431;cm1;conjugaison;passe_compose
35432;cm1;conjugaison;passe_compose
35433;cm1;conjugaison;passe_compose
35434;cm1;conjugaison;passe_compose
35435;cm1;conjugaison;passe_compose
35436;cm1;conjugaison;passe_compose
35437;cm1;conjugaison;passe_compose
35438;cm1;conjugaison;passe_compose
35439;cm1;conjugaison;passe_compose
35440;cm1;conjugaison;passe_compose
35441;cm1;conjugaison;passe_compose
35442;cm1;conjugaison;passe_compose
35443;cm1;conjugaison;passe_compose
35444;cm1;conjugaison;passe_compose
35445;cm1;conjugaison;passe_compose
35446;cm1;conjugaison;passe_compose
35447;cm1;conjugaison;passe_compose
35448;cm1;conjugaison;passe_compose
35449;cm1;conjugaison;passe_compose
35450;cm1;conjugaison;passe_compose
35451;cm1;conjugaison;passe_compose
35452;cm1;conjugaison;passe_compose
35453;cm1;conjugaison;passe_compose
35454;cm1;conjugaison;passe_compose
35455;cm1;conjugaison;passe_compose
35456;cm1;conjugaison;passe_compose
35457;cm1;conjugaison;passe_compose
35458;cm1;conjugaison;present
35459;cm1;conjugaison;present
35460;cm1;conjugaison;present
35461;cm1;conjugaison;present
35462;cm1;conjugaison;imparfait
35463;cm1;conjugaison;imparfait
35464;cm1;conjugaison;imparfait
35465;cm1;conjugaison;imparfait
35466;cm1;conjugaison;imparfait
35467;cm1;conjugaison;imparfait
35468;cm1;conjugaison;imparfait
35469;cm1;conjugaison;imparfait
35470;cm1;conjugaison;imparfait
35471;cm1;conjugaison;imparfait
35472;cm1;conjugaison;imparfait
35473;cm1;conjugaison;imparfait
35474;cm1;conjugaison;imparfait
35475;cm1;conjugaison;imparfait
35476;cm1;conjugaison;imparfait
35477;cm1;conjugaison;imparfait
35478;cm1;conjugaison;imparfait
35479;cm1;conjugaison;imparfait
35480;cm1;conjugaison;imparfait
35481;cm1;conjugaison;imparfait
35482;cm1;conjugaison;imparfait
35483;cm1;conjugaison;imparfait
35484;cm1;conjugaison;imparfait
35485;cm1;conjugaison;imparfait
35486;cm1;conjugaison;imparfait
35487;cm1;conjugaison;imparfait
35488;cm1;conjugaison;imparfait
35489;cm1;conjugaison;imparfait
35490;cm1;conjugaison;imparfait
35491;cm1;conjugaison;imparfait
35492;cm1;conjugaison;imparfait
35493;cm1;conjugaison;imparfait
35494;cm1;conjugaison;imparfait
35495;cm1;conjugaison;imparfait
35496;cm1;conjugaison;imparfait
35497;cm1;conjugaison;imparfait
35498;cm1;conjugaison;imparfait
35499;cm1;conjugaison;imparfait
35500;cm1;conjugaison;imparfait
35501;cm1;conjugaison;imparfait
35502;cm1;conjugaison;imparfait
35503;cm1;conjugaison;imparfait
35504;cm1;conjugaison;imparfait
35505;cm1;conjugaison;imparfait
35506;cm1;conjugaison;imparfait
35507;cm1;conjugaison;imparfait
35508;cm1;conjugaison;imparfait
35509;cm1;conjugaison;imparfait
35510;cm1;conjugaison;imparfait
35511;cm1;conjugaison;imparfait
35512;cm1;conjugaison;imparfait
35513;cm1;conjugaison;imparfait
35514;cm1;conjugaison;imparfait
35515;cm1;conjugaison;imparfait
35516;cm1;conjugaison;imparfait
35517;cm1;conjugaison;imparfait
35518;cm1;conjugaison;imparfait
35519;cm1;conjugaison;imparfait
35520;cm1;conjugaison;imparfait
35521;cm1;conjugaison;imparfait
35522;cm1;conjugaison;imparfait
35523;cm1;conjugaison;imparfait
35524;cm1;conjugaison;imparfait
35525;cm1;conjugaison;imparfait
35526;cm1;conjugaison;imparfait
35527;cm1;conjugaison;imparfait
35528;cm1;conjugaison;imparfait
35529;cm1;conjugaison;imparfait
35530;cm1;conjugaison;imparfait
35531;cm1;conjugaison;imparfait
35532;cm1;conjugaison;imparfait
35533;cm1;conjugaison;imparfait
35534;cm1;conjugaison;imparfait
35535;cm1;conjugaison;imparfait
35536;cm1;conjugaison;imparfait
35537;cm1;conjugaison;imparfait
35538;cm1;conjugaison;imparfait
35539;cm1;conjugaison;imparfait
35540;cm1;conjugaison;imparfait
35541;cm1;conjugaison;imparfait
35542;cm1;conjugaison;imparfait
35543;cm1;conjugaison;imparfait
35544;cm1;conjugaison;imparfait
35545;cm1;conjugaison;imparfait
35546;cm1;conjugaison;imparfait
35547;cm1;conjugaison;imparfait
35548;cm1;conjugaison;imparfait
35549;cm1;conjugaison;imparfait
35550;cm1;conjugaison;imparfait
35551;cm1;conjugaison;imparfait
35552;cm1;conjugaison;imparfait
35553;cm1;conjugaison;imparfait
35554;cm1;conjugaison;imparfait
35555;cm1;conjugaison;imparfait
35556;cm1;conjugaison;imparfait
35557;cm1;conjugaison;imparfait
35558;cm1;conjugaison;imparfait
35559;cm1;conjugaison;imparfait
35560;cm1;conjugaison;imparfait
35561;cm1;conjugaison;imparfait
35562;cm1;conjugaison;imparfait
35563;cm1;conjugaison;imparfait
35564;cm1;conjugaison;imparfait
35565;cm1;conjugaison;imparfait
35566;cm1;conjugaison;imparfait
35567;cm1;conjugaison;imparfait
35568;cm1;conjugaison;imparfait
35569;cm1;conjugaison;imparfait
35570;cm1;conjugaison;imparfait
35571;cm1;conjugaison;imparfait
35572;cm1;conjugaison;imparfait
35573;cm1;conjugaison;imparfait
35574;cm1;conjugaison;imparfait
35575;cm1;conjugaison;imparfait
35576;cm1;conjugaison;imparfait
35577;cm1;conjugaison;imparfait
35578;cm1;conjugaison;imparfait
35579;cm1;conjugaison;imparfait
35580;cm1;conjugaison;imparfait
35581;cm1;conjugaison;imparfait
35582;cm1;conjugaison;imparfait
35583;cm1;conjugaison;imparfait
35584;cm1;conjugaison;imparfait
35585;cm1;conjugaison;imparfait
35586;cm1;conjugaison;imparfait
35587;cm1;conjugaison;imparfait
35588;cm1;conjugaison;imparfait
35589;cm1;conjugaison;imparfait
35590;cm1;conjugaison;imparfait
35591;cm1;conjugaison;imparfait
35592;cm1;conjugaison;imparfait
35593;cm1;conjugaison;imparfait
35594;cm1;conjugaison;imparfait
35595;cm1;conjugaison;imparfait
35596;cm1;conjugaison;imparfait
35597;cm1;conjugaison;imparfait
35598;cm1;conjugaison;imparfait
35599;cm1;conjugaison;imparfait
35600;cm1;conjugaison;imparfait
35601;cm1;conjugaison;imparfait
35602;cm1;conjugaison;imparfait
35603;cm1;conjugaison;imparfait
35604;cm1;conjugaison;imparfait
35605;cm1;conjugaison;imparfait
35606;cm1;conjugaison;imparfait
35607;cm1;conjugaison;imparfait
35608;cm1;conjugaison;imparfait
35609;cm1;conjugaison;imparfait
35610;cm1;conjugaison;imparfait
35611;cm1;conjugaison;imparfait
35612;cm1;conjugaison;imparfait
35613;cm1;conjugaison;imparfait
35614;cm1;conjugaison;imparfait
35615;cm1;conjugaison;imparfait
35616;cm1;conjugaison;imparfait
35617;cm1;conjugaison;imparfait
35618;cm1;conjugaison;imparfait
35619;cm1;conjugaison;imparfait
35620;cm1;conjugaison;imparfait
35621;cm1;conjugaison;imparfait
35622;cm1;conjugaison;futur
35623;cm1;conjugaison;futur
35624;cm1;conjugaison;futur
35625;cm1;conjugaison;futur
35626;cm1;conjugaison;futur
35627;cm1;conjugaison;futur
35628;cm1;conjugaison;futur
35629;cm1;conjugaison;futur
35630;cm1;conjugaison;futur
35631;cm1;conjugaison;futur
35632;cm1;conjugaison;futur
35633;cm1;conjugaison;futur
35634;cm1;conjugaison;futur
35635;cm1;conjugaison;futur
35636;cm1;conjugaison;futur
35637;cm1;conjugaison;futur
35638;cm1;conjugaison;futur
35639;cm1;conjugaison;futur
35640;cm1;conjugaison;futur
35641;cm1;conjugaison;futur
35642;cm1;conjugaison;futur
35643;cm1;conjugaison;futur
35644;cm1;conjugaison;futur
35645;cm1;conjugaison;futur
35646;cm1;conjugaison;futur
35647;cm1;conjugaison;futur
35648;cm1;conjugaison;futur
35649;cm1;conjugaison;futur
35650;cm1;conjugaison;futur
35651;cm1;conjugaison;futur
35652;cm1;conjugaison;futur
35653;cm1;conjugaison;futur
35654;cm1;conjugaison;futur
35655;cm1;conjugaison;futur
35656;cm1;conjugaison;futur
35657;cm1;conjugaison;futur
35658;cm1;conjugaison;futur
35659;cm1;conjugaison;futur
35660;cm1;conjugaison;futur
35661;cm1;conjugaison;futur
35662;cm1;conjugaison;futur
35663;cm1;conjugaison;futur
35664;cm1;conjugaison;futur
35665;cm1;conjugaison;futur
35666;cm1;conjugaison;futur
35667;cm1;conjugaison;futur
35668;cm1;conjugaison;futur
35669;cm1;conjugaison;futur
35670;cm1;conjugaison;futur
35671;cm1;conjugaison;futur
35672;cm1;conjugaison;futur
35673;cm1;conjugaison;futur
35674;cm1;conjugaison;futur
35675;cm1;conjugaison;futur
35676;cm1;conjugaison;futur
35677;cm1;conjugaison;futur
35678;cm1;conjugaison;futur
35679;cm1;conjugaison;futur
35680;cm1;conjugaison;futur
35681;cm1;conjugaison;futur
35682;cm1;conjugaison;futur
35683;cm1;conjugaison;futur
35684;cm1;conjugaison;futur
35685;cm1;conjugaison;futur
35686;cm1;conjugaison;futur
35687;cm1;conjugaison;futur
35688;cm1;conjugaison;futur
35689;cm1;conjugaison;futur
35690;cm1;conjugaison;futur
35691;cm1;conjugaison;futur
35692;cm1;conjugaison;futur
35693;cm1;conjugaison;futur
35694;cm1;conjugaison;futur
35695;cm1;conjugaison;futur
35696;cm1;conjugaison;futur
35697;cm1;conjugaison;futur
35698;cm1;conjugaison;futur
35699;cm1;conjugaison;futur
35700;cm1;conjugaison;futur
35701;cm1;conjugaison;futur
35702;cm1;conjugaison;futur
35703;cm1;conjugaison;futur
35704;cm1;conjugaison;futur
35705;cm1;conjugaison;futur
35706;cm1;conjugaison;futur
35707;cm1;conjugaison;futur
35708;cm1;conjugaison;futur
35709;cm1;conjugaison;futur
35710;cm1;conjugaison;futur
35711;cm1;conjugaison;futur
35712;cm1;conjugaison;futur
35713;cm1;conjugaison;futur
35714;cm1;conjugaison;futur
35715;cm1;conjugaison;futur
35716;cm1;conjugaison;futur
35717;cm1;conjugaison;futur
35718;cm1;conjugaison;futur
35719;cm1;conjugaison;futur
35720;cm1;conjugaison;futur
35721;cm1;conjugaison;futur
35722;cm1;conjugaison;futur
35723;cm1;conjugaison;futur
35724;cm1;conjugaison;futur
35725;cm1;conjugaison;futur
35726;cm1;conjugaison;futur
35727;cm1;conjugaison;futur
35728;cm1;conjugaison;futur
35729;cm1;conjugaison;futur
35730;cm1;conjugaison;futur
35731;cm1;conjugaison;futur
35732;cm1;conjugaison;futur
35733;cm1;conjugaison;futur
35734;cm1;conjugaison;futur
35735;cm1;conjugaison;futur
35736;cm1;conjugaison;futur
35737;cm1;conjugaison;futur
35738;cm1;conjugaison;futur
35739;cm1;conjugaison;futur
35740;cm1;conjugaison;futur
35741;cm1;conjugaison;futur
35742;cm1;conjugaison;futur
35743;cm1;conjugaison;futur
35744;cm1;conjugaison;futur
35745;cm1;conjugaison;futur
35746;cm1;conjugaison;futur
35747;cm1;conjugaison;futur
35748;cm1;conjugaison;futur
35749;cm1;conjugaison;futur
35750;cm1;conjugaison;futur
35751;cm1;conjugaison;futur
35752;cm1;conjugaison;futur
35753;cm1;conjugaison;futur
35754;cm1;conjugaison;futur
35755;cm1;conjugaison;futur
35756;cm1;conjugaison;futur
35757;cm1;conjugaison;futur
35758;cm1;conjugaison;futur
35759;cm1;conjugaison;futur
35760;cm1;conjugaison;futur
35761;cm1;conjugaison;futur
35762;cm1;conjugaison;futur
35763;cm1;conjugaison;futur
35764;cm1;conjugaison;futur
35765;cm1;conjugaison;futur
35766;cm1;conjugaison;futur
35767;cm1;conjugaison;futur
35768;cm1;conjugaison;futur
35769;cm1;conjugaison;futur
35770;cm1;conjugaison;futur
35771;cm1;conjugaison;futur
35772;cm1;conjugaison;futur
35773;cm1;conjugaison;futur
35774;cm1;conjugaison;futur
35775;cm1;conjugaison;futur
35776;cm1;conjugaison;futur
35777;cm1;conjugaison;futur
35778;cm1;conjugaison;futur
35779;cm1;conjugaison;futur
35780;cm1;conjugaison;futur
35781;cm1;conjugaison;futur
35782;cm1;conjugaison;passe_compose
35783;cm1;conjugaison;passe_compose
35784;cm1;conjugaison;passe_compose
35785;cm1;conjugaison;passe_compose
35786;cm1;conjugaison;passe_compose
35787;cm1;conjugaison;passe_compose
35788;cm1;conjugaison;passe_compose
35789;cm1;conjugaison;passe_compose
35790;cm1;conjugaison;passe_compose
35791;cm1;conjugaison;passe_compose
35792;cm1;conjugaison;passe_compose
35793;cm1;conjugaison;passe_compose
35794;cm1;conjugaison;passe_compose
35795;cm1;conjugaison;passe_compose
35796;cm1;conjugaison;passe_compose
35797;cm1;conjugaison;passe_compose
35798;cm1;conjugaison;passe_compose
35799;cm1;conjugaison;passe_compose
35800;cm1;conjugaison;passe_compose
35801;cm1;conjugaison;passe_compose
35802;cm1;conjugaison;passe_compose
35803;cm1;conjugaison;passe_compose
35804;cm1;conjugaison;passe_compose
35805;cm1;conjugaison;passe_compose
35806;cm1;conjugaison;passe_compose
35807;cm1;conjugaison;passe_compose
35808;cm1;conjugaison;passe_compose
35809;cm1;conjugaison;passe_compose
35810;cm1;conjugaison;passe_compose
35811;cm1;conjugaison;passe_compose
35812;cm1;conjugaison;passe_compose
35813;cm1;conjugaison;passe_compose
35814;cm1;conjugaison;passe_compose
35815;cm1;conjugaison;passe_compose
35816;cm1;conjugaison;passe_compose
35817;cm1;conjugaison;passe_compose
35818;cm1;conjugaison;passe_compose
35819;cm1;conjugaison;passe_compose
35820;cm1;conjugaison;passe_compose
35821;cm1;conjugaison;passe_compose
35822;cm1;conjugaison;passe_compose
35823;cm1;conjugaison;passe_compose
35824;cm1;conjugaison;passe_compose
35825;cm1;conjugaison;passe_compose
35826;cm1;conjugaison;passe_compose
35827;cm1;conjugaison;passe_compose
35828;cm1;conjugaison;passe_compose
35829;cm1;conjugaison;passe_compose
35830;cm1;conjugaison;passe_compose
35831;cm1;conjugaison;passe_compose
35832;cm1;conjugaison;passe_compose
35833;cm1;conjugaison;passe_compose
35834;cm1;conjugaison;passe_compose
35835;cm1;conjugaison;passe_compose
35836;cm1;conjugaison;passe_compose
35837;cm1;conjugaison;passe_compose
35838;cm1;conjugaison;passe_compose
35839;cm1;conjugaison;passe_compose
35840;cm1;conjugaison;passe_compose
35841;cm1;conjugaison;passe_compose
35842;cm1;conjugaison;passe_compose
35843;cm1;conjugaison;passe_compose
35844;cm1;conjugaison;passe_compose
35845;cm1;conjugaison;passe_compose
35846;cm1;conjugaison;passe_compose
35847;cm1;conjugaison;passe_compose
35848;cm1;conjugaison;passe_compose
35849;cm1;conjugaison;passe_compose
35850;cm1;conjugaison;passe_compose
35851;cm1;conjugaison;passe_compose
35852;cm1;conjugaison;passe_compose
35853;cm1;conjugaison;passe_compose
35854;cm1;conjugaison;passe_compose
35855;cm1;conjugaison;passe_compose
35856;cm1;conjugaison;passe_compose
35857;cm1;conjugaison;passe_compose
35858;cm1;conjugaison;passe_compose
35859;cm1;conjugaison;passe_compose
35860;cm1;conjugaison;passe_compose
35861;cm1;conjugaison;passe_compose
35862;cm1;conjugaison;passe_compose
35863;cm1;conjugaison;passe_compose
35864;cm1;conjugaison;passe_compose
35865;cm1;conjugaison;passe_compose
35866;cm1;conjugaison;passe_compose
35867;cm1;conjugaison;passe_compose
35868;cm1;conjugaison;passe_compose
35869;cm1;conjugaison;passe_compose
35870;cm1;conjugaison;passe_compose
35871;cm1;conjugaison;passe_compose
35872;cm1;conjugaison;passe_compose
35873;cm1;conjugaison;passe_compose
35874;cm1;conjugaison;passe_compose
35875;cm1;conjugaison;passe_compose
35876;cm1;conjugaison;passe_compose
35877;cm1;conjugaison;passe_compose
35878;cm1;conjugaison;passe_compose
35879;cm1;conjugaison;passe_compose
35880;cm1;conjugaison;passe_compose
35881;cm1;conjugaison;passe_compose
35882;cm1;conjugaison;passe_compose
35883;cm1;conjugaison;passe_compose
35884;cm1;conjugaison;passe_compose
35885;cm1;conjugaison;passe_compose
35886;cm1;conjugaison;passe_compose
35887;cm1;conjugaison;passe_compose
35888;cm1;conjugaison;passe_compose
35889;cm1;conjugaison;passe_compose
35890;cm1;conjugaison;passe_compose
35891;cm1;conjugaison;passe_compose
35892;cm1;conjugaison;passe_compose
35893;cm1;conjugaison;passe_compose
35894;cm1;conjugaison;passe_compose
35895;cm1;conjugaison;passe_compose
35896;cm1;conjugaison;passe_compose
35897;cm1;conjugaison;passe_compose
35898;cm1;conjugaison;passe_compose
35899;cm1;conjugaison;passe_compose
35900;cm1;conjugaison;passe_compose
35901;cm1;conjugaison;passe_compose
35902;cm1;conjugaison;passe_compose
35903;cm1;conjugaison;passe_compose
35904;cm1;conjugaison;passe_compose
35905;cm1;conjugaison;passe_compose
35906;cm1;conjugaison;passe_compose
35907;cm1;conjugaison;passe_compose
35908;cm1;conjugaison;passe_compose
35909;cm1;conjugaison;passe_compose
35910;cm1;conjugaison;passe_compose
35911;cm1;conjugaison;passe_compose
35912;cm1;conjugaison;passe_compose
35913;cm1;conjugaison;passe_compose
35914;cm1;conjugaison;passe_compose
35915;cm1;conjugaison;passe_compose
35916;cm1;conjugaison;passe_compose
35917;cm1;conjugaison;passe_compose
35918;cm1;conjugaison;passe_compose
35919;cm1;conjugaison;passe_compose
35920;cm1;conjugaison;passe_compose
35921;cm1;conjugaison;passe_compose
35922;cm1;conjugaison;imparfait
35923;cm1;conjugaison;imparfait
35924;cm1;conjugaison;imparfait
35925;cm1;conjugaison;imparfait
35926;cm1;conjugaison;imparfait
35927;cm1;conjugaison;imparfait
35928;cm1;conjugaison;imparfait
35929;cm1;conjugaison;imparfait
35930;cm1;conjugaison;imparfait
35931;cm1;conjugaison;imparfait
35932;cm1;conjugaison;imparfait
35933;cm1;conjugaison;imparfait
35934;cm1;conjugaison;imparfait
35935;cm1;conjugaison;imparfait
35936;cm1;conjugaison;imparfait
35937;cm1;conjugaison;imparfait
35938;cm1;conjugaison;imparfait
35939;cm1;conjugaison;imparfait
35940;cm1;conjugaison;imparfait
35941;cm1;conjugaison;imparfait
35942;cm1;conjugaison;imparfait
35943;cm1;conjugaison;imparfait
35944;cm1;conjugaison;imparfait
35945;cm1;conjugaison;imparfait
35946;cm1;conjugaison;imparfait
35947;cm1;conjugaison;imparfait
35948;cm1;conjugaison;imparfait
35949;cm1;conjugaison;imparfait
35950;cm1;conjugaison;imparfait
35951;cm1;conjugaison;imparfait
35952;cm1;conjugaison;imparfait
35953;cm1;conjugaison;imparfait
35954;cm1;conjugaison;imparfait
35955;cm1;conjugaison;imparfait
35956;cm1;conjugaison;imparfait
35957;cm1;conjugaison;imparfait
21000;cm1;english;en_comparer
21001;cm1;english;en_comparer
21002;cm1;english;en_comparer
21003;cm1;english;en_comparer
21004;cm1;english;en_avoir_etre
21005;cm1;english;en_comparer
21006;cm1;english;en_comparer
21007;cm1;english;en_comparer
21008;cm1;english;en_present_continu
21009;cm1;english;en_meteo_nature
21010;cm1;english;en_pays
21011;cm1;english;en_present_continu
21012;cm1;english;en_comparer
21013;cm1;english;en_comparer
21014;cm1;english;en_comparer
21015;cm1;english;en_comparer
21016;cm1;english;en_meteo_nature
21017;cm1;english;en_corps
21018;cm1;english;en_gouts
21019;cm1;english;en_avoir_etre
21020;cm1;english;en_pays
21021;cm1;english;en_comparer
21022;cm1;english;en_comparer
21023;cm1;english;en_gouts
21024;cm1;english;en_comparer
21025;cm1;english;en_present_continu
21026;cm1;english;en_comparer
21027;cm1;english;en_comparer
21028;cm1;english;en_comparer
21029;cm1;english;en_comparer
21030;cm1;english;en_corps
21031;cm1;english;en_present_continu
21032;cm1;english;en_comparer
21033;cm1;english;en_comparer
21034;cm1;english;en_comparer
21035;cm1;english;en_comparer
21036;cm1;english;en_comparer
21037;cm1;english;en_loisirs_metiers
21038;cm1;english;en_ville_transports
21039;cm1;english;en_nombres
21040;cm1;english;en_comparer
21041;cm1;english;en_comparer
21042;cm1;english;en_comparer
21043;cm1;english;en_politesse_consignes
21044;cm1;english;en_pays
21045;cm1;english;en_pays
21046;cm1;english;en_comparer
21047;cm1;english;en_present_continu
21048;cm1;english;en_comparer
21049;cm1;english;en_comparer
21050;cm1;english;en_comparer
21051;cm1;english;en_gouts
21052;cm1;english;en_politesse_consignes
21053;cm1;english;en_nombres
21054;cm1;english;en_nombres
21055;cm1;english;en_comparer
21056;cm1;english;en_nombres
21057;cm1;english;en_corps
21058;cm1;english;en_gouts
21059;cm1;english;en_corps
21060;cm1;english;en_pays
21061;cm1;english;en_comparer
21062;cm1;english;en_politesse_consignes
21063;cm1;english;en_comparer
21064;cm1;english;en_questions_lieux
21065;cm1;english;en_comparer
21066;cm1;english;en_comparer
21067;cm1;english;en_comparer
21068;cm1;english;en_comparer
21069;cm1;english;en_comparer
21070;cm1;english;en_avoir_etre
21071;cm1;english;en_comparer
21072;cm1;english;en_comparer
21073;cm1;english;en_comparer
21074;cm1;english;en_ville_transports
21076;cm1;english;en_nombres
21077;cm1;english;en_questions_lieux
21078;cm1;english;en_comparer
21079;cm1;english;en_gouts
21080;cm1;english;en_present_continu
21081;cm1;english;en_comparer
21082;cm1;english;en_pays
21083;cm1;english;en_comparer
21084;cm1;english;en_pays
21085;cm1;english;en_pays
21086;cm1;english;en_comparer
21087;cm1;english;en_comparer
21088;cm1;english;en_nombres
21089;cm1;english;en_nombres
21090;cm1;english;en_nombres
21091;cm1;english;en_nombres
21092;cm1;english;en_nombres
21093;cm1;english;en_nombres
21094;cm1;english;en_present_continu
21095;cm1;english;en_nombres
21096;cm1;english;en_comparer
21097;cm1;english;en_nombres
21098;cm1;english;en_comparer
21099;cm1;english;en_present_continu
21100;cm1;english;en_comparer
21101;cm1;english;en_comparer
21102;cm1;english;en_comparer
21103;cm1;english;en_gouts
21104;cm1;english;en_questions_lieux
21105;cm1;english;en_pays
21106;cm1;english;en_comparer
21107;cm1;english;en_present_continu
21108;cm1;english;en_comparer
21109;cm1;english;en_comparer
21110;cm1;english;en_comparer
21111;cm1;english;en_comparer
21112;cm1;english;en_present_continu
21113;cm1;english;en_present_continu
21114;cm1;english;en_comparer
21115;cm1;english;en_comparer
21116;cm1;english;en_comparer
21117;cm1;english;en_comparer
21118;cm1;english;en_comparer
21119;cm1;english;en_comparer
21120;cm1;english;en_comparer
21121;cm1;english;en_nombres
21122;cm1;english;en_corps
21123;cm1;english;en_comparer
21124;cm1;english;en_comparer
21125;cm1;english;en_questions_lieux
21126;cm1;english;en_comparer
21127;cm1;english;en_comparer
21128;cm1;english;en_comparer
21129;cm1;english;en_gouts
21130;cm1;english;en_questions_lieux
21131;cm1;english;en_pays
21132;cm1;english;en_pays
21133;cm1;english;en_comparer
21134;cm1;english;en_comparer
21135;cm1;english;en_comparer
21136;cm1;english;en_pays
21137;cm1;english;en_corps
21138;cm1;english;en_pays
21139;cm1;english;en_nombres
21140;cm1;english;en_pays
21141;cm1;english;en_comparer
21142;cm1;english;en_corps
21143;cm1;english;en_corps
21144;cm1;english;en_comparer
21145;cm1;english;en_comparer
21146;cm1;english;en_comparer
21147;cm1;english;en_avoir_etre
21148;cm1;english;en_corps
21149;cm1;english;en_comparer
21150;cm1;english;en_gouts
21151;cm1;english;en_comparer
21152;cm1;english;en_comparer
21153;cm1;english;en_comparer
21154;cm1;english;en_comparer
21155;cm1;english;en_comparer
21156;cm1;english;en_politesse_consignes
21157;cm1;english;en_nombres
21158;cm1;english;en_comparer
21159;cm1;english;en_loisirs_metiers
21160;cm1;english;en_comparer
21161;cm1;english;en_comparer
21162;cm1;english;en_nombres
21163;cm1;english;en_comparer
21164;cm1;english;en_comparer
21165;cm1;english;en_comparer
21166;cm1;english;en_pays
21167;cm1;english;en_gouts
21168;cm1;english;en_comparer
21169;cm1;english;en_comparer
21170;cm1;english;en_comparer
21171;cm1;english;en_pays
21172;cm1;english;en_maison_famille
21173;cm1;english;en_maison_famille
21174;cm1;english;en_comparer
21175;cm1;english;en_gouts
21176;cm1;english;en_comparer
21177;cm1;english;en_comparer
21178;cm1;english;en_comparer
21179;cm1;english;en_vetements
21180;cm1;english;en_comparer
21181;cm1;english;en_nombres
21182;cm1;english;en_comparer
21183;cm1;english;en_nombres
21184;cm1;english;en_comparer
21185;cm1;english;en_pays
21186;cm1;english;en_comparer
21187;cm1;english;en_gouts
21188;cm1;english;en_nombres
21189;cm1;english;en_comparer
21190;cm1;english;en_comparer
21191;cm1;english;en_comparer
21192;cm1;english;en_comparer
21193;cm1;english;en_comparer
21194;cm1;english;en_comparer
21195;cm1;english;en_present_continu
21196;cm1;english;en_comparer
21197;cm1;english;en_comparer
21198;cm1;english;en_nombres
21199;cm1;english;en_pays
21200;cm1;english;en_nombres
21201;cm1;english;en_comparer
21202;cm1;english;en_pays
21203;cm1;english;en_comparer
21204;cm1;english;en_corps
21205;cm1;english;en_comparer
21206;cm1;english;en_comparer
21207;cm1;english;en_loisirs_metiers
21208;cm1;english;en_loisirs_metiers
21209;cm1;english;en_pays
21210;cm1;english;en_loisirs_metiers
21211;cm1;english;en_comparer
21212;cm1;english;en_comparer
21213;cm1;english;en_comparer
21214;cm1;english;en_comparer
21215;cm1;english;en_comparer
21216;cm1;english;en_comparer
21217;cm1;english;en_politesse_consignes
21218;cm1;english;en_nourriture
21219;cm1;english;en_questions_lieux
21220;cm1;english;en_comparer
21221;cm1;english;en_nourriture
21222;cm1;english;en_meteo_nature
21223;cm1;english;en_meteo_nature
21224;cm1;english;en_meteo_nature
21225;cm1;english;en_meteo_nature
21226;cm1;english;en_meteo_nature
21227;cm1;english;en_comparer
21228;cm1;english;en_comparer
21229;cm1;english;en_comparer
21230;cm1;english;en_loisirs_metiers
21231;cm1;english;en_present_continu
21232;cm1;english;en_pays
21233;cm1;english;en_comparer
21234;cm1;english;en_comparer
21235;cm1;english;en_comparer
21236;cm1;english;en_gouts
21237;cm1;english;en_comparer
21238;cm1;english;en_corps
21239;cm1;english;en_comparer
21240;cm1;english;en_pays
21241;cm1;english;en_comparer
21242;cm1;english;en_comparer
21243;cm1;english;en_comparer
21244;cm1;english;en_comparer
21245;cm1;english;en_comparer
21246;cm1;english;en_politesse_consignes
21247;cm1;english;en_politesse_consignes
21248;cm1;english;en_comparer
21249;cm1;english;en_comparer
21250;cm1;english;en_comparer
21251;cm1;english;en_avoir_etre
21252;cm1;english;en_comparer
21253;cm1;english;en_comparer
21254;cm1;english;en_comparer
21255;cm1;english;en_comparer
21256;cm1;english;en_pays
21257;cm1;english;en_comparer
21258;cm1;english;en_avoir_etre
21259;cm1;english;en_comparer
21260;cm1;english;en_comparer
21261;cm1;english;en_comparer
21262;cm1;english;en_adjectifs
21263;cm1;english;en_adjectifs
21264;cm1;english;en_adjectifs
21265;cm1;english;en_adjectifs
21266;cm1;english;en_contraires_synonymes
21267;cm1;english;en_adjectifs
21268;cm1;english;en_contraires_synonymes
21269;cm1;english;en_adjectifs
21270;cm1;english;en_adjectifs
21271;cm1;english;en_adjectifs
21272;cm1;english;en_adjectifs
21273;cm1;english;en_adjectifs
21274;cm1;english;en_adjectifs
21275;cm1;english;en_adjectifs
21276;cm1;english;en_adjectifs
21277;cm1;english;en_adjectifs
21278;cm1;english;en_adjectifs
21279;cm1;english;en_adjectifs
21280;cm1;english;en_pays
21281;cm1;english;en_politesse_consignes
21282;cm1;english;en_adjectifs
21283;cm1;english;en_adjectifs
21284;cm1;english;en_adjectifs
21285;cm1;english;en_adjectifs
21286;cm1;english;en_adjectifs
21287;cm1;english;en_adjectifs
21288;cm1;english;en_adjectifs
21289;cm1;english;en_adjectifs
21290;cm1;english;en_adjectifs
21291;cm1;english;en_adjectifs
21292;cm1;english;en_adjectifs
21293;cm1;english;en_adjectifs
21294;cm1;english;en_adjectifs
21295;cm1;english;en_adjectifs
21296;cm1;english;en_pays
21297;cm1;english;en_pays
21298;cm1;english;en_pays
21299;cm1;english;en_pays
21300;cm1;english;en_pays
21301;cm1;english;en_pays
21302;cm1;english;en_pays
21303;cm1;english;en_pays
21304;cm1;english;en_pays
21305;cm1;english;en_pays
21306;cm1;english;en_pays
21307;cm1;english;en_pays
21308;cm1;english;en_pays
21309;cm1;english;en_pays
21310;cm1;english;en_pays
21311;cm1;english;en_pays
21312;cm1;english;en_comparer
21313;cm1;english;en_comparer
21314;cm1;english;en_comparer
21315;cm1;english;en_comparer
21316;cm1;english;en_comparer
21317;cm1;english;en_comparer
21318;cm1;english;en_comparer
21319;cm1;english;en_comparer
21320;cm1;english;en_comparer
21321;cm1;english;en_comparer
21322;cm1;english;en_comparer
21323;cm1;english;en_comparer
21324;cm1;english;en_comparer
21325;cm1;english;en_comparer
21326;cm1;english;en_comparer
21327;cm1;english;en_comparer
21328;cm1;english;en_comparer
21329;cm1;english;en_comparer
21330;cm1;english;en_comparer
21331;cm1;english;en_comparer
21332;cm1;english;en_comparer
21333;cm1;english;en_comparer
21334;cm1;english;en_comparer
21335;cm1;english;en_comparer
21336;cm1;english;en_comparer
21337;cm1;english;en_comparer
21338;cm1;english;en_comparer
21339;cm1;english;en_comparer
21340;cm1;english;en_consignes_obligation
21341;cm1;english;en_consignes_obligation
21342;cm1;english;en_consignes_obligation
21343;cm1;english;en_consignes_obligation
21344;cm1;english;en_consignes_obligation
21345;cm1;english;en_consignes_obligation
21346;cm1;english;en_consignes_obligation
21347;cm1;english;en_consignes_obligation
21348;cm1;english;en_consignes_obligation
21349;cm1;english;en_consignes_obligation
21350;cm1;english;en_consignes_obligation
21351;cm1;english;en_consignes_obligation
21352;cm1;english;en_consignes_obligation
21353;cm1;english;en_consignes_obligation
21354;cm1;english;en_consignes_obligation
21355;cm1;english;en_consignes_obligation
21356;cm1;english;en_consignes_obligation
21357;cm1;english;en_consignes_obligation
21358;cm1;english;en_consignes_obligation
21359;cm1;english;en_consignes_obligation
21360;cm1;english;en_demonstratifs
21361;cm1;english;en_demonstratifs
21362;cm1;english;en_demonstratifs
21363;cm1;english;en_demonstratifs
21364;cm1;english;en_demonstratifs
21365;cm1;english;en_demonstratifs
21366;cm1;english;en_demonstratifs
21367;cm1;english;en_demonstratifs
21368;cm1;english;en_demonstratifs
21369;cm1;english;en_demonstratifs
21370;cm1;english;en_demonstratifs
21371;cm1;english;en_demonstratifs
21372;cm1;english;en_demonstratifs
21373;cm1;english;en_demonstratifs
21374;cm1;english;en_demonstratifs
21375;cm1;english;en_demonstratifs
21376;cm1;english;en_demonstratifs
21377;cm1;english;en_demonstratifs
21378;cm1;english;en_demonstratifs
21379;cm1;english;en_demonstratifs
21380;cm1;english;en_demonstratifs
21381;cm1;english;en_demonstratifs
21382;cm1;english;en_demonstratifs
21383;cm1;english;en_demonstratifs
21384;cm1;english;en_pays
21385;cm1;english;en_pays
21386;cm1;english;en_pays
21387;cm1;english;en_pays
21388;cm1;english;en_pays
21389;cm1;english;en_pays
21390;cm1;english;en_pays
21391;cm1;english;en_pays
21392;cm1;english;en_pays
21393;cm1;english;en_pays
21394;cm1;english;en_contraires_synonymes
21395;cm1;english;en_contraires_synonymes
21396;cm1;english;en_contraires_synonymes
21397;cm1;english;en_contraires_synonymes
21398;cm1;english;en_contraires_synonymes
21399;cm1;english;en_contraires_synonymes
21400;cm1;english;en_contraires_synonymes
21401;cm1;english;en_contraires_synonymes
21402;cm1;english;en_contraires_synonymes
21403;cm1;english;en_contraires_synonymes
21404;cm1;english;en_contraires_synonymes
21405;cm1;english;en_contraires_synonymes
21406;cm1;english;en_contraires_synonymes
21407;cm1;english;en_contraires_synonymes
21408;cm1;english;en_contraires_synonymes
21409;cm1;english;en_contraires_synonymes
21410;cm1;english;en_gouts
21411;cm1;english;en_gouts
21412;cm1;english;en_gouts
21413;cm1;english;en_gouts
21414;cm1;english;en_gouts
21415;cm1;english;en_gouts
21416;cm1;english;en_gouts
21417;cm1;english;en_gouts
21418;cm1;english;en_gouts
21419;cm1;english;en_gouts
21420;cm1;english;en_gouts
21421;cm1;english;en_gouts
21422;cm1;english;en_gouts
21423;cm1;english;en_gouts
21424;cm1;english;en_gouts
21425;cm1;english;en_gouts
21426;cm1;english;en_gouts
21427;cm1;english;en_gouts
21428;cm1;english;en_gouts
21429;cm1;english;en_gouts
21430;cm1;english;en_pays
21431;cm1;english;en_pays
21432;cm1;english;en_pays
21433;cm1;english;en_pays
21434;cm1;english;en_pays
21435;cm1;english;en_pays
21436;cm1;english;en_pays
21437;cm1;english;en_pays
21438;cm1;english;en_pays
21439;cm1;english;en_pays
21440;cm1;english;en_pays
21441;cm1;english;en_pays
21442;cm1;english;en_pays
21443;cm1;english;en_pays
21444;cm1;english;en_pays
21445;cm1;english;en_pays
21446;cm1;english;en_pays
21447;cm1;english;en_comparer
21448;cm1;english;en_comparer
21449;cm1;english;en_comparer
21450;cm1;english;en_comparer
21451;cm1;english;en_avoir_etre
21452;cm1;english;en_questions_lieux
21453;cm1;english;en_comparer
21454;cm1;english;en_comparer
21455;cm1;english;en_comparer
21456;cm1;english;en_comparer
21457;cm1;english;en_present_continu
21458;cm1;english;en_pays
21459;cm1;english;en_loisirs_metiers
21460;cm1;english;en_avoir_etre
21461;cm1;english;en_avoir_etre
21462;cm1;english;en_comparer
21463;cm1;english;en_comparer
21464;cm1;english;en_comparer
21465;cm1;english;en_nombres
21466;cm1;english;en_comparer
21467;cm1;english;en_comparer
21468;cm1;english;en_comparer
21469;cm1;english;en_corps
21470;cm1;english;en_comparer
21471;cm1;english;en_comparer
21472;cm1;english;en_comparer
21473;cm1;english;en_comparer
21474;cm1;english;en_nombres
21475;cm1;english;en_comparer
21476;cm1;english;en_nombres
21477;cm1;english;en_nombres
21478;cm1;english;en_comparer
21479;cm1;english;en_comparer
21480;cm1;english;en_comparer
21481;cm1;english;en_comparer
21482;cm1;english;en_comparer
21483;cm1;english;en_comparer
21484;cm1;english;en_comparer
21485;cm1;english;en_comparer
21486;cm1;english;en_comparer
21487;cm1;english;en_comparer
21488;cm1;english;en_comparer
21489;cm1;english;en_comparer
21490;cm1;english;en_contraires_synonymes
21491;cm1;english;en_contraires_synonymes
21492;cm1;english;en_contraires_synonymes
21493;cm1;english;en_contraires_synonymes
21494;cm1;english;en_contraires_synonymes
21495;cm1;english;en_contraires_synonymes
21496;cm1;english;en_contraires_synonymes
21497;cm1;english;en_contraires_synonymes
21498;cm1;english;en_avoir_etre
21499;cm1;english;en_avoir_etre
21500;cm1;english;en_avoir_etre
21501;cm1;english;en_avoir_etre
21502;cm1;english;en_avoir_etre
21503;cm1;english;en_avoir_etre
21504;cm1;english;en_avoir_etre
21505;cm1;english;en_avoir_etre
21506;cm1;english;en_avoir_etre
21507;cm1;english;en_avoir_etre
11000;cm1;grammaire;fonctions
11001;cm1;grammaire;fonctions
11002;cm1;grammaire;fonctions
11003;cm1;grammaire;fonctions
11004;cm1;grammaire;fonctions
11005;cm1;grammaire;fonctions
11006;cm1;grammaire;fonctions
11007;cm1;grammaire;fonctions
11008;cm1;grammaire;fonctions
11009;cm1;grammaire;fonctions
11010;cm1;grammaire;fonctions
11011;cm1;grammaire;fonctions
11012;cm1;grammaire;fonctions
11013;cm1;grammaire;fonctions
11014;cm1;grammaire;fonctions
11015;cm1;grammaire;determinants
11016;cm1;grammaire;determinants
11017;cm1;grammaire;homophones
11018;cm1;grammaire;determinants
11019;cm1;grammaire;determinants
11020;cm1;grammaire;homophones
11021;cm1;grammaire;determinants
11022;cm1;grammaire;determinants
11023;cm1;grammaire;homophones
11024;cm1;grammaire;homophones
11025;cm1;grammaire;homophones
11026;cm1;grammaire;determinants
11027;cm1;grammaire;determinants
11028;cm1;grammaire;homophones
11029;cm1;grammaire;homophones
11030;cm1;grammaire;participe_passe
11031;cm1;grammaire;participe_passe
11032;cm1;grammaire;participe_passe
11033;cm1;grammaire;participe_passe
11034;cm1;grammaire;participe_passe
11035;cm1;grammaire;participe_passe
11036;cm1;grammaire;participe_passe
11037;cm1;grammaire;participe_passe
11038;cm1;grammaire;participe_passe
11039;cm1;grammaire;participe_passe
34000;cm1;grammaire;fonctions
34001;cm1;grammaire;fonctions
34002;cm1;grammaire;fonctions
34003;cm1;grammaire;fonctions
34004;cm1;grammaire;fonctions
34005;cm1;grammaire;fonctions
34006;cm1;grammaire;fonctions
34007;cm1;grammaire;fonctions
34008;cm1;grammaire;fonctions
34009;cm1;grammaire;fonctions
34010;cm1;grammaire;fonctions
34011;cm1;grammaire;fonctions
34012;cm1;grammaire;fonctions
34013;cm1;grammaire;fonctions
34014;cm1;grammaire;fonctions
34015;cm1;grammaire;fonctions
34016;cm1;grammaire;fonctions
34017;cm1;grammaire;fonctions
34018;cm1;grammaire;fonctions
34019;cm1;grammaire;fonctions
34020;cm1;grammaire;fonctions
34021;cm1;grammaire;fonctions
34022;cm1;grammaire;fonctions
34023;cm1;grammaire;fonctions
34024;cm1;grammaire;fonctions
34025;cm1;grammaire;fonctions
34026;cm1;grammaire;fonctions
34027;cm1;grammaire;fonctions
34028;cm1;grammaire;fonctions
34029;cm1;grammaire;fonctions
34030;cm1;grammaire;fonctions
34031;cm1;grammaire;fonctions
34032;cm1;grammaire;fonctions
34033;cm1;grammaire;fonctions
34034;cm1;grammaire;fonctions
34035;cm1;grammaire;fonctions
34036;cm1;grammaire;fonctions
34037;cm1;grammaire;fonctions
34038;cm1;grammaire;fonctions
34039;cm1;grammaire;fonctions
34040;cm1;grammaire;fonctions
34041;cm1;grammaire;fonctions
34042;cm1;grammaire;fonctions
34043;cm1;grammaire;fonctions
34044;cm1;grammaire;fonctions
34045;cm1;grammaire;fonctions
34046;cm1;grammaire;fonctions
34047;cm1;grammaire;fonctions
34048;cm1;grammaire;fonctions
34049;cm1;grammaire;fonctions
34050;cm1;grammaire;fonctions
34051;cm1;grammaire;fonctions
34052;cm1;grammaire;fonctions
34053;cm1;grammaire;fonctions
34054;cm1;grammaire;fonctions
34055;cm1;grammaire;fonctions
34056;cm1;grammaire;fonctions
34057;cm1;grammaire;fonctions
34058;cm1;grammaire;fonctions
34059;cm1;grammaire;fonctions
34060;cm1;grammaire;fonctions
34061;cm1;grammaire;fonctions
34062;cm1;grammaire;fonctions
34063;cm1;grammaire;fonctions
34064;cm1;grammaire;fonctions
34065;cm1;grammaire;fonctions
34066;cm1;grammaire;fonctions
34067;cm1;grammaire;fonctions
34068;cm1;grammaire;fonctions
34069;cm1;grammaire;fonctions
34070;cm1;grammaire;fonctions
34071;cm1;grammaire;fonctions
34072;cm1;grammaire;fonctions
34073;cm1;grammaire;fonctions
34074;cm1;grammaire;fonctions
34075;cm1;grammaire;fonctions
34076;cm1;grammaire;fonctions
34077;cm1;grammaire;fonctions
34078;cm1;grammaire;fonctions
34079;cm1;grammaire;fonctions
34080;cm1;grammaire;fonctions
34081;cm1;grammaire;fonctions
34082;cm1;grammaire;fonctions
34083;cm1;grammaire;fonctions
34084;cm1;grammaire;fonctions
34085;cm1;grammaire;fonctions
34086;cm1;grammaire;fonctions
34087;cm1;grammaire;fonctions
34088;cm1;grammaire;fonctions
34089;cm1;grammaire;fonctions
34090;cm1;grammaire;fonctions
34091;cm1;grammaire;fonctions
34092;cm1;grammaire;fonctions
34093;cm1;grammaire;fonctions
34094;cm1;grammaire;fonctions
34095;cm1;grammaire;fonctions
34096;cm1;grammaire;fonctions
34097;cm1;grammaire;fonctions
34098;cm1;grammaire;fonctions
34099;cm1;grammaire;fonctions
34100;cm1;grammaire;determinants
34101;cm1;grammaire;determinants
34102;cm1;grammaire;determinants
34103;cm1;grammaire;determinants
34104;cm1;grammaire;determinants
34105;cm1;grammaire;homophones
34106;cm1;grammaire;determinants
34107;cm1;grammaire;homophones
34108;cm1;grammaire;determinants
34109;cm1;grammaire;homophones
34110;cm1;grammaire;homophones
34111;cm1;grammaire;determinants
34112;cm1;grammaire;homophones
34113;cm1;grammaire;determinants
34114;cm1;grammaire;homophones
34115;cm1;grammaire;determinants
34116;cm1;grammaire;homophones
34117;cm1;grammaire;homophones
34118;cm1;grammaire;determinants
34119;cm1;grammaire;homophones
34120;cm1;grammaire;determinants
34121;cm1;grammaire;determinants
34122;cm1;grammaire;homophones
34123;cm1;grammaire;determinants
34124;cm1;grammaire;determinants
34125;cm1;grammaire;homophones
34126;cm1;grammaire;homophones
34127;cm1;grammaire;homophones
34128;cm1;grammaire;determinants
34129;cm1;grammaire;determinants
34130;cm1;grammaire;determinants
34131;cm1;grammaire;determinants
34132;cm1;grammaire;determinants
34133;cm1;grammaire;determinants
34134;cm1;grammaire;determinants
34135;cm1;grammaire;determinants
34136;cm1;grammaire;determinants
34137;cm1;grammaire;determinants
34138;cm1;grammaire;determinants
34139;cm1;grammaire;determinants
34140;cm1;grammaire;determinants
34141;cm1;grammaire;determinants
34142;cm1;grammaire;determinants
34143;cm1;grammaire;determinants
34144;cm1;grammaire;determinants
34145;cm1;grammaire;determinants
34146;cm1;grammaire;determinants
34147;cm1;grammaire;determinants
34148;cm1;grammaire;determinants
34149;cm1;grammaire;determinants
34150;cm1;grammaire;determinants
34151;cm1;grammaire;determinants
34152;cm1;grammaire;determinants
34153;cm1;grammaire;determinants
34154;cm1;grammaire;participe_passe
34155;cm1;grammaire;participe_passe
34156;cm1;grammaire;participe_passe
34157;cm1;grammaire;participe_passe
34158;cm1;grammaire;participe_passe
34159;cm1;grammaire;participe_passe
34160;cm1;grammaire;participe_passe
34161;cm1;grammaire;participe_passe
34162;cm1;grammaire;participe_passe
34163;cm1;grammaire;participe_passe
34164;cm1;grammaire;participe_passe
34165;cm1;grammaire;participe_passe
34166;cm1;grammaire;participe_passe
34167;cm1;grammaire;participe_passe
34168;cm1;grammaire;participe_passe
34169;cm1;grammaire;participe_passe
34170;cm1;grammaire;participe_passe
34171;cm1;grammaire;participe_passe
34172;cm1;grammaire;participe_passe
34173;cm1;grammaire;participe_passe
34174;cm1;grammaire;participe_passe
34175;cm1;grammaire;participe_passe
34176;cm1;grammaire;participe_passe
34177;cm1;grammaire;participe_passe
34178;cm1;grammaire;participe_passe
34179;cm1;grammaire;participe_passe
34180;cm1;grammaire;participe_passe
34181;cm1;grammaire;participe_passe
34182;cm1;grammaire;participe_passe
34183;cm1;grammaire;participe_passe
34184;cm1;grammaire;participe_passe
34185;cm1;grammaire;participe_passe
34186;cm1;grammaire;participe_passe
34187;cm1;grammaire;participe_passe
34188;cm1;grammaire;participe_passe
34189;cm1;grammaire;participe_passe
34190;cm1;grammaire;participe_passe
34191;cm1;grammaire;participe_passe
34192;cm1;grammaire;participe_passe
34193;cm1;grammaire;participe_passe
34194;cm1;grammaire;participe_passe
34195;cm1;grammaire;participe_passe
34196;cm1;grammaire;participe_passe
34197;cm1;grammaire;participe_passe
34198;cm1;grammaire;participe_passe
34199;cm1;grammaire;participe_passe
34200;cm1;grammaire;participe_passe
34201;cm1;grammaire;participe_passe
34202;cm1;grammaire;participe_passe
34203;cm1;grammaire;participe_passe
34204;cm1;grammaire;participe_passe
34205;cm1;grammaire;participe_passe
34206;cm1;grammaire;participe_passe
34207;cm1;grammaire;participe_passe
34208;cm1;grammaire;participe_passe
34209;cm1;grammaire;participe_passe
34210;cm1;grammaire;participe_passe
34211;cm1;grammaire;participe_passe
34212;cm1;grammaire;participe_passe
34213;cm1;grammaire;participe_passe
34214;cm1;grammaire;participe_passe
34215;cm1;grammaire;participe_passe
34216;cm1;grammaire;participe_passe
34217;cm1;grammaire;participe_passe
34218;cm1;grammaire;participe_passe
34219;cm1;grammaire;participe_passe
34220;cm1;grammaire;participe_passe
34221;cm1;grammaire;participe_passe
34222;cm1;grammaire;participe_passe
34223;cm1;grammaire;participe_passe
34224;cm1;grammaire;participe_passe
34225;cm1;grammaire;participe_passe
34226;cm1;grammaire;participe_passe
34227;cm1;grammaire;participe_passe
34228;cm1;grammaire;participe_passe
34229;cm1;grammaire;participe_passe
34230;cm1;grammaire;participe_passe
34231;cm1;grammaire;participe_passe
34232;cm1;grammaire;participe_passe
34233;cm1;grammaire;participe_passe
34234;cm1;grammaire;participe_passe
34235;cm1;grammaire;participe_passe
34236;cm1;grammaire;participe_passe
34237;cm1;grammaire;participe_passe
34238;cm1;grammaire;participe_passe
34239;cm1;grammaire;participe_passe
34240;cm1;grammaire;participe_passe
34241;cm1;grammaire;participe_passe
34242;cm1;grammaire;participe_passe
34243;cm1;grammaire;participe_passe
34244;cm1;grammaire;participe_passe
34245;cm1;grammaire;participe_passe
34246;cm1;grammaire;participe_passe
34247;cm1;grammaire;participe_passe
34248;cm1;grammaire;participe_passe
34249;cm1;grammaire;participe_passe
34250;cm1;grammaire;participe_passe
34251;cm1;grammaire;participe_passe
34252;cm1;grammaire;participe_passe
34253;cm1;grammaire;participe_passe
34254;cm1;grammaire;participe_passe
34255;cm1;grammaire;participe_passe
34256;cm1;grammaire;participe_passe
34257;cm1;grammaire;participe_passe
34258;cm1;grammaire;participe_passe
34259;cm1;grammaire;participe_passe
34260;cm1;grammaire;participe_passe
34261;cm1;grammaire;participe_passe
34262;cm1;grammaire;participe_passe
34263;cm1;grammaire;participe_passe
34264;cm1;grammaire;participe_passe
34265;cm1;grammaire;participe_passe
34266;cm1;grammaire;participe_passe
34267;cm1;grammaire;participe_passe
34268;cm1;grammaire;participe_passe
34269;cm1;grammaire;participe_passe
34270;cm1;grammaire;participe_passe
34271;cm1;grammaire;participe_passe
34272;cm1;grammaire;participe_passe
34273;cm1;grammaire;participe_passe
34274;cm1;grammaire;participe_passe
34275;cm1;grammaire;participe_passe
34276;cm1;grammaire;participe_passe
34277;cm1;grammaire;participe_passe
34278;cm1;grammaire;participe_passe
34279;cm1;grammaire;participe_passe
34280;cm1;grammaire;participe_passe
34281;cm1;grammaire;participe_passe
34282;cm1;grammaire;participe_passe
34283;cm1;grammaire;participe_passe
34284;cm1;grammaire;participe_passe
34285;cm1;grammaire;participe_passe
34286;cm1;grammaire;participe_passe
34287;cm1;grammaire;participe_passe
34288;cm1;grammaire;participe_passe
34289;cm1;grammaire;participe_passe
34290;cm1;grammaire;participe_passe
34291;cm1;grammaire;participe_passe
34292;cm1;grammaire;participe_passe
34293;cm1;grammaire;participe_passe
34294;cm1;grammaire;participe_passe
34295;cm1;grammaire;participe_passe
34296;cm1;grammaire;participe_passe
34297;cm1;grammaire;participe_passe
34298;cm1;grammaire;participe_passe
34299;cm1;grammaire;participe_passe
34300;cm1;grammaire;participe_passe
34301;cm1;grammaire;participe_passe
34302;cm1;grammaire;participe_passe
34303;cm1;grammaire;participe_passe
34304;cm1;grammaire;participe_passe
34305;cm1;grammaire;participe_passe
34306;cm1;grammaire;participe_passe
34307;cm1;grammaire;participe_passe
34308;cm1;grammaire;participe_passe
34309;cm1;grammaire;participe_passe
34310;cm1;grammaire;participe_passe
34311;cm1;grammaire;participe_passe
34312;cm1;grammaire;participe_passe
34313;cm1;grammaire;participe_passe
34314;cm1;grammaire;participe_passe
34315;cm1;grammaire;participe_passe
34316;cm1;grammaire;participe_passe
34317;cm1;grammaire;participe_passe
34318;cm1;grammaire;participe_passe
34319;cm1;grammaire;participe_passe
34320;cm1;grammaire;participe_passe
34321;cm1;grammaire;participe_passe
34322;cm1;grammaire;participe_passe
34323;cm1;grammaire;participe_passe
34324;cm1;grammaire;participe_passe
34325;cm1;grammaire;participe_passe
34326;cm1;grammaire;participe_passe
34327;cm1;grammaire;participe_passe
34328;cm1;grammaire;participe_passe
34329;cm1;grammaire;participe_passe
34330;cm1;grammaire;participe_passe
34331;cm1;grammaire;participe_passe
34332;cm1;grammaire;participe_passe
34333;cm1;grammaire;participe_passe
34334;cm1;grammaire;participe_passe
34335;cm1;grammaire;participe_passe
34336;cm1;grammaire;participe_passe
34337;cm1;grammaire;participe_passe
34338;cm1;grammaire;participe_passe
34339;cm1;grammaire;participe_passe
34340;cm1;grammaire;participe_passe
34341;cm1;grammaire;participe_passe
34342;cm1;grammaire;participe_passe
34343;cm1;grammaire;participe_passe
34344;cm1;grammaire;participe_passe
34345;cm1;grammaire;participe_passe
34346;cm1;grammaire;participe_passe
34347;cm1;grammaire;participe_passe
34348;cm1;grammaire;participe_passe
34349;cm1;grammaire;participe_passe
34350;cm1;grammaire;participe_passe
34351;cm1;grammaire;participe_passe
34352;cm1;grammaire;participe_passe
34353;cm1;grammaire;participe_passe
34354;cm1;grammaire;participe_passe
34355;cm1;grammaire;participe_passe
34356;cm1;grammaire;participe_passe
34357;cm1;grammaire;participe_passe
34358;cm1;grammaire;participe_passe
34359;cm1;grammaire;participe_passe
34360;cm1;grammaire;participe_passe
34361;cm1;grammaire;participe_passe
34362;cm1;grammaire;participe_passe
34363;cm1;grammaire;participe_passe
34364;cm1;grammaire;participe_passe
34365;cm1;grammaire;participe_passe
34366;cm1;grammaire;participe_passe
34367;cm1;grammaire;participe_passe
34368;cm1;grammaire;participe_passe
34369;cm1;grammaire;participe_passe
34370;cm1;grammaire;participe_passe
34371;cm1;grammaire;participe_passe
34372;cm1;grammaire;participe_passe
34373;cm1;grammaire;participe_passe
34374;cm1;grammaire;participe_passe
34375;cm1;grammaire;participe_passe
34376;cm1;grammaire;participe_passe
34377;cm1;grammaire;participe_passe
34378;cm1;grammaire;participe_passe
34379;cm1;grammaire;participe_passe
34380;cm1;grammaire;participe_passe
34381;cm1;grammaire;participe_passe
34382;cm1;grammaire;participe_passe
34383;cm1;grammaire;participe_passe
34384;cm1;grammaire;participe_passe
34385;cm1;grammaire;participe_passe
34386;cm1;grammaire;participe_passe
34387;cm1;grammaire;participe_passe
34388;cm1;grammaire;participe_passe
34389;cm1;grammaire;participe_passe
34390;cm1;grammaire;participe_passe
34391;cm1;grammaire;participe_passe
34392;cm1;grammaire;participe_passe
34393;cm1;grammaire;participe_passe
34394;cm1;grammaire;participe_passe
34395;cm1;grammaire;participe_passe
34396;cm1;grammaire;participe_passe
34397;cm1;grammaire;participe_passe
34398;cm1;grammaire;participe_passe
34399;cm1;grammaire;participe_passe
34400;cm1;grammaire;participe_passe
34401;cm1;grammaire;participe_passe
34402;cm1;grammaire;participe_passe
34403;cm1;grammaire;participe_passe
34404;cm1;grammaire;participe_passe
34405;cm1;grammaire;participe_passe
34406;cm1;grammaire;participe_passe
34407;cm1;grammaire;participe_passe
34408;cm1;grammaire;participe_passe
34409;cm1;grammaire;participe_passe
34410;cm1;grammaire;participe_passe
34411;cm1;grammaire;participe_passe
34412;cm1;grammaire;participe_passe
34413;cm1;grammaire;participe_passe
34414;cm1;grammaire;participe_passe
34415;cm1;grammaire;participe_passe
34416;cm1;grammaire;participe_passe
34417;cm1;grammaire;participe_passe
34418;cm1;grammaire;participe_passe
34419;cm1;grammaire;participe_passe
34420;cm1;grammaire;participe_passe
34421;cm1;grammaire;participe_passe
34422;cm1;grammaire;participe_passe
34423;cm1;grammaire;participe_passe
34424;cm1;grammaire;participe_passe
34425;cm1;grammaire;participe_passe
34426;cm1;grammaire;participe_passe
34427;cm1;grammaire;participe_passe
34428;cm1;grammaire;participe_passe
34429;cm1;grammaire;participe_passe
34430;cm1;grammaire;participe_passe
34431;cm1;grammaire;participe_passe
34432;cm1;grammaire;participe_passe
34433;cm1;grammaire;participe_passe
34434;cm1;grammaire;participe_passe
34435;cm1;grammaire;participe_passe
34436;cm1;grammaire;participe_passe
34437;cm1;grammaire;participe_passe
34438;cm1;grammaire;participe_passe
34439;cm1;grammaire;participe_passe
34440;cm1;grammaire;participe_passe
34441;cm1;grammaire;participe_passe
34442;cm1;grammaire;participe_passe
34443;cm1;grammaire;participe_passe
34444;cm1;grammaire;participe_passe
34445;cm1;grammaire;participe_passe
34446;cm1;grammaire;participe_passe
34447;cm1;grammaire;participe_passe
34448;cm1;grammaire;participe_passe
34449;cm1;grammaire;participe_passe
34450;cm1;grammaire;participe_passe
34451;cm1;grammaire;participe_passe
34452;cm1;grammaire;participe_passe
34453;cm1;grammaire;participe_passe
34454;cm1;grammaire;participe_passe
34455;cm1;grammaire;participe_passe
34456;cm1;grammaire;participe_passe
34457;cm1;grammaire;participe_passe
34458;cm1;grammaire;participe_passe
34459;cm1;grammaire;participe_passe
34460;cm1;grammaire;fonctions
34461;cm1;grammaire;fonctions
34462;cm1;grammaire;fonctions
34463;cm1;grammaire;fonctions
34464;cm1;grammaire;fonctions
34465;cm1;grammaire;fonctions
34466;cm1;grammaire;fonctions
34467;cm1;grammaire;fonctions
34468;cm1;grammaire;fonctions
34469;cm1;grammaire;fonctions
34470;cm1;grammaire;fonctions
34471;cm1;grammaire;fonctions
34472;cm1;grammaire;fonctions
34473;cm1;grammaire;fonctions
34474;cm1;grammaire;fonctions
34475;cm1;grammaire;fonctions
34476;cm1;grammaire;fonctions
34477;cm1;grammaire;fonctions
34478;cm1;grammaire;fonctions
34479;cm1;grammaire;fonctions
34480;cm1;grammaire;fonctions
34481;cm1;grammaire;fonctions
34482;cm1;grammaire;fonctions
34483;cm1;grammaire;fonctions
34484;cm1;grammaire;fonctions
34485;cm1;grammaire;fonctions
34486;cm1;grammaire;fonctions
34487;cm1;grammaire;fonctions
34488;cm1;grammaire;fonctions
34489;cm1;grammaire;fonctions
34490;cm1;grammaire;fonctions
34491;cm1;grammaire;fonctions
34492;cm1;grammaire;fonctions
34493;cm1;grammaire;fonctions
34494;cm1;grammaire;fonctions
34495;cm1;grammaire;fonctions
34496;cm1;grammaire;fonctions
34497;cm1;grammaire;fonctions
34498;cm1;grammaire;fonctions
34499;cm1;grammaire;fonctions
34500;cm1;grammaire;fonctions
34501;cm1;grammaire;fonctions
34502;cm1;grammaire;fonctions
34503;cm1;grammaire;fonctions
34504;cm1;grammaire;fonctions
34505;cm1;grammaire;fonctions
34506;cm1;grammaire;participe_passe
34507;cm1;grammaire;participe_passe
34508;cm1;grammaire;participe_passe
34509;cm1;grammaire;participe_passe
34510;cm1;grammaire;participe_passe
34511;cm1;grammaire;participe_passe
34512;cm1;grammaire;participe_passe
34513;cm1;grammaire;participe_passe
34514;cm1;grammaire;participe_passe
34515;cm1;grammaire;participe_passe
34516;cm1;grammaire;participe_passe
34517;cm1;grammaire;participe_passe
34518;cm1;grammaire;participe_passe
34519;cm1;grammaire;participe_passe
34520;cm1;grammaire;participe_passe
34521;cm1;grammaire;participe_passe
34522;cm1;grammaire;participe_passe
34523;cm1;grammaire;participe_passe
34524;cm1;grammaire;participe_passe
34525;cm1;grammaire;participe_passe
34526;cm1;grammaire;participe_passe
34527;cm1;grammaire;participe_passe
34528;cm1;grammaire;participe_passe
34529;cm1;grammaire;participe_passe
34530;cm1;grammaire;participe_passe
34531;cm1;grammaire;participe_passe
34532;cm1;grammaire;participe_passe
34533;cm1;grammaire;participe_passe
34534;cm1;grammaire;participe_passe
34535;cm1;grammaire;participe_passe
34536;cm1;grammaire;participe_passe
34537;cm1;grammaire;participe_passe
34538;cm1;grammaire;participe_passe
34539;cm1;grammaire;participe_passe
34540;cm1;grammaire;participe_passe
34541;cm1;grammaire;participe_passe
34542;cm1;grammaire;participe_passe
34543;cm1;grammaire;participe_passe
34544;cm1;grammaire;participe_passe
34545;cm1;grammaire;participe_passe
34546;cm1;grammaire;participe_passe
34547;cm1;grammaire;participe_passe
34548;cm1;grammaire;participe_passe
34549;cm1;grammaire;participe_passe
34550;cm1;grammaire;participe_passe
34551;cm1;grammaire;participe_passe
34552;cm1;grammaire;participe_passe
34553;cm1;grammaire;participe_passe
34554;cm1;grammaire;participe_passe
34555;cm1;grammaire;participe_passe
34556;cm1;grammaire;participe_passe
34557;cm1;grammaire;participe_passe
34558;cm1;grammaire;participe_passe
34559;cm1;grammaire;participe_passe
34560;cm1;grammaire;participe_passe
34561;cm1;grammaire;participe_passe
34562;cm1;grammaire;participe_passe
34563;cm1;grammaire;participe_passe
34564;cm1;grammaire;participe_passe
34565;cm1;grammaire;participe_passe
34566;cm1;grammaire;participe_passe
34567;cm1;grammaire;participe_passe
34568;cm1;grammaire;participe_passe
34569;cm1;grammaire;participe_passe
34570;cm1;grammaire;participe_passe
34571;cm1;grammaire;participe_passe
34572;cm1;grammaire;participe_passe
34573;cm1;grammaire;participe_passe
34574;cm1;grammaire;participe_passe
34575;cm1;grammaire;participe_passe
34576;cm1;grammaire;participe_passe
34577;cm1;grammaire;participe_passe
34578;cm1;grammaire;participe_passe
34579;cm1;grammaire;participe_passe
34580;cm1;grammaire;participe_passe
34581;cm1;grammaire;participe_passe
34582;cm1;grammaire;participe_passe
34583;cm1;grammaire;participe_passe
34584;cm1;grammaire;participe_passe
34585;cm1;grammaire;participe_passe
34586;cm1;grammaire;participe_passe
34587;cm1;grammaire;participe_passe
34588;cm1;grammaire;participe_passe
34589;cm1;grammaire;participe_passe
34590;cm1;grammaire;participe_passe
34591;cm1;grammaire;participe_passe
34592;cm1;grammaire;participe_passe
34593;cm1;grammaire;participe_passe
34594;cm1;grammaire;participe_passe
34595;cm1;grammaire;participe_passe
34596;cm1;grammaire;participe_passe
34597;cm1;grammaire;participe_passe
34598;cm1;grammaire;participe_passe
34599;cm1;grammaire;participe_passe
34600;cm1;grammaire;participe_passe
34601;cm1;grammaire;participe_passe
34602;cm1;grammaire;participe_passe
34603;cm1;grammaire;participe_passe
34604;cm1;grammaire;participe_passe
34605;cm1;grammaire;participe_passe
34606;cm1;grammaire;participe_passe
34607;cm1;grammaire;participe_passe
34608;cm1;grammaire;participe_passe
34609;cm1;grammaire;participe_passe
34610;cm1;grammaire;participe_passe
34611;cm1;grammaire;participe_passe
34612;cm1;grammaire;participe_passe
34613;cm1;grammaire;participe_passe
34614;cm1;grammaire;participe_passe
34615;cm1;grammaire;participe_passe
34616;cm1;grammaire;participe_passe
34617;cm1;grammaire;participe_passe
34618;cm1;grammaire;participe_passe
34619;cm1;grammaire;participe_passe
34620;cm1;grammaire;participe_passe
34621;cm1;grammaire;participe_passe
34622;cm1;grammaire;participe_passe
34623;cm1;grammaire;participe_passe
34624;cm1;grammaire;participe_passe
34625;cm1;grammaire;participe_passe
34626;cm1;grammaire;participe_passe
34627;cm1;grammaire;participe_passe
34628;cm1;grammaire;participe_passe
34629;cm1;grammaire;participe_passe
34630;cm1;grammaire;participe_passe
34631;cm1;grammaire;participe_passe
34632;cm1;grammaire;participe_passe
34633;cm1;grammaire;participe_passe
34634;cm1;grammaire;participe_passe
34635;cm1;grammaire;participe_passe
34636;cm1;grammaire;participe_passe
34637;cm1;grammaire;participe_passe
34638;cm1;grammaire;participe_passe
34639;cm1;grammaire;participe_passe
34640;cm1;grammaire;participe_passe
34641;cm1;grammaire;participe_passe
34642;cm1;grammaire;participe_passe
34643;cm1;grammaire;participe_passe
34644;cm1;grammaire;participe_passe
34645;cm1;grammaire;participe_passe
34646;cm1;grammaire;participe_passe
34647;cm1;grammaire;participe_passe
34648;cm1;grammaire;participe_passe
34649;cm1;grammaire;participe_passe
34650;cm1;grammaire;participe_passe
34651;cm1;grammaire;participe_passe
34652;cm1;grammaire;participe_passe
34653;cm1;grammaire;participe_passe
34654;cm1;grammaire;participe_passe
34655;cm1;grammaire;participe_passe
34656;cm1;grammaire;participe_passe
34657;cm1;grammaire;participe_passe
34658;cm1;grammaire;participe_passe
34659;cm1;grammaire;participe_passe
34660;cm1;grammaire;participe_passe
34661;cm1;grammaire;participe_passe
34662;cm1;grammaire;participe_passe
34663;cm1;grammaire;participe_passe
34664;cm1;grammaire;participe_passe
34665;cm1;grammaire;participe_passe
34666;cm1;grammaire;participe_passe
34667;cm1;grammaire;participe_passe
34668;cm1;grammaire;participe_passe
34669;cm1;grammaire;participe_passe
34670;cm1;grammaire;participe_passe
34671;cm1;grammaire;participe_passe
34672;cm1;grammaire;participe_passe
34673;cm1;grammaire;participe_passe
34674;cm1;grammaire;participe_passe
34675;cm1;grammaire;participe_passe
34676;cm1;grammaire;participe_passe
34677;cm1;grammaire;participe_passe
34678;cm1;grammaire;participe_passe
34679;cm1;grammaire;participe_passe
34680;cm1;grammaire;participe_passe
34681;cm1;grammaire;participe_passe
34682;cm1;grammaire;participe_passe
34683;cm1;grammaire;participe_passe
34684;cm1;grammaire;participe_passe
34685;cm1;grammaire;participe_passe
34686;cm1;grammaire;participe_passe
34687;cm1;grammaire;participe_passe
34688;cm1;grammaire;participe_passe
34689;cm1;grammaire;participe_passe
34690;cm1;grammaire;participe_passe
34691;cm1;grammaire;participe_passe
34692;cm1;grammaire;participe_passe
34693;cm1;grammaire;participe_passe
34694;cm1;grammaire;participe_passe
34695;cm1;grammaire;participe_passe
34696;cm1;grammaire;participe_passe
34697;cm1;grammaire;participe_passe
34698;cm1;grammaire;participe_passe
34699;cm1;grammaire;participe_passe
34700;cm1;grammaire;participe_passe
34701;cm1;grammaire;participe_passe
34702;cm1;grammaire;participe_passe
34703;cm1;grammaire;participe_passe
34704;cm1;grammaire;participe_passe
34705;cm1;grammaire;participe_passe
34706;cm1;grammaire;participe_passe
34707;cm1;grammaire;participe_passe
34708;cm1;grammaire;participe_passe
34709;cm1;grammaire;participe_passe
34710;cm1;grammaire;participe_passe
34711;cm1;grammaire;participe_passe
34712;cm1;grammaire;participe_passe
34713;cm1;grammaire;participe_passe
34714;cm1;grammaire;participe_passe
34715;cm1;grammaire;participe_passe
34716;cm1;grammaire;participe_passe
34717;cm1;grammaire;participe_passe
34718;cm1;grammaire;participe_passe
34719;cm1;grammaire;participe_passe
34720;cm1;grammaire;participe_passe
34721;cm1;grammaire;participe_passe
34722;cm1;grammaire;participe_passe
34723;cm1;grammaire;participe_passe
34724;cm1;grammaire;participe_passe
34725;cm1;grammaire;participe_passe
34726;cm1;grammaire;participe_passe
34727;cm1;grammaire;participe_passe
34728;cm1;grammaire;participe_passe
34729;cm1;grammaire;participe_passe
34730;cm1;grammaire;participe_passe
34731;cm1;grammaire;participe_passe
34732;cm1;grammaire;participe_passe
34733;cm1;grammaire;participe_passe
34734;cm1;grammaire;participe_passe
34735;cm1;grammaire;participe_passe
34736;cm1;grammaire;homophones
34737;cm1;grammaire;homophones
34738;cm1;grammaire;homophones
34739;cm1;grammaire;homophones
34740;cm1;grammaire;determinants
34741;cm1;grammaire;homophones
34742;cm1;grammaire;determinants
34743;cm1;grammaire;homophones
34744;cm1;grammaire;determinants
34745;cm1;grammaire;determinants
34746;cm1;grammaire;homophones
34747;cm1;grammaire;homophones
34748;cm1;grammaire;determinants
34749;cm1;grammaire;determinants
34750;cm1;grammaire;homophones
34751;cm1;grammaire;determinants
34752;cm1;grammaire;homophones
34753;cm1;grammaire;homophones
34754;cm1;grammaire;homophones
34755;cm1;grammaire;determinants
34756;cm1;grammaire;determinants
34757;cm1;grammaire;determinants
34758;cm1;grammaire;homophones
34759;cm1;grammaire;homophones
34760;cm1;grammaire;determinants
34761;cm1;grammaire;determinants
34762;cm1;grammaire;homophones
34763;cm1;grammaire;determinants
34764;cm1;grammaire;homophones
34765;cm1;grammaire;homophones
34766;cm1;grammaire;determinants
34767;cm1;grammaire;determinants
34768;cm1;grammaire;determinants
34769;cm1;grammaire;homophones
34770;cm1;grammaire;determinants
34771;cm1;grammaire;homophones
34772;cm1;grammaire;determinants
34773;cm1;grammaire;determinants
34774;cm1;grammaire;homophones
34775;cm1;grammaire;determinants
34776;cm1;grammaire;determinants
34777;cm1;grammaire;determinants
34778;cm1;grammaire;homophones
34779;cm1;grammaire;determinants
34780;cm1;grammaire;homophones
34781;cm1;grammaire;determinants
34782;cm1;grammaire;homophones
34783;cm1;grammaire;determinants
34784;cm1;grammaire;determinants
34785;cm1;grammaire;determinants
34786;cm1;grammaire;homophones
34787;cm1;grammaire;determinants
34788;cm1;grammaire;determinants
34789;cm1;grammaire;determinants
34790;cm1;grammaire;determinants
34791;cm1;grammaire;determinants
34792;cm1;grammaire;homophones
34793;cm1;grammaire;determinants
34794;cm1;grammaire;determinants
34795;cm1;grammaire;determinants
34796;cm1;grammaire;determinants
34797;cm1;grammaire;homophones
34798;cm1;grammaire;determinants
34799;cm1;grammaire;determinants
34800;cm1;grammaire;homophones
34801;cm1;grammaire;determinants
34802;cm1;grammaire;determinants
34803;cm1;grammaire;determinants
34804;cm1;grammaire;determinants
34805;cm1;grammaire;homophones
34806;cm1;grammaire;homophones
34807;cm1;grammaire;determinants
34808;cm1;grammaire;homophones
34809;cm1;grammaire;determinants
34810;cm1;grammaire;homophones
34811;cm1;grammaire;determinants
34812;cm1;grammaire;determinants
34813;cm1;grammaire;homophones
34814;cm1;grammaire;homophones
34815;cm1;grammaire;homophones
34816;cm1;grammaire;determinants
34817;cm1;grammaire;homophones
34818;cm1;grammaire;determinants
34819;cm1;grammaire;homophones
34820;cm1;grammaire;homophones
34821;cm1;grammaire;homophones
34822;cm1;grammaire;homophones
34823;cm1;grammaire;homophones
34824;cm1;grammaire;homophones
34825;cm1;grammaire;determinants
34826;cm1;grammaire;determinants
34827;cm1;grammaire;homophones
34828;cm1;grammaire;homophones
34829;cm1;grammaire;determinants
34830;cm1;grammaire;determinants
34831;cm1;grammaire;homophones
34832;cm1;grammaire;homophones
34833;cm1;grammaire;determinants
34834;cm1;grammaire;determinants
34835;cm1;grammaire;determinants
34836;cm1;grammaire;determinants
34837;cm1;grammaire;determinants
34838;cm1;grammaire;determinants
34839;cm1;grammaire;determinants
34840;cm1;grammaire;determinants
34841;cm1;grammaire;determinants
34842;cm1;grammaire;determinants
34843;cm1;grammaire;determinants
34844;cm1;grammaire;determinants
34845;cm1;grammaire;determinants
34846;cm1;grammaire;determinants
34847;cm1;grammaire;determinants
34848;cm1;grammaire;determinants
34849;cm1;grammaire;determinants
34850;cm1;grammaire;determinants
34851;cm1;grammaire;determinants
34852;cm1;grammaire;determinants
34853;cm1;grammaire;determinants
34854;cm1;grammaire;determinants
34855;cm1;grammaire;determinants
34856;cm1;grammaire;determinants
34857;cm1;grammaire;determinants
34858;cm1;grammaire;determinants
34859;cm1;grammaire;participe_passe
34860;cm1;grammaire;participe_passe
34861;cm1;grammaire;participe_passe
34862;cm1;grammaire;participe_passe
34863;cm1;grammaire;participe_passe
34864;cm1;grammaire;participe_passe
34865;cm1;grammaire;participe_passe
34866;cm1;grammaire;participe_passe
34867;cm1;grammaire;participe_passe
34868;cm1;grammaire;participe_passe
34869;cm1;grammaire;participe_passe
34870;cm1;grammaire;participe_passe
34871;cm1;grammaire;participe_passe
34872;cm1;grammaire;participe_passe
34873;cm1;grammaire;participe_passe
34874;cm1;grammaire;participe_passe
34875;cm1;grammaire;participe_passe
34876;cm1;grammaire;participe_passe
34877;cm1;grammaire;participe_passe
34878;cm1;grammaire;participe_passe
34879;cm1;grammaire;participe_passe
34880;cm1;grammaire;participe_passe
34881;cm1;grammaire;participe_passe
34882;cm1;grammaire;participe_passe
34883;cm1;grammaire;participe_passe
34884;cm1;grammaire;participe_passe
34885;cm1;grammaire;participe_passe
34886;cm1;grammaire;participe_passe
34887;cm1;grammaire;participe_passe
34888;cm1;grammaire;participe_passe
34889;cm1;grammaire;participe_passe
34890;cm1;grammaire;participe_passe
34891;cm1;grammaire;participe_passe
34892;cm1;grammaire;participe_passe
34893;cm1;grammaire;participe_passe
34894;cm1;grammaire;participe_passe
34895;cm1;grammaire;participe_passe
34896;cm1;grammaire;participe_passe
34897;cm1;grammaire;participe_passe
34898;cm1;grammaire;participe_passe
34899;cm1;grammaire;participe_passe
34900;cm1;grammaire;participe_passe
34901;cm1;grammaire;participe_passe
34902;cm1;grammaire;participe_passe
34903;cm1;grammaire;participe_passe
34904;cm1;grammaire;participe_passe
34905;cm1;grammaire;participe_passe
34906;cm1;grammaire;participe_passe
34907;cm1;grammaire;participe_passe
34908;cm1;grammaire;participe_passe
34909;cm1;grammaire;participe_passe
34910;cm1;grammaire;participe_passe
34911;cm1;grammaire;participe_passe
34912;cm1;grammaire;participe_passe
34913;cm1;grammaire;participe_passe
34914;cm1;grammaire;participe_passe
34915;cm1;grammaire;participe_passe
34916;cm1;grammaire;participe_passe
34917;cm1;grammaire;participe_passe
34918;cm1;grammaire;participe_passe
34919;cm1;grammaire;participe_passe
34920;cm1;grammaire;participe_passe
34921;cm1;grammaire;participe_passe
34922;cm1;grammaire;participe_passe
34923;cm1;grammaire;participe_passe
34924;cm1;grammaire;participe_passe
34925;cm1;grammaire;participe_passe
34926;cm1;grammaire;participe_passe
34927;cm1;grammaire;participe_passe
34928;cm1;grammaire;participe_passe
34929;cm1;grammaire;participe_passe
34930;cm1;grammaire;participe_passe
34931;cm1;grammaire;participe_passe
34932;cm1;grammaire;participe_passe
34933;cm1;grammaire;participe_passe
34934;cm1;grammaire;participe_passe
34935;cm1;grammaire;participe_passe
34936;cm1;grammaire;participe_passe
34937;cm1;grammaire;participe_passe
34938;cm1;grammaire;participe_passe
34939;cm1;grammaire;participe_passe
34940;cm1;grammaire;participe_passe
34941;cm1;grammaire;participe_passe
34942;cm1;grammaire;participe_passe
34943;cm1;grammaire;participe_passe
34944;cm1;grammaire;participe_passe
34945;cm1;grammaire;participe_passe
34946;cm1;grammaire;participe_passe
34947;cm1;grammaire;participe_passe
34948;cm1;grammaire;participe_passe
34949;cm1;grammaire;participe_passe
34950;cm1;grammaire;participe_passe
34951;cm1;grammaire;participe_passe
34952;cm1;grammaire;participe_passe
34953;cm1;grammaire;participe_passe
34954;cm1;grammaire;participe_passe
34955;cm1;grammaire;participe_passe
34956;cm1;grammaire;participe_passe
34957;cm1;grammaire;participe_passe
34958;cm1;grammaire;participe_passe
34959;cm1;grammaire;participe_passe
16001;cm1;lecture;lecture_litterale
16002;cm1;lecture;lecture_litterale
16003;cm1;lecture;lecture_litterale
16004;cm1;lecture;lecture_litterale
16005;cm1;lecture;lecture_vocabulaire
16006;cm1;lecture;lecture_vocabulaire
16007;cm1;lecture;lecture_vocabulaire
16008;cm1;lecture;lecture_inference
16009;cm1;lecture;lecture_inference
16010;cm1;lecture;lecture_inference
16011;cm1;lecture;lecture_litterale
16012;cm1;lecture;lecture_litterale
16013;cm1;lecture;lecture_litterale
16014;cm1;lecture;lecture_litterale
16015;cm1;lecture;lecture_vocabulaire
16016;cm1;lecture;lecture_vocabulaire
16017;cm1;lecture;lecture_vocabulaire
16018;cm1;lecture;lecture_inference
16019;cm1;lecture;lecture_inference
16020;cm1;lecture;lecture_inference
26001;cm1;lecture;lecture_litterale
26002;cm1;lecture;lecture_litterale
26003;cm1;lecture;lecture_litterale
26004;cm1;lecture;lecture_litterale
26005;cm1;lecture;lecture_litterale
26006;cm1;lecture;lecture_litterale
26007;cm1;lecture;lecture_litterale
26008;cm1;lecture;lecture_litterale
26009;cm1;lecture;lecture_vocabulaire
26010;cm1;lecture;lecture_vocabulaire
26011;cm1;lecture;lecture_vocabulaire
26012;cm1;lecture;lecture_vocabulaire
26013;cm1;lecture;lecture_vocabulaire
26014;cm1;lecture;lecture_vocabulaire
26015;cm1;lecture;lecture_inference
26016;cm1;lecture;lecture_inference
26017;cm1;lecture;lecture_inference
26018;cm1;lecture;lecture_inference
26019;cm1;lecture;lecture_inference
26020;cm1;lecture;lecture_inference
26022;cm1;lecture;lecture_litterale
26023;cm1;lecture;lecture_litterale
26024;cm1;lecture;lecture_litterale
26025;cm1;lecture;lecture_litterale
26026;cm1;lecture;lecture_litterale
26027;cm1;lecture;lecture_litterale
26028;cm1;lecture;lecture_litterale
26029;cm1;lecture;lecture_litterale
26030;cm1;lecture;lecture_vocabulaire
26031;cm1;lecture;lecture_vocabulaire
26032;cm1;lecture;lecture_vocabulaire
26033;cm1;lecture;lecture_vocabulaire
26034;cm1;lecture;lecture_vocabulaire
26035;cm1;lecture;lecture_vocabulaire
26036;cm1;lecture;lecture_inference
26037;cm1;lecture;lecture_inference
26038;cm1;lecture;lecture_inference
26039;cm1;lecture;lecture_inference
26040;cm1;lecture;lecture_inference
26041;cm1;lecture;lecture_inference
26043;cm1;lecture;lecture_litterale
26044;cm1;lecture;lecture_litterale
26045;cm1;lecture;lecture_litterale
26046;cm1;lecture;lecture_litterale
26047;cm1;lecture;lecture_litterale
26048;cm1;lecture;lecture_litterale
26049;cm1;lecture;lecture_litterale
26050;cm1;lecture;lecture_litterale
26051;cm1;lecture;lecture_vocabulaire
26052;cm1;lecture;lecture_vocabulaire
26053;cm1;lecture;lecture_vocabulaire
26054;cm1;lecture;lecture_vocabulaire
26055;cm1;lecture;lecture_vocabulaire
26056;cm1;lecture;lecture_vocabulaire
26057;cm1;lecture;lecture_inference
26058;cm1;lecture;lecture_inference
26059;cm1;lecture;lecture_inference
26060;cm1;lecture;lecture_inference
26061;cm1;lecture;lecture_inference
26062;cm1;lecture;lecture_inference
26064;cm1;lecture;lecture_litterale
26065;cm1;lecture;lecture_litterale
26066;cm1;lecture;lecture_litterale
26067;cm1;lecture;lecture_litterale
26068;cm1;lecture;lecture_litterale
26069;cm1;lecture;lecture_litterale
26070;cm1;lecture;lecture_litterale
26071;cm1;lecture;lecture_litterale
26072;cm1;lecture;lecture_vocabulaire
26073;cm1;lecture;lecture_vocabulaire
26074;cm1;lecture;lecture_vocabulaire
26075;cm1;lecture;lecture_vocabulaire
26076;cm1;lecture;lecture_vocabulaire
26077;cm1;lecture;lecture_vocabulaire
26078;cm1;lecture;lecture_inference
26079;cm1;lecture;lecture_inference
26080;cm1;lecture;lecture_inference
26081;cm1;lecture;lecture_inference
26082;cm1;lecture;lecture_inference
26083;cm1;lecture;lecture_inference
26085;cm1;lecture;lecture_litterale
26086;cm1;lecture;lecture_litterale
26087;cm1;lecture;lecture_litterale
26088;cm1;lecture;lecture_litterale
26089;cm1;lecture;lecture_litterale
26090;cm1;lecture;lecture_litterale
26091;cm1;lecture;lecture_litterale
26092;cm1;lecture;lecture_litterale
26093;cm1;lecture;lecture_vocabulaire
26094;cm1;lecture;lecture_vocabulaire
26095;cm1;lecture;lecture_vocabulaire
26096;cm1;lecture;lecture_vocabulaire
26097;cm1;lecture;lecture_vocabulaire
26098;cm1;lecture;lecture_vocabulaire
26099;cm1;lecture;lecture_inference
26100;cm1;lecture;lecture_inference
26101;cm1;lecture;lecture_inference
26102;cm1;lecture;lecture_inference
26103;cm1;lecture;lecture_inference
26104;cm1;lecture;lecture_inference
26106;cm1;lecture;lecture_litterale
26107;cm1;lecture;lecture_litterale
26108;cm1;lecture;lecture_litterale
26109;cm1;lecture;lecture_litterale
26110;cm1;lecture;lecture_litterale
26111;cm1;lecture;lecture_litterale
26112;cm1;lecture;lecture_litterale
26113;cm1;lecture;lecture_litterale
26114;cm1;lecture;lecture_vocabulaire
26115;cm1;lecture;lecture_vocabulaire
26116;cm1;lecture;lecture_vocabulaire
26117;cm1;lecture;lecture_vocabulaire
26118;cm1;lecture;lecture_vocabulaire
26119;cm1;lecture;lecture_vocabulaire
26120;cm1;lecture;lecture_inference
26121;cm1;lecture;lecture_inference
26122;cm1;lecture;lecture_inference
26123;cm1;lecture;lecture_inference
26124;cm1;lecture;lecture_inference
26125;cm1;lecture;lecture_inference
26127;cm1;lecture;lecture_litterale
26128;cm1;lecture;lecture_litterale
26129;cm1;lecture;lecture_litterale
26130;cm1;lecture;lecture_litterale
26131;cm1;lecture;lecture_litterale
26132;cm1;lecture;lecture_litterale
26133;cm1;lecture;lecture_litterale
26134;cm1;lecture;lecture_litterale
26135;cm1;lecture;lecture_vocabulaire
26136;cm1;lecture;lecture_vocabulaire
26137;cm1;lecture;lecture_vocabulaire
26138;cm1;lecture;lecture_vocabulaire
26139;cm1;lecture;lecture_vocabulaire
26140;cm1;lecture;lecture_vocabulaire
26141;cm1;lecture;lecture_inference
26142;cm1;lecture;lecture_inference
26143;cm1;lecture;lecture_inference
26144;cm1;lecture;lecture_inference
26145;cm1;lecture;lecture_inference
26146;cm1;lecture;lecture_inference
26148;cm1;lecture;lecture_litterale
26149;cm1;lecture;lecture_litterale
26150;cm1;lecture;lecture_litterale
26151;cm1;lecture;lecture_litterale
26152;cm1;lecture;lecture_litterale
26153;cm1;lecture;lecture_litterale
26154;cm1;lecture;lecture_litterale
26155;cm1;lecture;lecture_litterale
26156;cm1;lecture;lecture_vocabulaire
26157;cm1;lecture;lecture_vocabulaire
26158;cm1;lecture;lecture_vocabulaire
26159;cm1;lecture;lecture_vocabulaire
26160;cm1;lecture;lecture_vocabulaire
26161;cm1;lecture;lecture_vocabulaire
26162;cm1;lecture;lecture_inference
26163;cm1;lecture;lecture_inference
26164;cm1;lecture;lecture_inference
26165;cm1;lecture;lecture_inference
26166;cm1;lecture;lecture_inference
26167;cm1;lecture;lecture_inference
26169;cm1;lecture;lecture_litterale
26170;cm1;lecture;lecture_litterale
26171;cm1;lecture;lecture_litterale
26172;cm1;lecture;lecture_litterale
26173;cm1;lecture;lecture_litterale
26174;cm1;lecture;lecture_litterale
26175;cm1;lecture;lecture_litterale
26176;cm1;lecture;lecture_litterale
26177;cm1;lecture;lecture_vocabulaire
26178;cm1;lecture;lecture_vocabulaire
26179;cm1;lecture;lecture_vocabulaire
26180;cm1;lecture;lecture_vocabulaire
26181;cm1;lecture;lecture_vocabulaire
26182;cm1;lecture;lecture_vocabulaire
26183;cm1;lecture;lecture_inference
26184;cm1;lecture;lecture_inference
26185;cm1;lecture;lecture_inference
26186;cm1;lecture;lecture_inference
26187;cm1;lecture;lecture_inference
26188;cm1;lecture;lecture_inference
26190;cm1;lecture;lecture_litterale
26191;cm1;lecture;lecture_litterale
26192;cm1;lecture;lecture_litterale
26193;cm1;lecture;lecture_litterale
26194;cm1;lecture;lecture_litterale
26195;cm1;lecture;lecture_litterale
26196;cm1;lecture;lecture_litterale
26197;cm1;lecture;lecture_litterale
26198;cm1;lecture;lecture_vocabulaire
26199;cm1;lecture;lecture_vocabulaire
26200;cm1;lecture;lecture_vocabulaire
26201;cm1;lecture;lecture_vocabulaire
26202;cm1;lecture;lecture_vocabulaire
26203;cm1;lecture;lecture_vocabulaire
26204;cm1;lecture;lecture_inference
26205;cm1;lecture;lecture_inference
26206;cm1;lecture;lecture_inference
26207;cm1;lecture;lecture_inference
26208;cm1;lecture;lecture_inference
26209;cm1;lecture;lecture_inference
26211;cm1;lecture;lecture_litterale
26212;cm1;lecture;lecture_litterale
26213;cm1;lecture;lecture_litterale
26214;cm1;lecture;lecture_litterale
26215;cm1;lecture;lecture_litterale
26216;cm1;lecture;lecture_litterale
26217;cm1;lecture;lecture_litterale
26218;cm1;lecture;lecture_litterale
26219;cm1;lecture;lecture_vocabulaire
26220;cm1;lecture;lecture_vocabulaire
26221;cm1;lecture;lecture_vocabulaire
26222;cm1;lecture;lecture_vocabulaire
26223;cm1;lecture;lecture_vocabulaire
26224;cm1;lecture;lecture_vocabulaire
26225;cm1;lecture;lecture_inference
26226;cm1;lecture;lecture_inference
26227;cm1;lecture;lecture_inference
26228;cm1;lecture;lecture_inference
26229;cm1;lecture;lecture_inference
26230;cm1;lecture;lecture_inference
26232;cm1;lecture;lecture_litterale
26233;cm1;lecture;lecture_litterale
26234;cm1;lecture;lecture_litterale
26235;cm1;lecture;lecture_litterale
26236;cm1;lecture;lecture_litterale
26237;cm1;lecture;lecture_litterale
26238;cm1;lecture;lecture_litterale
26239;cm1;lecture;lecture_litterale
26240;cm1;lecture;lecture_vocabulaire
26241;cm1;lecture;lecture_vocabulaire
26242;cm1;lecture;lecture_vocabulaire
26243;cm1;lecture;lecture_vocabulaire
26244;cm1;lecture;lecture_vocabulaire
26245;cm1;lecture;lecture_vocabulaire
26246;cm1;lecture;lecture_inference
26247;cm1;lecture;lecture_inference
26248;cm1;lecture;lecture_inference
26249;cm1;lecture;lecture_inference
26250;cm1;lecture;lecture_inference
26251;cm1;lecture;lecture_inference
26253;cm1;lecture;lecture_litterale
26254;cm1;lecture;lecture_litterale
26255;cm1;lecture;lecture_litterale
26256;cm1;lecture;lecture_litterale
26257;cm1;lecture;lecture_litterale
26258;cm1;lecture;lecture_litterale
26259;cm1;lecture;lecture_litterale
26260;cm1;lecture;lecture_litterale
26261;cm1;lecture;lecture_vocabulaire
26262;cm1;lecture;lecture_vocabulaire
26263;cm1;lecture;lecture_vocabulaire
26264;cm1;lecture;lecture_vocabulaire
26265;cm1;lecture;lecture_vocabulaire
26266;cm1;lecture;lecture_vocabulaire
26267;cm1;lecture;lecture_inference
26268;cm1;lecture;lecture_inference
26269;cm1;lecture;lecture_inference
26270;cm1;lecture;lecture_inference
26271;cm1;lecture;lecture_inference
26272;cm1;lecture;lecture_inference
26274;cm1;lecture;lecture_litterale
26275;cm1;lecture;lecture_litterale
26276;cm1;lecture;lecture_litterale
26277;cm1;lecture;lecture_litterale
26278;cm1;lecture;lecture_litterale
26279;cm1;lecture;lecture_litterale
26280;cm1;lecture;lecture_litterale
26281;cm1;lecture;lecture_litterale
26282;cm1;lecture;lecture_vocabulaire
26283;cm1;lecture;lecture_vocabulaire
26284;cm1;lecture;lecture_vocabulaire
26285;cm1;lecture;lecture_vocabulaire
26286;cm1;lecture;lecture_vocabulaire
26287;cm1;lecture;lecture_vocabulaire
26288;cm1;lecture;lecture_inference
26289;cm1;lecture;lecture_inference
26290;cm1;lecture;lecture_inference
26291;cm1;lecture;lecture_inference
26292;cm1;lecture;lecture_inference
26293;cm1;lecture;lecture_inference
26295;cm1;lecture;lecture_litterale
26296;cm1;lecture;lecture_litterale
26297;cm1;lecture;lecture_litterale
26298;cm1;lecture;lecture_litterale
26299;cm1;lecture;lecture_litterale
26300;cm1;lecture;lecture_litterale
26301;cm1;lecture;lecture_litterale
26302;cm1;lecture;lecture_litterale
26303;cm1;lecture;lecture_vocabulaire
26304;cm1;lecture;lecture_vocabulaire
26305;cm1;lecture;lecture_vocabulaire
26306;cm1;lecture;lecture_vocabulaire
26307;cm1;lecture;lecture_vocabulaire
26308;cm1;lecture;lecture_vocabulaire
26309;cm1;lecture;lecture_inference
26310;cm1;lecture;lecture_inference
26311;cm1;lecture;lecture_inference
26312;cm1;lecture;lecture_inference
26313;cm1;lecture;lecture_inference
26314;cm1;lecture;lecture_inference
26316;cm1;lecture;lecture_litterale
26317;cm1;lecture;lecture_litterale
26318;cm1;lecture;lecture_litterale
26319;cm1;lecture;lecture_litterale
26320;cm1;lecture;lecture_litterale
26321;cm1;lecture;lecture_litterale
26322;cm1;lecture;lecture_litterale
26323;cm1;lecture;lecture_litterale
26324;cm1;lecture;lecture_vocabulaire
26325;cm1;lecture;lecture_vocabulaire
26326;cm1;lecture;lecture_vocabulaire
26327;cm1;lecture;lecture_vocabulaire
26328;cm1;lecture;lecture_vocabulaire
26329;cm1;lecture;lecture_vocabulaire
26330;cm1;lecture;lecture_inference
26331;cm1;lecture;lecture_inference
26332;cm1;lecture;lecture_inference
26333;cm1;lecture;lecture_inference
26334;cm1;lecture;lecture_inference
26335;cm1;lecture;lecture_inference
26337;cm1;lecture;lecture_litterale
26338;cm1;lecture;lecture_litterale
26339;cm1;lecture;lecture_litterale
26340;cm1;lecture;lecture_litterale
26341;cm1;lecture;lecture_litterale
26342;cm1;lecture;lecture_litterale
26343;cm1;lecture;lecture_litterale
26344;cm1;lecture;lecture_litterale
26345;cm1;lecture;lecture_vocabulaire
26346;cm1;lecture;lecture_vocabulaire
26347;cm1;lecture;lecture_vocabulaire
26348;cm1;lecture;lecture_vocabulaire
26349;cm1;lecture;lecture_vocabulaire
26350;cm1;lecture;lecture_vocabulaire
26351;cm1;lecture;lecture_inference
26352;cm1;lecture;lecture_inference
26353;cm1;lecture;lecture_inference
26354;cm1;lecture;lecture_inference
26355;cm1;lecture;lecture_inference
26356;cm1;lecture;lecture_inference
26358;cm1;lecture;lecture_litterale
26359;cm1;lecture;lecture_litterale
26360;cm1;lecture;lecture_litterale
26361;cm1;lecture;lecture_litterale
26362;cm1;lecture;lecture_litterale
26363;cm1;lecture;lecture_litterale
26364;cm1;lecture;lecture_litterale
26365;cm1;lecture;lecture_litterale
26366;cm1;lecture;lecture_vocabulaire
26367;cm1;lecture;lecture_vocabulaire
26368;cm1;lecture;lecture_vocabulaire
26369;cm1;lecture;lecture_vocabulaire
26370;cm1;lecture;lecture_vocabulaire
26371;cm1;lecture;lecture_vocabulaire
26372;cm1;lecture;lecture_inference
26373;cm1;lecture;lecture_inference
26374;cm1;lecture;lecture_inference
26375;cm1;lecture;lecture_inference
26376;cm1;lecture;lecture_inference
26377;cm1;lecture;lecture_inference
26379;cm1;lecture;lecture_litterale
26380;cm1;lecture;lecture_litterale
26381;cm1;lecture;lecture_litterale
26382;cm1;lecture;lecture_litterale
26383;cm1;lecture;lecture_litterale
26384;cm1;lecture;lecture_litterale
26385;cm1;lecture;lecture_litterale
26386;cm1;lecture;lecture_litterale
26387;cm1;lecture;lecture_vocabulaire
26388;cm1;lecture;lecture_vocabulaire
26389;cm1;lecture;lecture_vocabulaire
26390;cm1;lecture;lecture_vocabulaire
26391;cm1;lecture;lecture_vocabulaire
26392;cm1;lecture;lecture_vocabulaire
26393;cm1;lecture;lecture_inference
26394;cm1;lecture;lecture_inference
26395;cm1;lecture;lecture_inference
26396;cm1;lecture;lecture_inference
26397;cm1;lecture;lecture_inference
26398;cm1;lecture;lecture_inference
26400;cm1;lecture;lecture_litterale
26401;cm1;lecture;lecture_litterale
26402;cm1;lecture;lecture_litterale
26403;cm1;lecture;lecture_litterale
26404;cm1;lecture;lecture_litterale
26405;cm1;lecture;lecture_litterale
26406;cm1;lecture;lecture_litterale
26407;cm1;lecture;lecture_litterale
26408;cm1;lecture;lecture_vocabulaire
26409;cm1;lecture;lecture_vocabulaire
26410;cm1;lecture;lecture_vocabulaire
26411;cm1;lecture;lecture_vocabulaire
26412;cm1;lecture;lecture_vocabulaire
26413;cm1;lecture;lecture_vocabulaire
26414;cm1;lecture;lecture_inference
26415;cm1;lecture;lecture_inference
26416;cm1;lecture;lecture_inference
26417;cm1;lecture;lecture_inference
26418;cm1;lecture;lecture_inference
26419;cm1;lecture;lecture_inference
26421;cm1;lecture;lecture_litterale
26422;cm1;lecture;lecture_litterale
26423;cm1;lecture;lecture_litterale
26424;cm1;lecture;lecture_litterale
26425;cm1;lecture;lecture_litterale
26426;cm1;lecture;lecture_litterale
26427;cm1;lecture;lecture_litterale
26428;cm1;lecture;lecture_litterale
26429;cm1;lecture;lecture_vocabulaire
26430;cm1;lecture;lecture_vocabulaire
26431;cm1;lecture;lecture_vocabulaire
26432;cm1;lecture;lecture_vocabulaire
26433;cm1;lecture;lecture_vocabulaire
26434;cm1;lecture;lecture_vocabulaire
26435;cm1;lecture;lecture_inference
26436;cm1;lecture;lecture_inference
26437;cm1;lecture;lecture_inference
26438;cm1;lecture;lecture_inference
26439;cm1;lecture;lecture_inference
26440;cm1;lecture;lecture_inference
26442;cm1;lecture;lecture_litterale
26443;cm1;lecture;lecture_litterale
26444;cm1;lecture;lecture_litterale
26445;cm1;lecture;lecture_litterale
26446;cm1;lecture;lecture_litterale
26447;cm1;lecture;lecture_litterale
26448;cm1;lecture;lecture_litterale
26449;cm1;lecture;lecture_litterale
26450;cm1;lecture;lecture_vocabulaire
26451;cm1;lecture;lecture_vocabulaire
26452;cm1;lecture;lecture_vocabulaire
26453;cm1;lecture;lecture_vocabulaire
26454;cm1;lecture;lecture_vocabulaire
26455;cm1;lecture;lecture_vocabulaire
26456;cm1;lecture;lecture_inference
26457;cm1;lecture;lecture_inference
26458;cm1;lecture;lecture_inference
26459;cm1;lecture;lecture_inference
26460;cm1;lecture;lecture_inference
26461;cm1;lecture;lecture_inference
26463;cm1;lecture;lecture_litterale
26464;cm1;lecture;lecture_litterale
26465;cm1;lecture;lecture_litterale
26466;cm1;lecture;lecture_litterale
26467;cm1;lecture;lecture_litterale
26468;cm1;lecture;lecture_litterale
26469;cm1;lecture;lecture_litterale
26470;cm1;lecture;lecture_litterale
26471;cm1;lecture;lecture_vocabulaire
26472;cm1;lecture;lecture_vocabulaire
26473;cm1;lecture;lecture_vocabulaire
26474;cm1;lecture;lecture_vocabulaire
26475;cm1;lecture;lecture_vocabulaire
26476;cm1;lecture;lecture_vocabulaire
26477;cm1;lecture;lecture_inference
26478;cm1;lecture;lecture_inference
26479;cm1;lecture;lecture_inference
26480;cm1;lecture;lecture_inference
26481;cm1;lecture;lecture_inference
26482;cm1;lecture;lecture_inference
26484;cm1;lecture;lecture_litterale
26485;cm1;lecture;lecture_litterale
26486;cm1;lecture;lecture_litterale
26487;cm1;lecture;lecture_litterale
26488;cm1;lecture;lecture_litterale
26489;cm1;lecture;lecture_litterale
26490;cm1;lecture;lecture_litterale
26491;cm1;lecture;lecture_litterale
26492;cm1;lecture;lecture_vocabulaire
26493;cm1;lecture;lecture_vocabulaire
26494;cm1;lecture;lecture_vocabulaire
26495;cm1;lecture;lecture_vocabulaire
26496;cm1;lecture;lecture_vocabulaire
26497;cm1;lecture;lecture_vocabulaire
26498;cm1;lecture;lecture_inference
26499;cm1;lecture;lecture_inference
26500;cm1;lecture;lecture_inference
26501;cm1;lecture;lecture_inference
26502;cm1;lecture;lecture_inference
26503;cm1;lecture;lecture_inference
26505;cm1;lecture;lecture_litterale
26506;cm1;lecture;lecture_litterale
26507;cm1;lecture;lecture_litterale
26508;cm1;lecture;lecture_litterale
26509;cm1;lecture;lecture_litterale
26510;cm1;lecture;lecture_litterale
26511;cm1;lecture;lecture_litterale
26512;cm1;lecture;lecture_litterale
26513;cm1;lecture;lecture_vocabulaire
26514;cm1;lecture;lecture_vocabulaire
26515;cm1;lecture;lecture_vocabulaire
26516;cm1;lecture;lecture_vocabulaire
26517;cm1;lecture;lecture_vocabulaire
26518;cm1;lecture;lecture_vocabulaire
26519;cm1;lecture;lecture_inference
26520;cm1;lecture;lecture_inference
26521;cm1;lecture;lecture_inference
26522;cm1;lecture;lecture_inference
26523;cm1;lecture;lecture_inference
26524;cm1;lecture;lecture_inference
26526;cm1;lecture;lecture_litterale
26527;cm1;lecture;lecture_litterale
26528;cm1;lecture;lecture_litterale
26529;cm1;lecture;lecture_litterale
26530;cm1;lecture;lecture_litterale
26531;cm1;lecture;lecture_litterale
26532;cm1;lecture;lecture_litterale
26533;cm1;lecture;lecture_litterale
26534;cm1;lecture;lecture_vocabulaire
26535;cm1;lecture;lecture_vocabulaire
26536;cm1;lecture;lecture_vocabulaire
26537;cm1;lecture;lecture_vocabulaire
26538;cm1;lecture;lecture_vocabulaire
26539;cm1;lecture;lecture_vocabulaire
26540;cm1;lecture;lecture_inference
26541;cm1;lecture;lecture_inference
26542;cm1;lecture;lecture_inference
26543;cm1;lecture;lecture_inference
26544;cm1;lecture;lecture_inference
26545;cm1;lecture;lecture_inference
26547;cm1;lecture;lecture_litterale
26548;cm1;lecture;lecture_litterale
26549;cm1;lecture;lecture_litterale
26550;cm1;lecture;lecture_litterale
26551;cm1;lecture;lecture_litterale
26552;cm1;lecture;lecture_litterale
26553;cm1;lecture;lecture_litterale
26554;cm1;lecture;lecture_litterale
26555;cm1;lecture;lecture_vocabulaire
26556;cm1;lecture;lecture_vocabulaire
26557;cm1;lecture;lecture_vocabulaire
26558;cm1;lecture;lecture_vocabulaire
26559;cm1;lecture;lecture_vocabulaire
26560;cm1;lecture;lecture_vocabulaire
26561;cm1;lecture;lecture_inference
26562;cm1;lecture;lecture_inference
26563;cm1;lecture;lecture_inference
26564;cm1;lecture;lecture_inference
26565;cm1;lecture;lecture_inference
26566;cm1;lecture;lecture_inference
26568;cm1;lecture;lecture_litterale
26569;cm1;lecture;lecture_litterale
26570;cm1;lecture;lecture_litterale
26571;cm1;lecture;lecture_litterale
26572;cm1;lecture;lecture_litterale
26573;cm1;lecture;lecture_litterale
26574;cm1;lecture;lecture_litterale
26575;cm1;lecture;lecture_litterale
26576;cm1;lecture;lecture_vocabulaire
26577;cm1;lecture;lecture_vocabulaire
26578;cm1;lecture;lecture_vocabulaire
26579;cm1;lecture;lecture_vocabulaire
26580;cm1;lecture;lecture_vocabulaire
26581;cm1;lecture;lecture_vocabulaire
26582;cm1;lecture;lecture_inference
26583;cm1;lecture;lecture_inference
26584;cm1;lecture;lecture_inference
26585;cm1;lecture;lecture_inference
26586;cm1;lecture;lecture_inference
26587;cm1;lecture;lecture_inference
26589;cm1;lecture;lecture_litterale
26590;cm1;lecture;lecture_litterale
26591;cm1;lecture;lecture_litterale
26592;cm1;lecture;lecture_litterale
26593;cm1;lecture;lecture_litterale
26594;cm1;lecture;lecture_litterale
26595;cm1;lecture;lecture_litterale
26596;cm1;lecture;lecture_litterale
26597;cm1;lecture;lecture_vocabulaire
26598;cm1;lecture;lecture_vocabulaire
26599;cm1;lecture;lecture_vocabulaire
26600;cm1;lecture;lecture_vocabulaire
26601;cm1;lecture;lecture_vocabulaire
26602;cm1;lecture;lecture_vocabulaire
26603;cm1;lecture;lecture_inference
26604;cm1;lecture;lecture_inference
26605;cm1;lecture;lecture_inference
26606;cm1;lecture;lecture_inference
26607;cm1;lecture;lecture_inference
26608;cm1;lecture;lecture_inference
26610;cm1;lecture;lecture_litterale
26611;cm1;lecture;lecture_litterale
26612;cm1;lecture;lecture_litterale
26613;cm1;lecture;lecture_litterale
26614;cm1;lecture;lecture_litterale
26615;cm1;lecture;lecture_litterale
26616;cm1;lecture;lecture_litterale
26617;cm1;lecture;lecture_litterale
26618;cm1;lecture;lecture_vocabulaire
26619;cm1;lecture;lecture_vocabulaire
26620;cm1;lecture;lecture_vocabulaire
26621;cm1;lecture;lecture_vocabulaire
26622;cm1;lecture;lecture_vocabulaire
26623;cm1;lecture;lecture_vocabulaire
26624;cm1;lecture;lecture_inference
26625;cm1;lecture;lecture_inference
26626;cm1;lecture;lecture_inference
26627;cm1;lecture;lecture_inference
26628;cm1;lecture;lecture_inference
26629;cm1;lecture;lecture_inference
26631;cm1;lecture;lecture_litterale
26632;cm1;lecture;lecture_litterale
26633;cm1;lecture;lecture_litterale
26634;cm1;lecture;lecture_litterale
26635;cm1;lecture;lecture_litterale
26636;cm1;lecture;lecture_litterale
26637;cm1;lecture;lecture_litterale
26638;cm1;lecture;lecture_litterale
26639;cm1;lecture;lecture_vocabulaire
26640;cm1;lecture;lecture_vocabulaire
26641;cm1;lecture;lecture_vocabulaire
26642;cm1;lecture;lecture_vocabulaire
26643;cm1;lecture;lecture_vocabulaire
26644;cm1;lecture;lecture_vocabulaire
26645;cm1;lecture;lecture_inference
26646;cm1;lecture;lecture_inference
26647;cm1;lecture;lecture_inference
26648;cm1;lecture;lecture_inference
26649;cm1;lecture;lecture_inference
26650;cm1;lecture;lecture_inference
26652;cm1;lecture;lecture_litterale
26653;cm1;lecture;lecture_litterale
26654;cm1;lecture;lecture_litterale
26655;cm1;lecture;lecture_litterale
26656;cm1;lecture;lecture_litterale
26657;cm1;lecture;lecture_litterale
26658;cm1;lecture;lecture_litterale
26659;cm1;lecture;lecture_litterale
26660;cm1;lecture;lecture_vocabulaire
26661;cm1;lecture;lecture_vocabulaire
26662;cm1;lecture;lecture_vocabulaire
26663;cm1;lecture;lecture_vocabulaire
26664;cm1;lecture;lecture_vocabulaire
26665;cm1;lecture;lecture_vocabulaire
26666;cm1;lecture;lecture_inference
26667;cm1;lecture;lecture_inference
26668;cm1;lecture;lecture_inference
26669;cm1;lecture;lecture_inference
26670;cm1;lecture;lecture_inference
26671;cm1;lecture;lecture_inference
26673;cm1;lecture;lecture_litterale
26674;cm1;lecture;lecture_litterale
26675;cm1;lecture;lecture_litterale
26676;cm1;lecture;lecture_litterale
26677;cm1;lecture;lecture_litterale
26678;cm1;lecture;lecture_litterale
26679;cm1;lecture;lecture_litterale
26680;cm1;lecture;lecture_litterale
26681;cm1;lecture;lecture_vocabulaire
26682;cm1;lecture;lecture_vocabulaire
26683;cm1;lecture;lecture_vocabulaire
26684;cm1;lecture;lecture_vocabulaire
26685;cm1;lecture;lecture_vocabulaire
26686;cm1;lecture;lecture_vocabulaire
26687;cm1;lecture;lecture_inference
26688;cm1;lecture;lecture_inference
26689;cm1;lecture;lecture_inference
26690;cm1;lecture;lecture_inference
26691;cm1;lecture;lecture_inference
26692;cm1;lecture;lecture_inference
26694;cm1;lecture;lecture_litterale
26695;cm1;lecture;lecture_litterale
26696;cm1;lecture;lecture_litterale
26697;cm1;lecture;lecture_litterale
26698;cm1;lecture;lecture_litterale
26699;cm1;lecture;lecture_litterale
26700;cm1;lecture;lecture_litterale
26701;cm1;lecture;lecture_litterale
26702;cm1;lecture;lecture_vocabulaire
26703;cm1;lecture;lecture_vocabulaire
26704;cm1;lecture;lecture_vocabulaire
26705;cm1;lecture;lecture_vocabulaire
26706;cm1;lecture;lecture_vocabulaire
26707;cm1;lecture;lecture_vocabulaire
26708;cm1;lecture;lecture_inference
26709;cm1;lecture;lecture_inference
26710;cm1;lecture;lecture_inference
26711;cm1;lecture;lecture_inference
26712;cm1;lecture;lecture_inference
26713;cm1;lecture;lecture_inference
26715;cm1;lecture;lecture_litterale
26716;cm1;lecture;lecture_litterale
26717;cm1;lecture;lecture_litterale
26718;cm1;lecture;lecture_litterale
26719;cm1;lecture;lecture_litterale
26720;cm1;lecture;lecture_litterale
26721;cm1;lecture;lecture_litterale
26722;cm1;lecture;lecture_litterale
26723;cm1;lecture;lecture_vocabulaire
26724;cm1;lecture;lecture_vocabulaire
26725;cm1;lecture;lecture_vocabulaire
26726;cm1;lecture;lecture_vocabulaire
26727;cm1;lecture;lecture_vocabulaire
26728;cm1;lecture;lecture_vocabulaire
26729;cm1;lecture;lecture_inference
26730;cm1;lecture;lecture_inference
26731;cm1;lecture;lecture_inference
26732;cm1;lecture;lecture_inference
26733;cm1;lecture;lecture_inference
26734;cm1;lecture;lecture_inference
26736;cm1;lecture;lecture_litterale
26737;cm1;lecture;lecture_litterale
26738;cm1;lecture;lecture_litterale
26739;cm1;lecture;lecture_litterale
26740;cm1;lecture;lecture_litterale
26741;cm1;lecture;lecture_litterale
26742;cm1;lecture;lecture_litterale
26743;cm1;lecture;lecture_litterale
26744;cm1;lecture;lecture_vocabulaire
26745;cm1;lecture;lecture_vocabulaire
26746;cm1;lecture;lecture_vocabulaire
26747;cm1;lecture;lecture_vocabulaire
26748;cm1;lecture;lecture_vocabulaire
26749;cm1;lecture;lecture_vocabulaire
26750;cm1;lecture;lecture_inference
26751;cm1;lecture;lecture_inference
26752;cm1;lecture;lecture_inference
26753;cm1;lecture;lecture_inference
26754;cm1;lecture;lecture_inference
26755;cm1;lecture;lecture_inference
26757;cm1;lecture;lecture_litterale
26758;cm1;lecture;lecture_litterale
26759;cm1;lecture;lecture_litterale
26760;cm1;lecture;lecture_litterale
26761;cm1;lecture;lecture_litterale
26762;cm1;lecture;lecture_litterale
26763;cm1;lecture;lecture_litterale
26764;cm1;lecture;lecture_litterale
26765;cm1;lecture;lecture_vocabulaire
26766;cm1;lecture;lecture_vocabulaire
26767;cm1;lecture;lecture_vocabulaire
26768;cm1;lecture;lecture_vocabulaire
26769;cm1;lecture;lecture_vocabulaire
26770;cm1;lecture;lecture_vocabulaire
26771;cm1;lecture;lecture_inference
26772;cm1;lecture;lecture_inference
26773;cm1;lecture;lecture_inference
26774;cm1;lecture;lecture_inference
26775;cm1;lecture;lecture_inference
26776;cm1;lecture;lecture_inference
26778;cm1;lecture;lecture_litterale
26779;cm1;lecture;lecture_litterale
26780;cm1;lecture;lecture_litterale
26781;cm1;lecture;lecture_litterale
26782;cm1;lecture;lecture_litterale
26783;cm1;lecture;lecture_litterale
26784;cm1;lecture;lecture_litterale
26785;cm1;lecture;lecture_litterale
26786;cm1;lecture;lecture_vocabulaire
26787;cm1;lecture;lecture_vocabulaire
26788;cm1;lecture;lecture_vocabulaire
26789;cm1;lecture;lecture_vocabulaire
26790;cm1;lecture;lecture_vocabulaire
26791;cm1;lecture;lecture_vocabulaire
26792;cm1;lecture;lecture_inference
26793;cm1;lecture;lecture_inference
26794;cm1;lecture;lecture_inference
26795;cm1;lecture;lecture_inference
26796;cm1;lecture;lecture_inference
26797;cm1;lecture;lecture_inference
26799;cm1;lecture;lecture_litterale
26800;cm1;lecture;lecture_litterale
26801;cm1;lecture;lecture_litterale
26802;cm1;lecture;lecture_litterale
26803;cm1;lecture;lecture_litterale
26804;cm1;lecture;lecture_litterale
26805;cm1;lecture;lecture_litterale
26806;cm1;lecture;lecture_litterale
26807;cm1;lecture;lecture_vocabulaire
26808;cm1;lecture;lecture_vocabulaire
26809;cm1;lecture;lecture_vocabulaire
26810;cm1;lecture;lecture_vocabulaire
26811;cm1;lecture;lecture_vocabulaire
26812;cm1;lecture;lecture_vocabulaire
26813;cm1;lecture;lecture_inference
26814;cm1;lecture;lecture_inference
26815;cm1;lecture;lecture_inference
26816;cm1;lecture;lecture_inference
26817;cm1;lecture;lecture_inference
26818;cm1;lecture;lecture_inference
26820;cm1;lecture;lecture_litterale
26821;cm1;lecture;lecture_litterale
26822;cm1;lecture;lecture_litterale
26823;cm1;lecture;lecture_litterale
26824;cm1;lecture;lecture_litterale
26825;cm1;lecture;lecture_litterale
26826;cm1;lecture;lecture_litterale
26827;cm1;lecture;lecture_litterale
26828;cm1;lecture;lecture_vocabulaire
26829;cm1;lecture;lecture_vocabulaire
26830;cm1;lecture;lecture_vocabulaire
26831;cm1;lecture;lecture_vocabulaire
26832;cm1;lecture;lecture_vocabulaire
26833;cm1;lecture;lecture_vocabulaire
26834;cm1;lecture;lecture_inference
26835;cm1;lecture;lecture_inference
26836;cm1;lecture;lecture_inference
26837;cm1;lecture;lecture_inference
26838;cm1;lecture;lecture_inference
26839;cm1;lecture;lecture_inference
26841;cm1;lecture;lecture_litterale
26842;cm1;lecture;lecture_litterale
26843;cm1;lecture;lecture_litterale
26844;cm1;lecture;lecture_litterale
26845;cm1;lecture;lecture_litterale
26846;cm1;lecture;lecture_litterale
26847;cm1;lecture;lecture_litterale
26848;cm1;lecture;lecture_litterale
26849;cm1;lecture;lecture_vocabulaire
26850;cm1;lecture;lecture_vocabulaire
26851;cm1;lecture;lecture_vocabulaire
26852;cm1;lecture;lecture_vocabulaire
26853;cm1;lecture;lecture_vocabulaire
26854;cm1;lecture;lecture_vocabulaire
26855;cm1;lecture;lecture_inference
26856;cm1;lecture;lecture_inference
26857;cm1;lecture;lecture_inference
26858;cm1;lecture;lecture_inference
26859;cm1;lecture;lecture_inference
26860;cm1;lecture;lecture_inference
26862;cm1;lecture;lecture_litterale
26863;cm1;lecture;lecture_litterale
26864;cm1;lecture;lecture_litterale
26865;cm1;lecture;lecture_litterale
26866;cm1;lecture;lecture_litterale
26867;cm1;lecture;lecture_litterale
26868;cm1;lecture;lecture_litterale
26869;cm1;lecture;lecture_litterale
26870;cm1;lecture;lecture_vocabulaire
26871;cm1;lecture;lecture_vocabulaire
26872;cm1;lecture;lecture_vocabulaire
26873;cm1;lecture;lecture_vocabulaire
26874;cm1;lecture;lecture_vocabulaire
26875;cm1;lecture;lecture_vocabulaire
26876;cm1;lecture;lecture_inference
26877;cm1;lecture;lecture_inference
26878;cm1;lecture;lecture_inference
26879;cm1;lecture;lecture_inference
26880;cm1;lecture;lecture_inference
26881;cm1;lecture;lecture_inference
26883;cm1;lecture;lecture_litterale
26884;cm1;lecture;lecture_litterale
26885;cm1;lecture;lecture_litterale
26886;cm1;lecture;lecture_litterale
26887;cm1;lecture;lecture_litterale
26888;cm1;lecture;lecture_litterale
26889;cm1;lecture;lecture_litterale
26890;cm1;lecture;lecture_litterale
26891;cm1;lecture;lecture_vocabulaire
26892;cm1;lecture;lecture_vocabulaire
26893;cm1;lecture;lecture_vocabulaire
26894;cm1;lecture;lecture_vocabulaire
26895;cm1;lecture;lecture_vocabulaire
26896;cm1;lecture;lecture_vocabulaire
26897;cm1;lecture;lecture_inference
26898;cm1;lecture;lecture_inference
26899;cm1;lecture;lecture_inference
26900;cm1;lecture;lecture_inference
26901;cm1;lecture;lecture_inference
26902;cm1;lecture;lecture_inference
26904;cm1;lecture;lecture_litterale
26905;cm1;lecture;lecture_litterale
26906;cm1;lecture;lecture_litterale
26907;cm1;lecture;lecture_litterale
26908;cm1;lecture;lecture_litterale
26909;cm1;lecture;lecture_litterale
26910;cm1;lecture;lecture_litterale
26911;cm1;lecture;lecture_litterale
26912;cm1;lecture;lecture_vocabulaire
26913;cm1;lecture;lecture_vocabulaire
26914;cm1;lecture;lecture_vocabulaire
26915;cm1;lecture;lecture_vocabulaire
26916;cm1;lecture;lecture_vocabulaire
26917;cm1;lecture;lecture_vocabulaire
26918;cm1;lecture;lecture_inference
26919;cm1;lecture;lecture_inference
26920;cm1;lecture;lecture_inference
26921;cm1;lecture;lecture_inference
26922;cm1;lecture;lecture_inference
26923;cm1;lecture;lecture_inference
26925;cm1;lecture;lecture_litterale
26926;cm1;lecture;lecture_litterale
26927;cm1;lecture;lecture_litterale
26928;cm1;lecture;lecture_litterale
26929;cm1;lecture;lecture_litterale
26930;cm1;lecture;lecture_litterale
26931;cm1;lecture;lecture_litterale
26932;cm1;lecture;lecture_litterale
26933;cm1;lecture;lecture_vocabulaire
26934;cm1;lecture;lecture_vocabulaire
26935;cm1;lecture;lecture_vocabulaire
26936;cm1;lecture;lecture_vocabulaire
26937;cm1;lecture;lecture_vocabulaire
26938;cm1;lecture;lecture_vocabulaire
26939;cm1;lecture;lecture_inference
26940;cm1;lecture;lecture_inference
26941;cm1;lecture;lecture_inference
26942;cm1;lecture;lecture_inference
26943;cm1;lecture;lecture_inference
26944;cm1;lecture;lecture_inference
26946;cm1;lecture;lecture_litterale
26947;cm1;lecture;lecture_litterale
26948;cm1;lecture;lecture_litterale
26949;cm1;lecture;lecture_litterale
26950;cm1;lecture;lecture_litterale
26951;cm1;lecture;lecture_litterale
26952;cm1;lecture;lecture_litterale
26953;cm1;lecture;lecture_litterale
26954;cm1;lecture;lecture_vocabulaire
26955;cm1;lecture;lecture_vocabulaire
26956;cm1;lecture;lecture_vocabulaire
26957;cm1;lecture;lecture_vocabulaire
26958;cm1;lecture;lecture_vocabulaire
26959;cm1;lecture;lecture_vocabulaire
26960;cm1;lecture;lecture_inference
26961;cm1;lecture;lecture_inference
26962;cm1;lecture;lecture_inference
26963;cm1;lecture;lecture_inference
26964;cm1;lecture;lecture_inference
26965;cm1;lecture;lecture_inference
26967;cm1;lecture;lecture_litterale
26968;cm1;lecture;lecture_litterale
26969;cm1;lecture;lecture_litterale
26970;cm1;lecture;lecture_litterale
26971;cm1;lecture;lecture_litterale
26972;cm1;lecture;lecture_litterale
26973;cm1;lecture;lecture_litterale
26974;cm1;lecture;lecture_litterale
26975;cm1;lecture;lecture_vocabulaire
26976;cm1;lecture;lecture_vocabulaire
26977;cm1;lecture;lecture_vocabulaire
26978;cm1;lecture;lecture_vocabulaire
26979;cm1;lecture;lecture_vocabulaire
26980;cm1;lecture;lecture_vocabulaire
26981;cm1;lecture;lecture_inference
26982;cm1;lecture;lecture_inference
26983;cm1;lecture;lecture_inference
26984;cm1;lecture;lecture_inference
26985;cm1;lecture;lecture_inference
26986;cm1;lecture;lecture_inference
43000;cm1;logique;suites_logiques
43001;cm1;logique;codes
43002;cm1;logique;codes
43003;cm1;logique;grilles
43004;cm1;logique;suites_logiques
43005;cm1;logique;classer
43006;cm1;logique;analogies
43007;cm1;logique;suites_logiques
43008;cm1;logique;raisonnement
43009;cm1;logique;suites_logiques
43010;cm1;logique;suites_logiques
43011;cm1;logique;suites_logiques
43012;cm1;logique;suites_logiques
43013;cm1;logique;suites_logiques
43014;cm1;logique;suites_logiques
43015;cm1;logique;suites_logiques
43016;cm1;logique;suites_logiques
43017;cm1;logique;suites_logiques
43018;cm1;logique;suites_logiques
43019;cm1;logique;suites_logiques
43020;cm1;logique;suites_logiques
43021;cm1;logique;suites_logiques
43022;cm1;logique;suites_logiques
43023;cm1;logique;suites_logiques
43024;cm1;logique;suites_logiques
43025;cm1;logique;suites_logiques
43026;cm1;logique;suites_logiques
43027;cm1;logique;suites_logiques
43028;cm1;logique;suites_logiques
43029;cm1;logique;suites_logiques
43030;cm1;logique;suites_logiques
43031;cm1;logique;suites_logiques
43032;cm1;logique;suites_logiques
43033;cm1;logique;suites_logiques
43034;cm1;logique;suites_logiques
43035;cm1;logique;suites_logiques
43036;cm1;logique;suites_logiques
43037;cm1;logique;suites_logiques
43038;cm1;logique;suites_logiques
43039;cm1;logique;suites_logiques
43040;cm1;logique;suites_logiques
43041;cm1;logique;suites_logiques
43042;cm1;logique;suites_logiques
43043;cm1;logique;suites_logiques
43044;cm1;logique;suites_logiques
43045;cm1;logique;suites_logiques
43046;cm1;logique;suites_logiques
43047;cm1;logique;suites_logiques
43048;cm1;logique;suites_logiques
43049;cm1;logique;suites_logiques
43050;cm1;logique;suites_logiques
43051;cm1;logique;suites_logiques
43052;cm1;logique;suites_logiques
43053;cm1;logique;suites_logiques
43054;cm1;logique;suites_logiques
43055;cm1;logique;suites_logiques
43056;cm1;logique;suites_logiques
43057;cm1;logique;suites_logiques
43058;cm1;logique;suites_logiques
43059;cm1;logique;suites_logiques
43060;cm1;logique;suites_logiques
43061;cm1;logique;suites_logiques
43062;cm1;logique;suites_logiques
43063;cm1;logique;suites_logiques
43064;cm1;logique;suites_logiques
43065;cm1;logique;suites_logiques
43066;cm1;logique;suites_logiques
43067;cm1;logique;suites_logiques
43068;cm1;logique;suites_logiques
43069;cm1;logique;suites_logiques
43070;cm1;logique;suites_logiques
43071;cm1;logique;suites_logiques
43072;cm1;logique;suites_logiques
43073;cm1;logique;suites_logiques
43074;cm1;logique;suites_logiques
43075;cm1;logique;suites_logiques
43076;cm1;logique;suites_logiques
43077;cm1;logique;suites_logiques
43078;cm1;logique;suites_logiques
43079;cm1;logique;suites_logiques
43080;cm1;logique;codes
43081;cm1;logique;codes
43082;cm1;logique;codes
43083;cm1;logique;codes
43084;cm1;logique;codes
43085;cm1;logique;codes
43086;cm1;logique;codes
43087;cm1;logique;codes
43088;cm1;logique;codes
43089;cm1;logique;codes
43090;cm1;logique;codes
43091;cm1;logique;codes
43092;cm1;logique;codes
43093;cm1;logique;codes
43094;cm1;logique;codes
43095;cm1;logique;codes
43096;cm1;logique;codes
43097;cm1;logique;codes
43098;cm1;logique;codes
43099;cm1;logique;codes
43100;cm1;logique;codes
43101;cm1;logique;codes
43102;cm1;logique;codes
43103;cm1;logique;codes
43104;cm1;logique;codes
43105;cm1;logique;codes
43106;cm1;logique;codes
43107;cm1;logique;codes
43108;cm1;logique;codes
43109;cm1;logique;codes
43110;cm1;logique;codes
43111;cm1;logique;codes
43112;cm1;logique;codes
43113;cm1;logique;codes
43114;cm1;logique;codes
43115;cm1;logique;codes
43116;cm1;logique;codes
43117;cm1;logique;codes
43118;cm1;logique;codes
43119;cm1;logique;codes
43120;cm1;logique;codes
43121;cm1;logique;codes
43122;cm1;logique;codes
43123;cm1;logique;codes
43124;cm1;logique;codes
43125;cm1;logique;codes
43126;cm1;logique;codes
43127;cm1;logique;codes
43128;cm1;logique;codes
43129;cm1;logique;codes
43130;cm1;logique;codes
43131;cm1;logique;codes
43132;cm1;logique;codes
43133;cm1;logique;codes
43134;cm1;logique;codes
43135;cm1;logique;codes
43136;cm1;logique;codes
43137;cm1;logique;codes
43138;cm1;logique;codes
43139;cm1;logique;codes
43140;cm1;logique;codes
43141;cm1;logique;codes
43142;cm1;logique;codes
43143;cm1;logique;codes
43144;cm1;logique;codes
43145;cm1;logique;codes
43146;cm1;logique;grilles
43147;cm1;logique;grilles
43148;cm1;logique;grilles
43149;cm1;logique;grilles
43150;cm1;logique;grilles
43151;cm1;logique;grilles
43152;cm1;logique;grilles
43153;cm1;logique;grilles
43154;cm1;logique;grilles
43155;cm1;logique;grilles
43156;cm1;logique;grilles
43157;cm1;logique;grilles
43158;cm1;logique;grilles
43159;cm1;logique;grilles
43160;cm1;logique;grilles
43161;cm1;logique;grilles
43162;cm1;logique;grilles
43163;cm1;logique;grilles
43164;cm1;logique;grilles
43165;cm1;logique;grilles
43166;cm1;logique;grilles
43167;cm1;logique;grilles
43168;cm1;logique;grilles
43169;cm1;logique;grilles
43170;cm1;logique;grilles
43171;cm1;logique;grilles
43172;cm1;logique;grilles
43173;cm1;logique;grilles
43174;cm1;logique;grilles
43175;cm1;logique;grilles
43176;cm1;logique;grilles
43177;cm1;logique;grilles
43178;cm1;logique;grilles
43179;cm1;logique;grilles
43180;cm1;logique;grilles
43181;cm1;logique;grilles
43182;cm1;logique;grilles
43183;cm1;logique;grilles
43184;cm1;logique;grilles
43185;cm1;logique;grilles
43186;cm1;logique;grilles
43187;cm1;logique;grilles
43188;cm1;logique;grilles
43189;cm1;logique;grilles
43190;cm1;logique;grilles
43191;cm1;logique;grilles
43192;cm1;logique;grilles
43193;cm1;logique;grilles
43194;cm1;logique;grilles
43195;cm1;logique;grilles
43196;cm1;logique;grilles
43197;cm1;logique;grilles
43198;cm1;logique;grilles
43199;cm1;logique;grilles
43200;cm1;logique;grilles
43201;cm1;logique;grilles
43202;cm1;logique;grilles
43203;cm1;logique;grilles
43204;cm1;logique;grilles
43205;cm1;logique;grilles
43206;cm1;logique;classer
43207;cm1;logique;classer
43208;cm1;logique;classer
43209;cm1;logique;classer
43210;cm1;logique;classer
43211;cm1;logique;classer
43212;cm1;logique;classer
43213;cm1;logique;classer
43214;cm1;logique;classer
43215;cm1;logique;classer
43216;cm1;logique;classer
43217;cm1;logique;classer
43218;cm1;logique;classer
43219;cm1;logique;classer
43220;cm1;logique;classer
43221;cm1;logique;classer
43222;cm1;logique;classer
43223;cm1;logique;classer
43224;cm1;logique;classer
43225;cm1;logique;classer
43226;cm1;logique;classer
43227;cm1;logique;classer
43228;cm1;logique;classer
43229;cm1;logique;classer
43230;cm1;logique;classer
43231;cm1;logique;classer
43232;cm1;logique;classer
43233;cm1;logique;classer
43234;cm1;logique;classer
43235;cm1;logique;classer
43236;cm1;logique;classer
43237;cm1;logique;classer
43238;cm1;logique;classer
43239;cm1;logique;classer
43240;cm1;logique;classer
43241;cm1;logique;classer
43242;cm1;logique;classer
43243;cm1;logique;classer
43244;cm1;logique;classer
43245;cm1;logique;classer
43246;cm1;logique;classer
43247;cm1;logique;classer
43248;cm1;logique;classer
43249;cm1;logique;classer
43250;cm1;logique;classer
43251;cm1;logique;classer
43252;cm1;logique;classer
43253;cm1;logique;classer
43254;cm1;logique;classer
43255;cm1;logique;classer
43256;cm1;logique;classer
43257;cm1;logique;classer
43258;cm1;logique;classer
43259;cm1;logique;classer
43260;cm1;logique;classer
43261;cm1;logique;classer
43262;cm1;logique;classer
43263;cm1;logique;classer
43264;cm1;logique;classer
43265;cm1;logique;classer
43266;cm1;logique;suites_logiques
43267;cm1;logique;suites_logiques
43268;cm1;logique;suites_logiques
43269;cm1;logique;suites_logiques
43270;cm1;logique;suites_logiques
43271;cm1;logique;suites_logiques
43272;cm1;logique;suites_logiques
43273;cm1;logique;suites_logiques
43274;cm1;logique;suites_logiques
43275;cm1;logique;suites_logiques
43276;cm1;logique;suites_logiques
43277;cm1;logique;suites_logiques
43278;cm1;logique;suites_logiques
43279;cm1;logique;suites_logiques
43280;cm1;logique;suites_logiques
43281;cm1;logique;suites_logiques
43282;cm1;logique;suites_logiques
43283;cm1;logique;suites_logiques
43284;cm1;logique;suites_logiques
43285;cm1;logique;suites_logiques
43286;cm1;logique;suites_logiques
43287;cm1;logique;suites_logiques
43288;cm1;logique;suites_logiques
43289;cm1;logique;suites_logiques
43290;cm1;logique;suites_logiques
43291;cm1;logique;suites_logiques
43292;cm1;logique;suites_logiques
43293;cm1;logique;suites_logiques
43294;cm1;logique;suites_logiques
43295;cm1;logique;suites_logiques
43296;cm1;logique;suites_logiques
43297;cm1;logique;suites_logiques
43298;cm1;logique;suites_logiques
43299;cm1;logique;suites_logiques
43300;cm1;logique;suites_logiques
43301;cm1;logique;suites_logiques
43302;cm1;logique;suites_logiques
43303;cm1;logique;suites_logiques
43304;cm1;logique;suites_logiques
43305;cm1;logique;suites_logiques
43306;cm1;logique;suites_logiques
43307;cm1;logique;suites_logiques
43308;cm1;logique;suites_logiques
43309;cm1;logique;suites_logiques
43310;cm1;logique;suites_logiques
43311;cm1;logique;suites_logiques
43312;cm1;logique;suites_logiques
43313;cm1;logique;suites_logiques
43314;cm1;logique;suites_logiques
43315;cm1;logique;suites_logiques
43316;cm1;logique;suites_logiques
43317;cm1;logique;suites_logiques
43318;cm1;logique;suites_logiques
43319;cm1;logique;suites_logiques
43320;cm1;logique;suites_logiques
43321;cm1;logique;suites_logiques
43322;cm1;logique;suites_logiques
43323;cm1;logique;suites_logiques
43324;cm1;logique;suites_logiques
43325;cm1;logique;suites_logiques
43326;cm1;logique;suites_logiques
43327;cm1;logique;suites_logiques
43328;cm1;logique;suites_logiques
43329;cm1;logique;suites_logiques
43330;cm1;logique;suites_logiques
43331;cm1;logique;suites_logiques
43332;cm1;logique;suites_logiques
43333;cm1;logique;suites_logiques
43334;cm1;logique;suites_logiques
43335;cm1;logique;suites_logiques
43336;cm1;logique;suites_logiques
43337;cm1;logique;suites_logiques
43338;cm1;logique;suites_logiques
43339;cm1;logique;suites_logiques
43340;cm1;logique;suites_logiques
43341;cm1;logique;suites_logiques
43342;cm1;logique;suites_logiques
43343;cm1;logique;suites_logiques
43344;cm1;logique;analogies
43345;cm1;logique;analogies
43346;cm1;logique;analogies
43347;cm1;logique;analogies
43348;cm1;logique;analogies
43349;cm1;logique;analogies
43350;cm1;logique;analogies
43351;cm1;logique;analogies
43352;cm1;logique;analogies
43353;cm1;logique;analogies
43354;cm1;logique;analogies
43355;cm1;logique;analogies
43356;cm1;logique;analogies
43357;cm1;logique;analogies
43358;cm1;logique;analogies
43359;cm1;logique;analogies
43360;cm1;logique;analogies
43361;cm1;logique;analogies
43362;cm1;logique;analogies
43363;cm1;logique;analogies
43364;cm1;logique;analogies
43365;cm1;logique;analogies
43366;cm1;logique;analogies
43367;cm1;logique;analogies
43368;cm1;logique;analogies
43369;cm1;logique;analogies
43370;cm1;logique;analogies
43371;cm1;logique;analogies
43372;cm1;logique;analogies
43373;cm1;logique;analogies
43374;cm1;logique;analogies
43375;cm1;logique;analogies
43376;cm1;logique;analogies
43377;cm1;logique;analogies
43378;cm1;logique;analogies
43379;cm1;logique;analogies
43380;cm1;logique;analogies
43381;cm1;logique;analogies
43382;cm1;logique;analogies
43383;cm1;logique;analogies
43384;cm1;logique;raisonnement
43385;cm1;logique;raisonnement
43386;cm1;logique;raisonnement
43387;cm1;logique;raisonnement
43388;cm1;logique;raisonnement
43389;cm1;logique;raisonnement
43390;cm1;logique;raisonnement
43391;cm1;logique;raisonnement
43392;cm1;logique;raisonnement
43393;cm1;logique;raisonnement
43394;cm1;logique;raisonnement
43395;cm1;logique;raisonnement
43396;cm1;logique;raisonnement
43397;cm1;logique;raisonnement
43398;cm1;logique;raisonnement
43399;cm1;logique;raisonnement
43400;cm1;logique;raisonnement
43401;cm1;logique;raisonnement
43402;cm1;logique;raisonnement
43403;cm1;logique;raisonnement
43404;cm1;logique;raisonnement
43405;cm1;logique;raisonnement
43406;cm1;logique;raisonnement
43407;cm1;logique;raisonnement
43408;cm1;logique;raisonnement
43409;cm1;logique;raisonnement
43410;cm1;logique;raisonnement
43411;cm1;logique;raisonnement
43412;cm1;logique;raisonnement
43413;cm1;logique;raisonnement
43414;cm1;logique;raisonnement
43415;cm1;logique;raisonnement
43416;cm1;logique;raisonnement
43417;cm1;logique;raisonnement
43418;cm1;logique;raisonnement
43419;cm1;logique;raisonnement
43420;cm1;logique;raisonnement
43421;cm1;logique;raisonnement
43422;cm1;logique;raisonnement
43423;cm1;logique;raisonnement
43424;cm1;logique;raisonnement
43425;cm1;logique;raisonnement
43426;cm1;logique;raisonnement
43427;cm1;logique;raisonnement
43428;cm1;logique;raisonnement
43429;cm1;logique;raisonnement
43430;cm1;logique;raisonnement
43431;cm1;logique;raisonnement
43432;cm1;logique;raisonnement
43433;cm1;logique;raisonnement
43434;cm1;logique;vocabulaire_sens
43435;cm1;logique;vocabulaire_sens
43436;cm1;logique;vocabulaire_sens
43437;cm1;logique;vocabulaire_sens
43438;cm1;logique;vocabulaire_sens
43439;cm1;logique;vocabulaire_sens
43440;cm1;logique;vocabulaire_sens
43441;cm1;logique;vocabulaire_sens
43442;cm1;logique;vocabulaire_sens
43443;cm1;logique;vocabulaire_sens
43444;cm1;logique;vocabulaire_sens
43445;cm1;logique;vocabulaire_sens
43446;cm1;logique;vocabulaire_sens
43447;cm1;logique;vocabulaire_sens
43448;cm1;logique;vocabulaire_sens
43449;cm1;logique;vocabulaire_sens
43450;cm1;logique;vocabulaire_sens
43451;cm1;logique;vocabulaire_sens
43452;cm1;logique;vocabulaire_sens
43453;cm1;logique;vocabulaire_sens
43454;cm1;logique;vocabulaire_sens
43455;cm1;logique;vocabulaire_sens
43456;cm1;logique;vocabulaire_sens
43457;cm1;logique;vocabulaire_sens
43458;cm1;logique;vocabulaire_sens
43459;cm1;logique;vocabulaire_sens
43460;cm1;logique;vocabulaire_sens
43461;cm1;logique;vocabulaire_sens
43462;cm1;logique;vocabulaire_sens
43463;cm1;logique;vocabulaire_sens
43464;cm1;logique;vocabulaire_sens
43465;cm1;logique;vocabulaire_sens
43466;cm1;logique;vocabulaire_sens
43467;cm1;logique;vocabulaire_sens
43468;cm1;logique;vocabulaire_sens
43469;cm1;logique;vocabulaire_sens
43470;cm1;logique;vocabulaire_sens
43471;cm1;logique;vocabulaire_sens
43472;cm1;logique;vocabulaire_sens
43473;cm1;logique;vocabulaire_sens
43474;cm1;logique;suites_logiques
43475;cm1;logique;suites_logiques
43476;cm1;logique;suites_logiques
43477;cm1;logique;suites_logiques
43478;cm1;logique;suites_logiques
43479;cm1;logique;suites_logiques
43480;cm1;logique;suites_logiques
43481;cm1;logique;suites_logiques
43482;cm1;logique;suites_logiques
43483;cm1;logique;suites_logiques
43484;cm1;logique;suites_logiques
43485;cm1;logique;suites_logiques
43486;cm1;logique;suites_logiques
43487;cm1;logique;suites_logiques
43488;cm1;logique;suites_logiques
43489;cm1;logique;suites_logiques
43490;cm1;logique;suites_logiques
43491;cm1;logique;suites_logiques
43492;cm1;logique;suites_logiques
43493;cm1;logique;suites_logiques
43494;cm1;logique;raisonnement
43495;cm1;logique;raisonnement
43496;cm1;logique;raisonnement
43497;cm1;logique;raisonnement
43498;cm1;logique;raisonnement
43499;cm1;logique;raisonnement
1601;cm1;math;multiplication
1602;cm1;math;multiplication
1603;cm1;math;multiplication
1604;cm1;math;multiplication
1605;cm1;math;multiplication
1606;cm1;math;multiplication
1607;cm1;math;multiplication
1608;cm1;math;multiplication
1609;cm1;math;multiplication
1610;cm1;math;multiplication
1611;cm1;math;multiplication
1612;cm1;math;multiplication
1613;cm1;math;multiplication
1614;cm1;math;multiplication
1615;cm1;math;multiplication
1616;cm1;math;multiplication
1617;cm1;math;multiplication
1618;cm1;math;multiplication
1619;cm1;math;multiplication
1620;cm1;math;multiplication
1621;cm1;math;multiplication
1622;cm1;math;multiplication
1623;cm1;math;multiplication
1624;cm1;math;multiplication
1625;cm1;math;multiplication
1626;cm1;math;multiplication
1627;cm1;math;multiplication
1628;cm1;math;multiplication
1629;cm1;math;multiplication
1630;cm1;math;multiplication
1631;cm1;math;division
1632;cm1;math;division
1633;cm1;math;division
1634;cm1;math;division
1635;cm1;math;division
1636;cm1;math;division
1637;cm1;math;division
1638;cm1;math;division
1639;cm1;math;division
1640;cm1;math;division
1641;cm1;math;division
1642;cm1;math;division
1643;cm1;math;division
1644;cm1;math;division
1645;cm1;math;division
1646;cm1;math;division
1647;cm1;math;division
1648;cm1;math;division
1649;cm1;math;division
1650;cm1;math;division
1651;cm1;math;division
1652;cm1;math;division
1653;cm1;math;division
1654;cm1;math;division
1655;cm1;math;division
1656;cm1;math;division
1657;cm1;math;division
1658;cm1;math;division
1659;cm1;math;division
1660;cm1;math;division
1661;cm1;math;fractions
1662;cm1;math;fractions
1663;cm1;math;fractions
1664;cm1;math;fractions
1665;cm1;math;fractions
1666;cm1;math;fractions
1667;cm1;math;fractions
1668;cm1;math;fractions
1669;cm1;math;fractions
1670;cm1;math;fractions
1671;cm1;math;fractions
1672;cm1;math;fractions
1673;cm1;math;fractions
1674;cm1;math;fractions
1675;cm1;math;fractions
1676;cm1;math;fractions
1677;cm1;math;fractions
1678;cm1;math;fractions
1679;cm1;math;fractions
1680;cm1;math;fractions
1681;cm1;math;fractions
1682;cm1;math;fractions
1683;cm1;math;fractions
1684;cm1;math;fractions
1685;cm1;math;fractions
1686;cm1;math;fractions
1687;cm1;math;fractions
1688;cm1;math;fractions
1689;cm1;math;fractions
1690;cm1;math;fractions
1691;cm1;math;fractions
1692;cm1;math;fractions
1693;cm1;math;fractions
1694;cm1;math;fractions
1695;cm1;math;fractions
1696;cm1;math;fractions
1697;cm1;math;fractions
1698;cm1;math;fractions
1699;cm1;math;fractions
1700;cm1;math;fractions
1701;cm1;math;fractions
1702;cm1;math;fractions
1703;cm1;math;fractions
1704;cm1;math;fractions
1705;cm1;math;fractions
1706;cm1;math;fractions
1707;cm1;math;fractions
1708;cm1;math;fractions
1709;cm1;math;fractions
1710;cm1;math;fractions
1711;cm1;math;comparer_nombres
1712;cm1;math;comparer_nombres
1713;cm1;math;comparer_nombres
1714;cm1;math;comparer_nombres
1715;cm1;math;comparer_nombres
1716;cm1;math;comparer_nombres
1717;cm1;math;comparer_nombres
1718;cm1;math;comparer_nombres
1719;cm1;math;comparer_nombres
1720;cm1;math;comparer_nombres
1721;cm1;math;comparer_nombres
1722;cm1;math;comparer_nombres
1723;cm1;math;comparer_nombres
1724;cm1;math;comparer_nombres
1725;cm1;math;comparer_nombres
1726;cm1;math;addition
1727;cm1;math;addition
1728;cm1;math;addition
1729;cm1;math;addition
1730;cm1;math;addition
1731;cm1;math;addition
1732;cm1;math;addition
1733;cm1;math;addition
1734;cm1;math;addition
1735;cm1;math;addition
1736;cm1;math;addition
1737;cm1;math;addition
1738;cm1;math;addition
1739;cm1;math;addition
1740;cm1;math;addition
1741;cm1;math;mesures
1742;cm1;math;mesures
1743;cm1;math;mesures
1744;cm1;math;mesures
1745;cm1;math;mesures
1746;cm1;math;mesures
1747;cm1;math;mesures
1748;cm1;math;mesures
1749;cm1;math;mesures
1750;cm1;math;mesures
1751;cm1;math;mesures
1752;cm1;math;mesures
1753;cm1;math;mesures
1754;cm1;math;mesures
1755;cm1;math;mesures
1756;cm1;math;mesures
1757;cm1;math;mesures
1758;cm1;math;mesures
1759;cm1;math;mesures
1760;cm1;math;mesures
1761;cm1;math;mesures
1762;cm1;math;mesures
1763;cm1;math;mesures
1764;cm1;math;aire
1765;cm1;math;aire
1766;cm1;math;aire
1767;cm1;math;aire
1768;cm1;math;aire
1769;cm1;math;aire
1770;cm1;math;aire
1771;cm1;math;aire
1772;cm1;math;aire
1773;cm1;math;aire
1774;cm1;math;aire
1775;cm1;math;aire
1776;cm1;math;aire
1777;cm1;math;aire
1778;cm1;math;aire
1779;cm1;math;proportionnalite
1780;cm1;math;proportionnalite
1781;cm1;math;proportionnalite
1782;cm1;math;proportionnalite
1783;cm1;math;proportionnalite
1784;cm1;math;proportionnalite
1785;cm1;math;proportionnalite
1786;cm1;math;proportionnalite
1787;cm1;math;proportionnalite
1788;cm1;math;proportionnalite
1789;cm1;math;proportionnalite
1790;cm1;math;proportionnalite
1791;cm1;math;numeration
1792;cm1;math;numeration
1793;cm1;math;numeration
1794;cm1;math;numeration
1795;cm1;math;numeration
1796;cm1;math;numeration
1797;cm1;math;numeration
1798;cm1;math;numeration
1799;cm1;math;numeration
1800;cm1;math;numeration
5000;cm1;math;multiplication
5001;cm1;math;multiplication
5002;cm1;math;multiplication
5003;cm1;math;multiplication
5004;cm1;math;multiplication
5005;cm1;math;multiplication
5006;cm1;math;multiplication
5007;cm1;math;multiplication
5008;cm1;math;multiplication
5009;cm1;math;multiplication
5010;cm1;math;multiplication
5011;cm1;math;multiplication
5012;cm1;math;multiplication
5013;cm1;math;multiplication
5014;cm1;math;multiplication
5015;cm1;math;multiplication
5016;cm1;math;multiplication
5017;cm1;math;multiplication
5018;cm1;math;multiplication
5019;cm1;math;multiplication
5020;cm1;math;multiplication
5021;cm1;math;multiplication
5022;cm1;math;multiplication
5023;cm1;math;multiplication
5024;cm1;math;multiplication
5025;cm1;math;multiplication
5026;cm1;math;multiplication
5027;cm1;math;multiplication
5028;cm1;math;multiplication
5029;cm1;math;multiplication
5030;cm1;math;multiplication
5031;cm1;math;multiplication
5032;cm1;math;multiplication
5033;cm1;math;multiplication
5034;cm1;math;multiplication
5035;cm1;math;multiplication
5036;cm1;math;multiplication
5037;cm1;math;multiplication
5038;cm1;math;multiplication
5039;cm1;math;multiplication
5040;cm1;math;multiplication
5041;cm1;math;multiplication
5042;cm1;math;multiplication
5043;cm1;math;multiplication
5044;cm1;math;multiplication
5045;cm1;math;multiplication
5046;cm1;math;multiplication
5047;cm1;math;multiplication
5048;cm1;math;multiplication
5049;cm1;math;multiplication
5050;cm1;math;multiplication
5051;cm1;math;multiplication
5052;cm1;math;multiplication
5053;cm1;math;multiplication
5054;cm1;math;multiplication
5055;cm1;math;multiplication
5056;cm1;math;multiplication
5057;cm1;math;multiplication
5058;cm1;math;multiplication
5059;cm1;math;multiplication
5060;cm1;math;multiplication
5061;cm1;math;multiplication
5062;cm1;math;multiplication
5063;cm1;math;multiplication
5064;cm1;math;multiplication
5065;cm1;math;multiplication
5066;cm1;math;multiplication
5067;cm1;math;multiplication
5068;cm1;math;multiplication
5069;cm1;math;multiplication
5070;cm1;math;multiplication
5071;cm1;math;multiplication
5072;cm1;math;multiplication
5073;cm1;math;multiplication
5074;cm1;math;multiplication
5075;cm1;math;multiplication
5076;cm1;math;multiplication
5077;cm1;math;multiplication
5078;cm1;math;multiplication
5079;cm1;math;multiplication
5080;cm1;math;multiplication
5081;cm1;math;multiplication
5082;cm1;math;multiplication
5083;cm1;math;multiplication
5084;cm1;math;multiplication
5085;cm1;math;multiplication
5086;cm1;math;multiplication
5087;cm1;math;multiplication
5088;cm1;math;multiplication
5089;cm1;math;multiplication
5090;cm1;math;division
5091;cm1;math;division
5092;cm1;math;division
5093;cm1;math;division
5094;cm1;math;division
5095;cm1;math;division
5096;cm1;math;division
5097;cm1;math;division
5098;cm1;math;division
5099;cm1;math;division
5100;cm1;math;division
5101;cm1;math;division
5102;cm1;math;division
5103;cm1;math;division
5104;cm1;math;division
5105;cm1;math;division
5106;cm1;math;division
5107;cm1;math;division
5108;cm1;math;division
5109;cm1;math;division
5110;cm1;math;division
5111;cm1;math;division
5112;cm1;math;division
5113;cm1;math;division
5114;cm1;math;division
5115;cm1;math;division
5116;cm1;math;division
5117;cm1;math;division
5118;cm1;math;division
5119;cm1;math;division
5120;cm1;math;division
5121;cm1;math;division
5122;cm1;math;division
5123;cm1;math;division
5124;cm1;math;division
5125;cm1;math;division
5126;cm1;math;division
5127;cm1;math;division
5128;cm1;math;division
5129;cm1;math;division
5130;cm1;math;division
5131;cm1;math;division
5132;cm1;math;division
5133;cm1;math;division
5134;cm1;math;division
5135;cm1;math;division
5136;cm1;math;division
5137;cm1;math;division
5138;cm1;math;division
5139;cm1;math;division
5140;cm1;math;division
5141;cm1;math;division
5142;cm1;math;division
5143;cm1;math;division
5144;cm1;math;division
5145;cm1;math;division
5146;cm1;math;division
5147;cm1;math;division
5148;cm1;math;division
5149;cm1;math;division
5150;cm1;math;division
5151;cm1;math;division
5152;cm1;math;division
5153;cm1;math;division
5154;cm1;math;division
5155;cm1;math;division
5156;cm1;math;division
5157;cm1;math;division
5158;cm1;math;division
5159;cm1;math;division
5160;cm1;math;division
5161;cm1;math;division
5162;cm1;math;division
5163;cm1;math;division
5164;cm1;math;division
5165;cm1;math;division
5166;cm1;math;division
5167;cm1;math;division
5168;cm1;math;division
5169;cm1;math;division
5170;cm1;math;fractions
5171;cm1;math;fractions
5172;cm1;math;fractions
5173;cm1;math;fractions
5174;cm1;math;fractions
5175;cm1;math;fractions
5176;cm1;math;fractions
5177;cm1;math;fractions
5178;cm1;math;fractions
5179;cm1;math;fractions
5180;cm1;math;fractions
5181;cm1;math;fractions
5182;cm1;math;fractions
5183;cm1;math;fractions
5184;cm1;math;fractions
5185;cm1;math;fractions
5186;cm1;math;fractions
5187;cm1;math;fractions
5188;cm1;math;fractions
5189;cm1;math;fractions
5190;cm1;math;fractions
5191;cm1;math;fractions
5192;cm1;math;fractions
5193;cm1;math;fractions
5194;cm1;math;fractions
5195;cm1;math;fractions
5196;cm1;math;fractions
5197;cm1;math;fractions
5198;cm1;math;fractions
5199;cm1;math;fractions
5200;cm1;math;fractions
5201;cm1;math;fractions
5202;cm1;math;fractions
5203;cm1;math;fractions
5204;cm1;math;fractions
5205;cm1;math;fractions
5206;cm1;math;fractions
5207;cm1;math;fractions
5208;cm1;math;fractions
5209;cm1;math;fractions
5210;cm1;math;fractions
5211;cm1;math;fractions
5212;cm1;math;fractions
5213;cm1;math;fractions
5214;cm1;math;fractions
5215;cm1;math;fractions
5216;cm1;math;fractions
5217;cm1;math;fractions
5218;cm1;math;fractions
5219;cm1;math;fractions
5220;cm1;math;fractions
5221;cm1;math;fractions
5222;cm1;math;fractions
5223;cm1;math;fractions
5224;cm1;math;fractions
5225;cm1;math;fractions
5226;cm1;math;fractions
5227;cm1;math;fractions
5228;cm1;math;fractions
5229;cm1;math;fractions
5230;cm1;math;fractions
5231;cm1;math;fractions
5232;cm1;math;fractions
5233;cm1;math;fractions
5234;cm1;math;fractions
5235;cm1;math;fractions
5236;cm1;math;fractions
5237;cm1;math;fractions
5238;cm1;math;fractions
5239;cm1;math;fractions
5240;cm1;math;fractions
5241;cm1;math;fractions
5242;cm1;math;fractions
5243;cm1;math;fractions
5244;cm1;math;fractions
5245;cm1;math;fractions
5246;cm1;math;fractions
5247;cm1;math;fractions
5248;cm1;math;fractions
5249;cm1;math;fractions
5250;cm1;math;fractions
5251;cm1;math;fractions
5252;cm1;math;fractions
5253;cm1;math;fractions
5254;cm1;math;fractions
5255;cm1;math;fractions
5256;cm1;math;fractions
5257;cm1;math;fractions
5258;cm1;math;fractions
5259;cm1;math;fractions
5260;cm1;math;fractions
5261;cm1;math;fractions
5262;cm1;math;fractions
5263;cm1;math;fractions
5264;cm1;math;fractions
5265;cm1;math;fractions
5266;cm1;math;fractions
5267;cm1;math;fractions
5268;cm1;math;fractions
5269;cm1;math;fractions
5270;cm1;math;fractions
5271;cm1;math;fractions
5272;cm1;math;fractions
5273;cm1;math;fractions
5274;cm1;math;fractions
5275;cm1;math;fractions
5276;cm1;math;fractions
5277;cm1;math;fractions
5278;cm1;math;fractions
5279;cm1;math;fractions
5280;cm1;math;fractions
5281;cm1;math;fractions
5282;cm1;math;fractions
5283;cm1;math;fractions
5284;cm1;math;fractions
5285;cm1;math;fractions
5286;cm1;math;fractions
5287;cm1;math;fractions
5288;cm1;math;fractions
5289;cm1;math;fractions
5290;cm1;math;fractions
5291;cm1;math;fractions
5292;cm1;math;fractions
5293;cm1;math;fractions
5294;cm1;math;fractions
5295;cm1;math;fractions
5296;cm1;math;fractions
5297;cm1;math;fractions
5298;cm1;math;fractions
5299;cm1;math;fractions
5300;cm1;math;fractions
5301;cm1;math;fractions
5302;cm1;math;fractions
5303;cm1;math;fractions
5304;cm1;math;fractions
5305;cm1;math;fractions
5306;cm1;math;fractions
5307;cm1;math;fractions
5308;cm1;math;fractions
5309;cm1;math;fractions
5310;cm1;math;fractions
5311;cm1;math;fractions
5312;cm1;math;fractions
5313;cm1;math;fractions
5314;cm1;math;fractions
5315;cm1;math;fractions
5316;cm1;math;fractions
5317;cm1;math;fractions
5318;cm1;math;fractions
5319;cm1;math;fractions
5320;cm1;math;fractions
5321;cm1;math;fractions
5322;cm1;math;fractions
5323;cm1;math;fractions
5324;cm1;math;fractions
5325;cm1;math;fractions
5326;cm1;math;fractions
5327;cm1;math;fractions
5328;cm1;math;fractions
5329;cm1;math;fractions
5330;cm1;math;fractions
5331;cm1;math;fractions
5332;cm1;math;fractions
5333;cm1;math;fractions
5334;cm1;math;fractions
5335;cm1;math;fractions
5336;cm1;math;fractions
5337;cm1;math;fractions
5338;cm1;math;fractions
5339;cm1;math;fractions
5340;cm1;math;fractions
5341;cm1;math;fractions
5342;cm1;math;fractions
5343;cm1;math;fractions
5344;cm1;math;fractions
5345;cm1;math;fractions
5346;cm1;math;fractions
5347;cm1;math;fractions
5348;cm1;math;fractions
5349;cm1;math;fractions
5350;cm1;math;comparer_nombres
5351;cm1;math;comparer_nombres
5352;cm1;math;comparer_nombres
5353;cm1;math;comparer_nombres
5354;cm1;math;comparer_nombres
5355;cm1;math;comparer_nombres
5356;cm1;math;comparer_nombres
5357;cm1;math;comparer_nombres
5358;cm1;math;comparer_nombres
5359;cm1;math;comparer_nombres
5360;cm1;math;comparer_nombres
5361;cm1;math;comparer_nombres
5362;cm1;math;comparer_nombres
5363;cm1;math;comparer_nombres
5364;cm1;math;comparer_nombres
5365;cm1;math;comparer_nombres
5366;cm1;math;comparer_nombres
5367;cm1;math;comparer_nombres
5368;cm1;math;comparer_nombres
5369;cm1;math;comparer_nombres
5370;cm1;math;comparer_nombres
5371;cm1;math;comparer_nombres
5372;cm1;math;comparer_nombres
5373;cm1;math;comparer_nombres
5374;cm1;math;comparer_nombres
5375;cm1;math;comparer_nombres
5376;cm1;math;comparer_nombres
5377;cm1;math;comparer_nombres
5378;cm1;math;comparer_nombres
5379;cm1;math;comparer_nombres
5380;cm1;math;comparer_nombres
5381;cm1;math;comparer_nombres
5382;cm1;math;comparer_nombres
5383;cm1;math;comparer_nombres
5384;cm1;math;comparer_nombres
5385;cm1;math;comparer_nombres
5386;cm1;math;comparer_nombres
5387;cm1;math;comparer_nombres
5388;cm1;math;comparer_nombres
5389;cm1;math;comparer_nombres
5390;cm1;math;comparer_nombres
5391;cm1;math;comparer_nombres
5392;cm1;math;comparer_nombres
5393;cm1;math;comparer_nombres
5394;cm1;math;comparer_nombres
5395;cm1;math;comparer_nombres
5396;cm1;math;comparer_nombres
5397;cm1;math;comparer_nombres
5398;cm1;math;comparer_nombres
5399;cm1;math;comparer_nombres
5400;cm1;math;comparer_nombres
5401;cm1;math;comparer_nombres
5402;cm1;math;comparer_nombres
5403;cm1;math;comparer_nombres
5404;cm1;math;comparer_nombres
5405;cm1;math;comparer_nombres
5406;cm1;math;comparer_nombres
5407;cm1;math;comparer_nombres
5408;cm1;math;comparer_nombres
5409;cm1;math;comparer_nombres
5410;cm1;math;addition
5411;cm1;math;addition
5412;cm1;math;addition
5413;cm1;math;addition
5414;cm1;math;addition
5415;cm1;math;addition
5416;cm1;math;addition
5417;cm1;math;addition
5418;cm1;math;addition
5419;cm1;math;addition
5420;cm1;math;addition
5421;cm1;math;addition
5422;cm1;math;addition
5423;cm1;math;addition
5424;cm1;math;addition
5425;cm1;math;addition
5426;cm1;math;addition
5427;cm1;math;addition
5428;cm1;math;addition
5429;cm1;math;addition
5430;cm1;math;addition
5431;cm1;math;addition
5432;cm1;math;addition
5433;cm1;math;addition
5434;cm1;math;addition
5435;cm1;math;addition
5436;cm1;math;addition
5437;cm1;math;addition
5438;cm1;math;addition
5439;cm1;math;addition
5440;cm1;math;addition
5441;cm1;math;addition
5442;cm1;math;addition
5443;cm1;math;addition
5444;cm1;math;addition
5445;cm1;math;addition
5446;cm1;math;addition
5447;cm1;math;addition
5448;cm1;math;addition
5449;cm1;math;addition
5450;cm1;math;addition
5451;cm1;math;addition
5452;cm1;math;addition
5453;cm1;math;addition
5454;cm1;math;addition
5455;cm1;math;addition
5456;cm1;math;addition
5457;cm1;math;addition
5458;cm1;math;addition
5459;cm1;math;addition
5460;cm1;math;addition
5461;cm1;math;addition
5462;cm1;math;addition
5463;cm1;math;addition
5464;cm1;math;addition
5465;cm1;math;addition
5466;cm1;math;addition
5467;cm1;math;addition
5468;cm1;math;addition
5469;cm1;math;addition
5470;cm1;math;addition
5471;cm1;math;addition
5472;cm1;math;addition
5473;cm1;math;addition
5474;cm1;math;addition
5475;cm1;math;addition
5476;cm1;math;addition
5477;cm1;math;addition
5478;cm1;math;addition
5479;cm1;math;addition
5480;cm1;math;soustraction
5481;cm1;math;soustraction
5482;cm1;math;soustraction
5483;cm1;math;soustraction
5484;cm1;math;soustraction
5485;cm1;math;soustraction
5486;cm1;math;soustraction
5487;cm1;math;soustraction
5488;cm1;math;soustraction
5489;cm1;math;soustraction
5490;cm1;math;soustraction
5491;cm1;math;soustraction
5492;cm1;math;soustraction
5493;cm1;math;soustraction
5494;cm1;math;soustraction
5495;cm1;math;soustraction
5496;cm1;math;soustraction
5497;cm1;math;soustraction
5498;cm1;math;soustraction
5499;cm1;math;soustraction
5500;cm1;math;soustraction
5501;cm1;math;soustraction
5502;cm1;math;soustraction
5503;cm1;math;soustraction
5504;cm1;math;soustraction
5505;cm1;math;soustraction
5506;cm1;math;soustraction
5507;cm1;math;soustraction
5508;cm1;math;soustraction
5509;cm1;math;soustraction
5510;cm1;math;soustraction
5511;cm1;math;soustraction
5512;cm1;math;soustraction
5513;cm1;math;soustraction
5514;cm1;math;soustraction
5515;cm1;math;soustraction
5516;cm1;math;soustraction
5517;cm1;math;soustraction
5518;cm1;math;soustraction
5519;cm1;math;soustraction
5520;cm1;math;soustraction
5521;cm1;math;soustraction
5522;cm1;math;soustraction
5523;cm1;math;soustraction
5524;cm1;math;soustraction
5525;cm1;math;soustraction
5526;cm1;math;soustraction
5527;cm1;math;soustraction
5528;cm1;math;soustraction
5529;cm1;math;soustraction
5530;cm1;math;mesures
5531;cm1;math;mesures
5532;cm1;math;mesures
5533;cm1;math;mesures
5534;cm1;math;mesures
5535;cm1;math;mesures
5536;cm1;math;mesures
5537;cm1;math;mesures
5538;cm1;math;mesures
5539;cm1;math;mesures
5540;cm1;math;mesures
5541;cm1;math;mesures
5542;cm1;math;mesures
5543;cm1;math;mesures
5544;cm1;math;mesures
5545;cm1;math;mesures
5546;cm1;math;mesures
5547;cm1;math;mesures
5548;cm1;math;mesures
5549;cm1;math;mesures
5550;cm1;math;mesures
5551;cm1;math;mesures
5552;cm1;math;mesures
5553;cm1;math;mesures
5554;cm1;math;mesures
5555;cm1;math;mesures
5556;cm1;math;mesures
5557;cm1;math;mesures
5558;cm1;math;mesures
5559;cm1;math;mesures
5560;cm1;math;mesures
5561;cm1;math;mesures
5562;cm1;math;mesures
5563;cm1;math;mesures
5564;cm1;math;mesures
5565;cm1;math;mesures
5566;cm1;math;mesures
5567;cm1;math;mesures
5568;cm1;math;mesures
5569;cm1;math;mesures
5570;cm1;math;mesures
5571;cm1;math;mesures
5572;cm1;math;mesures
5573;cm1;math;mesures
5574;cm1;math;mesures
5575;cm1;math;mesures
5576;cm1;math;mesures
5577;cm1;math;mesures
5578;cm1;math;mesures
5579;cm1;math;mesures
5580;cm1;math;mesures
5581;cm1;math;mesures
5582;cm1;math;mesures
5583;cm1;math;mesures
5584;cm1;math;mesures
5585;cm1;math;mesures
5586;cm1;math;mesures
5587;cm1;math;mesures
5588;cm1;math;mesures
5589;cm1;math;mesures
5590;cm1;math;mesures
5591;cm1;math;mesures
5592;cm1;math;mesures
5593;cm1;math;mesures
5594;cm1;math;mesures
5595;cm1;math;mesures
5596;cm1;math;mesures
5597;cm1;math;mesures
5598;cm1;math;mesures
5599;cm1;math;mesures
5600;cm1;math;aire
5601;cm1;math;aire
5602;cm1;math;aire
5603;cm1;math;aire
5604;cm1;math;aire
5605;cm1;math;aire
5606;cm1;math;aire
5607;cm1;math;aire
5608;cm1;math;aire
5609;cm1;math;aire
5610;cm1;math;aire
5611;cm1;math;aire
5612;cm1;math;aire
5613;cm1;math;aire
5614;cm1;math;aire
5615;cm1;math;aire
5616;cm1;math;aire
5617;cm1;math;aire
5618;cm1;math;aire
5619;cm1;math;aire
5620;cm1;math;aire
5621;cm1;math;aire
5622;cm1;math;aire
5623;cm1;math;aire
5624;cm1;math;aire
5625;cm1;math;aire
5626;cm1;math;aire
5627;cm1;math;aire
5628;cm1;math;aire
5629;cm1;math;aire
5630;cm1;math;aire
5631;cm1;math;aire
5632;cm1;math;aire
5633;cm1;math;aire
5634;cm1;math;aire
5635;cm1;math;aire
5636;cm1;math;aire
5637;cm1;math;aire
5638;cm1;math;aire
5639;cm1;math;aire
5640;cm1;math;aire
5641;cm1;math;aire
5642;cm1;math;aire
5643;cm1;math;aire
5644;cm1;math;aire
5645;cm1;math;aire
5646;cm1;math;aire
5647;cm1;math;aire
5648;cm1;math;aire
5649;cm1;math;aire
5650;cm1;math;aire
5651;cm1;math;aire
5652;cm1;math;aire
5653;cm1;math;aire
5654;cm1;math;aire
5655;cm1;math;aire
5656;cm1;math;aire
5657;cm1;math;aire
5658;cm1;math;aire
5659;cm1;math;aire
5660;cm1;math;perimetre
5661;cm1;math;perimetre
5662;cm1;math;perimetre
5663;cm1;math;perimetre
5664;cm1;math;perimetre
5665;cm1;math;perimetre
5666;cm1;math;perimetre
5667;cm1;math;perimetre
5668;cm1;math;perimetre
5669;cm1;math;perimetre
5670;cm1;math;perimetre
5671;cm1;math;perimetre
5672;cm1;math;perimetre
5673;cm1;math;perimetre
5674;cm1;math;perimetre
5675;cm1;math;perimetre
5676;cm1;math;perimetre
5677;cm1;math;perimetre
5678;cm1;math;perimetre
5679;cm1;math;perimetre
5680;cm1;math;perimetre
5681;cm1;math;perimetre
5682;cm1;math;perimetre
5683;cm1;math;perimetre
5684;cm1;math;perimetre
5685;cm1;math;perimetre
5686;cm1;math;perimetre
5687;cm1;math;perimetre
5688;cm1;math;perimetre
5689;cm1;math;perimetre
5690;cm1;math;proportionnalite
5691;cm1;math;proportionnalite
5692;cm1;math;proportionnalite
5693;cm1;math;proportionnalite
5694;cm1;math;proportionnalite
5695;cm1;math;proportionnalite
5696;cm1;math;proportionnalite
5697;cm1;math;proportionnalite
5698;cm1;math;proportionnalite
5699;cm1;math;proportionnalite
5700;cm1;math;proportionnalite
5701;cm1;math;proportionnalite
5702;cm1;math;proportionnalite
5703;cm1;math;proportionnalite
5704;cm1;math;proportionnalite
5705;cm1;math;proportionnalite
5706;cm1;math;proportionnalite
5707;cm1;math;proportionnalite
5708;cm1;math;proportionnalite
5709;cm1;math;proportionnalite
5710;cm1;math;proportionnalite
5711;cm1;math;proportionnalite
5712;cm1;math;proportionnalite
5713;cm1;math;proportionnalite
5714;cm1;math;proportionnalite
5715;cm1;math;proportionnalite
5716;cm1;math;proportionnalite
5717;cm1;math;proportionnalite
5718;cm1;math;proportionnalite
5719;cm1;math;proportionnalite
5720;cm1;math;proportionnalite
5721;cm1;math;proportionnalite
5722;cm1;math;proportionnalite
5723;cm1;math;proportionnalite
5724;cm1;math;proportionnalite
5725;cm1;math;proportionnalite
5726;cm1;math;proportionnalite
5727;cm1;math;proportionnalite
5728;cm1;math;proportionnalite
5729;cm1;math;proportionnalite
5730;cm1;math;proportionnalite
5731;cm1;math;proportionnalite
5732;cm1;math;proportionnalite
5733;cm1;math;proportionnalite
5734;cm1;math;proportionnalite
5735;cm1;math;proportionnalite
5736;cm1;math;proportionnalite
5737;cm1;math;proportionnalite
5738;cm1;math;proportionnalite
5739;cm1;math;proportionnalite
5740;cm1;math;proportionnalite
5741;cm1;math;proportionnalite
5742;cm1;math;proportionnalite
5743;cm1;math;proportionnalite
5744;cm1;math;proportionnalite
5745;cm1;math;proportionnalite
5746;cm1;math;proportionnalite
5747;cm1;math;proportionnalite
5748;cm1;math;proportionnalite
5749;cm1;math;proportionnalite
5750;cm1;math;numeration
5751;cm1;math;numeration
5752;cm1;math;numeration
5753;cm1;math;numeration
5754;cm1;math;numeration
5755;cm1;math;numeration
5756;cm1;math;numeration
5757;cm1;math;numeration
5758;cm1;math;numeration
5759;cm1;math;numeration
5760;cm1;math;numeration
5761;cm1;math;numeration
5762;cm1;math;numeration
5763;cm1;math;numeration
5764;cm1;math;numeration
5765;cm1;math;numeration
5766;cm1;math;numeration
5767;cm1;math;numeration
5768;cm1;math;numeration
5769;cm1;math;numeration
5770;cm1;math;numeration
5771;cm1;math;numeration
5772;cm1;math;numeration
5773;cm1;math;numeration
5774;cm1;math;numeration
5775;cm1;math;numeration
5776;cm1;math;numeration
5777;cm1;math;numeration
5778;cm1;math;numeration
5779;cm1;math;numeration
5780;cm1;math;numeration
5781;cm1;math;numeration
5782;cm1;math;numeration
5783;cm1;math;numeration
5784;cm1;math;numeration
5785;cm1;math;numeration
5786;cm1;math;numeration
5787;cm1;math;numeration
5788;cm1;math;numeration
5789;cm1;math;numeration
5790;cm1;math;numeration
5791;cm1;math;numeration
5792;cm1;math;numeration
5793;cm1;math;numeration
5794;cm1;math;numeration
5795;cm1;math;numeration
5796;cm1;math;numeration
5797;cm1;math;numeration
5798;cm1;math;numeration
5799;cm1;math;numeration
11082;cm1;orthographe;homophones
11083;cm1;orthographe;homophones
11084;cm1;orthographe;homophones
11085;cm1;orthographe;homophones
11086;cm1;orthographe;homophones
11087;cm1;orthographe;homophones
11088;cm1;orthographe;homophones
11089;cm1;orthographe;homophones
11090;cm1;orthographe;homophones
11091;cm1;orthographe;homophones
11092;cm1;orthographe;homophones
11093;cm1;orthographe;homophones
11094;cm1;orthographe;homophones
11095;cm1;orthographe;homophones
11096;cm1;orthographe;homophones
11097;cm1;orthographe;mots_invariables
11098;cm1;orthographe;mots_invariables
11099;cm1;orthographe;mots_invariables
11100;cm1;orthographe;mots_invariables
11101;cm1;orthographe;mots_invariables
11102;cm1;orthographe;vocabulaire_sens
11103;cm1;orthographe;mots_invariables
11104;cm1;orthographe;mots_invariables
11105;cm1;orthographe;mots_invariables
11106;cm1;orthographe;mots_invariables
11107;cm1;orthographe;orthographe_mots
11108;cm1;orthographe;orthographe_mots
11109;cm1;orthographe;orthographe_mots
11110;cm1;orthographe;orthographe_mots
11111;cm1;orthographe;orthographe_mots
11112;cm1;orthographe;orthographe_mots
11113;cm1;orthographe;orthographe_mots
11114;cm1;orthographe;orthographe_mots
11115;cm1;orthographe;orthographe_mots
11116;cm1;orthographe;orthographe_mots
36000;cm1;orthographe;homophones
36001;cm1;orthographe;homophones
36002;cm1;orthographe;homophones
36003;cm1;orthographe;homophones
36004;cm1;orthographe;homophones
36005;cm1;orthographe;homophones
36006;cm1;orthographe;homophones
36007;cm1;orthographe;homophones
36008;cm1;orthographe;homophones
36009;cm1;orthographe;homophones
36010;cm1;orthographe;homophones
36011;cm1;orthographe;homophones
36012;cm1;orthographe;homophones
36013;cm1;orthographe;homophones
36014;cm1;orthographe;homophones
36015;cm1;orthographe;homophones
36016;cm1;orthographe;homophones
36017;cm1;orthographe;homophones
36018;cm1;orthographe;homophones
36019;cm1;orthographe;homophones
36020;cm1;orthographe;homophones
36021;cm1;orthographe;homophones
36022;cm1;orthographe;homophones
36023;cm1;orthographe;homophones
36024;cm1;orthographe;homophones
36025;cm1;orthographe;homophones
36026;cm1;orthographe;homophones
36027;cm1;orthographe;homophones
36028;cm1;orthographe;homophones
36029;cm1;orthographe;homophones
36030;cm1;orthographe;homophones
36031;cm1;orthographe;homophones
36032;cm1;orthographe;homophones
36033;cm1;orthographe;homophones
36034;cm1;orthographe;homophones
36035;cm1;orthographe;homophones
36036;cm1;orthographe;homophones
36037;cm1;orthographe;homophones
36038;cm1;orthographe;homophones
36039;cm1;orthographe;homophones
36040;cm1;orthographe;homophones
36041;cm1;orthographe;homophones
36042;cm1;orthographe;homophones
36043;cm1;orthographe;homophones
36044;cm1;orthographe;homophones
36045;cm1;orthographe;homophones
36046;cm1;orthographe;homophones
36047;cm1;orthographe;mots_invariables
36048;cm1;orthographe;mots_invariables
36049;cm1;orthographe;mots_invariables
36050;cm1;orthographe;mots_invariables
36051;cm1;orthographe;mots_invariables
36052;cm1;orthographe;mots_invariables
36053;cm1;orthographe;mots_invariables
36054;cm1;orthographe;mots_invariables
36055;cm1;orthographe;mots_invariables
36056;cm1;orthographe;mots_invariables
36057;cm1;orthographe;mots_invariables
36058;cm1;orthographe;mots_invariables
36059;cm1;orthographe;mots_invariables
36060;cm1;orthographe;mots_invariables
36061;cm1;orthographe;mots_invariables
36062;cm1;orthographe;accord_adjectif
36063;cm1;orthographe;accord_adjectif
36064;cm1;orthographe;accord_adjectif
36065;cm1;orthographe;accord_adjectif
36066;cm1;orthographe;accord_adjectif
36067;cm1;orthographe;mots_invariables
36068;cm1;orthographe;mots_invariables
36069;cm1;orthographe;mots_invariables
36070;cm1;orthographe;mots_invariables
36071;cm1;orthographe;mots_invariables
36072;cm1;orthographe;mots_invariables
36073;cm1;orthographe;orthographe_mots
36074;cm1;orthographe;orthographe_mots
36075;cm1;orthographe;orthographe_mots
36076;cm1;orthographe;orthographe_mots
36077;cm1;orthographe;orthographe_mots
36078;cm1;orthographe;orthographe_mots
36079;cm1;orthographe;orthographe_mots
36080;cm1;orthographe;orthographe_mots
36081;cm1;orthographe;orthographe_mots
36082;cm1;orthographe;orthographe_mots
36083;cm1;orthographe;orthographe_mots
36084;cm1;orthographe;orthographe_mots
36085;cm1;orthographe;orthographe_mots
36086;cm1;orthographe;orthographe_mots
36087;cm1;orthographe;orthographe_mots
36088;cm1;orthographe;orthographe_mots
36089;cm1;orthographe;orthographe_mots
36090;cm1;orthographe;orthographe_mots
36091;cm1;orthographe;orthographe_mots
36092;cm1;orthographe;orthographe_mots
36093;cm1;orthographe;orthographe_mots
36094;cm1;orthographe;orthographe_mots
36095;cm1;orthographe;orthographe_mots
36096;cm1;orthographe;orthographe_mots
36097;cm1;orthographe;orthographe_mots
36098;cm1;orthographe;orthographe_mots
36099;cm1;orthographe;orthographe_mots
36100;cm1;orthographe;orthographe_mots
36101;cm1;orthographe;orthographe_mots
36102;cm1;orthographe;orthographe_mots
36103;cm1;orthographe;orthographe_mots
36104;cm1;orthographe;orthographe_mots
36105;cm1;orthographe;orthographe_mots
36106;cm1;orthographe;orthographe_mots
36107;cm1;orthographe;orthographe_mots
36108;cm1;orthographe;orthographe_mots
36109;cm1;orthographe;orthographe_mots
36110;cm1;orthographe;orthographe_mots
36111;cm1;orthographe;orthographe_mots
36112;cm1;orthographe;orthographe_mots
36113;cm1;orthographe;orthographe_mots
36114;cm1;orthographe;orthographe_mots
36115;cm1;orthographe;orthographe_mots
36116;cm1;orthographe;orthographe_mots
36117;cm1;orthographe;orthographe_mots
36118;cm1;orthographe;orthographe_mots
36119;cm1;orthographe;orthographe_mots
36120;cm1;orthographe;orthographe_mots
36121;cm1;orthographe;orthographe_mots
36122;cm1;orthographe;orthographe_mots
36123;cm1;orthographe;orthographe_mots
36124;cm1;orthographe;orthographe_mots
36125;cm1;orthographe;orthographe_mots
36126;cm1;orthographe;orthographe_mots
36127;cm1;orthographe;orthographe_mots
36128;cm1;orthographe;orthographe_mots
36129;cm1;orthographe;orthographe_mots
36130;cm1;orthographe;orthographe_mots
36131;cm1;orthographe;orthographe_mots
36132;cm1;orthographe;orthographe_mots
36133;cm1;orthographe;orthographe_mots
36134;cm1;orthographe;orthographe_mots
36135;cm1;orthographe;orthographe_mots
36136;cm1;orthographe;orthographe_mots
36137;cm1;orthographe;orthographe_mots
36138;cm1;orthographe;orthographe_mots
36139;cm1;orthographe;orthographe_mots
36140;cm1;orthographe;orthographe_mots
36141;cm1;orthographe;orthographe_mots
36142;cm1;orthographe;orthographe_mots
36143;cm1;orthographe;orthographe_mots
36144;cm1;orthographe;orthographe_mots
36145;cm1;orthographe;homophones
36146;cm1;orthographe;homophones
36147;cm1;orthographe;homophones
36148;cm1;orthographe;homophones
36149;cm1;orthographe;homophones
36150;cm1;orthographe;homophones
36151;cm1;orthographe;homophones
36152;cm1;orthographe;homophones
36153;cm1;orthographe;homophones
36154;cm1;orthographe;homophones
36155;cm1;orthographe;homophones
36156;cm1;orthographe;homophones
36157;cm1;orthographe;homophones
36158;cm1;orthographe;homophones
36159;cm1;orthographe;homophones
36160;cm1;orthographe;homophones
36161;cm1;orthographe;homophones
36162;cm1;orthographe;homophones
36163;cm1;orthographe;homophones
36164;cm1;orthographe;homophones
36165;cm1;orthographe;homophones
36166;cm1;orthographe;homophones
36167;cm1;orthographe;homophones
36168;cm1;orthographe;homophones
36169;cm1;orthographe;homophones
36170;cm1;orthographe;homophones
36171;cm1;orthographe;homophones
36172;cm1;orthographe;homophones
36173;cm1;orthographe;homophones
36174;cm1;orthographe;homophones
36175;cm1;orthographe;homophones
36176;cm1;orthographe;homophones
36177;cm1;orthographe;homophones
36178;cm1;orthographe;homophones
36179;cm1;orthographe;homophones
36180;cm1;orthographe;homophones
36181;cm1;orthographe;homophones
36182;cm1;orthographe;homophones
36183;cm1;orthographe;homophones
36184;cm1;orthographe;homophones
36185;cm1;orthographe;homophones
36186;cm1;orthographe;homophones
36187;cm1;orthographe;homophones
36188;cm1;orthographe;accord_adjectif
36189;cm1;orthographe;accord_adjectif
36190;cm1;orthographe;homophones
36191;cm1;orthographe;homophones
36192;cm1;orthographe;homophones
36193;cm1;orthographe;homophones
36194;cm1;orthographe;homophones
36195;cm1;orthographe;homophones
36196;cm1;orthographe;homophones
36197;cm1;orthographe;homophones
36198;cm1;orthographe;mots_invariables
36199;cm1;orthographe;mots_invariables
36200;cm1;orthographe;mots_invariables
36201;cm1;orthographe;mots_invariables
36202;cm1;orthographe;mots_invariables
36203;cm1;orthographe;mots_invariables
36204;cm1;orthographe;mots_invariables
36205;cm1;orthographe;orthographe_mots
36206;cm1;orthographe;orthographe_mots
36207;cm1;orthographe;orthographe_mots
36208;cm1;orthographe;orthographe_mots
36209;cm1;orthographe;orthographe_mots
36210;cm1;orthographe;orthographe_mots
36211;cm1;orthographe;orthographe_mots
36212;cm1;orthographe;orthographe_mots
36213;cm1;orthographe;orthographe_mots
36214;cm1;orthographe;orthographe_mots
36215;cm1;orthographe;orthographe_mots
36216;cm1;orthographe;orthographe_mots
36217;cm1;orthographe;orthographe_mots
36218;cm1;orthographe;orthographe_mots
36219;cm1;orthographe;orthographe_mots
36220;cm1;orthographe;orthographe_mots
36221;cm1;orthographe;orthographe_mots
36222;cm1;orthographe;orthographe_mots
36223;cm1;orthographe;orthographe_mots
36224;cm1;orthographe;orthographe_mots
36225;cm1;orthographe;orthographe_mots
36226;cm1;orthographe;orthographe_mots
36227;cm1;orthographe;orthographe_mots
36228;cm1;orthographe;orthographe_mots
36229;cm1;orthographe;orthographe_mots
36230;cm1;orthographe;orthographe_mots
36231;cm1;orthographe;orthographe_mots
36232;cm1;orthographe;orthographe_mots
36233;cm1;orthographe;orthographe_mots
36234;cm1;orthographe;orthographe_mots
36235;cm1;orthographe;orthographe_mots
36236;cm1;orthographe;orthographe_mots
36237;cm1;orthographe;orthographe_mots
36238;cm1;orthographe;orthographe_mots
36239;cm1;orthographe;orthographe_mots
36240;cm1;orthographe;orthographe_mots
36241;cm1;orthographe;orthographe_mots
36242;cm1;orthographe;orthographe_mots
36243;cm1;orthographe;orthographe_mots
36244;cm1;orthographe;orthographe_mots
36245;cm1;orthographe;orthographe_mots
36246;cm1;orthographe;orthographe_mots
36247;cm1;orthographe;orthographe_mots
36248;cm1;orthographe;orthographe_mots
36249;cm1;orthographe;orthographe_mots
36250;cm1;orthographe;orthographe_mots
36251;cm1;orthographe;orthographe_mots
36252;cm1;orthographe;orthographe_mots
36253;cm1;orthographe;orthographe_mots
36254;cm1;orthographe;orthographe_mots
36255;cm1;orthographe;orthographe_mots
36256;cm1;orthographe;orthographe_mots
36257;cm1;orthographe;orthographe_mots
36258;cm1;orthographe;orthographe_mots
36259;cm1;orthographe;orthographe_mots
36260;cm1;orthographe;orthographe_mots
36261;cm1;orthographe;orthographe_mots
36262;cm1;orthographe;orthographe_mots
36263;cm1;orthographe;orthographe_mots
36264;cm1;orthographe;orthographe_mots
36265;cm1;orthographe;orthographe_mots
36266;cm1;orthographe;orthographe_mots
36267;cm1;orthographe;orthographe_mots
36268;cm1;orthographe;orthographe_mots
36269;cm1;orthographe;orthographe_mots
36270;cm1;orthographe;orthographe_mots
36271;cm1;orthographe;orthographe_mots
36272;cm1;orthographe;orthographe_mots
36273;cm1;orthographe;orthographe_mots
36274;cm1;orthographe;orthographe_mots
36275;cm1;orthographe;orthographe_mots
36276;cm1;orthographe;orthographe_mots
36277;cm1;orthographe;orthographe_mots
36278;cm1;orthographe;orthographe_mots
36279;cm1;orthographe;orthographe_mots
36280;cm1;orthographe;orthographe_mots
36281;cm1;orthographe;orthographe_mots
36282;cm1;orthographe;orthographe_mots
36283;cm1;orthographe;orthographe_mots
36284;cm1;orthographe;orthographe_mots
36285;cm1;orthographe;orthographe_mots
36286;cm1;orthographe;orthographe_mots
36287;cm1;orthographe;orthographe_mots
36288;cm1;orthographe;orthographe_mots
36289;cm1;orthographe;orthographe_mots
36290;cm1;orthographe;orthographe_mots
36291;cm1;orthographe;orthographe_mots
36292;cm1;orthographe;orthographe_mots
36293;cm1;orthographe;orthographe_mots
36294;cm1;orthographe;orthographe_mots
36295;cm1;orthographe;orthographe_mots
36296;cm1;orthographe;orthographe_mots
36297;cm1;orthographe;orthographe_mots
36298;cm1;orthographe;orthographe_mots
36299;cm1;orthographe;orthographe_mots
36300;cm1;orthographe;orthographe_mots
36301;cm1;orthographe;orthographe_mots
36302;cm1;orthographe;orthographe_mots
36303;cm1;orthographe;orthographe_mots
36304;cm1;orthographe;orthographe_mots
36305;cm1;orthographe;orthographe_mots
36306;cm1;orthographe;orthographe_mots
36307;cm1;orthographe;orthographe_mots
36308;cm1;orthographe;orthographe_mots
36309;cm1;orthographe;orthographe_mots
36310;cm1;orthographe;orthographe_mots
36311;cm1;orthographe;orthographe_mots
36312;cm1;orthographe;orthographe_mots
36313;cm1;orthographe;orthographe_mots
36314;cm1;orthographe;orthographe_mots
36315;cm1;orthographe;orthographe_mots
36316;cm1;orthographe;orthographe_mots
36317;cm1;orthographe;orthographe_mots
36318;cm1;orthographe;orthographe_mots
36319;cm1;orthographe;orthographe_mots
36320;cm1;orthographe;orthographe_mots
36321;cm1;orthographe;orthographe_mots
36322;cm1;orthographe;orthographe_mots
36323;cm1;orthographe;orthographe_mots
36324;cm1;orthographe;orthographe_mots
36325;cm1;orthographe;orthographe_mots
36326;cm1;orthographe;orthographe_mots
36327;cm1;orthographe;orthographe_mots
36328;cm1;orthographe;orthographe_mots
36329;cm1;orthographe;orthographe_mots
36330;cm1;orthographe;orthographe_mots
36331;cm1;orthographe;orthographe_mots
36332;cm1;orthographe;orthographe_mots
36333;cm1;orthographe;orthographe_mots
36334;cm1;orthographe;orthographe_mots
36335;cm1;orthographe;orthographe_mots
36336;cm1;orthographe;orthographe_mots
36337;cm1;orthographe;orthographe_mots
36338;cm1;orthographe;orthographe_mots
36339;cm1;orthographe;orthographe_mots
36340;cm1;orthographe;orthographe_mots
36341;cm1;orthographe;orthographe_mots
36342;cm1;orthographe;orthographe_mots
36343;cm1;orthographe;orthographe_mots
36344;cm1;orthographe;orthographe_mots
36345;cm1;orthographe;orthographe_mots
36346;cm1;orthographe;orthographe_mots
36347;cm1;orthographe;orthographe_mots
36348;cm1;orthographe;orthographe_mots
36349;cm1;orthographe;orthographe_mots
36350;cm1;orthographe;orthographe_mots
36351;cm1;orthographe;orthographe_mots
36352;cm1;orthographe;orthographe_mots
36353;cm1;orthographe;orthographe_mots
36354;cm1;orthographe;orthographe_mots
36355;cm1;orthographe;orthographe_mots
36356;cm1;orthographe;orthographe_mots
36357;cm1;orthographe;orthographe_mots
36358;cm1;orthographe;orthographe_mots
36359;cm1;orthographe;orthographe_mots
36360;cm1;orthographe;orthographe_mots
36361;cm1;orthographe;orthographe_mots
36362;cm1;orthographe;orthographe_mots
36363;cm1;orthographe;orthographe_mots
36364;cm1;orthographe;orthographe_mots
36365;cm1;orthographe;orthographe_mots
36366;cm1;orthographe;orthographe_mots
36367;cm1;orthographe;orthographe_mots
36368;cm1;orthographe;orthographe_mots
36369;cm1;orthographe;orthographe_mots
36370;cm1;orthographe;orthographe_mots
36371;cm1;orthographe;orthographe_mots
36372;cm1;orthographe;orthographe_mots
36373;cm1;orthographe;orthographe_mots
36374;cm1;orthographe;orthographe_mots
36375;cm1;orthographe;orthographe_mots
36376;cm1;orthographe;orthographe_mots
36377;cm1;orthographe;orthographe_mots
36378;cm1;orthographe;orthographe_mots
36379;cm1;orthographe;orthographe_mots
36380;cm1;orthographe;orthographe_mots
36381;cm1;orthographe;orthographe_mots
36382;cm1;orthographe;orthographe_mots
36383;cm1;orthographe;orthographe_mots
36384;cm1;orthographe;orthographe_mots
36385;cm1;orthographe;orthographe_mots
36386;cm1;orthographe;orthographe_mots
36387;cm1;orthographe;orthographe_mots
36388;cm1;orthographe;orthographe_mots
36389;cm1;orthographe;orthographe_mots
36390;cm1;orthographe;orthographe_mots
36391;cm1;orthographe;orthographe_mots
36392;cm1;orthographe;orthographe_mots
36393;cm1;orthographe;orthographe_mots
36394;cm1;orthographe;orthographe_mots
36395;cm1;orthographe;orthographe_mots
36396;cm1;orthographe;orthographe_mots
36397;cm1;orthographe;orthographe_mots
36398;cm1;orthographe;orthographe_mots
36399;cm1;orthographe;orthographe_mots
36400;cm1;orthographe;orthographe_mots
36401;cm1;orthographe;orthographe_mots
36402;cm1;orthographe;orthographe_mots
36403;cm1;orthographe;orthographe_mots
36404;cm1;orthographe;orthographe_mots
36405;cm1;orthographe;orthographe_mots
36406;cm1;orthographe;orthographe_mots
36407;cm1;orthographe;orthographe_mots
36408;cm1;orthographe;orthographe_mots
36409;cm1;orthographe;orthographe_mots
36410;cm1;orthographe;orthographe_mots
36411;cm1;orthographe;orthographe_mots
36412;cm1;orthographe;orthographe_mots
36413;cm1;orthographe;orthographe_mots
36414;cm1;orthographe;orthographe_mots
36415;cm1;orthographe;orthographe_mots
36416;cm1;orthographe;orthographe_mots
36417;cm1;orthographe;orthographe_mots
36418;cm1;orthographe;orthographe_mots
36419;cm1;orthographe;orthographe_mots
36420;cm1;orthographe;orthographe_mots
36421;cm1;orthographe;orthographe_mots
36422;cm1;orthographe;orthographe_mots
36423;cm1;orthographe;orthographe_mots
36424;cm1;orthographe;orthographe_mots
36425;cm1;orthographe;orthographe_mots
36426;cm1;orthographe;orthographe_mots
36427;cm1;orthographe;orthographe_mots
36428;cm1;orthographe;orthographe_mots
36429;cm1;orthographe;orthographe_mots
36430;cm1;orthographe;orthographe_mots
36431;cm1;orthographe;orthographe_mots
36432;cm1;orthographe;orthographe_mots
36433;cm1;orthographe;orthographe_mots
36434;cm1;orthographe;orthographe_mots
36435;cm1;orthographe;orthographe_mots
36436;cm1;orthographe;orthographe_mots
36437;cm1;orthographe;orthographe_mots
36438;cm1;orthographe;orthographe_mots
36439;cm1;orthographe;orthographe_mots
36440;cm1;orthographe;orthographe_mots
36441;cm1;orthographe;orthographe_mots
36442;cm1;orthographe;orthographe_mots
36443;cm1;orthographe;orthographe_mots
36444;cm1;orthographe;orthographe_mots
36445;cm1;orthographe;orthographe_mots
36446;cm1;orthographe;orthographe_mots
36447;cm1;orthographe;orthographe_mots
36448;cm1;orthographe;orthographe_mots
36449;cm1;orthographe;orthographe_mots
36450;cm1;orthographe;orthographe_mots
36451;cm1;orthographe;orthographe_mots
36452;cm1;orthographe;orthographe_mots
36453;cm1;orthographe;orthographe_mots
36454;cm1;orthographe;orthographe_mots
36455;cm1;orthographe;orthographe_mots
36456;cm1;orthographe;orthographe_mots
36457;cm1;orthographe;orthographe_mots
36458;cm1;orthographe;orthographe_mots
36459;cm1;orthographe;orthographe_mots
36460;cm1;orthographe;orthographe_mots
36461;cm1;orthographe;orthographe_mots
36462;cm1;orthographe;orthographe_mots
36463;cm1;orthographe;orthographe_mots
36464;cm1;orthographe;orthographe_mots
36465;cm1;orthographe;orthographe_mots
36466;cm1;orthographe;orthographe_mots
36467;cm1;orthographe;orthographe_mots
36468;cm1;orthographe;orthographe_mots
36469;cm1;orthographe;orthographe_mots
36470;cm1;orthographe;orthographe_mots
36471;cm1;orthographe;orthographe_mots
36472;cm1;orthographe;orthographe_mots
36473;cm1;orthographe;orthographe_mots
36474;cm1;orthographe;orthographe_mots
36475;cm1;orthographe;orthographe_mots
36476;cm1;orthographe;orthographe_mots
36477;cm1;orthographe;orthographe_mots
36478;cm1;orthographe;orthographe_mots
36479;cm1;orthographe;orthographe_mots
36480;cm1;orthographe;orthographe_mots
36481;cm1;orthographe;orthographe_mots
36482;cm1;orthographe;orthographe_mots
36483;cm1;orthographe;orthographe_mots
36484;cm1;orthographe;orthographe_mots
36485;cm1;orthographe;orthographe_mots
36486;cm1;orthographe;orthographe_mots
36487;cm1;orthographe;orthographe_mots
36488;cm1;orthographe;orthographe_mots
36489;cm1;orthographe;orthographe_mots
36490;cm1;orthographe;orthographe_mots
36491;cm1;orthographe;orthographe_mots
36492;cm1;orthographe;orthographe_mots
36493;cm1;orthographe;orthographe_mots
36494;cm1;orthographe;orthographe_mots
36495;cm1;orthographe;orthographe_mots
36496;cm1;orthographe;orthographe_mots
36497;cm1;orthographe;orthographe_mots
36498;cm1;orthographe;orthographe_mots
36499;cm1;orthographe;orthographe_mots
36500;cm1;orthographe;orthographe_mots
36501;cm1;orthographe;orthographe_mots
36502;cm1;orthographe;orthographe_mots
36503;cm1;orthographe;orthographe_mots
36504;cm1;orthographe;orthographe_mots
36505;cm1;orthographe;orthographe_mots
36506;cm1;orthographe;orthographe_mots
36507;cm1;orthographe;orthographe_mots
36508;cm1;orthographe;orthographe_mots
36509;cm1;orthographe;orthographe_mots
36510;cm1;orthographe;orthographe_mots
36511;cm1;orthographe;orthographe_mots
36512;cm1;orthographe;orthographe_mots
36513;cm1;orthographe;orthographe_mots
36514;cm1;orthographe;orthographe_mots
36515;cm1;orthographe;orthographe_mots
36516;cm1;orthographe;orthographe_mots
36517;cm1;orthographe;orthographe_mots
36518;cm1;orthographe;orthographe_mots
36519;cm1;orthographe;orthographe_mots
36520;cm1;orthographe;orthographe_mots
36521;cm1;orthographe;orthographe_mots
36522;cm1;orthographe;orthographe_mots
36523;cm1;orthographe;orthographe_mots
36524;cm1;orthographe;orthographe_mots
36525;cm1;orthographe;orthographe_mots
36526;cm1;orthographe;orthographe_mots
36527;cm1;orthographe;orthographe_mots
36528;cm1;orthographe;orthographe_mots
36529;cm1;orthographe;orthographe_mots
36530;cm1;orthographe;orthographe_mots
36531;cm1;orthographe;orthographe_mots
36532;cm1;orthographe;orthographe_mots
36533;cm1;orthographe;orthographe_mots
36534;cm1;orthographe;orthographe_mots
36535;cm1;orthographe;orthographe_mots
36536;cm1;orthographe;orthographe_mots
36537;cm1;orthographe;orthographe_mots
36538;cm1;orthographe;orthographe_mots
36539;cm1;orthographe;orthographe_mots
36540;cm1;orthographe;orthographe_mots
36541;cm1;orthographe;orthographe_mots
36542;cm1;orthographe;orthographe_mots
36543;cm1;orthographe;orthographe_mots
36544;cm1;orthographe;orthographe_mots
36545;cm1;orthographe;orthographe_mots
36546;cm1;orthographe;orthographe_mots
36547;cm1;orthographe;orthographe_mots
36548;cm1;orthographe;orthographe_mots
36549;cm1;orthographe;orthographe_mots
36550;cm1;orthographe;orthographe_mots
36551;cm1;orthographe;orthographe_mots
36552;cm1;orthographe;orthographe_mots
36553;cm1;orthographe;orthographe_mots
36554;cm1;orthographe;orthographe_mots
36555;cm1;orthographe;orthographe_mots
36556;cm1;orthographe;orthographe_mots
36557;cm1;orthographe;orthographe_mots
36558;cm1;orthographe;orthographe_mots
36559;cm1;orthographe;orthographe_mots
36560;cm1;orthographe;orthographe_mots
36561;cm1;orthographe;orthographe_mots
36562;cm1;orthographe;orthographe_mots
36563;cm1;orthographe;orthographe_mots
36564;cm1;orthographe;orthographe_mots
36565;cm1;orthographe;orthographe_mots
36566;cm1;orthographe;orthographe_mots
36567;cm1;orthographe;orthographe_mots
36568;cm1;orthographe;orthographe_mots
36569;cm1;orthographe;orthographe_mots
36570;cm1;orthographe;orthographe_mots
36571;cm1;orthographe;orthographe_mots
36572;cm1;orthographe;orthographe_mots
36573;cm1;orthographe;orthographe_mots
36574;cm1;orthographe;orthographe_mots
36575;cm1;orthographe;orthographe_mots
36576;cm1;orthographe;orthographe_mots
36577;cm1;orthographe;orthographe_mots
36578;cm1;orthographe;orthographe_mots
36579;cm1;orthographe;orthographe_mots
36580;cm1;orthographe;orthographe_mots
36581;cm1;orthographe;orthographe_mots
36582;cm1;orthographe;orthographe_mots
36583;cm1;orthographe;orthographe_mots
36584;cm1;orthographe;orthographe_mots
36585;cm1;orthographe;orthographe_mots
36586;cm1;orthographe;orthographe_mots
36587;cm1;orthographe;orthographe_mots
36588;cm1;orthographe;orthographe_mots
36589;cm1;orthographe;orthographe_mots
36590;cm1;orthographe;orthographe_mots
36591;cm1;orthographe;orthographe_mots
36592;cm1;orthographe;orthographe_mots
36593;cm1;orthographe;orthographe_mots
36594;cm1;orthographe;orthographe_mots
36595;cm1;orthographe;orthographe_mots
36596;cm1;orthographe;orthographe_mots
36597;cm1;orthographe;orthographe_mots
36598;cm1;orthographe;orthographe_mots
36599;cm1;orthographe;orthographe_mots
36600;cm1;orthographe;orthographe_mots
36601;cm1;orthographe;orthographe_mots
36602;cm1;orthographe;orthographe_mots
36603;cm1;orthographe;orthographe_mots
36604;cm1;orthographe;orthographe_mots
36605;cm1;orthographe;orthographe_mots
36606;cm1;orthographe;orthographe_mots
36607;cm1;orthographe;orthographe_mots
36608;cm1;orthographe;orthographe_mots
36609;cm1;orthographe;orthographe_mots
36610;cm1;orthographe;orthographe_mots
36611;cm1;orthographe;orthographe_mots
36612;cm1;orthographe;orthographe_mots
36613;cm1;orthographe;orthographe_mots
36614;cm1;orthographe;orthographe_mots
36615;cm1;orthographe;orthographe_mots
36616;cm1;orthographe;orthographe_mots
36617;cm1;orthographe;orthographe_mots
36618;cm1;orthographe;orthographe_mots
36619;cm1;orthographe;orthographe_mots
36620;cm1;orthographe;orthographe_mots
36621;cm1;orthographe;orthographe_mots
36622;cm1;orthographe;orthographe_mots
36623;cm1;orthographe;orthographe_mots
36624;cm1;orthographe;orthographe_mots
36625;cm1;orthographe;orthographe_mots
36626;cm1;orthographe;orthographe_mots
36627;cm1;orthographe;orthographe_mots
36628;cm1;orthographe;orthographe_mots
36629;cm1;orthographe;orthographe_mots
36630;cm1;orthographe;orthographe_mots
36631;cm1;orthographe;orthographe_mots
36632;cm1;orthographe;orthographe_mots
36633;cm1;orthographe;orthographe_mots
36634;cm1;orthographe;orthographe_mots
36635;cm1;orthographe;orthographe_mots
36636;cm1;orthographe;orthographe_mots
36637;cm1;orthographe;orthographe_mots
36638;cm1;orthographe;orthographe_mots
36639;cm1;orthographe;orthographe_mots
36640;cm1;orthographe;orthographe_mots
36641;cm1;orthographe;orthographe_mots
36642;cm1;orthographe;orthographe_mots
36643;cm1;orthographe;orthographe_mots
36644;cm1;orthographe;orthographe_mots
36645;cm1;orthographe;orthographe_mots
36646;cm1;orthographe;orthographe_mots
36647;cm1;orthographe;orthographe_mots
36648;cm1;orthographe;orthographe_mots
36649;cm1;orthographe;orthographe_mots
36650;cm1;orthographe;orthographe_mots
36651;cm1;orthographe;orthographe_mots
36652;cm1;orthographe;orthographe_mots
36653;cm1;orthographe;orthographe_mots
36654;cm1;orthographe;orthographe_mots
36655;cm1;orthographe;orthographe_mots
36656;cm1;orthographe;orthographe_mots
36657;cm1;orthographe;orthographe_mots
36658;cm1;orthographe;orthographe_mots
36659;cm1;orthographe;orthographe_mots
36660;cm1;orthographe;orthographe_mots
36661;cm1;orthographe;orthographe_mots
36662;cm1;orthographe;orthographe_mots
36663;cm1;orthographe;orthographe_mots
36664;cm1;orthographe;orthographe_mots
36665;cm1;orthographe;orthographe_mots
36666;cm1;orthographe;orthographe_mots
36667;cm1;orthographe;orthographe_mots
36668;cm1;orthographe;orthographe_mots
36669;cm1;orthographe;orthographe_mots
36670;cm1;orthographe;orthographe_mots
36671;cm1;orthographe;orthographe_mots
36672;cm1;orthographe;orthographe_mots
36673;cm1;orthographe;orthographe_mots
36674;cm1;orthographe;orthographe_mots
36675;cm1;orthographe;orthographe_mots
36676;cm1;orthographe;orthographe_mots
36677;cm1;orthographe;orthographe_mots
36678;cm1;orthographe;orthographe_mots
36679;cm1;orthographe;orthographe_mots
36680;cm1;orthographe;orthographe_mots
36681;cm1;orthographe;orthographe_mots
36682;cm1;orthographe;orthographe_mots
36683;cm1;orthographe;orthographe_mots
36684;cm1;orthographe;orthographe_mots
36685;cm1;orthographe;homophones
36686;cm1;orthographe;homophones
36687;cm1;orthographe;homophones
36688;cm1;orthographe;homophones
36689;cm1;orthographe;homophones
36690;cm1;orthographe;homophones
36691;cm1;orthographe;homophones
36692;cm1;orthographe;homophones
36693;cm1;orthographe;homophones
36694;cm1;orthographe;homophones
36695;cm1;orthographe;homophones
36696;cm1;orthographe;homophones
36697;cm1;orthographe;homophones
36698;cm1;orthographe;homophones
36699;cm1;orthographe;homophones
36700;cm1;orthographe;homophones
36701;cm1;orthographe;homophones
36702;cm1;orthographe;homophones
36703;cm1;orthographe;homophones
36704;cm1;orthographe;homophones
36705;cm1;orthographe;homophones
36706;cm1;orthographe;homophones
36707;cm1;orthographe;homophones
36708;cm1;orthographe;homophones
36709;cm1;orthographe;homophones
36710;cm1;orthographe;homophones
36711;cm1;orthographe;homophones
36712;cm1;orthographe;homophones
36713;cm1;orthographe;homophones
36714;cm1;orthographe;homophones
36715;cm1;orthographe;homophones
36716;cm1;orthographe;homophones
36717;cm1;orthographe;homophones
36718;cm1;orthographe;homophones
36719;cm1;orthographe;homophones
36720;cm1;orthographe;homophones
36721;cm1;orthographe;homophones
36722;cm1;orthographe;homophones
36723;cm1;orthographe;homophones
36724;cm1;orthographe;homophones
36725;cm1;orthographe;homophones
36726;cm1;orthographe;homophones
36727;cm1;orthographe;homophones
36728;cm1;orthographe;homophones
36729;cm1;orthographe;homophones
36730;cm1;orthographe;homophones
36731;cm1;orthographe;homophones
36732;cm1;orthographe;homophones
36733;cm1;orthographe;homophones
36734;cm1;orthographe;homophones
36735;cm1;orthographe;mots_invariables
36736;cm1;orthographe;mots_invariables
36737;cm1;orthographe;mots_invariables
36738;cm1;orthographe;accord_adjectif
36739;cm1;orthographe;accord_adjectif
36740;cm1;orthographe;accord_adjectif
36741;cm1;orthographe;mots_invariables
36742;cm1;orthographe;mots_invariables
36743;cm1;orthographe;accord_adjectif
36744;cm1;orthographe;mots_invariables
36745;cm1;orthographe;mots_invariables
36746;cm1;orthographe;mots_invariables
36747;cm1;orthographe;mots_invariables
36748;cm1;orthographe;mots_invariables
36749;cm1;orthographe;mots_invariables
36750;cm1;orthographe;mots_invariables
36751;cm1;orthographe;mots_invariables
36752;cm1;orthographe;mots_invariables
36753;cm1;orthographe;mots_invariables
36754;cm1;orthographe;mots_invariables
36755;cm1;orthographe;mots_invariables
36756;cm1;orthographe;mots_invariables
36757;cm1;orthographe;mots_invariables
36758;cm1;orthographe;mots_invariables
36759;cm1;orthographe;mots_invariables
36760;cm1;orthographe;mots_invariables
36761;cm1;orthographe;mots_invariables
36762;cm1;orthographe;mots_invariables
36763;cm1;orthographe;mots_invariables
36764;cm1;orthographe;mots_invariables
36765;cm1;orthographe;mots_invariables
36766;cm1;orthographe;mots_invariables
36767;cm1;orthographe;mots_invariables
36768;cm1;orthographe;mots_invariables
36769;cm1;orthographe;mots_invariables
36770;cm1;orthographe;mots_invariables
36771;cm1;orthographe;mots_invariables
36772;cm1;orthographe;mots_invariables
36773;cm1;orthographe;mots_invariables
36774;cm1;orthographe;mots_invariables
36775;cm1;orthographe;accord_adjectif
36776;cm1;orthographe;mots_invariables
36777;cm1;orthographe;mots_invariables
36778;cm1;orthographe;accord_adjectif
36779;cm1;orthographe;mots_invariables
36780;cm1;orthographe;mots_invariables
36781;cm1;orthographe;mots_invariables
36782;cm1;orthographe;mots_invariables
36783;cm1;orthographe;mots_invariables
36784;cm1;orthographe;mots_invariables
36785;cm1;orthographe;mots_invariables
36786;cm1;orthographe;mots_invariables
36787;cm1;orthographe;mots_invariables
36788;cm1;orthographe;mots_invariables
36789;cm1;orthographe;mots_invariables
36790;cm1;orthographe;mots_invariables
36791;cm1;orthographe;mots_invariables
36792;cm1;orthographe;mots_invariables
36793;cm1;orthographe;mots_invariables
36794;cm1;orthographe;mots_invariables
36795;cm1;orthographe;mots_invariables
36796;cm1;orthographe;mots_invariables
36797;cm1;orthographe;mots_invariables
36798;cm1;orthographe;mots_invariables
36799;cm1;orthographe;mots_invariables
36800;cm1;orthographe;mots_invariables
36801;cm1;orthographe;mots_invariables
36802;cm1;orthographe;mots_invariables
36803;cm1;orthographe;mots_invariables
36804;cm1;orthographe;mots_invariables
36805;cm1;orthographe;orthographe_mots
36806;cm1;orthographe;orthographe_mots
36807;cm1;orthographe;orthographe_mots
36808;cm1;orthographe;orthographe_mots
36809;cm1;orthographe;orthographe_mots
36810;cm1;orthographe;orthographe_mots
36811;cm1;orthographe;orthographe_mots
36812;cm1;orthographe;orthographe_mots
36813;cm1;orthographe;orthographe_mots
36814;cm1;orthographe;orthographe_mots
36815;cm1;orthographe;orthographe_mots
36816;cm1;orthographe;orthographe_mots
36817;cm1;orthographe;orthographe_mots
36818;cm1;orthographe;orthographe_mots
36819;cm1;orthographe;orthographe_mots
36820;cm1;orthographe;orthographe_mots
36821;cm1;orthographe;orthographe_mots
36822;cm1;orthographe;orthographe_mots
36823;cm1;orthographe;orthographe_mots
36824;cm1;orthographe;orthographe_mots
36825;cm1;orthographe;orthographe_mots
36826;cm1;orthographe;orthographe_mots
36827;cm1;orthographe;orthographe_mots
36828;cm1;orthographe;orthographe_mots
36829;cm1;orthographe;orthographe_mots
36830;cm1;orthographe;orthographe_mots
36831;cm1;orthographe;orthographe_mots
36832;cm1;orthographe;orthographe_mots
36833;cm1;orthographe;orthographe_mots
36834;cm1;orthographe;orthographe_mots
36835;cm1;orthographe;orthographe_mots
36836;cm1;orthographe;orthographe_mots
36837;cm1;orthographe;orthographe_mots
36838;cm1;orthographe;orthographe_mots
36839;cm1;orthographe;orthographe_mots
36840;cm1;orthographe;orthographe_mots
36841;cm1;orthographe;orthographe_mots
36842;cm1;orthographe;orthographe_mots
36843;cm1;orthographe;orthographe_mots
36844;cm1;orthographe;orthographe_mots
36845;cm1;orthographe;orthographe_mots
36846;cm1;orthographe;orthographe_mots
36847;cm1;orthographe;orthographe_mots
36848;cm1;orthographe;orthographe_mots
36849;cm1;orthographe;orthographe_mots
36850;cm1;orthographe;orthographe_mots
36851;cm1;orthographe;orthographe_mots
36852;cm1;orthographe;orthographe_mots
36853;cm1;orthographe;orthographe_mots
36854;cm1;orthographe;orthographe_mots
36855;cm1;orthographe;orthographe_mots
36856;cm1;orthographe;orthographe_mots
36857;cm1;orthographe;orthographe_mots
36858;cm1;orthographe;orthographe_mots
36859;cm1;orthographe;orthographe_mots
36860;cm1;orthographe;orthographe_mots
36861;cm1;orthographe;orthographe_mots
36862;cm1;orthographe;orthographe_mots
36863;cm1;orthographe;orthographe_mots
36864;cm1;orthographe;orthographe_mots
36865;cm1;orthographe;orthographe_mots
36866;cm1;orthographe;orthographe_mots
36867;cm1;orthographe;orthographe_mots
36868;cm1;orthographe;orthographe_mots
36869;cm1;orthographe;orthographe_mots
36870;cm1;orthographe;orthographe_mots
36871;cm1;orthographe;orthographe_mots
36872;cm1;orthographe;orthographe_mots
36873;cm1;orthographe;orthographe_mots
36874;cm1;orthographe;orthographe_mots
36875;cm1;orthographe;orthographe_mots
36876;cm1;orthographe;orthographe_mots
36877;cm1;orthographe;orthographe_mots
36878;cm1;orthographe;orthographe_mots
36879;cm1;orthographe;orthographe_mots
36880;cm1;orthographe;orthographe_mots
36881;cm1;orthographe;orthographe_mots
36882;cm1;orthographe;orthographe_mots
36883;cm1;orthographe;orthographe_mots
36884;cm1;orthographe;orthographe_mots
36885;cm1;orthographe;orthographe_mots
36886;cm1;orthographe;orthographe_mots
36887;cm1;orthographe;orthographe_mots
36888;cm1;orthographe;orthographe_mots
36889;cm1;orthographe;orthographe_mots
36890;cm1;orthographe;orthographe_mots
36891;cm1;orthographe;orthographe_mots
36892;cm1;orthographe;orthographe_mots
36893;cm1;orthographe;orthographe_mots
36894;cm1;orthographe;orthographe_mots
36895;cm1;orthographe;orthographe_mots
36896;cm1;orthographe;orthographe_mots
36897;cm1;orthographe;orthographe_mots
36898;cm1;orthographe;orthographe_mots
36899;cm1;orthographe;orthographe_mots
36900;cm1;orthographe;orthographe_mots
36901;cm1;orthographe;orthographe_mots
36902;cm1;orthographe;orthographe_mots
36903;cm1;orthographe;orthographe_mots
36904;cm1;orthographe;orthographe_mots
36905;cm1;orthographe;orthographe_mots
36906;cm1;orthographe;orthographe_mots
36907;cm1;orthographe;orthographe_mots
36908;cm1;orthographe;orthographe_mots
36909;cm1;orthographe;orthographe_mots
36910;cm1;orthographe;orthographe_mots
36911;cm1;orthographe;orthographe_mots
36912;cm1;orthographe;orthographe_mots
36913;cm1;orthographe;orthographe_mots
36914;cm1;orthographe;orthographe_mots
36915;cm1;orthographe;orthographe_mots
36916;cm1;orthographe;orthographe_mots
36917;cm1;orthographe;orthographe_mots
36918;cm1;orthographe;orthographe_mots
36919;cm1;orthographe;orthographe_mots
36920;cm1;orthographe;orthographe_mots
36921;cm1;orthographe;orthographe_mots
36922;cm1;orthographe;orthographe_mots
36923;cm1;orthographe;orthographe_mots
36924;cm1;orthographe;orthographe_mots
36925;cm1;orthographe;orthographe_mots
36926;cm1;orthographe;orthographe_mots
36927;cm1;orthographe;orthographe_mots
36928;cm1;orthographe;orthographe_mots
36929;cm1;orthographe;orthographe_mots
36930;cm1;orthographe;orthographe_mots
36931;cm1;orthographe;orthographe_mots
36932;cm1;orthographe;orthographe_mots
36933;cm1;orthographe;orthographe_mots
36934;cm1;orthographe;orthographe_mots
36935;cm1;orthographe;orthographe_mots
36936;cm1;orthographe;orthographe_mots
36937;cm1;orthographe;orthographe_mots
36938;cm1;orthographe;orthographe_mots
36939;cm1;orthographe;orthographe_mots
36940;cm1;orthographe;orthographe_mots
36941;cm1;orthographe;orthographe_mots
36942;cm1;orthographe;orthographe_mots
36943;cm1;orthographe;orthographe_mots
36944;cm1;orthographe;orthographe_mots
36945;cm1;orthographe;orthographe_mots
36946;cm1;orthographe;orthographe_mots
36947;cm1;orthographe;orthographe_mots
36948;cm1;orthographe;orthographe_mots
36949;cm1;orthographe;orthographe_mots
36950;cm1;orthographe;orthographe_mots
36951;cm1;orthographe;orthographe_mots
36952;cm1;orthographe;orthographe_mots
36953;cm1;orthographe;orthographe_mots
36954;cm1;orthographe;orthographe_mots
36955;cm1;orthographe;orthographe_mots
36956;cm1;orthographe;orthographe_mots
36957;cm1;orthographe;orthographe_mots
36958;cm1;orthographe;orthographe_mots
36959;cm1;orthographe;orthographe_mots
36960;cm1;orthographe;orthographe_mots
36961;cm1;orthographe;orthographe_mots
36962;cm1;orthographe;orthographe_mots
36963;cm1;orthographe;orthographe_mots
36964;cm1;orthographe;orthographe_mots
12040;cm2;conjugaison;passe_compose
12041;cm2;conjugaison;passe_compose
12042;cm2;conjugaison;passe_compose
12043;cm2;conjugaison;passe_compose
12044;cm2;conjugaison;passe_compose
12045;cm2;conjugaison;passe_compose
12046;cm2;conjugaison;passe_compose
12047;cm2;conjugaison;passe_compose
12048;cm2;conjugaison;passe_compose
12049;cm2;conjugaison;passe_compose
12050;cm2;conjugaison;plus_que_parfait
12051;cm2;conjugaison;plus_que_parfait
12052;cm2;conjugaison;plus_que_parfait
12053;cm2;conjugaison;plus_que_parfait
12054;cm2;conjugaison;plus_que_parfait
12055;cm2;conjugaison;plus_que_parfait
12056;cm2;conjugaison;plus_que_parfait
12057;cm2;conjugaison;plus_que_parfait
12058;cm2;conjugaison;plus_que_parfait
12059;cm2;conjugaison;plus_que_parfait
12060;cm2;conjugaison;passe_simple
12061;cm2;conjugaison;passe_simple
12062;cm2;conjugaison;passe_simple
12063;cm2;conjugaison;passe_simple
12064;cm2;conjugaison;passe_simple
12065;cm2;conjugaison;passe_simple
12066;cm2;conjugaison;passe_simple
12067;cm2;conjugaison;passe_simple
12068;cm2;conjugaison;passe_simple
12069;cm2;conjugaison;passe_simple
12070;cm2;conjugaison;conditionnel
12071;cm2;conjugaison;conditionnel
12072;cm2;conjugaison;conditionnel
12073;cm2;conjugaison;conditionnel
12074;cm2;conjugaison;conditionnel
12075;cm2;conjugaison;conditionnel
12076;cm2;conjugaison;conditionnel
12077;cm2;conjugaison;conditionnel
12078;cm2;conjugaison;conditionnel
12079;cm2;conjugaison;conditionnel
38000;cm2;conjugaison;passe_compose
38001;cm2;conjugaison;passe_compose
38002;cm2;conjugaison;passe_compose
38003;cm2;conjugaison;passe_compose
38004;cm2;conjugaison;passe_compose
38005;cm2;conjugaison;passe_compose
38006;cm2;conjugaison;passe_compose
38007;cm2;conjugaison;passe_compose
38008;cm2;conjugaison;passe_compose
38009;cm2;conjugaison;passe_compose
38010;cm2;conjugaison;passe_compose
38011;cm2;conjugaison;passe_compose
38012;cm2;conjugaison;passe_compose
38013;cm2;conjugaison;passe_compose
38014;cm2;conjugaison;passe_compose
38015;cm2;conjugaison;passe_compose
38016;cm2;conjugaison;passe_compose
38017;cm2;conjugaison;passe_compose
38018;cm2;conjugaison;passe_compose
38019;cm2;conjugaison;passe_compose
38020;cm2;conjugaison;passe_compose
38021;cm2;conjugaison;passe_compose
38022;cm2;conjugaison;passe_compose
38023;cm2;conjugaison;passe_compose
38024;cm2;conjugaison;passe_compose
38025;cm2;conjugaison;passe_compose
38026;cm2;conjugaison;passe_compose
38027;cm2;conjugaison;passe_compose
38028;cm2;conjugaison;passe_compose
38029;cm2;conjugaison;passe_compose
38030;cm2;conjugaison;passe_compose
38031;cm2;conjugaison;passe_compose
38032;cm2;conjugaison;passe_compose
38033;cm2;conjugaison;passe_compose
38034;cm2;conjugaison;passe_compose
38035;cm2;conjugaison;passe_compose
38036;cm2;conjugaison;passe_compose
38037;cm2;conjugaison;passe_compose
38038;cm2;conjugaison;passe_compose
38039;cm2;conjugaison;passe_compose
38040;cm2;conjugaison;passe_compose
38041;cm2;conjugaison;passe_compose
38042;cm2;conjugaison;passe_compose
38043;cm2;conjugaison;passe_compose
38044;cm2;conjugaison;passe_compose
38045;cm2;conjugaison;plus_que_parfait
38046;cm2;conjugaison;plus_que_parfait
38047;cm2;conjugaison;plus_que_parfait
38048;cm2;conjugaison;plus_que_parfait
38049;cm2;conjugaison;plus_que_parfait
38050;cm2;conjugaison;plus_que_parfait
38051;cm2;conjugaison;plus_que_parfait
38052;cm2;conjugaison;plus_que_parfait
38053;cm2;conjugaison;plus_que_parfait
38054;cm2;conjugaison;plus_que_parfait
38055;cm2;conjugaison;plus_que_parfait
38056;cm2;conjugaison;plus_que_parfait
38057;cm2;conjugaison;plus_que_parfait
38058;cm2;conjugaison;plus_que_parfait
38059;cm2;conjugaison;plus_que_parfait
38060;cm2;conjugaison;plus_que_parfait
38061;cm2;conjugaison;plus_que_parfait
38062;cm2;conjugaison;plus_que_parfait
38063;cm2;conjugaison;plus_que_parfait
38064;cm2;conjugaison;plus_que_parfait
38065;cm2;conjugaison;plus_que_parfait
38066;cm2;conjugaison;plus_que_parfait
38067;cm2;conjugaison;plus_que_parfait
38068;cm2;conjugaison;plus_que_parfait
38069;cm2;conjugaison;plus_que_parfait
38070;cm2;conjugaison;plus_que_parfait
38071;cm2;conjugaison;plus_que_parfait
38072;cm2;conjugaison;plus_que_parfait
38073;cm2;conjugaison;plus_que_parfait
38074;cm2;conjugaison;plus_que_parfait
38075;cm2;conjugaison;plus_que_parfait
38076;cm2;conjugaison;plus_que_parfait
38077;cm2;conjugaison;plus_que_parfait
38078;cm2;conjugaison;plus_que_parfait
38079;cm2;conjugaison;plus_que_parfait
38080;cm2;conjugaison;plus_que_parfait
38081;cm2;conjugaison;plus_que_parfait
38082;cm2;conjugaison;plus_que_parfait
38083;cm2;conjugaison;plus_que_parfait
38084;cm2;conjugaison;plus_que_parfait
38085;cm2;conjugaison;plus_que_parfait
38086;cm2;conjugaison;plus_que_parfait
38087;cm2;conjugaison;plus_que_parfait
38088;cm2;conjugaison;plus_que_parfait
38089;cm2;conjugaison;plus_que_parfait
38090;cm2;conjugaison;plus_que_parfait
38091;cm2;conjugaison;plus_que_parfait
38092;cm2;conjugaison;plus_que_parfait
38093;cm2;conjugaison;plus_que_parfait
38094;cm2;conjugaison;plus_que_parfait
38095;cm2;conjugaison;plus_que_parfait
38096;cm2;conjugaison;plus_que_parfait
38097;cm2;conjugaison;plus_que_parfait
38098;cm2;conjugaison;plus_que_parfait
38099;cm2;conjugaison;plus_que_parfait
38100;cm2;conjugaison;plus_que_parfait
38101;cm2;conjugaison;plus_que_parfait
38102;cm2;conjugaison;plus_que_parfait
38103;cm2;conjugaison;plus_que_parfait
38104;cm2;conjugaison;plus_que_parfait
38105;cm2;conjugaison;plus_que_parfait
38106;cm2;conjugaison;plus_que_parfait
38107;cm2;conjugaison;plus_que_parfait
38108;cm2;conjugaison;plus_que_parfait
38109;cm2;conjugaison;plus_que_parfait
38110;cm2;conjugaison;plus_que_parfait
38111;cm2;conjugaison;plus_que_parfait
38112;cm2;conjugaison;plus_que_parfait
38113;cm2;conjugaison;plus_que_parfait
38114;cm2;conjugaison;plus_que_parfait
38115;cm2;conjugaison;plus_que_parfait
38116;cm2;conjugaison;plus_que_parfait
38117;cm2;conjugaison;plus_que_parfait
38118;cm2;conjugaison;plus_que_parfait
38119;cm2;conjugaison;plus_que_parfait
38120;cm2;conjugaison;plus_que_parfait
38121;cm2;conjugaison;plus_que_parfait
38122;cm2;conjugaison;plus_que_parfait
38123;cm2;conjugaison;plus_que_parfait
38124;cm2;conjugaison;plus_que_parfait
38125;cm2;conjugaison;plus_que_parfait
38126;cm2;conjugaison;plus_que_parfait
38127;cm2;conjugaison;plus_que_parfait
38128;cm2;conjugaison;plus_que_parfait
38129;cm2;conjugaison;plus_que_parfait
38130;cm2;conjugaison;plus_que_parfait
38131;cm2;conjugaison;plus_que_parfait
38132;cm2;conjugaison;plus_que_parfait
38133;cm2;conjugaison;plus_que_parfait
38134;cm2;conjugaison;plus_que_parfait
38135;cm2;conjugaison;plus_que_parfait
38136;cm2;conjugaison;plus_que_parfait
38137;cm2;conjugaison;plus_que_parfait
38138;cm2;conjugaison;plus_que_parfait
38139;cm2;conjugaison;plus_que_parfait
38140;cm2;conjugaison;plus_que_parfait
38141;cm2;conjugaison;plus_que_parfait
38142;cm2;conjugaison;plus_que_parfait
38143;cm2;conjugaison;plus_que_parfait
38144;cm2;conjugaison;plus_que_parfait
38145;cm2;conjugaison;plus_que_parfait
38146;cm2;conjugaison;plus_que_parfait
38147;cm2;conjugaison;plus_que_parfait
38148;cm2;conjugaison;plus_que_parfait
38149;cm2;conjugaison;plus_que_parfait
38150;cm2;conjugaison;plus_que_parfait
38151;cm2;conjugaison;plus_que_parfait
38152;cm2;conjugaison;plus_que_parfait
38153;cm2;conjugaison;plus_que_parfait
38154;cm2;conjugaison;plus_que_parfait
38155;cm2;conjugaison;plus_que_parfait
38156;cm2;conjugaison;plus_que_parfait
38157;cm2;conjugaison;plus_que_parfait
38158;cm2;conjugaison;plus_que_parfait
38159;cm2;conjugaison;plus_que_parfait
38160;cm2;conjugaison;plus_que_parfait
38161;cm2;conjugaison;plus_que_parfait
38162;cm2;conjugaison;plus_que_parfait
38163;cm2;conjugaison;plus_que_parfait
38164;cm2;conjugaison;plus_que_parfait
38165;cm2;conjugaison;plus_que_parfait
38166;cm2;conjugaison;plus_que_parfait
38167;cm2;conjugaison;plus_que_parfait
38168;cm2;conjugaison;plus_que_parfait
38169;cm2;conjugaison;plus_que_parfait
38170;cm2;conjugaison;plus_que_parfait
38171;cm2;conjugaison;plus_que_parfait
38172;cm2;conjugaison;plus_que_parfait
38173;cm2;conjugaison;plus_que_parfait
38174;cm2;conjugaison;plus_que_parfait
38175;cm2;conjugaison;plus_que_parfait
38176;cm2;conjugaison;plus_que_parfait
38177;cm2;conjugaison;plus_que_parfait
38178;cm2;conjugaison;plus_que_parfait
38179;cm2;conjugaison;plus_que_parfait
38180;cm2;conjugaison;plus_que_parfait
38181;cm2;conjugaison;plus_que_parfait
38182;cm2;conjugaison;plus_que_parfait
38183;cm2;conjugaison;plus_que_parfait
38184;cm2;conjugaison;plus_que_parfait
38185;cm2;conjugaison;plus_que_parfait
38186;cm2;conjugaison;plus_que_parfait
38187;cm2;conjugaison;plus_que_parfait
38188;cm2;conjugaison;plus_que_parfait
38189;cm2;conjugaison;plus_que_parfait
38190;cm2;conjugaison;plus_que_parfait
38191;cm2;conjugaison;plus_que_parfait
38192;cm2;conjugaison;plus_que_parfait
38193;cm2;conjugaison;plus_que_parfait
38194;cm2;conjugaison;plus_que_parfait
38195;cm2;conjugaison;plus_que_parfait
38196;cm2;conjugaison;plus_que_parfait
38197;cm2;conjugaison;plus_que_parfait
38198;cm2;conjugaison;plus_que_parfait
38199;cm2;conjugaison;plus_que_parfait
38200;cm2;conjugaison;plus_que_parfait
38201;cm2;conjugaison;plus_que_parfait
38202;cm2;conjugaison;plus_que_parfait
38203;cm2;conjugaison;plus_que_parfait
38204;cm2;conjugaison;plus_que_parfait
38205;cm2;conjugaison;plus_que_parfait
38206;cm2;conjugaison;plus_que_parfait
38207;cm2;conjugaison;plus_que_parfait
38208;cm2;conjugaison;plus_que_parfait
38209;cm2;conjugaison;plus_que_parfait
38210;cm2;conjugaison;plus_que_parfait
38211;cm2;conjugaison;plus_que_parfait
38212;cm2;conjugaison;plus_que_parfait
38213;cm2;conjugaison;plus_que_parfait
38214;cm2;conjugaison;plus_que_parfait
38215;cm2;conjugaison;plus_que_parfait
38216;cm2;conjugaison;plus_que_parfait
38217;cm2;conjugaison;plus_que_parfait
38218;cm2;conjugaison;plus_que_parfait
38219;cm2;conjugaison;plus_que_parfait
38220;cm2;conjugaison;plus_que_parfait
38221;cm2;conjugaison;plus_que_parfait
38222;cm2;conjugaison;plus_que_parfait
38223;cm2;conjugaison;plus_que_parfait
38224;cm2;conjugaison;plus_que_parfait
38225;cm2;conjugaison;plus_que_parfait
38226;cm2;conjugaison;plus_que_parfait
38227;cm2;conjugaison;plus_que_parfait
38228;cm2;conjugaison;plus_que_parfait
38229;cm2;conjugaison;plus_que_parfait
38230;cm2;conjugaison;plus_que_parfait
38231;cm2;conjugaison;plus_que_parfait
38232;cm2;conjugaison;plus_que_parfait
38233;cm2;conjugaison;plus_que_parfait
38234;cm2;conjugaison;plus_que_parfait
38235;cm2;conjugaison;plus_que_parfait
38236;cm2;conjugaison;plus_que_parfait
38237;cm2;conjugaison;plus_que_parfait
38238;cm2;conjugaison;plus_que_parfait
38239;cm2;conjugaison;plus_que_parfait
38240;cm2;conjugaison;plus_que_parfait
38241;cm2;conjugaison;plus_que_parfait
38242;cm2;conjugaison;plus_que_parfait
38243;cm2;conjugaison;plus_que_parfait
38244;cm2;conjugaison;plus_que_parfait
38245;cm2;conjugaison;plus_que_parfait
38246;cm2;conjugaison;plus_que_parfait
38247;cm2;conjugaison;plus_que_parfait
38248;cm2;conjugaison;plus_que_parfait
38249;cm2;conjugaison;plus_que_parfait
38250;cm2;conjugaison;plus_que_parfait
38251;cm2;conjugaison;plus_que_parfait
38252;cm2;conjugaison;plus_que_parfait
38253;cm2;conjugaison;plus_que_parfait
38254;cm2;conjugaison;plus_que_parfait
38255;cm2;conjugaison;plus_que_parfait
38256;cm2;conjugaison;plus_que_parfait
38257;cm2;conjugaison;plus_que_parfait
38258;cm2;conjugaison;plus_que_parfait
38259;cm2;conjugaison;plus_que_parfait
38260;cm2;conjugaison;plus_que_parfait
38261;cm2;conjugaison;plus_que_parfait
38262;cm2;conjugaison;plus_que_parfait
38263;cm2;conjugaison;passe_simple
38264;cm2;conjugaison;passe_simple
38265;cm2;conjugaison;passe_simple
38266;cm2;conjugaison;passe_simple
38267;cm2;conjugaison;passe_simple
38268;cm2;conjugaison;passe_simple
38269;cm2;conjugaison;passe_simple
38270;cm2;conjugaison;passe_simple
38271;cm2;conjugaison;passe_simple
38272;cm2;conjugaison;passe_simple
38273;cm2;conjugaison;passe_simple
38274;cm2;conjugaison;passe_simple
38275;cm2;conjugaison;passe_simple
38276;cm2;conjugaison;passe_simple
38277;cm2;conjugaison;passe_simple
38278;cm2;conjugaison;passe_simple
38279;cm2;conjugaison;passe_simple
38280;cm2;conjugaison;passe_simple
38281;cm2;conjugaison;passe_simple
38282;cm2;conjugaison;passe_simple
38283;cm2;conjugaison;passe_simple
38284;cm2;conjugaison;passe_simple
38285;cm2;conjugaison;passe_simple
38286;cm2;conjugaison;passe_simple
38287;cm2;conjugaison;passe_simple
38288;cm2;conjugaison;passe_simple
38289;cm2;conjugaison;passe_simple
38290;cm2;conjugaison;passe_simple
38291;cm2;conjugaison;passe_simple
38292;cm2;conjugaison;passe_simple
38293;cm2;conjugaison;passe_simple
38294;cm2;conjugaison;passe_simple
38295;cm2;conjugaison;passe_simple
38296;cm2;conjugaison;passe_simple
38297;cm2;conjugaison;passe_simple
38298;cm2;conjugaison;passe_simple
38299;cm2;conjugaison;passe_simple
38300;cm2;conjugaison;passe_simple
38301;cm2;conjugaison;passe_simple
38302;cm2;conjugaison;passe_simple
38303;cm2;conjugaison;passe_simple
38304;cm2;conjugaison;passe_simple
38305;cm2;conjugaison;passe_simple
38306;cm2;conjugaison;passe_simple
38307;cm2;conjugaison;passe_simple
38308;cm2;conjugaison;passe_simple
38309;cm2;conjugaison;passe_simple
38310;cm2;conjugaison;passe_simple
38311;cm2;conjugaison;passe_simple
38312;cm2;conjugaison;passe_simple
38313;cm2;conjugaison;passe_simple
38314;cm2;conjugaison;passe_simple
38315;cm2;conjugaison;passe_simple
38316;cm2;conjugaison;passe_simple
38317;cm2;conjugaison;passe_simple
38318;cm2;conjugaison;passe_simple
38319;cm2;conjugaison;passe_simple
38320;cm2;conjugaison;passe_simple
38321;cm2;conjugaison;passe_simple
38322;cm2;conjugaison;passe_simple
38323;cm2;conjugaison;conditionnel
38324;cm2;conjugaison;conditionnel
38325;cm2;conjugaison;conditionnel
38326;cm2;conjugaison;conditionnel
38327;cm2;conjugaison;conditionnel
38328;cm2;conjugaison;conditionnel
38329;cm2;conjugaison;conditionnel
38330;cm2;conjugaison;conditionnel
38331;cm2;conjugaison;conditionnel
38332;cm2;conjugaison;conditionnel
38333;cm2;conjugaison;conditionnel
38334;cm2;conjugaison;conditionnel
38335;cm2;conjugaison;conditionnel
38336;cm2;conjugaison;conditionnel
38337;cm2;conjugaison;conditionnel
38338;cm2;conjugaison;conditionnel
38339;cm2;conjugaison;conditionnel
38340;cm2;conjugaison;conditionnel
38341;cm2;conjugaison;conditionnel
38342;cm2;conjugaison;conditionnel
38343;cm2;conjugaison;conditionnel
38344;cm2;conjugaison;conditionnel
38345;cm2;conjugaison;conditionnel
38346;cm2;conjugaison;conditionnel
38347;cm2;conjugaison;conditionnel
38348;cm2;conjugaison;conditionnel
38349;cm2;conjugaison;conditionnel
38350;cm2;conjugaison;conditionnel
38351;cm2;conjugaison;conditionnel
38352;cm2;conjugaison;conditionnel
38353;cm2;conjugaison;conditionnel
38354;cm2;conjugaison;conditionnel
38355;cm2;conjugaison;conditionnel
38356;cm2;conjugaison;conditionnel
38357;cm2;conjugaison;conditionnel
38358;cm2;conjugaison;conditionnel
38359;cm2;conjugaison;conditionnel
38360;cm2;conjugaison;conditionnel
38361;cm2;conjugaison;conditionnel
38362;cm2;conjugaison;conditionnel
38363;cm2;conjugaison;conditionnel
38364;cm2;conjugaison;conditionnel
38365;cm2;conjugaison;conditionnel
38366;cm2;conjugaison;conditionnel
38367;cm2;conjugaison;conditionnel
38368;cm2;conjugaison;conditionnel
38369;cm2;conjugaison;conditionnel
38370;cm2;conjugaison;conditionnel
38371;cm2;conjugaison;conditionnel
38372;cm2;conjugaison;conditionnel
38373;cm2;conjugaison;conditionnel
38374;cm2;conjugaison;conditionnel
38375;cm2;conjugaison;conditionnel
38376;cm2;conjugaison;conditionnel
38377;cm2;conjugaison;conditionnel
38378;cm2;conjugaison;conditionnel
38379;cm2;conjugaison;conditionnel
38380;cm2;conjugaison;conditionnel
38381;cm2;conjugaison;conditionnel
38382;cm2;conjugaison;conditionnel
38383;cm2;conjugaison;conditionnel
38384;cm2;conjugaison;conditionnel
38385;cm2;conjugaison;conditionnel
38386;cm2;conjugaison;conditionnel
38387;cm2;conjugaison;conditionnel
38388;cm2;conjugaison;conditionnel
38389;cm2;conjugaison;conditionnel
38390;cm2;conjugaison;conditionnel
38391;cm2;conjugaison;conditionnel
38392;cm2;conjugaison;conditionnel
38393;cm2;conjugaison;conditionnel
38394;cm2;conjugaison;conditionnel
38395;cm2;conjugaison;conditionnel
38396;cm2;conjugaison;conditionnel
38397;cm2;conjugaison;conditionnel
38398;cm2;conjugaison;conditionnel
38399;cm2;conjugaison;conditionnel
38400;cm2;conjugaison;conditionnel
38401;cm2;conjugaison;conditionnel
38402;cm2;conjugaison;conditionnel
38403;cm2;conjugaison;conditionnel
38404;cm2;conjugaison;conditionnel
38405;cm2;conjugaison;conditionnel
38406;cm2;conjugaison;conditionnel
38407;cm2;conjugaison;conditionnel
38408;cm2;conjugaison;conditionnel
38409;cm2;conjugaison;conditionnel
38410;cm2;conjugaison;conditionnel
38411;cm2;conjugaison;conditionnel
38412;cm2;conjugaison;conditionnel
38413;cm2;conjugaison;conditionnel
38414;cm2;conjugaison;conditionnel
38415;cm2;conjugaison;conditionnel
38416;cm2;conjugaison;conditionnel
38417;cm2;conjugaison;conditionnel
38418;cm2;conjugaison;conditionnel
38419;cm2;conjugaison;conditionnel
38420;cm2;conjugaison;conditionnel
38421;cm2;conjugaison;conditionnel
38422;cm2;conjugaison;conditionnel
38423;cm2;conjugaison;conditionnel
38424;cm2;conjugaison;conditionnel
38425;cm2;conjugaison;conditionnel
38426;cm2;conjugaison;conditionnel
38427;cm2;conjugaison;conditionnel
38428;cm2;conjugaison;conditionnel
38429;cm2;conjugaison;conditionnel
38430;cm2;conjugaison;conditionnel
38431;cm2;conjugaison;conditionnel
38432;cm2;conjugaison;conditionnel
38433;cm2;conjugaison;conditionnel
38434;cm2;conjugaison;conditionnel
38435;cm2;conjugaison;conditionnel
38436;cm2;conjugaison;conditionnel
38437;cm2;conjugaison;conditionnel
38438;cm2;conjugaison;conditionnel
38439;cm2;conjugaison;conditionnel
38440;cm2;conjugaison;conditionnel
38441;cm2;conjugaison;conditionnel
38442;cm2;conjugaison;conditionnel
38443;cm2;conjugaison;conditionnel
38444;cm2;conjugaison;conditionnel
38445;cm2;conjugaison;conditionnel
38446;cm2;conjugaison;conditionnel
38447;cm2;conjugaison;conditionnel
38448;cm2;conjugaison;conditionnel
38449;cm2;conjugaison;conditionnel
38450;cm2;conjugaison;conditionnel
38451;cm2;conjugaison;conditionnel
38452;cm2;conjugaison;conditionnel
38453;cm2;conjugaison;conditionnel
38454;cm2;conjugaison;conditionnel
38455;cm2;conjugaison;conditionnel
38456;cm2;conjugaison;conditionnel
38457;cm2;conjugaison;conditionnel
38458;cm2;conjugaison;conditionnel
38459;cm2;conjugaison;conditionnel
38460;cm2;conjugaison;plus_que_parfait
38461;cm2;conjugaison;plus_que_parfait
38462;cm2;conjugaison;plus_que_parfait
38463;cm2;conjugaison;plus_que_parfait
38464;cm2;conjugaison;plus_que_parfait
38465;cm2;conjugaison;plus_que_parfait
38466;cm2;conjugaison;plus_que_parfait
38467;cm2;conjugaison;plus_que_parfait
38468;cm2;conjugaison;plus_que_parfait
38469;cm2;conjugaison;plus_que_parfait
38470;cm2;conjugaison;plus_que_parfait
38471;cm2;conjugaison;plus_que_parfait
38472;cm2;conjugaison;plus_que_parfait
38473;cm2;conjugaison;plus_que_parfait
38474;cm2;conjugaison;plus_que_parfait
38475;cm2;conjugaison;plus_que_parfait
38476;cm2;conjugaison;plus_que_parfait
38477;cm2;conjugaison;plus_que_parfait
38478;cm2;conjugaison;plus_que_parfait
38479;cm2;conjugaison;plus_que_parfait
38480;cm2;conjugaison;plus_que_parfait
38481;cm2;conjugaison;plus_que_parfait
38482;cm2;conjugaison;plus_que_parfait
38483;cm2;conjugaison;plus_que_parfait
38484;cm2;conjugaison;plus_que_parfait
38485;cm2;conjugaison;plus_que_parfait
38486;cm2;conjugaison;plus_que_parfait
38487;cm2;conjugaison;plus_que_parfait
38488;cm2;conjugaison;plus_que_parfait
38489;cm2;conjugaison;plus_que_parfait
38490;cm2;conjugaison;plus_que_parfait
38491;cm2;conjugaison;plus_que_parfait
38492;cm2;conjugaison;plus_que_parfait
38493;cm2;conjugaison;plus_que_parfait
38494;cm2;conjugaison;plus_que_parfait
38495;cm2;conjugaison;plus_que_parfait
38496;cm2;conjugaison;plus_que_parfait
38497;cm2;conjugaison;plus_que_parfait
38498;cm2;conjugaison;plus_que_parfait
38499;cm2;conjugaison;plus_que_parfait
38500;cm2;conjugaison;plus_que_parfait
38501;cm2;conjugaison;plus_que_parfait
38502;cm2;conjugaison;plus_que_parfait
38503;cm2;conjugaison;plus_que_parfait
38504;cm2;conjugaison;plus_que_parfait
38505;cm2;conjugaison;plus_que_parfait
38506;cm2;conjugaison;plus_que_parfait
38507;cm2;conjugaison;plus_que_parfait
38508;cm2;conjugaison;plus_que_parfait
38509;cm2;conjugaison;plus_que_parfait
38510;cm2;conjugaison;plus_que_parfait
38511;cm2;conjugaison;plus_que_parfait
38512;cm2;conjugaison;plus_que_parfait
38513;cm2;conjugaison;plus_que_parfait
38514;cm2;conjugaison;plus_que_parfait
38515;cm2;conjugaison;plus_que_parfait
38516;cm2;conjugaison;plus_que_parfait
38517;cm2;conjugaison;plus_que_parfait
38518;cm2;conjugaison;plus_que_parfait
38519;cm2;conjugaison;plus_que_parfait
38520;cm2;conjugaison;plus_que_parfait
38521;cm2;conjugaison;plus_que_parfait
38522;cm2;conjugaison;plus_que_parfait
38523;cm2;conjugaison;plus_que_parfait
38524;cm2;conjugaison;plus_que_parfait
38525;cm2;conjugaison;plus_que_parfait
38526;cm2;conjugaison;plus_que_parfait
38527;cm2;conjugaison;plus_que_parfait
38528;cm2;conjugaison;plus_que_parfait
38529;cm2;conjugaison;plus_que_parfait
38530;cm2;conjugaison;plus_que_parfait
38531;cm2;conjugaison;plus_que_parfait
38532;cm2;conjugaison;plus_que_parfait
38533;cm2;conjugaison;plus_que_parfait
38534;cm2;conjugaison;plus_que_parfait
38535;cm2;conjugaison;plus_que_parfait
38536;cm2;conjugaison;plus_que_parfait
38537;cm2;conjugaison;plus_que_parfait
38538;cm2;conjugaison;plus_que_parfait
38539;cm2;conjugaison;plus_que_parfait
38540;cm2;conjugaison;plus_que_parfait
38541;cm2;conjugaison;plus_que_parfait
38542;cm2;conjugaison;plus_que_parfait
38543;cm2;conjugaison;plus_que_parfait
38544;cm2;conjugaison;plus_que_parfait
38545;cm2;conjugaison;plus_que_parfait
38546;cm2;conjugaison;plus_que_parfait
38547;cm2;conjugaison;plus_que_parfait
38548;cm2;conjugaison;plus_que_parfait
38549;cm2;conjugaison;plus_que_parfait
38550;cm2;conjugaison;plus_que_parfait
38551;cm2;conjugaison;plus_que_parfait
38552;cm2;conjugaison;plus_que_parfait
38553;cm2;conjugaison;plus_que_parfait
38554;cm2;conjugaison;plus_que_parfait
38555;cm2;conjugaison;plus_que_parfait
38556;cm2;conjugaison;plus_que_parfait
38557;cm2;conjugaison;plus_que_parfait
38558;cm2;conjugaison;plus_que_parfait
38559;cm2;conjugaison;plus_que_parfait
38560;cm2;conjugaison;plus_que_parfait
38561;cm2;conjugaison;plus_que_parfait
38562;cm2;conjugaison;plus_que_parfait
38563;cm2;conjugaison;plus_que_parfait
38564;cm2;conjugaison;plus_que_parfait
38565;cm2;conjugaison;plus_que_parfait
38566;cm2;conjugaison;plus_que_parfait
38567;cm2;conjugaison;plus_que_parfait
38568;cm2;conjugaison;plus_que_parfait
38569;cm2;conjugaison;plus_que_parfait
38570;cm2;conjugaison;plus_que_parfait
38571;cm2;conjugaison;plus_que_parfait
38572;cm2;conjugaison;plus_que_parfait
38573;cm2;conjugaison;plus_que_parfait
38574;cm2;conjugaison;plus_que_parfait
38575;cm2;conjugaison;plus_que_parfait
38576;cm2;conjugaison;plus_que_parfait
38577;cm2;conjugaison;plus_que_parfait
38578;cm2;conjugaison;passe_simple
38579;cm2;conjugaison;passe_simple
38580;cm2;conjugaison;passe_simple
38581;cm2;conjugaison;passe_simple
38582;cm2;conjugaison;passe_simple
38583;cm2;conjugaison;passe_simple
38584;cm2;conjugaison;passe_simple
38585;cm2;conjugaison;passe_simple
38586;cm2;conjugaison;passe_simple
38587;cm2;conjugaison;passe_simple
38588;cm2;conjugaison;passe_simple
38589;cm2;conjugaison;passe_simple
38590;cm2;conjugaison;passe_simple
38591;cm2;conjugaison;passe_simple
38592;cm2;conjugaison;passe_simple
38593;cm2;conjugaison;passe_simple
38594;cm2;conjugaison;passe_simple
38595;cm2;conjugaison;passe_simple
38596;cm2;conjugaison;passe_simple
38597;cm2;conjugaison;passe_simple
38598;cm2;conjugaison;passe_simple
38599;cm2;conjugaison;passe_simple
38600;cm2;conjugaison;passe_simple
38601;cm2;conjugaison;passe_simple
38602;cm2;conjugaison;passe_simple
38603;cm2;conjugaison;passe_simple
38604;cm2;conjugaison;passe_simple
38605;cm2;conjugaison;passe_simple
38606;cm2;conjugaison;passe_simple
38607;cm2;conjugaison;passe_simple
38608;cm2;conjugaison;passe_simple
38609;cm2;conjugaison;passe_simple
38610;cm2;conjugaison;passe_simple
38611;cm2;conjugaison;passe_simple
38612;cm2;conjugaison;passe_simple
38613;cm2;conjugaison;passe_simple
38614;cm2;conjugaison;passe_simple
38615;cm2;conjugaison;passe_simple
38616;cm2;conjugaison;passe_simple
38617;cm2;conjugaison;passe_simple
38618;cm2;conjugaison;passe_simple
38619;cm2;conjugaison;passe_simple
38620;cm2;conjugaison;passe_simple
38621;cm2;conjugaison;passe_simple
38622;cm2;conjugaison;passe_simple
38623;cm2;conjugaison;passe_simple
38624;cm2;conjugaison;passe_simple
38625;cm2;conjugaison;passe_simple
38626;cm2;conjugaison;passe_simple
38627;cm2;conjugaison;passe_simple
38628;cm2;conjugaison;passe_simple
38629;cm2;conjugaison;passe_simple
38630;cm2;conjugaison;passe_simple
38631;cm2;conjugaison;passe_simple
38632;cm2;conjugaison;passe_simple
38633;cm2;conjugaison;passe_simple
38634;cm2;conjugaison;passe_simple
38635;cm2;conjugaison;passe_simple
38636;cm2;conjugaison;passe_simple
38637;cm2;conjugaison;passe_simple
38638;cm2;conjugaison;passe_simple
38639;cm2;conjugaison;passe_simple
38640;cm2;conjugaison;passe_simple
38641;cm2;conjugaison;passe_simple
38642;cm2;conjugaison;passe_simple
38643;cm2;conjugaison;passe_simple
38644;cm2;conjugaison;passe_simple
38645;cm2;conjugaison;passe_simple
38646;cm2;conjugaison;passe_simple
38647;cm2;conjugaison;passe_simple
38648;cm2;conjugaison;passe_simple
38649;cm2;conjugaison;passe_simple
38650;cm2;conjugaison;passe_simple
38651;cm2;conjugaison;passe_simple
38652;cm2;conjugaison;passe_simple
38653;cm2;conjugaison;passe_simple
38654;cm2;conjugaison;passe_simple
38655;cm2;conjugaison;passe_simple
38656;cm2;conjugaison;passe_simple
38657;cm2;conjugaison;passe_simple
38658;cm2;conjugaison;passe_simple
38659;cm2;conjugaison;passe_simple
38660;cm2;conjugaison;passe_simple
38661;cm2;conjugaison;passe_simple
38662;cm2;conjugaison;passe_simple
38663;cm2;conjugaison;passe_simple
38664;cm2;conjugaison;passe_simple
38665;cm2;conjugaison;passe_simple
38666;cm2;conjugaison;passe_simple
38667;cm2;conjugaison;passe_simple
38668;cm2;conjugaison;conditionnel
38669;cm2;conjugaison;conditionnel
38670;cm2;conjugaison;conditionnel
38671;cm2;conjugaison;conditionnel
38672;cm2;conjugaison;conditionnel
38673;cm2;conjugaison;conditionnel
38674;cm2;conjugaison;conditionnel
38675;cm2;conjugaison;conditionnel
38676;cm2;conjugaison;conditionnel
38677;cm2;conjugaison;conditionnel
38678;cm2;conjugaison;conditionnel
38679;cm2;conjugaison;conditionnel
38680;cm2;conjugaison;conditionnel
38681;cm2;conjugaison;conditionnel
38682;cm2;conjugaison;conditionnel
38683;cm2;conjugaison;conditionnel
38684;cm2;conjugaison;conditionnel
38685;cm2;conjugaison;conditionnel
38686;cm2;conjugaison;conditionnel
38687;cm2;conjugaison;conditionnel
38688;cm2;conjugaison;conditionnel
38689;cm2;conjugaison;conditionnel
38690;cm2;conjugaison;conditionnel
38691;cm2;conjugaison;conditionnel
38692;cm2;conjugaison;conditionnel
38693;cm2;conjugaison;conditionnel
38694;cm2;conjugaison;conditionnel
38695;cm2;conjugaison;conditionnel
38696;cm2;conjugaison;conditionnel
38697;cm2;conjugaison;conditionnel
38698;cm2;conjugaison;conditionnel
38699;cm2;conjugaison;conditionnel
38700;cm2;conjugaison;conditionnel
38701;cm2;conjugaison;conditionnel
38702;cm2;conjugaison;conditionnel
38703;cm2;conjugaison;conditionnel
38704;cm2;conjugaison;conditionnel
38705;cm2;conjugaison;conditionnel
38706;cm2;conjugaison;conditionnel
38707;cm2;conjugaison;conditionnel
38708;cm2;conjugaison;conditionnel
38709;cm2;conjugaison;conditionnel
38710;cm2;conjugaison;conditionnel
38711;cm2;conjugaison;conditionnel
38712;cm2;conjugaison;conditionnel
38713;cm2;conjugaison;conditionnel
38714;cm2;conjugaison;conditionnel
38715;cm2;conjugaison;conditionnel
38716;cm2;conjugaison;conditionnel
38717;cm2;conjugaison;conditionnel
38718;cm2;conjugaison;conditionnel
38719;cm2;conjugaison;conditionnel
38720;cm2;conjugaison;conditionnel
38721;cm2;conjugaison;conditionnel
38722;cm2;conjugaison;conditionnel
38723;cm2;conjugaison;conditionnel
38724;cm2;conjugaison;conditionnel
38725;cm2;conjugaison;conditionnel
38726;cm2;conjugaison;conditionnel
38727;cm2;conjugaison;conditionnel
38728;cm2;conjugaison;conditionnel
38729;cm2;conjugaison;conditionnel
38730;cm2;conjugaison;conditionnel
38731;cm2;conjugaison;conditionnel
38732;cm2;conjugaison;conditionnel
38733;cm2;conjugaison;conditionnel
38734;cm2;conjugaison;conditionnel
38735;cm2;conjugaison;conditionnel
38736;cm2;conjugaison;conditionnel
38737;cm2;conjugaison;conditionnel
38738;cm2;conjugaison;conditionnel
38739;cm2;conjugaison;conditionnel
38740;cm2;conjugaison;conditionnel
38741;cm2;conjugaison;conditionnel
38742;cm2;conjugaison;conditionnel
38743;cm2;conjugaison;conditionnel
38744;cm2;conjugaison;conditionnel
38745;cm2;conjugaison;conditionnel
38746;cm2;conjugaison;conditionnel
38747;cm2;conjugaison;conditionnel
38748;cm2;conjugaison;conditionnel
38749;cm2;conjugaison;conditionnel
38750;cm2;conjugaison;conditionnel
38751;cm2;conjugaison;conditionnel
38752;cm2;conjugaison;conditionnel
38753;cm2;conjugaison;conditionnel
38754;cm2;conjugaison;conditionnel
38755;cm2;conjugaison;conditionnel
38756;cm2;conjugaison;conditionnel
38757;cm2;conjugaison;conditionnel
38758;cm2;conjugaison;conditionnel
38759;cm2;conjugaison;conditionnel
38760;cm2;conjugaison;conditionnel
38761;cm2;conjugaison;conditionnel
38762;cm2;conjugaison;conditionnel
38763;cm2;conjugaison;conditionnel
38764;cm2;conjugaison;conditionnel
38765;cm2;conjugaison;conditionnel
38766;cm2;conjugaison;conditionnel
38767;cm2;conjugaison;conditionnel
38768;cm2;conjugaison;conditionnel
38769;cm2;conjugaison;conditionnel
38770;cm2;conjugaison;conditionnel
38771;cm2;conjugaison;conditionnel
38772;cm2;conjugaison;conditionnel
38773;cm2;conjugaison;conditionnel
38774;cm2;conjugaison;conditionnel
38775;cm2;conjugaison;conditionnel
38776;cm2;conjugaison;conditionnel
38777;cm2;conjugaison;conditionnel
38778;cm2;conjugaison;conditionnel
38779;cm2;conjugaison;conditionnel
38780;cm2;conjugaison;conditionnel
38781;cm2;conjugaison;conditionnel
38782;cm2;conjugaison;conditionnel
38783;cm2;conjugaison;conditionnel
38784;cm2;conjugaison;conditionnel
38785;cm2;conjugaison;conditionnel
38786;cm2;conjugaison;conditionnel
38787;cm2;conjugaison;conditionnel
38788;cm2;conjugaison;conditionnel
38789;cm2;conjugaison;conditionnel
38790;cm2;conjugaison;conditionnel
38791;cm2;conjugaison;conditionnel
38792;cm2;conjugaison;conditionnel
38793;cm2;conjugaison;conditionnel
38794;cm2;conjugaison;conditionnel
38795;cm2;conjugaison;conditionnel
38796;cm2;conjugaison;conditionnel
38797;cm2;conjugaison;conditionnel
38798;cm2;conjugaison;conditionnel
38799;cm2;conjugaison;conditionnel
38800;cm2;conjugaison;conditionnel
38801;cm2;conjugaison;conditionnel
38802;cm2;conjugaison;conditionnel
38803;cm2;conjugaison;conditionnel
38804;cm2;conjugaison;conditionnel
38805;cm2;conjugaison;conditionnel
38806;cm2;conjugaison;conditionnel
38807;cm2;conjugaison;conditionnel
38808;cm2;conjugaison;passe_compose
38809;cm2;conjugaison;passe_compose
38810;cm2;conjugaison;passe_compose
38811;cm2;conjugaison;passe_compose
38812;cm2;conjugaison;passe_compose
38813;cm2;conjugaison;passe_compose
38814;cm2;conjugaison;passe_compose
38815;cm2;conjugaison;passe_compose
38816;cm2;conjugaison;passe_compose
38817;cm2;conjugaison;passe_compose
38818;cm2;conjugaison;passe_compose
38819;cm2;conjugaison;passe_compose
38820;cm2;conjugaison;passe_compose
38821;cm2;conjugaison;passe_compose
38822;cm2;conjugaison;passe_compose
38823;cm2;conjugaison;passe_compose
38824;cm2;conjugaison;passe_compose
38825;cm2;conjugaison;passe_compose
38826;cm2;conjugaison;passe_compose
38827;cm2;conjugaison;passe_compose
38828;cm2;conjugaison;passe_compose
38829;cm2;conjugaison;passe_compose
38830;cm2;conjugaison;passe_compose
38831;cm2;conjugaison;passe_compose
38832;cm2;conjugaison;passe_compose
38833;cm2;conjugaison;passe_compose
38834;cm2;conjugaison;passe_compose
38835;cm2;conjugaison;passe_compose
38836;cm2;conjugaison;passe_compose
38837;cm2;conjugaison;passe_compose
38838;cm2;conjugaison;passe_compose
38839;cm2;conjugaison;passe_compose
38840;cm2;conjugaison;passe_compose
38841;cm2;conjugaison;passe_compose
38842;cm2;conjugaison;passe_compose
38843;cm2;conjugaison;passe_compose
38844;cm2;conjugaison;passe_compose
38845;cm2;conjugaison;passe_compose
38846;cm2;conjugaison;passe_compose
38847;cm2;conjugaison;passe_compose
38848;cm2;conjugaison;passe_compose
38849;cm2;conjugaison;passe_compose
38850;cm2;conjugaison;passe_compose
38851;cm2;conjugaison;passe_compose
38852;cm2;conjugaison;passe_compose
38853;cm2;conjugaison;passe_compose
38854;cm2;conjugaison;passe_compose
38855;cm2;conjugaison;passe_compose
38856;cm2;conjugaison;passe_compose
38857;cm2;conjugaison;passe_compose
38858;cm2;conjugaison;passe_compose
38859;cm2;conjugaison;passe_compose
38860;cm2;conjugaison;passe_compose
38861;cm2;conjugaison;passe_compose
38862;cm2;conjugaison;passe_compose
38863;cm2;conjugaison;passe_compose
38864;cm2;conjugaison;passe_compose
38865;cm2;conjugaison;passe_compose
38866;cm2;conjugaison;passe_compose
38867;cm2;conjugaison;passe_compose
38868;cm2;conjugaison;passe_compose
38869;cm2;conjugaison;passe_compose
38870;cm2;conjugaison;passe_compose
38871;cm2;conjugaison;passe_compose
38872;cm2;conjugaison;passe_compose
38873;cm2;conjugaison;passe_compose
38874;cm2;conjugaison;passe_compose
38875;cm2;conjugaison;passe_compose
38876;cm2;conjugaison;passe_compose
38877;cm2;conjugaison;passe_compose
38878;cm2;conjugaison;passe_compose
38879;cm2;conjugaison;passe_compose
38880;cm2;conjugaison;passe_compose
38881;cm2;conjugaison;passe_compose
38882;cm2;conjugaison;passe_compose
38883;cm2;conjugaison;passe_compose
38884;cm2;conjugaison;passe_compose
38885;cm2;conjugaison;passe_compose
38886;cm2;conjugaison;passe_compose
38887;cm2;conjugaison;passe_compose
38888;cm2;conjugaison;passe_compose
38889;cm2;conjugaison;passe_compose
38890;cm2;conjugaison;passe_compose
38891;cm2;conjugaison;passe_compose
38892;cm2;conjugaison;passe_compose
38893;cm2;conjugaison;passe_compose
38894;cm2;conjugaison;passe_compose
38895;cm2;conjugaison;passe_compose
38896;cm2;conjugaison;passe_compose
38897;cm2;conjugaison;passe_compose
38898;cm2;conjugaison;passe_compose
38899;cm2;conjugaison;passe_compose
38900;cm2;conjugaison;passe_compose
38901;cm2;conjugaison;passe_compose
38902;cm2;conjugaison;passe_compose
38903;cm2;conjugaison;passe_compose
38904;cm2;conjugaison;passe_compose
38905;cm2;conjugaison;passe_compose
38906;cm2;conjugaison;passe_compose
38907;cm2;conjugaison;passe_compose
38908;cm2;conjugaison;passe_compose
38909;cm2;conjugaison;passe_compose
38910;cm2;conjugaison;passe_compose
38911;cm2;conjugaison;passe_compose
38912;cm2;conjugaison;passe_compose
38913;cm2;conjugaison;passe_compose
38914;cm2;conjugaison;passe_compose
38915;cm2;conjugaison;passe_compose
38916;cm2;conjugaison;passe_compose
38917;cm2;conjugaison;passe_compose
38918;cm2;conjugaison;passe_compose
38919;cm2;conjugaison;passe_compose
38920;cm2;conjugaison;passe_compose
38921;cm2;conjugaison;passe_compose
38922;cm2;conjugaison;passe_compose
38923;cm2;conjugaison;passe_compose
38924;cm2;conjugaison;passe_compose
38925;cm2;conjugaison;passe_compose
38926;cm2;conjugaison;passe_compose
38927;cm2;conjugaison;passe_compose
38928;cm2;conjugaison;passe_compose
38929;cm2;conjugaison;passe_compose
38930;cm2;conjugaison;passe_compose
38931;cm2;conjugaison;passe_compose
38932;cm2;conjugaison;passe_compose
38933;cm2;conjugaison;passe_compose
38934;cm2;conjugaison;passe_compose
38935;cm2;conjugaison;passe_compose
38936;cm2;conjugaison;passe_compose
38937;cm2;conjugaison;passe_compose
38938;cm2;conjugaison;passe_compose
38939;cm2;conjugaison;passe_compose
38940;cm2;conjugaison;passe_compose
38941;cm2;conjugaison;passe_compose
38942;cm2;conjugaison;passe_compose
38943;cm2;conjugaison;passe_compose
38944;cm2;conjugaison;passe_compose
38945;cm2;conjugaison;passe_compose
38946;cm2;conjugaison;passe_compose
38947;cm2;conjugaison;passe_compose
38948;cm2;conjugaison;passe_compose
38949;cm2;conjugaison;passe_compose
38950;cm2;conjugaison;passe_compose
38951;cm2;conjugaison;passe_compose
38952;cm2;conjugaison;passe_compose
38953;cm2;conjugaison;passe_compose
38954;cm2;conjugaison;passe_compose
38955;cm2;conjugaison;passe_compose
38956;cm2;conjugaison;passe_compose
38957;cm2;conjugaison;passe_compose
38958;cm2;conjugaison;passe_compose
38959;cm2;conjugaison;passe_compose
22000;cm2;english;en_passe
22001;cm2;english;en_comparer
22002;cm2;english;en_comparer
22003;cm2;english;en_passe
22004;cm2;english;en_passe
22005;cm2;english;en_passe
22006;cm2;english;en_passe
22007;cm2;english;en_passe
22008;cm2;english;en_passe
22009;cm2;english;en_ville_transports
22010;cm2;english;en_passe
22011;cm2;english;en_comparer
22012;cm2;english;en_calendrier
22013;cm2;english;en_habitudes
22014;cm2;english;en_passe
22015;cm2;english;en_comparer
22016;cm2;english;en_comparer
22017;cm2;english;en_passe
22018;cm2;english;en_passe
22019;cm2;english;en_passe
22020;cm2;english;en_passe
22021;cm2;english;en_passe
22022;cm2;english;en_passe
22023;cm2;english;en_passe
22024;cm2;english;en_habitudes
22025;cm2;english;en_calendrier
22026;cm2;english;en_passe
22027;cm2;english;en_comparer
22028;cm2;english;en_passe
22029;cm2;english;en_calendrier
22030;cm2;english;en_passe
22031;cm2;english;en_passe
22032;cm2;english;en_comparer
22033;cm2;english;en_passe
22034;cm2;english;en_passe
22035;cm2;english;en_comparer
22036;cm2;english;en_comparer
22037;cm2;english;en_passe
22038;cm2;english;en_comparer
22039;cm2;english;en_comparer
22040;cm2;english;en_comparer
22041;cm2;english;en_passe
22042;cm2;english;en_passe
22043;cm2;english;en_verbes
22044;cm2;english;en_passe
22045;cm2;english;en_passe
22046;cm2;english;en_passe
22047;cm2;english;en_calendrier
22048;cm2;english;en_verbes
22049;cm2;english;en_passe
22050;cm2;english;en_comparer
22051;cm2;english;en_passe
22052;cm2;english;en_habitudes
22053;cm2;english;en_comparer
22054;cm2;english;en_comparer
22055;cm2;english;en_passe
22056;cm2;english;en_passe
22057;cm2;english;en_passe
22058;cm2;english;en_passe
22059;cm2;english;en_passe
22060;cm2;english;en_passe
22061;cm2;english;en_passe
22062;cm2;english;en_passe
22063;cm2;english;en_passe
22064;cm2;english;en_comparer
22065;cm2;english;en_passe
22066;cm2;english;en_comparer
22067;cm2;english;en_passe
22068;cm2;english;en_comparer
22069;cm2;english;en_habitudes
22070;cm2;english;en_comparer
22071;cm2;english;en_habitudes
22072;cm2;english;en_passe
22073;cm2;english;en_verbes
22074;cm2;english;en_comparer
22075;cm2;english;en_calendrier
22076;cm2;english;en_calendrier
22077;cm2;english;en_passe
22078;cm2;english;en_comparer
22079;cm2;english;en_verbes
22080;cm2;english;en_comparer
22081;cm2;english;en_comparer
22082;cm2;english;en_habitudes
22083;cm2;english;en_comparer
22084;cm2;english;en_comparer
22087;cm2;english;en_passe
22088;cm2;english;en_passe
22089;cm2;english;en_passe
22090;cm2;english;en_passe
22091;cm2;english;en_passe
22092;cm2;english;en_passe
22093;cm2;english;en_passe
22094;cm2;english;en_comparer
22095;cm2;english;en_comparer
22096;cm2;english;en_passe
22097;cm2;english;en_passe
22098;cm2;english;en_comparer
22099;cm2;english;en_comparer
22100;cm2;english;en_passe
22101;cm2;english;en_passe
22102;cm2;english;en_passe
22103;cm2;english;en_passe
22104;cm2;english;en_passe
22105;cm2;english;en_comparer
22106;cm2;english;en_comparer
22107;cm2;english;en_passe
22108;cm2;english;en_passe
22109;cm2;english;en_comparer
22110;cm2;english;en_passe
22111;cm2;english;en_comparer
22112;cm2;english;en_habitudes
22113;cm2;english;en_habitudes
22114;cm2;english;en_comparer
22115;cm2;english;en_comparer
22116;cm2;english;en_passe
22117;cm2;english;en_comparer
22118;cm2;english;en_passe
22119;cm2;english;en_passe
22120;cm2;english;en_passe
22121;cm2;english;en_passe
22122;cm2;english;en_passe
22123;cm2;english;en_passe
22124;cm2;english;en_passe
22125;cm2;english;en_passe
22126;cm2;english;en_comparer
22127;cm2;english;en_passe
22128;cm2;english;en_comparer
22129;cm2;english;en_passe
22130;cm2;english;en_passe
22131;cm2;english;en_passe
22132;cm2;english;en_comparer
22133;cm2;english;en_comparer
22134;cm2;english;en_passe
22135;cm2;english;en_habitudes
22136;cm2;english;en_passe
22137;cm2;english;en_passe
22138;cm2;english;en_passe
22139;cm2;english;en_passe
22140;cm2;english;en_comparer
22141;cm2;english;en_comparer
22142;cm2;english;en_comparer
22143;cm2;english;en_passe
22144;cm2;english;en_passe
22145;cm2;english;en_comparer
22146;cm2;english;en_comparer
22147;cm2;english;en_passe
22148;cm2;english;en_passe
22149;cm2;english;en_comparer
22150;cm2;english;en_comparer
22151;cm2;english;en_passe
22152;cm2;english;en_passe
22153;cm2;english;en_comparer
22154;cm2;english;en_passe
22155;cm2;english;en_passe
22156;cm2;english;en_habitudes
22157;cm2;english;en_comparer
22158;cm2;english;en_passe
22159;cm2;english;en_passe
22160;cm2;english;en_passe
22161;cm2;english;en_passe
22162;cm2;english;en_animaux
22163;cm2;english;en_passe
22164;cm2;english;en_comparer
22165;cm2;english;en_passe
22166;cm2;english;en_passe
22167;cm2;english;en_passe
22168;cm2;english;en_passe
22169;cm2;english;en_passe
22170;cm2;english;en_habitudes
22171;cm2;english;en_comparer
22172;cm2;english;en_comparer
22173;cm2;english;en_passe
22174;cm2;english;en_passe
22175;cm2;english;en_passe
22176;cm2;english;en_passe
22177;cm2;english;en_passe
22178;cm2;english;en_comparer
22179;cm2;english;en_habitudes
22180;cm2;english;en_comparer
22181;cm2;english;en_passe
22182;cm2;english;en_comparer
22183;cm2;english;en_comparer
22184;cm2;english;en_passe
22185;cm2;english;en_habitudes
22186;cm2;english;en_passe
22187;cm2;english;en_passe
22188;cm2;english;en_passe
22189;cm2;english;en_comparer
22190;cm2;english;en_passe
22191;cm2;english;en_passe
22192;cm2;english;en_passe
22193;cm2;english;en_comparer
22194;cm2;english;en_comparer
22195;cm2;english;en_comparer
22196;cm2;english;en_habitudes
22197;cm2;english;en_passe
22198;cm2;english;en_passe
22199;cm2;english;en_comparer
22200;cm2;english;en_passe
22201;cm2;english;en_comparer
22202;cm2;english;en_passe
22203;cm2;english;en_habitudes
22204;cm2;english;en_passe
22205;cm2;english;en_passe
22206;cm2;english;en_comparer
22207;cm2;english;en_passe
22208;cm2;english;en_habitudes
22209;cm2;english;en_passe
22210;cm2;english;en_habitudes
22211;cm2;english;en_comparer
22212;cm2;english;en_passe
22213;cm2;english;en_passe
22214;cm2;english;en_passe
22215;cm2;english;en_passe
22216;cm2;english;en_passe
22217;cm2;english;en_comparer
22218;cm2;english;en_passe
22219;cm2;english;en_comparer
22220;cm2;english;en_passe
22221;cm2;english;en_passe
22222;cm2;english;en_passe
22223;cm2;english;en_passe
22224;cm2;english;en_passe
22225;cm2;english;en_comparer
22226;cm2;english;en_passe
22227;cm2;english;en_passe
22228;cm2;english;en_comparer
22229;cm2;english;en_passe
22230;cm2;english;en_habitudes
22231;cm2;english;en_passe
22232;cm2;english;en_comparer
22233;cm2;english;en_comparer
22234;cm2;english;en_passe
22235;cm2;english;en_passe
22236;cm2;english;en_passe
22237;cm2;english;en_passe
22238;cm2;english;en_passe
22239;cm2;english;en_passe
22240;cm2;english;en_comparer
22241;cm2;english;en_habitudes
22242;cm2;english;en_passe
22243;cm2;english;en_comparer
22244;cm2;english;en_comparer
22245;cm2;english;en_comparer
22246;cm2;english;en_meteo_nature
22247;cm2;english;en_passe
22248;cm2;english;en_meteo_nature
22249;cm2;english;en_comparer
22250;cm2;english;en_passe
22251;cm2;english;en_passe
22252;cm2;english;en_habitudes
22253;cm2;english;en_comparer
22254;cm2;english;en_passe
22255;cm2;english;en_comparer
22256;cm2;english;en_comparer
22257;cm2;english;en_passe
22258;cm2;english;en_comparer
22259;cm2;english;en_comparer
22260;cm2;english;en_passe
22261;cm2;english;en_comparer
22262;cm2;english;en_comparer
22263;cm2;english;en_comparer
22264;cm2;english;en_passe
22265;cm2;english;en_passe
22266;cm2;english;en_comparer
22267;cm2;english;en_ville_transports
22268;cm2;english;en_ville_transports
22269;cm2;english;en_ville_transports
22270;cm2;english;en_ville_transports
22271;cm2;english;en_passe
22272;cm2;english;en_comparer
22273;cm2;english;en_habitudes
22274;cm2;english;en_habitudes
22275;cm2;english;en_passe
22276;cm2;english;en_comparer
22277;cm2;english;en_passe
22278;cm2;english;en_passe
22279;cm2;english;en_passe
22280;cm2;english;en_passe
22281;cm2;english;en_passe
22282;cm2;english;en_comparer
22283;cm2;english;en_loisirs_metiers
22284;cm2;english;en_loisirs_metiers
22285;cm2;english;en_loisirs_metiers
22286;cm2;english;en_loisirs_metiers
22287;cm2;english;en_passe
22288;cm2;english;en_passe
22289;cm2;english;en_comparer
22290;cm2;english;en_comparer
22291;cm2;english;en_habitudes
22292;cm2;english;en_comparer
22293;cm2;english;en_passe
22294;cm2;english;en_passe
22295;cm2;english;en_comparer
22296;cm2;english;en_passe
22297;cm2;english;en_habitudes
22298;cm2;english;en_passe
22299;cm2;english;en_passe
22300;cm2;english;en_passe
22301;cm2;english;en_passe
22302;cm2;english;en_passe
22303;cm2;english;en_ville_transports
22304;cm2;english;en_ville_transports
22305;cm2;english;en_ville_transports
22306;cm2;english;en_ville_transports
22307;cm2;english;en_ville_transports
22308;cm2;english;en_ville_transports
22309;cm2;english;en_ville_transports
22310;cm2;english;en_ville_transports
22311;cm2;english;en_ecole
22312;cm2;english;en_ecole
22313;cm2;english;en_ville_transports
22314;cm2;english;en_ville_transports
22315;cm2;english;en_ville_transports
22316;cm2;english;en_ville_transports
22317;cm2;english;en_ville_transports
22318;cm2;english;en_ville_transports
22319;cm2;english;en_ville_transports
22320;cm2;english;en_ville_transports
22321;cm2;english;en_ville_transports
22322;cm2;english;en_ville_transports
22323;cm2;english;en_meteo_nature
22324;cm2;english;en_meteo_nature
22325;cm2;english;en_meteo_nature
22326;cm2;english;en_meteo_nature
22327;cm2;english;en_comparer
22328;cm2;english;en_comparer
22329;cm2;english;en_meteo_nature
22330;cm2;english;en_meteo_nature
22331;cm2;english;en_passe
22332;cm2;english;en_passe
22333;cm2;english;en_passe
22334;cm2;english;en_passe
22335;cm2;english;en_passe
22336;cm2;english;en_passe
22337;cm2;english;en_passe
22338;cm2;english;en_passe
22339;cm2;english;en_passe
22340;cm2;english;en_passe
22341;cm2;english;en_passe
22342;cm2;english;en_passe
22343;cm2;english;en_passe
22344;cm2;english;en_passe
22345;cm2;english;en_passe
22346;cm2;english;en_passe
22347;cm2;english;en_passe
22348;cm2;english;en_passe
22349;cm2;english;en_passe
22350;cm2;english;en_passe
22351;cm2;english;en_passe
22352;cm2;english;en_passe
22353;cm2;english;en_passe
22354;cm2;english;en_passe
22355;cm2;english;en_passe
22356;cm2;english;en_passe
22357;cm2;english;en_passe
22358;cm2;english;en_passe
22359;cm2;english;en_passe
22360;cm2;english;en_passe
22361;cm2;english;en_passe
22362;cm2;english;en_passe
22363;cm2;english;en_passe
22364;cm2;english;en_passe
22365;cm2;english;en_passe
22366;cm2;english;en_passe
22367;cm2;english;en_passe
22368;cm2;english;en_passe
22369;cm2;english;en_passe
22370;cm2;english;en_passe
22371;cm2;english;en_passe
22372;cm2;english;en_passe
22373;cm2;english;en_passe
22374;cm2;english;en_passe
22375;cm2;english;en_passe
22376;cm2;english;en_passe
22377;cm2;english;en_passe
22378;cm2;english;en_passe
22379;cm2;english;en_passe
22380;cm2;english;en_passe
22381;cm2;english;en_passe
22382;cm2;english;en_passe
22383;cm2;english;en_passe
22384;cm2;english;en_passe
22385;cm2;english;en_passe
22386;cm2;english;en_passe
22387;cm2;english;en_passe
22388;cm2;english;en_passe
22389;cm2;english;en_passe
22390;cm2;english;en_passe
22391;cm2;english;en_passe
22392;cm2;english;en_passe
22393;cm2;english;en_passe
22394;cm2;english;en_passe
22395;cm2;english;en_passe
22396;cm2;english;en_passe
22397;cm2;english;en_passe
22398;cm2;english;en_passe
22399;cm2;english;en_passe
22400;cm2;english;en_passe
22401;cm2;english;en_passe
22402;cm2;english;en_passe
22403;cm2;english;en_futur
22404;cm2;english;en_futur
22405;cm2;english;en_futur
22406;cm2;english;en_futur
22407;cm2;english;en_futur
22408;cm2;english;en_futur
22409;cm2;english;en_futur
22410;cm2;english;en_futur
22411;cm2;english;en_futur
22412;cm2;english;en_futur
22413;cm2;english;en_futur
22414;cm2;english;en_futur
22415;cm2;english;en_futur
22416;cm2;english;en_futur
22417;cm2;english;en_futur
22418;cm2;english;en_futur
22419;cm2;english;en_futur
22420;cm2;english;en_futur
22421;cm2;english;en_futur
22422;cm2;english;en_futur
22423;cm2;english;en_comparer
22424;cm2;english;en_comparer
22425;cm2;english;en_comparer
22426;cm2;english;en_comparer
22427;cm2;english;en_comparer
22428;cm2;english;en_comparer
22429;cm2;english;en_comparer
22430;cm2;english;en_comparer
22431;cm2;english;en_comparer
22432;cm2;english;en_comparer
22433;cm2;english;en_comparer
22434;cm2;english;en_comparer
22435;cm2;english;en_comparer
22436;cm2;english;en_comparer
22437;cm2;english;en_comparer
22438;cm2;english;en_comparer
22439;cm2;english;en_comparer
22440;cm2;english;en_comparer
22441;cm2;english;en_comparer
22442;cm2;english;en_comparer
22443;cm2;english;en_comparer
22444;cm2;english;en_comparer
22445;cm2;english;en_comparer
22446;cm2;english;en_comparer
22447;cm2;english;en_comparer
22448;cm2;english;en_comparer
22449;cm2;english;en_comparer
22450;cm2;english;en_comparer
22451;cm2;english;en_comparer
22452;cm2;english;en_comparer
22453;cm2;english;en_comparer
22454;cm2;english;en_comparer
22455;cm2;english;en_comparer
22456;cm2;english;en_comparer
22457;cm2;english;en_comparer
22458;cm2;english;en_comparer
22459;cm2;english;en_comparer
22460;cm2;english;en_comparer
22461;cm2;english;en_comparer
22462;cm2;english;en_comparer
22463;cm2;english;en_habitudes
22464;cm2;english;en_habitudes
22465;cm2;english;en_habitudes
22466;cm2;english;en_habitudes
22467;cm2;english;en_habitudes
22468;cm2;english;en_habitudes
22469;cm2;english;en_habitudes
22470;cm2;english;en_habitudes
22471;cm2;english;en_habitudes
22472;cm2;english;en_habitudes
22473;cm2;english;en_habitudes
22474;cm2;english;en_habitudes
22475;cm2;english;en_habitudes
22476;cm2;english;en_habitudes
22477;cm2;english;en_habitudes
22478;cm2;english;en_habitudes
22479;cm2;english;en_habitudes
22480;cm2;english;en_habitudes
22481;cm2;english;en_habitudes
22482;cm2;english;en_habitudes
22483;cm2;english;en_habitudes
22484;cm2;english;en_habitudes
22485;cm2;english;en_habitudes
22486;cm2;english;en_habitudes
22487;cm2;english;en_habitudes
22488;cm2;english;en_present_continu
22489;cm2;english;en_present_continu
22490;cm2;english;en_present_continu
22491;cm2;english;en_present_continu
22492;cm2;english;en_present_continu
22493;cm2;english;en_present_continu
22494;cm2;english;en_present_continu
22495;cm2;english;en_present_continu
22496;cm2;english;en_present_continu
22497;cm2;english;en_present_continu
22498;cm2;english;en_present_continu
22499;cm2;english;en_present_continu
22500;cm2;english;en_present_continu
22501;cm2;english;en_present_continu
22502;cm2;english;en_present_continu
22503;cm2;english;en_present_continu
22504;cm2;english;en_present_continu
22505;cm2;english;en_present_continu
22506;cm2;english;en_present_continu
22507;cm2;english;en_present_continu
22508;cm2;english;en_contraires_synonymes
22509;cm2;english;en_contraires_synonymes
22510;cm2;english;en_contraires_synonymes
22511;cm2;english;en_contraires_synonymes
22512;cm2;english;en_contraires_synonymes
22513;cm2;english;en_contraires_synonymes
22514;cm2;english;en_contraires_synonymes
22515;cm2;english;en_contraires_synonymes
22516;cm2;english;en_contraires_synonymes
22517;cm2;english;en_contraires_synonymes
22518;cm2;english;en_consignes_obligation
22519;cm2;english;en_consignes_obligation
22520;cm2;english;en_consignes_obligation
22521;cm2;english;en_consignes_obligation
22522;cm2;english;en_consignes_obligation
22523;cm2;english;en_consignes_obligation
22524;cm2;english;en_consignes_obligation
22525;cm2;english;en_consignes_obligation
22526;cm2;english;en_consignes_obligation
22527;cm2;english;en_consignes_obligation
22528;cm2;english;en_consignes_obligation
22529;cm2;english;en_consignes_obligation
12000;cm2;grammaire;complements_circonstanciels
12001;cm2;grammaire;complements_circonstanciels
12002;cm2;grammaire;complements_circonstanciels
12003;cm2;grammaire;complements_circonstanciels
12004;cm2;grammaire;complements_circonstanciels
12005;cm2;grammaire;complements_circonstanciels
12006;cm2;grammaire;complements_circonstanciels
12007;cm2;grammaire;complements_circonstanciels
12008;cm2;grammaire;complements_circonstanciels
12009;cm2;grammaire;complements_circonstanciels
12010;cm2;grammaire;complements_circonstanciels
12011;cm2;grammaire;complements_circonstanciels
12012;cm2;grammaire;complements_circonstanciels
12013;cm2;grammaire;complements_circonstanciels
12014;cm2;grammaire;complements_circonstanciels
12015;cm2;grammaire;pronoms_relatifs
12016;cm2;grammaire;pronoms_relatifs
12017;cm2;grammaire;pronoms_relatifs
12018;cm2;grammaire;pronoms_relatifs
12019;cm2;grammaire;pronoms_relatifs
12020;cm2;grammaire;pronoms_relatifs
12021;cm2;grammaire;pronoms_relatifs
12022;cm2;grammaire;pronoms_relatifs
12023;cm2;grammaire;pronoms_relatifs
12024;cm2;grammaire;pronoms_relatifs
12025;cm2;grammaire;pronoms_relatifs
12026;cm2;grammaire;pronoms_relatifs
12027;cm2;grammaire;pronoms_relatifs
12028;cm2;grammaire;pronoms_relatifs
12029;cm2;grammaire;pronoms_relatifs
12030;cm2;grammaire;participe_passe
12031;cm2;grammaire;participe_passe
12032;cm2;grammaire;participe_passe
12033;cm2;grammaire;participe_passe
12034;cm2;grammaire;participe_passe
12035;cm2;grammaire;participe_passe
12036;cm2;grammaire;participe_passe
12037;cm2;grammaire;participe_passe
12038;cm2;grammaire;participe_passe
12039;cm2;grammaire;participe_passe
37000;cm2;grammaire;complements_circonstanciels
37001;cm2;grammaire;complements_circonstanciels
37002;cm2;grammaire;complements_circonstanciels
37003;cm2;grammaire;complements_circonstanciels
37004;cm2;grammaire;complements_circonstanciels
37005;cm2;grammaire;complements_circonstanciels
37006;cm2;grammaire;complements_circonstanciels
37007;cm2;grammaire;complements_circonstanciels
37008;cm2;grammaire;complements_circonstanciels
37009;cm2;grammaire;complements_circonstanciels
37010;cm2;grammaire;complements_circonstanciels
37011;cm2;grammaire;complements_circonstanciels
37012;cm2;grammaire;complements_circonstanciels
37013;cm2;grammaire;complements_circonstanciels
37014;cm2;grammaire;complements_circonstanciels
37015;cm2;grammaire;complements_circonstanciels
37016;cm2;grammaire;complements_circonstanciels
37017;cm2;grammaire;pronoms_relatifs
37018;cm2;grammaire;pronoms_relatifs
37019;cm2;grammaire;pronoms_relatifs
37020;cm2;grammaire;pronoms_relatifs
37021;cm2;grammaire;pronoms_relatifs
37022;cm2;grammaire;pronoms_relatifs
37023;cm2;grammaire;pronoms_relatifs
37024;cm2;grammaire;pronoms_relatifs
37025;cm2;grammaire;pronoms_relatifs
37026;cm2;grammaire;pronoms_relatifs
37027;cm2;grammaire;pronoms_relatifs
37028;cm2;grammaire;pronoms_relatifs
37029;cm2;grammaire;pronoms_relatifs
37030;cm2;grammaire;pronoms_relatifs
37031;cm2;grammaire;pronoms_relatifs
37032;cm2;grammaire;pronoms_relatifs
37033;cm2;grammaire;pronoms_relatifs
37034;cm2;grammaire;pronoms_relatifs
37035;cm2;grammaire;pronoms_relatifs
37036;cm2;grammaire;pronoms_relatifs
37037;cm2;grammaire;pronoms_relatifs
37038;cm2;grammaire;pronoms_relatifs
37039;cm2;grammaire;pronoms_relatifs
37040;cm2;grammaire;pronoms_relatifs
37041;cm2;grammaire;pronoms_relatifs
37042;cm2;grammaire;pronoms_relatifs
37043;cm2;grammaire;participe_passe
37044;cm2;grammaire;participe_passe
37045;cm2;grammaire;participe_passe
37046;cm2;grammaire;participe_passe
37047;cm2;grammaire;participe_passe
37048;cm2;grammaire;participe_passe
37049;cm2;grammaire;participe_passe
37050;cm2;grammaire;participe_passe
37051;cm2;grammaire;participe_passe
37052;cm2;grammaire;participe_passe
37053;cm2;grammaire;participe_passe
37054;cm2;grammaire;participe_passe
37055;cm2;grammaire;participe_passe
37056;cm2;grammaire;participe_passe
37057;cm2;grammaire;participe_passe
37058;cm2;grammaire;participe_passe
37059;cm2;grammaire;participe_passe
37060;cm2;grammaire;participe_passe
37061;cm2;grammaire;participe_passe
37062;cm2;grammaire;participe_passe
37063;cm2;grammaire;participe_passe
37064;cm2;grammaire;participe_passe
37065;cm2;grammaire;participe_passe
37066;cm2;grammaire;participe_passe
37067;cm2;grammaire;participe_passe
37068;cm2;grammaire;participe_passe
37069;cm2;grammaire;participe_passe
37070;cm2;grammaire;participe_passe
37071;cm2;grammaire;participe_passe
37072;cm2;grammaire;participe_passe
37073;cm2;grammaire;participe_passe
37074;cm2;grammaire;participe_passe
37075;cm2;grammaire;participe_passe
37076;cm2;grammaire;participe_passe
37077;cm2;grammaire;participe_passe
37078;cm2;grammaire;participe_passe
37079;cm2;grammaire;participe_passe
37080;cm2;grammaire;participe_passe
37081;cm2;grammaire;participe_passe
37082;cm2;grammaire;participe_passe
37083;cm2;grammaire;participe_passe
37084;cm2;grammaire;participe_passe
37085;cm2;grammaire;participe_passe
37086;cm2;grammaire;participe_passe
37087;cm2;grammaire;participe_passe
37088;cm2;grammaire;participe_passe
37089;cm2;grammaire;participe_passe
37090;cm2;grammaire;participe_passe
37091;cm2;grammaire;participe_passe
37092;cm2;grammaire;participe_passe
37093;cm2;grammaire;participe_passe
37094;cm2;grammaire;participe_passe
37095;cm2;grammaire;participe_passe
37096;cm2;grammaire;participe_passe
37097;cm2;grammaire;participe_passe
37098;cm2;grammaire;participe_passe
37099;cm2;grammaire;participe_passe
37100;cm2;grammaire;participe_passe
37101;cm2;grammaire;participe_passe
37102;cm2;grammaire;participe_passe
37103;cm2;grammaire;participe_passe
37104;cm2;grammaire;participe_passe
37105;cm2;grammaire;participe_passe
37106;cm2;grammaire;participe_passe
37107;cm2;grammaire;participe_passe
37108;cm2;grammaire;participe_passe
37109;cm2;grammaire;participe_passe
37110;cm2;grammaire;participe_passe
37111;cm2;grammaire;participe_passe
37112;cm2;grammaire;participe_passe
37113;cm2;grammaire;participe_passe
37114;cm2;grammaire;participe_passe
37115;cm2;grammaire;participe_passe
37116;cm2;grammaire;participe_passe
37117;cm2;grammaire;participe_passe
37118;cm2;grammaire;participe_passe
37119;cm2;grammaire;participe_passe
37120;cm2;grammaire;participe_passe
37121;cm2;grammaire;participe_passe
37122;cm2;grammaire;participe_passe
37123;cm2;grammaire;participe_passe
37124;cm2;grammaire;participe_passe
37125;cm2;grammaire;participe_passe
37126;cm2;grammaire;participe_passe
37127;cm2;grammaire;participe_passe
37128;cm2;grammaire;participe_passe
37129;cm2;grammaire;participe_passe
37130;cm2;grammaire;participe_passe
37131;cm2;grammaire;participe_passe
37132;cm2;grammaire;participe_passe
37133;cm2;grammaire;participe_passe
37134;cm2;grammaire;participe_passe
37135;cm2;grammaire;participe_passe
37136;cm2;grammaire;participe_passe
37137;cm2;grammaire;participe_passe
37138;cm2;grammaire;participe_passe
37139;cm2;grammaire;participe_passe
37140;cm2;grammaire;participe_passe
37141;cm2;grammaire;participe_passe
37142;cm2;grammaire;participe_passe
37143;cm2;grammaire;participe_passe
37144;cm2;grammaire;participe_passe
37145;cm2;grammaire;participe_passe
37146;cm2;grammaire;participe_passe
37147;cm2;grammaire;participe_passe
37148;cm2;grammaire;participe_passe
37149;cm2;grammaire;participe_passe
37150;cm2;grammaire;participe_passe
37151;cm2;grammaire;participe_passe
37152;cm2;grammaire;participe_passe
37153;cm2;grammaire;participe_passe
37154;cm2;grammaire;participe_passe
37155;cm2;grammaire;participe_passe
37156;cm2;grammaire;participe_passe
37157;cm2;grammaire;participe_passe
37158;cm2;grammaire;participe_passe
37159;cm2;grammaire;participe_passe
37160;cm2;grammaire;participe_passe
37161;cm2;grammaire;participe_passe
37162;cm2;grammaire;participe_passe
37163;cm2;grammaire;participe_passe
37164;cm2;grammaire;participe_passe
37165;cm2;grammaire;participe_passe
37166;cm2;grammaire;participe_passe
37167;cm2;grammaire;participe_passe
37168;cm2;grammaire;participe_passe
37169;cm2;grammaire;participe_passe
37170;cm2;grammaire;participe_passe
37171;cm2;grammaire;participe_passe
37172;cm2;grammaire;participe_passe
37173;cm2;grammaire;participe_passe
37174;cm2;grammaire;participe_passe
37175;cm2;grammaire;participe_passe
37176;cm2;grammaire;participe_passe
37177;cm2;grammaire;participe_passe
37178;cm2;grammaire;participe_passe
37179;cm2;grammaire;participe_passe
37180;cm2;grammaire;participe_passe
37181;cm2;grammaire;participe_passe
37182;cm2;grammaire;participe_passe
37183;cm2;grammaire;participe_passe
37184;cm2;grammaire;participe_passe
37185;cm2;grammaire;participe_passe
37186;cm2;grammaire;participe_passe
37187;cm2;grammaire;participe_passe
37188;cm2;grammaire;participe_passe
37189;cm2;grammaire;participe_passe
37190;cm2;grammaire;participe_passe
37191;cm2;grammaire;participe_passe
37192;cm2;grammaire;participe_passe
37193;cm2;grammaire;participe_passe
37194;cm2;grammaire;participe_passe
37195;cm2;grammaire;participe_passe
37196;cm2;grammaire;participe_passe
37197;cm2;grammaire;participe_passe
37198;cm2;grammaire;participe_passe
37199;cm2;grammaire;participe_passe
37200;cm2;grammaire;participe_passe
37201;cm2;grammaire;participe_passe
37202;cm2;grammaire;participe_passe
37203;cm2;grammaire;participe_passe
37204;cm2;grammaire;participe_passe
37205;cm2;grammaire;participe_passe
37206;cm2;grammaire;participe_passe
37207;cm2;grammaire;participe_passe
37208;cm2;grammaire;participe_passe
37209;cm2;grammaire;participe_passe
37210;cm2;grammaire;participe_passe
37211;cm2;grammaire;participe_passe
37212;cm2;grammaire;participe_passe
37213;cm2;grammaire;participe_passe
37214;cm2;grammaire;participe_passe
37215;cm2;grammaire;participe_passe
37216;cm2;grammaire;participe_passe
37217;cm2;grammaire;participe_passe
37218;cm2;grammaire;participe_passe
37219;cm2;grammaire;participe_passe
37220;cm2;grammaire;participe_passe
37221;cm2;grammaire;participe_passe
37222;cm2;grammaire;participe_passe
37223;cm2;grammaire;participe_passe
37224;cm2;grammaire;participe_passe
37225;cm2;grammaire;participe_passe
37226;cm2;grammaire;participe_passe
37227;cm2;grammaire;participe_passe
37228;cm2;grammaire;participe_passe
37229;cm2;grammaire;participe_passe
37230;cm2;grammaire;participe_passe
37231;cm2;grammaire;participe_passe
37232;cm2;grammaire;participe_passe
37233;cm2;grammaire;participe_passe
37234;cm2;grammaire;participe_passe
37235;cm2;grammaire;participe_passe
37236;cm2;grammaire;participe_passe
37237;cm2;grammaire;participe_passe
37238;cm2;grammaire;participe_passe
37239;cm2;grammaire;participe_passe
37240;cm2;grammaire;participe_passe
37241;cm2;grammaire;participe_passe
37242;cm2;grammaire;participe_passe
37243;cm2;grammaire;complements_circonstanciels
37244;cm2;grammaire;complements_circonstanciels
37245;cm2;grammaire;complements_circonstanciels
37246;cm2;grammaire;complements_circonstanciels
37247;cm2;grammaire;complements_circonstanciels
37248;cm2;grammaire;complements_circonstanciels
37249;cm2;grammaire;complements_circonstanciels
37250;cm2;grammaire;complements_circonstanciels
37251;cm2;grammaire;complements_circonstanciels
37252;cm2;grammaire;complements_circonstanciels
37253;cm2;grammaire;complements_circonstanciels
37254;cm2;grammaire;complements_circonstanciels
37255;cm2;grammaire;complements_circonstanciels
37256;cm2;grammaire;complements_circonstanciels
37257;cm2;grammaire;complements_circonstanciels
37258;cm2;grammaire;complements_circonstanciels
37259;cm2;grammaire;complements_circonstanciels
37260;cm2;grammaire;complements_circonstanciels
37261;cm2;grammaire;complements_circonstanciels
37262;cm2;grammaire;complements_circonstanciels
37263;cm2;grammaire;complements_circonstanciels
37264;cm2;grammaire;complements_circonstanciels
37265;cm2;grammaire;complements_circonstanciels
37266;cm2;grammaire;complements_circonstanciels
37267;cm2;grammaire;complements_circonstanciels
37268;cm2;grammaire;complements_circonstanciels
37269;cm2;grammaire;complements_circonstanciels
37270;cm2;grammaire;complements_circonstanciels
37271;cm2;grammaire;complements_circonstanciels
37272;cm2;grammaire;complements_circonstanciels
37273;cm2;grammaire;complements_circonstanciels
37274;cm2;grammaire;complements_circonstanciels
37275;cm2;grammaire;complements_circonstanciels
37276;cm2;grammaire;complements_circonstanciels
37277;cm2;grammaire;complements_circonstanciels
37278;cm2;grammaire;complements_circonstanciels
37279;cm2;grammaire;complements_circonstanciels
37280;cm2;grammaire;complements_circonstanciels
37281;cm2;grammaire;complements_circonstanciels
37282;cm2;grammaire;complements_circonstanciels
37283;cm2;grammaire;complements_circonstanciels
37284;cm2;grammaire;complements_circonstanciels
37285;cm2;grammaire;complements_circonstanciels
37286;cm2;grammaire;complements_circonstanciels
37287;cm2;grammaire;complements_circonstanciels
37288;cm2;grammaire;pronoms_relatifs
37289;cm2;grammaire;pronoms_relatifs
37290;cm2;grammaire;pronoms_relatifs
37291;cm2;grammaire;pronoms_relatifs
37292;cm2;grammaire;pronoms_relatifs
37293;cm2;grammaire;pronoms_relatifs
37294;cm2;grammaire;pronoms_relatifs
37295;cm2;grammaire;pronoms_relatifs
37296;cm2;grammaire;pronoms_relatifs
37297;cm2;grammaire;pronoms_relatifs
37298;cm2;grammaire;pronoms_relatifs
37299;cm2;grammaire;pronoms_relatifs
37300;cm2;grammaire;pronoms_relatifs
37301;cm2;grammaire;pronoms_relatifs
37302;cm2;grammaire;pronoms_relatifs
37303;cm2;grammaire;pronoms_relatifs
37304;cm2;grammaire;pronoms_relatifs
37305;cm2;grammaire;pronoms_relatifs
37306;cm2;grammaire;pronoms_relatifs
37307;cm2;grammaire;pronoms_relatifs
37308;cm2;grammaire;pronoms_relatifs
37309;cm2;grammaire;vocabulaire_quotidien
37310;cm2;grammaire;pronoms_relatifs
37311;cm2;grammaire;pronoms_relatifs
37312;cm2;grammaire;pronoms_relatifs
37313;cm2;grammaire;pronoms_relatifs
37314;cm2;grammaire;pronoms_relatifs
37315;cm2;grammaire;pronoms_relatifs
37316;cm2;grammaire;pronoms_relatifs
37317;cm2;grammaire;pronoms_relatifs
37318;cm2;grammaire;pronoms_relatifs
37319;cm2;grammaire;pronoms_relatifs
37320;cm2;grammaire;pronoms_relatifs
37321;cm2;grammaire;pronoms_relatifs
37322;cm2;grammaire;pronoms_relatifs
37323;cm2;grammaire;pronoms_relatifs
37324;cm2;grammaire;pronoms_relatifs
37325;cm2;grammaire;pronoms_relatifs
37326;cm2;grammaire;pronoms_relatifs
37327;cm2;grammaire;pronoms_relatifs
37328;cm2;grammaire;participe_passe
37329;cm2;grammaire;participe_passe
37330;cm2;grammaire;participe_passe
37331;cm2;grammaire;participe_passe
37332;cm2;grammaire;participe_passe
37333;cm2;grammaire;participe_passe
37334;cm2;grammaire;participe_passe
37335;cm2;grammaire;participe_passe
37336;cm2;grammaire;participe_passe
37337;cm2;grammaire;participe_passe
37338;cm2;grammaire;participe_passe
37339;cm2;grammaire;participe_passe
37340;cm2;grammaire;participe_passe
37341;cm2;grammaire;participe_passe
37342;cm2;grammaire;participe_passe
37343;cm2;grammaire;participe_passe
37344;cm2;grammaire;participe_passe
37345;cm2;grammaire;participe_passe
37346;cm2;grammaire;participe_passe
37347;cm2;grammaire;participe_passe
37348;cm2;grammaire;participe_passe
37349;cm2;grammaire;participe_passe
37350;cm2;grammaire;participe_passe
37351;cm2;grammaire;participe_passe
37352;cm2;grammaire;participe_passe
37353;cm2;grammaire;participe_passe
37354;cm2;grammaire;participe_passe
37355;cm2;grammaire;participe_passe
37356;cm2;grammaire;participe_passe
37357;cm2;grammaire;participe_passe
37358;cm2;grammaire;participe_passe
37359;cm2;grammaire;participe_passe
37360;cm2;grammaire;participe_passe
37361;cm2;grammaire;participe_passe
37362;cm2;grammaire;participe_passe
37363;cm2;grammaire;participe_passe
37364;cm2;grammaire;participe_passe
37365;cm2;grammaire;participe_passe
37366;cm2;grammaire;participe_passe
37367;cm2;grammaire;participe_passe
37368;cm2;grammaire;participe_passe
37369;cm2;grammaire;participe_passe
37370;cm2;grammaire;participe_passe
37371;cm2;grammaire;participe_passe
37372;cm2;grammaire;participe_passe
37373;cm2;grammaire;participe_passe
37374;cm2;grammaire;participe_passe
37375;cm2;grammaire;participe_passe
37376;cm2;grammaire;participe_passe
37377;cm2;grammaire;participe_passe
37378;cm2;grammaire;participe_passe
37379;cm2;grammaire;participe_passe
37380;cm2;grammaire;participe_passe
37381;cm2;grammaire;participe_passe
37382;cm2;grammaire;participe_passe
37383;cm2;grammaire;participe_passe
37384;cm2;grammaire;participe_passe
37385;cm2;grammaire;participe_passe
37386;cm2;grammaire;participe_passe
37387;cm2;grammaire;participe_passe
37388;cm2;grammaire;participe_passe
37389;cm2;grammaire;participe_passe
37390;cm2;grammaire;participe_passe
37391;cm2;grammaire;participe_passe
37392;cm2;grammaire;participe_passe
37393;cm2;grammaire;participe_passe
37394;cm2;grammaire;participe_passe
37395;cm2;grammaire;participe_passe
37396;cm2;grammaire;participe_passe
37397;cm2;grammaire;participe_passe
37398;cm2;grammaire;participe_passe
37399;cm2;grammaire;participe_passe
37400;cm2;grammaire;participe_passe
37401;cm2;grammaire;participe_passe
37402;cm2;grammaire;participe_passe
37403;cm2;grammaire;participe_passe
37404;cm2;grammaire;participe_passe
37405;cm2;grammaire;participe_passe
37406;cm2;grammaire;participe_passe
37407;cm2;grammaire;participe_passe
37408;cm2;grammaire;participe_passe
37409;cm2;grammaire;participe_passe
37410;cm2;grammaire;participe_passe
37411;cm2;grammaire;participe_passe
37412;cm2;grammaire;participe_passe
37413;cm2;grammaire;participe_passe
37414;cm2;grammaire;participe_passe
37415;cm2;grammaire;participe_passe
37416;cm2;grammaire;participe_passe
37417;cm2;grammaire;participe_passe
37418;cm2;grammaire;participe_passe
37419;cm2;grammaire;participe_passe
37420;cm2;grammaire;participe_passe
37421;cm2;grammaire;participe_passe
37422;cm2;grammaire;participe_passe
37423;cm2;grammaire;participe_passe
37424;cm2;grammaire;participe_passe
37425;cm2;grammaire;participe_passe
37426;cm2;grammaire;participe_passe
37427;cm2;grammaire;participe_passe
37428;cm2;grammaire;participe_passe
37429;cm2;grammaire;participe_passe
37430;cm2;grammaire;participe_passe
37431;cm2;grammaire;participe_passe
37432;cm2;grammaire;participe_passe
37433;cm2;grammaire;participe_passe
37434;cm2;grammaire;participe_passe
37435;cm2;grammaire;participe_passe
37436;cm2;grammaire;participe_passe
37437;cm2;grammaire;participe_passe
37438;cm2;grammaire;participe_passe
37439;cm2;grammaire;participe_passe
37440;cm2;grammaire;participe_passe
37441;cm2;grammaire;participe_passe
37442;cm2;grammaire;participe_passe
37443;cm2;grammaire;participe_passe
37444;cm2;grammaire;participe_passe
37445;cm2;grammaire;participe_passe
37446;cm2;grammaire;participe_passe
37447;cm2;grammaire;participe_passe
37448;cm2;grammaire;participe_passe
37449;cm2;grammaire;participe_passe
37450;cm2;grammaire;participe_passe
37451;cm2;grammaire;participe_passe
37452;cm2;grammaire;participe_passe
37453;cm2;grammaire;participe_passe
37454;cm2;grammaire;participe_passe
37455;cm2;grammaire;participe_passe
37456;cm2;grammaire;participe_passe
37457;cm2;grammaire;participe_passe
37458;cm2;grammaire;participe_passe
37459;cm2;grammaire;participe_passe
37460;cm2;grammaire;participe_passe
37461;cm2;grammaire;participe_passe
37462;cm2;grammaire;participe_passe
37463;cm2;grammaire;participe_passe
37464;cm2;grammaire;participe_passe
37465;cm2;grammaire;participe_passe
37466;cm2;grammaire;participe_passe
37467;cm2;grammaire;participe_passe
37468;cm2;grammaire;participe_passe
37469;cm2;grammaire;participe_passe
37470;cm2;grammaire;participe_passe
37471;cm2;grammaire;participe_passe
37472;cm2;grammaire;participe_passe
37473;cm2;grammaire;participe_passe
37474;cm2;grammaire;participe_passe
37475;cm2;grammaire;participe_passe
37476;cm2;grammaire;participe_passe
37477;cm2;grammaire;participe_passe
37478;cm2;grammaire;participe_passe
37479;cm2;grammaire;participe_passe
37480;cm2;grammaire;participe_passe
37481;cm2;grammaire;participe_passe
37482;cm2;grammaire;participe_passe
37483;cm2;grammaire;participe_passe
37484;cm2;grammaire;participe_passe
37485;cm2;grammaire;participe_passe
37486;cm2;grammaire;participe_passe
37487;cm2;grammaire;participe_passe
37488;cm2;grammaire;participe_passe
37489;cm2;grammaire;participe_passe
37490;cm2;grammaire;participe_passe
37491;cm2;grammaire;participe_passe
37492;cm2;grammaire;participe_passe
37493;cm2;grammaire;participe_passe
37494;cm2;grammaire;participe_passe
37495;cm2;grammaire;participe_passe
37496;cm2;grammaire;participe_passe
37497;cm2;grammaire;participe_passe
37498;cm2;grammaire;participe_passe
37499;cm2;grammaire;participe_passe
37500;cm2;grammaire;participe_passe
37501;cm2;grammaire;participe_passe
37502;cm2;grammaire;participe_passe
37503;cm2;grammaire;participe_passe
37504;cm2;grammaire;participe_passe
37505;cm2;grammaire;participe_passe
37506;cm2;grammaire;participe_passe
37507;cm2;grammaire;participe_passe
37508;cm2;grammaire;participe_passe
37509;cm2;grammaire;participe_passe
37510;cm2;grammaire;participe_passe
37511;cm2;grammaire;participe_passe
37512;cm2;grammaire;participe_passe
37513;cm2;grammaire;participe_passe
37514;cm2;grammaire;participe_passe
37515;cm2;grammaire;participe_passe
37516;cm2;grammaire;participe_passe
37517;cm2;grammaire;participe_passe
37518;cm2;grammaire;participe_passe
37519;cm2;grammaire;participe_passe
37520;cm2;grammaire;participe_passe
37521;cm2;grammaire;participe_passe
37522;cm2;grammaire;participe_passe
37523;cm2;grammaire;participe_passe
37524;cm2;grammaire;participe_passe
37525;cm2;grammaire;participe_passe
37526;cm2;grammaire;participe_passe
37527;cm2;grammaire;participe_passe
37528;cm2;grammaire;participe_passe
37529;cm2;grammaire;participe_passe
37530;cm2;grammaire;participe_passe
37531;cm2;grammaire;participe_passe
37532;cm2;grammaire;participe_passe
37533;cm2;grammaire;participe_passe
37534;cm2;grammaire;participe_passe
37535;cm2;grammaire;participe_passe
37536;cm2;grammaire;participe_passe
37537;cm2;grammaire;participe_passe
37538;cm2;grammaire;participe_passe
37539;cm2;grammaire;participe_passe
37540;cm2;grammaire;participe_passe
37541;cm2;grammaire;participe_passe
37542;cm2;grammaire;participe_passe
37543;cm2;grammaire;participe_passe
37544;cm2;grammaire;participe_passe
37545;cm2;grammaire;participe_passe
37546;cm2;grammaire;participe_passe
37547;cm2;grammaire;participe_passe
37548;cm2;grammaire;participe_passe
37549;cm2;grammaire;participe_passe
37550;cm2;grammaire;participe_passe
37551;cm2;grammaire;participe_passe
37552;cm2;grammaire;participe_passe
37553;cm2;grammaire;participe_passe
37554;cm2;grammaire;participe_passe
37555;cm2;grammaire;participe_passe
37556;cm2;grammaire;participe_passe
37557;cm2;grammaire;participe_passe
37558;cm2;grammaire;participe_passe
37559;cm2;grammaire;participe_passe
37560;cm2;grammaire;participe_passe
37561;cm2;grammaire;participe_passe
37562;cm2;grammaire;participe_passe
37563;cm2;grammaire;participe_passe
37564;cm2;grammaire;participe_passe
37565;cm2;grammaire;participe_passe
37566;cm2;grammaire;participe_passe
37567;cm2;grammaire;participe_passe
37568;cm2;grammaire;participe_passe
37569;cm2;grammaire;participe_passe
37570;cm2;grammaire;participe_passe
37571;cm2;grammaire;participe_passe
37572;cm2;grammaire;participe_passe
37573;cm2;grammaire;participe_passe
37574;cm2;grammaire;participe_passe
37575;cm2;grammaire;participe_passe
37576;cm2;grammaire;participe_passe
37577;cm2;grammaire;participe_passe
37578;cm2;grammaire;participe_passe
37579;cm2;grammaire;participe_passe
37580;cm2;grammaire;participe_passe
37581;cm2;grammaire;participe_passe
37582;cm2;grammaire;participe_passe
37583;cm2;grammaire;participe_passe
37584;cm2;grammaire;participe_passe
37585;cm2;grammaire;participe_passe
37586;cm2;grammaire;participe_passe
37587;cm2;grammaire;participe_passe
37588;cm2;grammaire;participe_passe
37589;cm2;grammaire;participe_passe
37590;cm2;grammaire;participe_passe
37591;cm2;grammaire;participe_passe
37592;cm2;grammaire;participe_passe
37593;cm2;grammaire;participe_passe
37594;cm2;grammaire;participe_passe
37595;cm2;grammaire;participe_passe
37596;cm2;grammaire;participe_passe
37597;cm2;grammaire;participe_passe
37598;cm2;grammaire;participe_passe
37599;cm2;grammaire;participe_passe
37600;cm2;grammaire;participe_passe
37601;cm2;grammaire;participe_passe
37602;cm2;grammaire;participe_passe
37603;cm2;grammaire;participe_passe
37604;cm2;grammaire;participe_passe
37605;cm2;grammaire;participe_passe
37606;cm2;grammaire;participe_passe
37607;cm2;grammaire;participe_passe
37608;cm2;grammaire;participe_passe
37609;cm2;grammaire;participe_passe
37610;cm2;grammaire;participe_passe
37611;cm2;grammaire;participe_passe
37612;cm2;grammaire;participe_passe
37613;cm2;grammaire;participe_passe
37614;cm2;grammaire;participe_passe
37615;cm2;grammaire;participe_passe
37616;cm2;grammaire;participe_passe
37617;cm2;grammaire;participe_passe
37618;cm2;grammaire;participe_passe
37619;cm2;grammaire;participe_passe
37620;cm2;grammaire;participe_passe
37621;cm2;grammaire;participe_passe
37622;cm2;grammaire;participe_passe
37623;cm2;grammaire;participe_passe
37624;cm2;grammaire;participe_passe
37625;cm2;grammaire;participe_passe
37626;cm2;grammaire;participe_passe
37627;cm2;grammaire;participe_passe
37628;cm2;grammaire;participe_passe
37629;cm2;grammaire;participe_passe
37630;cm2;grammaire;participe_passe
37631;cm2;grammaire;participe_passe
37632;cm2;grammaire;participe_passe
37633;cm2;grammaire;participe_passe
37634;cm2;grammaire;participe_passe
37635;cm2;grammaire;participe_passe
37636;cm2;grammaire;participe_passe
37637;cm2;grammaire;participe_passe
37638;cm2;grammaire;participe_passe
37639;cm2;grammaire;participe_passe
37640;cm2;grammaire;participe_passe
37641;cm2;grammaire;participe_passe
37642;cm2;grammaire;participe_passe
37643;cm2;grammaire;participe_passe
37644;cm2;grammaire;participe_passe
37645;cm2;grammaire;participe_passe
37646;cm2;grammaire;participe_passe
37647;cm2;grammaire;participe_passe
37648;cm2;grammaire;participe_passe
37649;cm2;grammaire;participe_passe
37650;cm2;grammaire;participe_passe
37651;cm2;grammaire;participe_passe
37652;cm2;grammaire;participe_passe
37653;cm2;grammaire;participe_passe
37654;cm2;grammaire;participe_passe
37655;cm2;grammaire;participe_passe
37656;cm2;grammaire;participe_passe
37657;cm2;grammaire;participe_passe
37658;cm2;grammaire;participe_passe
37659;cm2;grammaire;participe_passe
37660;cm2;grammaire;participe_passe
37661;cm2;grammaire;participe_passe
37662;cm2;grammaire;participe_passe
37663;cm2;grammaire;participe_passe
37664;cm2;grammaire;participe_passe
37665;cm2;grammaire;participe_passe
37666;cm2;grammaire;participe_passe
37667;cm2;grammaire;participe_passe
37668;cm2;grammaire;participe_passe
37669;cm2;grammaire;participe_passe
37670;cm2;grammaire;participe_passe
37671;cm2;grammaire;participe_passe
37672;cm2;grammaire;participe_passe
37673;cm2;grammaire;participe_passe
37674;cm2;grammaire;participe_passe
37675;cm2;grammaire;participe_passe
37676;cm2;grammaire;participe_passe
37677;cm2;grammaire;participe_passe
37678;cm2;grammaire;participe_passe
37679;cm2;grammaire;participe_passe
37680;cm2;grammaire;participe_passe
37681;cm2;grammaire;participe_passe
37682;cm2;grammaire;participe_passe
37683;cm2;grammaire;participe_passe
37684;cm2;grammaire;participe_passe
37685;cm2;grammaire;participe_passe
37686;cm2;grammaire;participe_passe
37687;cm2;grammaire;participe_passe
37688;cm2;grammaire;participe_passe
37689;cm2;grammaire;participe_passe
37690;cm2;grammaire;pronoms_relatifs
37691;cm2;grammaire;pronoms_relatifs
37692;cm2;grammaire;pronoms_relatifs
37693;cm2;grammaire;pronoms_relatifs
37694;cm2;grammaire;pronoms_relatifs
37695;cm2;grammaire;pronoms_relatifs
37696;cm2;grammaire;pronoms_relatifs
37697;cm2;grammaire;pronoms_relatifs
37698;cm2;grammaire;pronoms_relatifs
37699;cm2;grammaire;pronoms_relatifs
37700;cm2;grammaire;pronoms_relatifs
37701;cm2;grammaire;pronoms_relatifs
37702;cm2;grammaire;pronoms_relatifs
37703;cm2;grammaire;pronoms_relatifs
37704;cm2;grammaire;pronoms_relatifs
37705;cm2;grammaire;pronoms_relatifs
37706;cm2;grammaire;pronoms_relatifs
37707;cm2;grammaire;pronoms_relatifs
37708;cm2;grammaire;pronoms_relatifs
37709;cm2;grammaire;pronoms_relatifs
37710;cm2;grammaire;pronoms_relatifs
37711;cm2;grammaire;pronoms_relatifs
37712;cm2;grammaire;pronoms_relatifs
37713;cm2;grammaire;pronoms_relatifs
37714;cm2;grammaire;pronoms_relatifs
37715;cm2;grammaire;pronoms_relatifs
37716;cm2;grammaire;pronoms_relatifs
37717;cm2;grammaire;pronoms_relatifs
37718;cm2;grammaire;pronoms_relatifs
37719;cm2;grammaire;pronoms_relatifs
37720;cm2;grammaire;pronoms_relatifs
37721;cm2;grammaire;pronoms_relatifs
37722;cm2;grammaire;complements_circonstanciels
37723;cm2;grammaire;complements_circonstanciels
37724;cm2;grammaire;complements_circonstanciels
37725;cm2;grammaire;complements_circonstanciels
37726;cm2;grammaire;complements_circonstanciels
37727;cm2;grammaire;complements_circonstanciels
37728;cm2;grammaire;complements_circonstanciels
37729;cm2;grammaire;complements_circonstanciels
37730;cm2;grammaire;complements_circonstanciels
37731;cm2;grammaire;complements_circonstanciels
37732;cm2;grammaire;complements_circonstanciels
37733;cm2;grammaire;complements_circonstanciels
37734;cm2;grammaire;complements_circonstanciels
37735;cm2;grammaire;complements_circonstanciels
37736;cm2;grammaire;complements_circonstanciels
37737;cm2;grammaire;complements_circonstanciels
37738;cm2;grammaire;complements_circonstanciels
37739;cm2;grammaire;complements_circonstanciels
37740;cm2;grammaire;complements_circonstanciels
37741;cm2;grammaire;complements_circonstanciels
37742;cm2;grammaire;complements_circonstanciels
37743;cm2;grammaire;complements_circonstanciels
37744;cm2;grammaire;complements_circonstanciels
37745;cm2;grammaire;complements_circonstanciels
37746;cm2;grammaire;complements_circonstanciels
37747;cm2;grammaire;complements_circonstanciels
37748;cm2;grammaire;complements_circonstanciels
37749;cm2;grammaire;complements_circonstanciels
37750;cm2;grammaire;complements_circonstanciels
37751;cm2;grammaire;participe_passe
37752;cm2;grammaire;participe_passe
37753;cm2;grammaire;participe_passe
37754;cm2;grammaire;participe_passe
37755;cm2;grammaire;participe_passe
37756;cm2;grammaire;participe_passe
37757;cm2;grammaire;participe_passe
37758;cm2;grammaire;participe_passe
37759;cm2;grammaire;participe_passe
37760;cm2;grammaire;participe_passe
37761;cm2;grammaire;participe_passe
37762;cm2;grammaire;participe_passe
37763;cm2;grammaire;participe_passe
37764;cm2;grammaire;participe_passe
37765;cm2;grammaire;participe_passe
37766;cm2;grammaire;participe_passe
37767;cm2;grammaire;participe_passe
37768;cm2;grammaire;participe_passe
37769;cm2;grammaire;participe_passe
37770;cm2;grammaire;participe_passe
37771;cm2;grammaire;participe_passe
37772;cm2;grammaire;participe_passe
37773;cm2;grammaire;participe_passe
37774;cm2;grammaire;participe_passe
37775;cm2;grammaire;participe_passe
37776;cm2;grammaire;participe_passe
37777;cm2;grammaire;participe_passe
37778;cm2;grammaire;participe_passe
37779;cm2;grammaire;participe_passe
37780;cm2;grammaire;participe_passe
37781;cm2;grammaire;participe_passe
37782;cm2;grammaire;participe_passe
37783;cm2;grammaire;participe_passe
37784;cm2;grammaire;participe_passe
37785;cm2;grammaire;participe_passe
37786;cm2;grammaire;participe_passe
37787;cm2;grammaire;participe_passe
37788;cm2;grammaire;participe_passe
37789;cm2;grammaire;participe_passe
37790;cm2;grammaire;participe_passe
37791;cm2;grammaire;participe_passe
37792;cm2;grammaire;participe_passe
37793;cm2;grammaire;participe_passe
37794;cm2;grammaire;participe_passe
37795;cm2;grammaire;participe_passe
37796;cm2;grammaire;participe_passe
37797;cm2;grammaire;participe_passe
37798;cm2;grammaire;participe_passe
37799;cm2;grammaire;participe_passe
37800;cm2;grammaire;participe_passe
37801;cm2;grammaire;participe_passe
37802;cm2;grammaire;participe_passe
37803;cm2;grammaire;participe_passe
37804;cm2;grammaire;participe_passe
37805;cm2;grammaire;participe_passe
37806;cm2;grammaire;participe_passe
37807;cm2;grammaire;participe_passe
37808;cm2;grammaire;participe_passe
37809;cm2;grammaire;participe_passe
37810;cm2;grammaire;participe_passe
37811;cm2;grammaire;participe_passe
37812;cm2;grammaire;participe_passe
37813;cm2;grammaire;participe_passe
37814;cm2;grammaire;participe_passe
37815;cm2;grammaire;participe_passe
37816;cm2;grammaire;participe_passe
37817;cm2;grammaire;participe_passe
37818;cm2;grammaire;participe_passe
37819;cm2;grammaire;participe_passe
37820;cm2;grammaire;participe_passe
37821;cm2;grammaire;participe_passe
37822;cm2;grammaire;participe_passe
37823;cm2;grammaire;participe_passe
37824;cm2;grammaire;participe_passe
37825;cm2;grammaire;participe_passe
37826;cm2;grammaire;participe_passe
37827;cm2;grammaire;participe_passe
37828;cm2;grammaire;participe_passe
37829;cm2;grammaire;participe_passe
37830;cm2;grammaire;participe_passe
37831;cm2;grammaire;participe_passe
37832;cm2;grammaire;participe_passe
37833;cm2;grammaire;participe_passe
37834;cm2;grammaire;participe_passe
37835;cm2;grammaire;participe_passe
37836;cm2;grammaire;participe_passe
37837;cm2;grammaire;participe_passe
37838;cm2;grammaire;participe_passe
37839;cm2;grammaire;participe_passe
37840;cm2;grammaire;participe_passe
37841;cm2;grammaire;participe_passe
37842;cm2;grammaire;participe_passe
37843;cm2;grammaire;participe_passe
37844;cm2;grammaire;participe_passe
37845;cm2;grammaire;participe_passe
37846;cm2;grammaire;participe_passe
37847;cm2;grammaire;participe_passe
37848;cm2;grammaire;participe_passe
37849;cm2;grammaire;participe_passe
37850;cm2;grammaire;participe_passe
37851;cm2;grammaire;participe_passe
37852;cm2;grammaire;participe_passe
37853;cm2;grammaire;participe_passe
37854;cm2;grammaire;participe_passe
37855;cm2;grammaire;participe_passe
37856;cm2;grammaire;participe_passe
37857;cm2;grammaire;participe_passe
37858;cm2;grammaire;participe_passe
37859;cm2;grammaire;participe_passe
37860;cm2;grammaire;participe_passe
37861;cm2;grammaire;participe_passe
37862;cm2;grammaire;participe_passe
37863;cm2;grammaire;participe_passe
37864;cm2;grammaire;participe_passe
37865;cm2;grammaire;participe_passe
37866;cm2;grammaire;participe_passe
37867;cm2;grammaire;participe_passe
37868;cm2;grammaire;participe_passe
37869;cm2;grammaire;participe_passe
37870;cm2;grammaire;participe_passe
37871;cm2;grammaire;participe_passe
37872;cm2;grammaire;participe_passe
37873;cm2;grammaire;participe_passe
37874;cm2;grammaire;participe_passe
37875;cm2;grammaire;participe_passe
37876;cm2;grammaire;participe_passe
37877;cm2;grammaire;participe_passe
37878;cm2;grammaire;participe_passe
37879;cm2;grammaire;participe_passe
37880;cm2;grammaire;participe_passe
37881;cm2;grammaire;participe_passe
37882;cm2;grammaire;participe_passe
37883;cm2;grammaire;participe_passe
37884;cm2;grammaire;participe_passe
37885;cm2;grammaire;participe_passe
37886;cm2;grammaire;participe_passe
37887;cm2;grammaire;participe_passe
37888;cm2;grammaire;participe_passe
37889;cm2;grammaire;participe_passe
37890;cm2;grammaire;participe_passe
37891;cm2;grammaire;participe_passe
37892;cm2;grammaire;participe_passe
37893;cm2;grammaire;participe_passe
37894;cm2;grammaire;participe_passe
37895;cm2;grammaire;participe_passe
37896;cm2;grammaire;participe_passe
37897;cm2;grammaire;participe_passe
37898;cm2;grammaire;participe_passe
37899;cm2;grammaire;participe_passe
37900;cm2;grammaire;participe_passe
37901;cm2;grammaire;participe_passe
37902;cm2;grammaire;participe_passe
37903;cm2;grammaire;participe_passe
37904;cm2;grammaire;participe_passe
37905;cm2;grammaire;participe_passe
37906;cm2;grammaire;participe_passe
37907;cm2;grammaire;participe_passe
37908;cm2;grammaire;participe_passe
37909;cm2;grammaire;participe_passe
37910;cm2;grammaire;participe_passe
37911;cm2;grammaire;participe_passe
37912;cm2;grammaire;participe_passe
37913;cm2;grammaire;participe_passe
37914;cm2;grammaire;participe_passe
37915;cm2;grammaire;participe_passe
37916;cm2;grammaire;participe_passe
37917;cm2;grammaire;participe_passe
37918;cm2;grammaire;participe_passe
37919;cm2;grammaire;participe_passe
37920;cm2;grammaire;participe_passe
37921;cm2;grammaire;participe_passe
37922;cm2;grammaire;participe_passe
37923;cm2;grammaire;participe_passe
37924;cm2;grammaire;participe_passe
37925;cm2;grammaire;participe_passe
37926;cm2;grammaire;participe_passe
37927;cm2;grammaire;participe_passe
37928;cm2;grammaire;participe_passe
37929;cm2;grammaire;participe_passe
37930;cm2;grammaire;participe_passe
37931;cm2;grammaire;participe_passe
37932;cm2;grammaire;participe_passe
37933;cm2;grammaire;participe_passe
37934;cm2;grammaire;participe_passe
37935;cm2;grammaire;participe_passe
37936;cm2;grammaire;participe_passe
37937;cm2;grammaire;participe_passe
37938;cm2;grammaire;participe_passe
37939;cm2;grammaire;participe_passe
37940;cm2;grammaire;participe_passe
37941;cm2;grammaire;participe_passe
37942;cm2;grammaire;participe_passe
37943;cm2;grammaire;participe_passe
37944;cm2;grammaire;participe_passe
37945;cm2;grammaire;participe_passe
37946;cm2;grammaire;participe_passe
37947;cm2;grammaire;participe_passe
37948;cm2;grammaire;participe_passe
37949;cm2;grammaire;participe_passe
37950;cm2;grammaire;participe_passe
37951;cm2;grammaire;participe_passe
37952;cm2;grammaire;participe_passe
37953;cm2;grammaire;participe_passe
37954;cm2;grammaire;participe_passe
37955;cm2;grammaire;participe_passe
37956;cm2;grammaire;participe_passe
37957;cm2;grammaire;participe_passe
37958;cm2;grammaire;participe_passe
37959;cm2;grammaire;participe_passe
17001;cm2;lecture;lecture_litterale
17002;cm2;lecture;lecture_litterale
17003;cm2;lecture;lecture_litterale
17004;cm2;lecture;lecture_vocabulaire
17005;cm2;lecture;lecture_vocabulaire
17006;cm2;lecture;lecture_vocabulaire
17007;cm2;lecture;lecture_inference
17008;cm2;lecture;lecture_inference
17009;cm2;lecture;lecture_inference
17010;cm2;lecture;lecture_inference
17011;cm2;lecture;lecture_litterale
17012;cm2;lecture;lecture_litterale
17013;cm2;lecture;lecture_litterale
17014;cm2;lecture;lecture_vocabulaire
17015;cm2;lecture;lecture_vocabulaire
17016;cm2;lecture;lecture_vocabulaire
17017;cm2;lecture;lecture_inference
17018;cm2;lecture;lecture_inference
17019;cm2;lecture;lecture_inference
17020;cm2;lecture;lecture_inference
27001;cm2;lecture;lecture_litterale
27002;cm2;lecture;lecture_litterale
27003;cm2;lecture;lecture_litterale
27004;cm2;lecture;lecture_litterale
27005;cm2;lecture;lecture_litterale
27006;cm2;lecture;lecture_litterale
27007;cm2;lecture;lecture_vocabulaire
27008;cm2;lecture;lecture_vocabulaire
27009;cm2;lecture;lecture_vocabulaire
27010;cm2;lecture;lecture_vocabulaire
27011;cm2;lecture;lecture_vocabulaire
27012;cm2;lecture;lecture_vocabulaire
27013;cm2;lecture;lecture_inference
27014;cm2;lecture;lecture_inference
27015;cm2;lecture;lecture_inference
27016;cm2;lecture;lecture_inference
27017;cm2;lecture;lecture_inference
27018;cm2;lecture;lecture_inference
27019;cm2;lecture;lecture_inference
27020;cm2;lecture;lecture_inference
27022;cm2;lecture;lecture_litterale
27023;cm2;lecture;lecture_litterale
27024;cm2;lecture;lecture_litterale
27025;cm2;lecture;lecture_litterale
27026;cm2;lecture;lecture_litterale
27027;cm2;lecture;lecture_litterale
27028;cm2;lecture;lecture_vocabulaire
27029;cm2;lecture;lecture_vocabulaire
27030;cm2;lecture;lecture_vocabulaire
27031;cm2;lecture;lecture_vocabulaire
27032;cm2;lecture;lecture_vocabulaire
27033;cm2;lecture;lecture_vocabulaire
27034;cm2;lecture;lecture_inference
27035;cm2;lecture;lecture_inference
27036;cm2;lecture;lecture_inference
27037;cm2;lecture;lecture_inference
27038;cm2;lecture;lecture_inference
27039;cm2;lecture;lecture_inference
27040;cm2;lecture;lecture_inference
27041;cm2;lecture;lecture_inference
27043;cm2;lecture;lecture_litterale
27044;cm2;lecture;lecture_litterale
27045;cm2;lecture;lecture_litterale
27046;cm2;lecture;lecture_litterale
27047;cm2;lecture;lecture_litterale
27048;cm2;lecture;lecture_litterale
27049;cm2;lecture;lecture_vocabulaire
27050;cm2;lecture;lecture_vocabulaire
27051;cm2;lecture;lecture_vocabulaire
27052;cm2;lecture;lecture_vocabulaire
27053;cm2;lecture;lecture_vocabulaire
27054;cm2;lecture;lecture_vocabulaire
27055;cm2;lecture;lecture_inference
27056;cm2;lecture;lecture_inference
27057;cm2;lecture;lecture_inference
27058;cm2;lecture;lecture_inference
27059;cm2;lecture;lecture_inference
27060;cm2;lecture;lecture_inference
27061;cm2;lecture;lecture_inference
27062;cm2;lecture;lecture_inference
27064;cm2;lecture;lecture_litterale
27065;cm2;lecture;lecture_litterale
27066;cm2;lecture;lecture_litterale
27067;cm2;lecture;lecture_litterale
27068;cm2;lecture;lecture_litterale
27069;cm2;lecture;lecture_litterale
27070;cm2;lecture;lecture_vocabulaire
27071;cm2;lecture;lecture_vocabulaire
27072;cm2;lecture;lecture_vocabulaire
27073;cm2;lecture;lecture_vocabulaire
27074;cm2;lecture;lecture_vocabulaire
27075;cm2;lecture;lecture_vocabulaire
27076;cm2;lecture;lecture_inference
27077;cm2;lecture;lecture_inference
27078;cm2;lecture;lecture_inference
27079;cm2;lecture;lecture_inference
27080;cm2;lecture;lecture_inference
27081;cm2;lecture;lecture_inference
27082;cm2;lecture;lecture_inference
27083;cm2;lecture;lecture_inference
27085;cm2;lecture;lecture_litterale
27086;cm2;lecture;lecture_litterale
27087;cm2;lecture;lecture_litterale
27088;cm2;lecture;lecture_litterale
27089;cm2;lecture;lecture_litterale
27090;cm2;lecture;lecture_litterale
27091;cm2;lecture;lecture_vocabulaire
27092;cm2;lecture;lecture_vocabulaire
27093;cm2;lecture;lecture_vocabulaire
27094;cm2;lecture;lecture_vocabulaire
27095;cm2;lecture;lecture_vocabulaire
27096;cm2;lecture;lecture_vocabulaire
27097;cm2;lecture;lecture_inference
27098;cm2;lecture;lecture_inference
27099;cm2;lecture;lecture_inference
27100;cm2;lecture;lecture_inference
27101;cm2;lecture;lecture_inference
27102;cm2;lecture;lecture_inference
27103;cm2;lecture;lecture_inference
27104;cm2;lecture;lecture_inference
27106;cm2;lecture;lecture_litterale
27107;cm2;lecture;lecture_litterale
27108;cm2;lecture;lecture_litterale
27109;cm2;lecture;lecture_litterale
27110;cm2;lecture;lecture_litterale
27111;cm2;lecture;lecture_litterale
27112;cm2;lecture;lecture_vocabulaire
27113;cm2;lecture;lecture_vocabulaire
27114;cm2;lecture;lecture_vocabulaire
27115;cm2;lecture;lecture_vocabulaire
27116;cm2;lecture;lecture_vocabulaire
27117;cm2;lecture;lecture_vocabulaire
27118;cm2;lecture;lecture_inference
27119;cm2;lecture;lecture_inference
27120;cm2;lecture;lecture_inference
27121;cm2;lecture;lecture_inference
27122;cm2;lecture;lecture_inference
27123;cm2;lecture;lecture_inference
27124;cm2;lecture;lecture_inference
27125;cm2;lecture;lecture_inference
27127;cm2;lecture;lecture_litterale
27128;cm2;lecture;lecture_litterale
27129;cm2;lecture;lecture_litterale
27130;cm2;lecture;lecture_litterale
27131;cm2;lecture;lecture_litterale
27132;cm2;lecture;lecture_litterale
27133;cm2;lecture;lecture_vocabulaire
27134;cm2;lecture;lecture_vocabulaire
27135;cm2;lecture;lecture_vocabulaire
27136;cm2;lecture;lecture_vocabulaire
27137;cm2;lecture;lecture_vocabulaire
27138;cm2;lecture;lecture_vocabulaire
27139;cm2;lecture;lecture_inference
27140;cm2;lecture;lecture_inference
27141;cm2;lecture;lecture_inference
27142;cm2;lecture;lecture_inference
27143;cm2;lecture;lecture_inference
27144;cm2;lecture;lecture_inference
27145;cm2;lecture;lecture_inference
27146;cm2;lecture;lecture_inference
27148;cm2;lecture;lecture_litterale
27149;cm2;lecture;lecture_litterale
27150;cm2;lecture;lecture_litterale
27151;cm2;lecture;lecture_litterale
27152;cm2;lecture;lecture_litterale
27153;cm2;lecture;lecture_litterale
27154;cm2;lecture;lecture_vocabulaire
27155;cm2;lecture;lecture_vocabulaire
27156;cm2;lecture;lecture_vocabulaire
27157;cm2;lecture;lecture_vocabulaire
27158;cm2;lecture;lecture_vocabulaire
27159;cm2;lecture;lecture_vocabulaire
27160;cm2;lecture;lecture_inference
27161;cm2;lecture;lecture_inference
27162;cm2;lecture;lecture_inference
27163;cm2;lecture;lecture_inference
27164;cm2;lecture;lecture_inference
27165;cm2;lecture;lecture_inference
27166;cm2;lecture;lecture_inference
27167;cm2;lecture;lecture_inference
27169;cm2;lecture;lecture_litterale
27170;cm2;lecture;lecture_litterale
27171;cm2;lecture;lecture_litterale
27172;cm2;lecture;lecture_litterale
27173;cm2;lecture;lecture_litterale
27174;cm2;lecture;lecture_litterale
27175;cm2;lecture;lecture_vocabulaire
27176;cm2;lecture;lecture_vocabulaire
27177;cm2;lecture;lecture_vocabulaire
27178;cm2;lecture;lecture_vocabulaire
27179;cm2;lecture;lecture_vocabulaire
27180;cm2;lecture;lecture_vocabulaire
27181;cm2;lecture;lecture_inference
27182;cm2;lecture;lecture_inference
27183;cm2;lecture;lecture_inference
27184;cm2;lecture;lecture_inference
27185;cm2;lecture;lecture_inference
27186;cm2;lecture;lecture_inference
27187;cm2;lecture;lecture_inference
27188;cm2;lecture;lecture_inference
27190;cm2;lecture;lecture_litterale
27191;cm2;lecture;lecture_litterale
27192;cm2;lecture;lecture_litterale
27193;cm2;lecture;lecture_litterale
27194;cm2;lecture;lecture_litterale
27195;cm2;lecture;lecture_litterale
27196;cm2;lecture;lecture_vocabulaire
27197;cm2;lecture;lecture_vocabulaire
27198;cm2;lecture;lecture_vocabulaire
27199;cm2;lecture;lecture_vocabulaire
27200;cm2;lecture;lecture_vocabulaire
27201;cm2;lecture;lecture_vocabulaire
27202;cm2;lecture;lecture_inference
27203;cm2;lecture;lecture_inference
27204;cm2;lecture;lecture_inference
27205;cm2;lecture;lecture_inference
27206;cm2;lecture;lecture_inference
27207;cm2;lecture;lecture_inference
27208;cm2;lecture;lecture_inference
27209;cm2;lecture;lecture_inference
27211;cm2;lecture;lecture_litterale
27212;cm2;lecture;lecture_litterale
27213;cm2;lecture;lecture_litterale
27214;cm2;lecture;lecture_litterale
27215;cm2;lecture;lecture_litterale
27216;cm2;lecture;lecture_litterale
27217;cm2;lecture;lecture_vocabulaire
27218;cm2;lecture;lecture_vocabulaire
27219;cm2;lecture;lecture_vocabulaire
27220;cm2;lecture;lecture_vocabulaire
27221;cm2;lecture;lecture_vocabulaire
27222;cm2;lecture;lecture_vocabulaire
27223;cm2;lecture;lecture_inference
27224;cm2;lecture;lecture_inference
27225;cm2;lecture;lecture_inference
27226;cm2;lecture;lecture_inference
27227;cm2;lecture;lecture_inference
27228;cm2;lecture;lecture_inference
27229;cm2;lecture;lecture_inference
27230;cm2;lecture;lecture_inference
27232;cm2;lecture;lecture_litterale
27233;cm2;lecture;lecture_litterale
27234;cm2;lecture;lecture_litterale
27235;cm2;lecture;lecture_litterale
27236;cm2;lecture;lecture_litterale
27237;cm2;lecture;lecture_litterale
27238;cm2;lecture;lecture_vocabulaire
27239;cm2;lecture;lecture_vocabulaire
27240;cm2;lecture;lecture_vocabulaire
27241;cm2;lecture;lecture_vocabulaire
27242;cm2;lecture;lecture_vocabulaire
27243;cm2;lecture;lecture_vocabulaire
27244;cm2;lecture;lecture_inference
27245;cm2;lecture;lecture_inference
27246;cm2;lecture;lecture_inference
27247;cm2;lecture;lecture_inference
27248;cm2;lecture;lecture_inference
27249;cm2;lecture;lecture_inference
27250;cm2;lecture;lecture_inference
27251;cm2;lecture;lecture_inference
27253;cm2;lecture;lecture_litterale
27254;cm2;lecture;lecture_litterale
27255;cm2;lecture;lecture_litterale
27256;cm2;lecture;lecture_litterale
27257;cm2;lecture;lecture_litterale
27258;cm2;lecture;lecture_litterale
27259;cm2;lecture;lecture_vocabulaire
27260;cm2;lecture;lecture_vocabulaire
27261;cm2;lecture;lecture_vocabulaire
27262;cm2;lecture;lecture_vocabulaire
27263;cm2;lecture;lecture_vocabulaire
27264;cm2;lecture;lecture_vocabulaire
27265;cm2;lecture;lecture_inference
27266;cm2;lecture;lecture_inference
27267;cm2;lecture;lecture_inference
27268;cm2;lecture;lecture_inference
27269;cm2;lecture;lecture_inference
27270;cm2;lecture;lecture_inference
27271;cm2;lecture;lecture_inference
27272;cm2;lecture;lecture_inference
27274;cm2;lecture;lecture_litterale
27275;cm2;lecture;lecture_litterale
27276;cm2;lecture;lecture_litterale
27277;cm2;lecture;lecture_litterale
27278;cm2;lecture;lecture_litterale
27279;cm2;lecture;lecture_litterale
27280;cm2;lecture;lecture_vocabulaire
27281;cm2;lecture;lecture_vocabulaire
27282;cm2;lecture;lecture_vocabulaire
27283;cm2;lecture;lecture_vocabulaire
27284;cm2;lecture;lecture_vocabulaire
27285;cm2;lecture;lecture_vocabulaire
27286;cm2;lecture;lecture_inference
27287;cm2;lecture;lecture_inference
27288;cm2;lecture;lecture_inference
27289;cm2;lecture;lecture_inference
27290;cm2;lecture;lecture_inference
27291;cm2;lecture;lecture_inference
27292;cm2;lecture;lecture_inference
27293;cm2;lecture;lecture_inference
27295;cm2;lecture;lecture_litterale
27296;cm2;lecture;lecture_litterale
27297;cm2;lecture;lecture_litterale
27298;cm2;lecture;lecture_litterale
27299;cm2;lecture;lecture_litterale
27300;cm2;lecture;lecture_litterale
27301;cm2;lecture;lecture_vocabulaire
27302;cm2;lecture;lecture_vocabulaire
27303;cm2;lecture;lecture_vocabulaire
27304;cm2;lecture;lecture_vocabulaire
27305;cm2;lecture;lecture_vocabulaire
27306;cm2;lecture;lecture_vocabulaire
27307;cm2;lecture;lecture_inference
27308;cm2;lecture;lecture_inference
27309;cm2;lecture;lecture_inference
27310;cm2;lecture;lecture_inference
27311;cm2;lecture;lecture_inference
27312;cm2;lecture;lecture_inference
27313;cm2;lecture;lecture_inference
27314;cm2;lecture;lecture_inference
27316;cm2;lecture;lecture_litterale
27317;cm2;lecture;lecture_litterale
27318;cm2;lecture;lecture_litterale
27319;cm2;lecture;lecture_litterale
27320;cm2;lecture;lecture_litterale
27321;cm2;lecture;lecture_litterale
27322;cm2;lecture;lecture_vocabulaire
27323;cm2;lecture;lecture_vocabulaire
27324;cm2;lecture;lecture_vocabulaire
27325;cm2;lecture;lecture_vocabulaire
27326;cm2;lecture;lecture_vocabulaire
27327;cm2;lecture;lecture_vocabulaire
27328;cm2;lecture;lecture_inference
27329;cm2;lecture;lecture_inference
27330;cm2;lecture;lecture_inference
27331;cm2;lecture;lecture_inference
27332;cm2;lecture;lecture_inference
27333;cm2;lecture;lecture_inference
27334;cm2;lecture;lecture_inference
27335;cm2;lecture;lecture_inference
27337;cm2;lecture;lecture_litterale
27338;cm2;lecture;lecture_litterale
27339;cm2;lecture;lecture_litterale
27340;cm2;lecture;lecture_litterale
27341;cm2;lecture;lecture_litterale
27342;cm2;lecture;lecture_litterale
27343;cm2;lecture;lecture_vocabulaire
27344;cm2;lecture;lecture_vocabulaire
27345;cm2;lecture;lecture_vocabulaire
27346;cm2;lecture;lecture_vocabulaire
27347;cm2;lecture;lecture_vocabulaire
27348;cm2;lecture;lecture_vocabulaire
27349;cm2;lecture;lecture_inference
27350;cm2;lecture;lecture_inference
27351;cm2;lecture;lecture_inference
27352;cm2;lecture;lecture_inference
27353;cm2;lecture;lecture_inference
27354;cm2;lecture;lecture_inference
27355;cm2;lecture;lecture_inference
27356;cm2;lecture;lecture_inference
27358;cm2;lecture;lecture_litterale
27359;cm2;lecture;lecture_litterale
27360;cm2;lecture;lecture_litterale
27361;cm2;lecture;lecture_litterale
27362;cm2;lecture;lecture_litterale
27363;cm2;lecture;lecture_litterale
27364;cm2;lecture;lecture_vocabulaire
27365;cm2;lecture;lecture_vocabulaire
27366;cm2;lecture;lecture_vocabulaire
27367;cm2;lecture;lecture_vocabulaire
27368;cm2;lecture;lecture_vocabulaire
27369;cm2;lecture;lecture_vocabulaire
27370;cm2;lecture;lecture_inference
27371;cm2;lecture;lecture_inference
27372;cm2;lecture;lecture_inference
27373;cm2;lecture;lecture_inference
27374;cm2;lecture;lecture_inference
27375;cm2;lecture;lecture_inference
27376;cm2;lecture;lecture_inference
27377;cm2;lecture;lecture_inference
27379;cm2;lecture;lecture_litterale
27380;cm2;lecture;lecture_litterale
27381;cm2;lecture;lecture_litterale
27382;cm2;lecture;lecture_litterale
27383;cm2;lecture;lecture_litterale
27384;cm2;lecture;lecture_litterale
27385;cm2;lecture;lecture_vocabulaire
27386;cm2;lecture;lecture_vocabulaire
27387;cm2;lecture;lecture_vocabulaire
27388;cm2;lecture;lecture_vocabulaire
27389;cm2;lecture;lecture_vocabulaire
27390;cm2;lecture;lecture_vocabulaire
27391;cm2;lecture;lecture_inference
27392;cm2;lecture;lecture_inference
27393;cm2;lecture;lecture_inference
27394;cm2;lecture;lecture_inference
27395;cm2;lecture;lecture_inference
27396;cm2;lecture;lecture_inference
27397;cm2;lecture;lecture_inference
27398;cm2;lecture;lecture_inference
27400;cm2;lecture;lecture_litterale
27401;cm2;lecture;lecture_litterale
27402;cm2;lecture;lecture_litterale
27403;cm2;lecture;lecture_litterale
27404;cm2;lecture;lecture_litterale
27405;cm2;lecture;lecture_litterale
27406;cm2;lecture;lecture_vocabulaire
27407;cm2;lecture;lecture_vocabulaire
27408;cm2;lecture;lecture_vocabulaire
27409;cm2;lecture;lecture_vocabulaire
27410;cm2;lecture;lecture_vocabulaire
27411;cm2;lecture;lecture_vocabulaire
27412;cm2;lecture;lecture_inference
27413;cm2;lecture;lecture_inference
27414;cm2;lecture;lecture_inference
27415;cm2;lecture;lecture_inference
27416;cm2;lecture;lecture_inference
27417;cm2;lecture;lecture_inference
27418;cm2;lecture;lecture_inference
27419;cm2;lecture;lecture_inference
27421;cm2;lecture;lecture_litterale
27422;cm2;lecture;lecture_litterale
27423;cm2;lecture;lecture_litterale
27424;cm2;lecture;lecture_litterale
27425;cm2;lecture;lecture_litterale
27426;cm2;lecture;lecture_litterale
27427;cm2;lecture;lecture_vocabulaire
27428;cm2;lecture;lecture_vocabulaire
27429;cm2;lecture;lecture_vocabulaire
27430;cm2;lecture;lecture_vocabulaire
27431;cm2;lecture;lecture_vocabulaire
27432;cm2;lecture;lecture_vocabulaire
27433;cm2;lecture;lecture_inference
27434;cm2;lecture;lecture_inference
27435;cm2;lecture;lecture_inference
27436;cm2;lecture;lecture_inference
27437;cm2;lecture;lecture_inference
27438;cm2;lecture;lecture_inference
27439;cm2;lecture;lecture_inference
27440;cm2;lecture;lecture_inference
27442;cm2;lecture;lecture_litterale
27443;cm2;lecture;lecture_litterale
27444;cm2;lecture;lecture_litterale
27445;cm2;lecture;lecture_litterale
27446;cm2;lecture;lecture_litterale
27447;cm2;lecture;lecture_litterale
27448;cm2;lecture;lecture_vocabulaire
27449;cm2;lecture;lecture_vocabulaire
27450;cm2;lecture;lecture_vocabulaire
27451;cm2;lecture;lecture_vocabulaire
27452;cm2;lecture;lecture_vocabulaire
27453;cm2;lecture;lecture_vocabulaire
27454;cm2;lecture;lecture_inference
27455;cm2;lecture;lecture_inference
27456;cm2;lecture;lecture_inference
27457;cm2;lecture;lecture_inference
27458;cm2;lecture;lecture_inference
27459;cm2;lecture;lecture_inference
27460;cm2;lecture;lecture_inference
27461;cm2;lecture;lecture_inference
27463;cm2;lecture;lecture_litterale
27464;cm2;lecture;lecture_litterale
27465;cm2;lecture;lecture_litterale
27466;cm2;lecture;lecture_litterale
27467;cm2;lecture;lecture_litterale
27468;cm2;lecture;lecture_litterale
27469;cm2;lecture;lecture_vocabulaire
27470;cm2;lecture;lecture_vocabulaire
27471;cm2;lecture;lecture_vocabulaire
27472;cm2;lecture;lecture_vocabulaire
27473;cm2;lecture;lecture_vocabulaire
27474;cm2;lecture;lecture_vocabulaire
27475;cm2;lecture;lecture_inference
27476;cm2;lecture;lecture_inference
27477;cm2;lecture;lecture_inference
27478;cm2;lecture;lecture_inference
27479;cm2;lecture;lecture_inference
27480;cm2;lecture;lecture_inference
27481;cm2;lecture;lecture_inference
27482;cm2;lecture;lecture_inference
27484;cm2;lecture;lecture_litterale
27485;cm2;lecture;lecture_litterale
27486;cm2;lecture;lecture_litterale
27487;cm2;lecture;lecture_litterale
27488;cm2;lecture;lecture_litterale
27489;cm2;lecture;lecture_litterale
27490;cm2;lecture;lecture_vocabulaire
27491;cm2;lecture;lecture_vocabulaire
27492;cm2;lecture;lecture_vocabulaire
27493;cm2;lecture;lecture_vocabulaire
27494;cm2;lecture;lecture_vocabulaire
27495;cm2;lecture;lecture_vocabulaire
27496;cm2;lecture;lecture_inference
27497;cm2;lecture;lecture_inference
27498;cm2;lecture;lecture_inference
27499;cm2;lecture;lecture_inference
27500;cm2;lecture;lecture_inference
27501;cm2;lecture;lecture_inference
27502;cm2;lecture;lecture_inference
27503;cm2;lecture;lecture_inference
27505;cm2;lecture;lecture_litterale
27506;cm2;lecture;lecture_litterale
27507;cm2;lecture;lecture_litterale
27508;cm2;lecture;lecture_litterale
27509;cm2;lecture;lecture_litterale
27510;cm2;lecture;lecture_litterale
27511;cm2;lecture;lecture_vocabulaire
27512;cm2;lecture;lecture_vocabulaire
27513;cm2;lecture;lecture_vocabulaire
27514;cm2;lecture;lecture_vocabulaire
27515;cm2;lecture;lecture_vocabulaire
27516;cm2;lecture;lecture_vocabulaire
27517;cm2;lecture;lecture_inference
27518;cm2;lecture;lecture_inference
27519;cm2;lecture;lecture_inference
27520;cm2;lecture;lecture_inference
27521;cm2;lecture;lecture_inference
27522;cm2;lecture;lecture_inference
27523;cm2;lecture;lecture_inference
27524;cm2;lecture;lecture_inference
27526;cm2;lecture;lecture_litterale
27527;cm2;lecture;lecture_litterale
27528;cm2;lecture;lecture_litterale
27529;cm2;lecture;lecture_litterale
27530;cm2;lecture;lecture_litterale
27531;cm2;lecture;lecture_litterale
27532;cm2;lecture;lecture_vocabulaire
27533;cm2;lecture;lecture_vocabulaire
27534;cm2;lecture;lecture_vocabulaire
27535;cm2;lecture;lecture_vocabulaire
27536;cm2;lecture;lecture_vocabulaire
27537;cm2;lecture;lecture_vocabulaire
27538;cm2;lecture;lecture_inference
27539;cm2;lecture;lecture_inference
27540;cm2;lecture;lecture_inference
27541;cm2;lecture;lecture_inference
27542;cm2;lecture;lecture_inference
27543;cm2;lecture;lecture_inference
27544;cm2;lecture;lecture_inference
27545;cm2;lecture;lecture_inference
27547;cm2;lecture;lecture_litterale
27548;cm2;lecture;lecture_litterale
27549;cm2;lecture;lecture_litterale
27550;cm2;lecture;lecture_litterale
27551;cm2;lecture;lecture_litterale
27552;cm2;lecture;lecture_litterale
27553;cm2;lecture;lecture_vocabulaire
27554;cm2;lecture;lecture_vocabulaire
27555;cm2;lecture;lecture_vocabulaire
27556;cm2;lecture;lecture_vocabulaire
27557;cm2;lecture;lecture_vocabulaire
27558;cm2;lecture;lecture_vocabulaire
27559;cm2;lecture;lecture_inference
27560;cm2;lecture;lecture_inference
27561;cm2;lecture;lecture_inference
27562;cm2;lecture;lecture_inference
27563;cm2;lecture;lecture_inference
27564;cm2;lecture;lecture_inference
27565;cm2;lecture;lecture_inference
27566;cm2;lecture;lecture_inference
27568;cm2;lecture;lecture_litterale
27569;cm2;lecture;lecture_litterale
27570;cm2;lecture;lecture_litterale
27571;cm2;lecture;lecture_litterale
27572;cm2;lecture;lecture_litterale
27573;cm2;lecture;lecture_litterale
27574;cm2;lecture;lecture_vocabulaire
27575;cm2;lecture;lecture_vocabulaire
27576;cm2;lecture;lecture_vocabulaire
27577;cm2;lecture;lecture_vocabulaire
27578;cm2;lecture;lecture_vocabulaire
27579;cm2;lecture;lecture_vocabulaire
27580;cm2;lecture;lecture_inference
27581;cm2;lecture;lecture_inference
27582;cm2;lecture;lecture_inference
27583;cm2;lecture;lecture_inference
27584;cm2;lecture;lecture_inference
27585;cm2;lecture;lecture_inference
27586;cm2;lecture;lecture_inference
27587;cm2;lecture;lecture_inference
27589;cm2;lecture;lecture_litterale
27590;cm2;lecture;lecture_litterale
27591;cm2;lecture;lecture_litterale
27592;cm2;lecture;lecture_litterale
27593;cm2;lecture;lecture_litterale
27594;cm2;lecture;lecture_litterale
27595;cm2;lecture;lecture_vocabulaire
27596;cm2;lecture;lecture_vocabulaire
27597;cm2;lecture;lecture_vocabulaire
27598;cm2;lecture;lecture_vocabulaire
27599;cm2;lecture;lecture_vocabulaire
27600;cm2;lecture;lecture_vocabulaire
27601;cm2;lecture;lecture_inference
27602;cm2;lecture;lecture_inference
27603;cm2;lecture;lecture_inference
27604;cm2;lecture;lecture_inference
27605;cm2;lecture;lecture_inference
27606;cm2;lecture;lecture_inference
27607;cm2;lecture;lecture_inference
27608;cm2;lecture;lecture_inference
27610;cm2;lecture;lecture_litterale
27611;cm2;lecture;lecture_litterale
27612;cm2;lecture;lecture_litterale
27613;cm2;lecture;lecture_litterale
27614;cm2;lecture;lecture_litterale
27615;cm2;lecture;lecture_litterale
27616;cm2;lecture;lecture_vocabulaire
27617;cm2;lecture;lecture_vocabulaire
27618;cm2;lecture;lecture_vocabulaire
27619;cm2;lecture;lecture_vocabulaire
27620;cm2;lecture;lecture_vocabulaire
27621;cm2;lecture;lecture_vocabulaire
27622;cm2;lecture;lecture_inference
27623;cm2;lecture;lecture_inference
27624;cm2;lecture;lecture_inference
27625;cm2;lecture;lecture_inference
27626;cm2;lecture;lecture_inference
27627;cm2;lecture;lecture_inference
27628;cm2;lecture;lecture_inference
27629;cm2;lecture;lecture_inference
27631;cm2;lecture;lecture_litterale
27632;cm2;lecture;lecture_litterale
27633;cm2;lecture;lecture_litterale
27634;cm2;lecture;lecture_litterale
27635;cm2;lecture;lecture_litterale
27636;cm2;lecture;lecture_litterale
27637;cm2;lecture;lecture_vocabulaire
27638;cm2;lecture;lecture_vocabulaire
27639;cm2;lecture;lecture_vocabulaire
27640;cm2;lecture;lecture_vocabulaire
27641;cm2;lecture;lecture_vocabulaire
27642;cm2;lecture;lecture_vocabulaire
27643;cm2;lecture;lecture_inference
27644;cm2;lecture;lecture_inference
27645;cm2;lecture;lecture_inference
27646;cm2;lecture;lecture_inference
27647;cm2;lecture;lecture_inference
27648;cm2;lecture;lecture_inference
27649;cm2;lecture;lecture_inference
27650;cm2;lecture;lecture_inference
27652;cm2;lecture;lecture_litterale
27653;cm2;lecture;lecture_litterale
27654;cm2;lecture;lecture_litterale
27655;cm2;lecture;lecture_litterale
27656;cm2;lecture;lecture_litterale
27657;cm2;lecture;lecture_litterale
27658;cm2;lecture;lecture_vocabulaire
27659;cm2;lecture;lecture_vocabulaire
27660;cm2;lecture;lecture_vocabulaire
27661;cm2;lecture;lecture_vocabulaire
27662;cm2;lecture;lecture_vocabulaire
27663;cm2;lecture;lecture_vocabulaire
27664;cm2;lecture;lecture_inference
27665;cm2;lecture;lecture_inference
27666;cm2;lecture;lecture_inference
27667;cm2;lecture;lecture_inference
27668;cm2;lecture;lecture_inference
27669;cm2;lecture;lecture_inference
27670;cm2;lecture;lecture_inference
27671;cm2;lecture;lecture_inference
27673;cm2;lecture;lecture_litterale
27674;cm2;lecture;lecture_litterale
27675;cm2;lecture;lecture_litterale
27676;cm2;lecture;lecture_litterale
27677;cm2;lecture;lecture_litterale
27678;cm2;lecture;lecture_litterale
27679;cm2;lecture;lecture_vocabulaire
27680;cm2;lecture;lecture_vocabulaire
27681;cm2;lecture;lecture_vocabulaire
27682;cm2;lecture;lecture_vocabulaire
27683;cm2;lecture;lecture_vocabulaire
27684;cm2;lecture;lecture_vocabulaire
27685;cm2;lecture;lecture_inference
27686;cm2;lecture;lecture_inference
27687;cm2;lecture;lecture_inference
27688;cm2;lecture;lecture_inference
27689;cm2;lecture;lecture_inference
27690;cm2;lecture;lecture_inference
27691;cm2;lecture;lecture_inference
27692;cm2;lecture;lecture_inference
27694;cm2;lecture;lecture_litterale
27695;cm2;lecture;lecture_litterale
27696;cm2;lecture;lecture_litterale
27697;cm2;lecture;lecture_litterale
27698;cm2;lecture;lecture_litterale
27699;cm2;lecture;lecture_litterale
27700;cm2;lecture;lecture_vocabulaire
27701;cm2;lecture;lecture_vocabulaire
27702;cm2;lecture;lecture_vocabulaire
27703;cm2;lecture;lecture_vocabulaire
27704;cm2;lecture;lecture_vocabulaire
27705;cm2;lecture;lecture_vocabulaire
27706;cm2;lecture;lecture_inference
27707;cm2;lecture;lecture_inference
27708;cm2;lecture;lecture_inference
27709;cm2;lecture;lecture_inference
27710;cm2;lecture;lecture_inference
27711;cm2;lecture;lecture_inference
27712;cm2;lecture;lecture_inference
27713;cm2;lecture;lecture_inference
27715;cm2;lecture;lecture_litterale
27716;cm2;lecture;lecture_litterale
27717;cm2;lecture;lecture_litterale
27718;cm2;lecture;lecture_litterale
27719;cm2;lecture;lecture_litterale
27720;cm2;lecture;lecture_litterale
27721;cm2;lecture;lecture_vocabulaire
27722;cm2;lecture;lecture_vocabulaire
27723;cm2;lecture;lecture_vocabulaire
27724;cm2;lecture;lecture_vocabulaire
27725;cm2;lecture;lecture_vocabulaire
27726;cm2;lecture;lecture_vocabulaire
27727;cm2;lecture;lecture_inference
27728;cm2;lecture;lecture_inference
27729;cm2;lecture;lecture_inference
27730;cm2;lecture;lecture_inference
27731;cm2;lecture;lecture_inference
27732;cm2;lecture;lecture_inference
27733;cm2;lecture;lecture_inference
27734;cm2;lecture;lecture_inference
27736;cm2;lecture;lecture_litterale
27737;cm2;lecture;lecture_litterale
27738;cm2;lecture;lecture_litterale
27739;cm2;lecture;lecture_litterale
27740;cm2;lecture;lecture_litterale
27741;cm2;lecture;lecture_litterale
27742;cm2;lecture;lecture_vocabulaire
27743;cm2;lecture;lecture_vocabulaire
27744;cm2;lecture;lecture_vocabulaire
27745;cm2;lecture;lecture_vocabulaire
27746;cm2;lecture;lecture_vocabulaire
27747;cm2;lecture;lecture_vocabulaire
27748;cm2;lecture;lecture_inference
27749;cm2;lecture;lecture_inference
27750;cm2;lecture;lecture_inference
27751;cm2;lecture;lecture_inference
27752;cm2;lecture;lecture_inference
27753;cm2;lecture;lecture_inference
27754;cm2;lecture;lecture_inference
27755;cm2;lecture;lecture_inference
27757;cm2;lecture;lecture_litterale
27758;cm2;lecture;lecture_litterale
27759;cm2;lecture;lecture_litterale
27760;cm2;lecture;lecture_litterale
27761;cm2;lecture;lecture_litterale
27762;cm2;lecture;lecture_litterale
27763;cm2;lecture;lecture_vocabulaire
27764;cm2;lecture;lecture_vocabulaire
27765;cm2;lecture;lecture_vocabulaire
27766;cm2;lecture;lecture_vocabulaire
27767;cm2;lecture;lecture_vocabulaire
27768;cm2;lecture;lecture_vocabulaire
27769;cm2;lecture;lecture_inference
27770;cm2;lecture;lecture_inference
27771;cm2;lecture;lecture_inference
27772;cm2;lecture;lecture_inference
27773;cm2;lecture;lecture_inference
27774;cm2;lecture;lecture_inference
27775;cm2;lecture;lecture_inference
27776;cm2;lecture;lecture_inference
27778;cm2;lecture;lecture_litterale
27779;cm2;lecture;lecture_litterale
27780;cm2;lecture;lecture_litterale
27781;cm2;lecture;lecture_litterale
27782;cm2;lecture;lecture_litterale
27783;cm2;lecture;lecture_litterale
27784;cm2;lecture;lecture_vocabulaire
27785;cm2;lecture;lecture_vocabulaire
27786;cm2;lecture;lecture_vocabulaire
27787;cm2;lecture;lecture_vocabulaire
27788;cm2;lecture;lecture_vocabulaire
27789;cm2;lecture;lecture_vocabulaire
27790;cm2;lecture;lecture_inference
27791;cm2;lecture;lecture_inference
27792;cm2;lecture;lecture_inference
27793;cm2;lecture;lecture_inference
27794;cm2;lecture;lecture_inference
27795;cm2;lecture;lecture_inference
27796;cm2;lecture;lecture_inference
27797;cm2;lecture;lecture_inference
27799;cm2;lecture;lecture_litterale
27800;cm2;lecture;lecture_litterale
27801;cm2;lecture;lecture_litterale
27802;cm2;lecture;lecture_litterale
27803;cm2;lecture;lecture_litterale
27804;cm2;lecture;lecture_litterale
27805;cm2;lecture;lecture_vocabulaire
27806;cm2;lecture;lecture_vocabulaire
27807;cm2;lecture;lecture_vocabulaire
27808;cm2;lecture;lecture_vocabulaire
27809;cm2;lecture;lecture_vocabulaire
27810;cm2;lecture;lecture_vocabulaire
27811;cm2;lecture;lecture_inference
27812;cm2;lecture;lecture_inference
27813;cm2;lecture;lecture_inference
27814;cm2;lecture;lecture_inference
27815;cm2;lecture;lecture_inference
27816;cm2;lecture;lecture_inference
27817;cm2;lecture;lecture_inference
27818;cm2;lecture;lecture_inference
27820;cm2;lecture;lecture_litterale
27821;cm2;lecture;lecture_litterale
27822;cm2;lecture;lecture_litterale
27823;cm2;lecture;lecture_litterale
27824;cm2;lecture;lecture_litterale
27825;cm2;lecture;lecture_litterale
27826;cm2;lecture;lecture_vocabulaire
27827;cm2;lecture;lecture_vocabulaire
27828;cm2;lecture;lecture_vocabulaire
27829;cm2;lecture;lecture_vocabulaire
27830;cm2;lecture;lecture_vocabulaire
27831;cm2;lecture;lecture_vocabulaire
27832;cm2;lecture;lecture_inference
27833;cm2;lecture;lecture_inference
27834;cm2;lecture;lecture_inference
27835;cm2;lecture;lecture_inference
27836;cm2;lecture;lecture_inference
27837;cm2;lecture;lecture_inference
27838;cm2;lecture;lecture_inference
27839;cm2;lecture;lecture_inference
27841;cm2;lecture;lecture_litterale
27842;cm2;lecture;lecture_litterale
27843;cm2;lecture;lecture_litterale
27844;cm2;lecture;lecture_litterale
27845;cm2;lecture;lecture_litterale
27846;cm2;lecture;lecture_litterale
27847;cm2;lecture;lecture_vocabulaire
27848;cm2;lecture;lecture_vocabulaire
27849;cm2;lecture;lecture_vocabulaire
27850;cm2;lecture;lecture_vocabulaire
27851;cm2;lecture;lecture_vocabulaire
27852;cm2;lecture;lecture_vocabulaire
27853;cm2;lecture;lecture_inference
27854;cm2;lecture;lecture_inference
27855;cm2;lecture;lecture_inference
27856;cm2;lecture;lecture_inference
27857;cm2;lecture;lecture_inference
27858;cm2;lecture;lecture_inference
27859;cm2;lecture;lecture_inference
27860;cm2;lecture;lecture_inference
27862;cm2;lecture;lecture_litterale
27863;cm2;lecture;lecture_litterale
27864;cm2;lecture;lecture_litterale
27865;cm2;lecture;lecture_litterale
27866;cm2;lecture;lecture_litterale
27867;cm2;lecture;lecture_litterale
27868;cm2;lecture;lecture_vocabulaire
27869;cm2;lecture;lecture_vocabulaire
27870;cm2;lecture;lecture_vocabulaire
27871;cm2;lecture;lecture_vocabulaire
27872;cm2;lecture;lecture_vocabulaire
27873;cm2;lecture;lecture_vocabulaire
27874;cm2;lecture;lecture_inference
27875;cm2;lecture;lecture_inference
27876;cm2;lecture;lecture_inference
27877;cm2;lecture;lecture_inference
27878;cm2;lecture;lecture_inference
27879;cm2;lecture;lecture_inference
27880;cm2;lecture;lecture_inference
27881;cm2;lecture;lecture_inference
27883;cm2;lecture;lecture_litterale
27884;cm2;lecture;lecture_litterale
27885;cm2;lecture;lecture_litterale
27886;cm2;lecture;lecture_litterale
27887;cm2;lecture;lecture_litterale
27888;cm2;lecture;lecture_litterale
27889;cm2;lecture;lecture_vocabulaire
27890;cm2;lecture;lecture_vocabulaire
27891;cm2;lecture;lecture_vocabulaire
27892;cm2;lecture;lecture_vocabulaire
27893;cm2;lecture;lecture_vocabulaire
27894;cm2;lecture;lecture_vocabulaire
27895;cm2;lecture;lecture_inference
27896;cm2;lecture;lecture_inference
27897;cm2;lecture;lecture_inference
27898;cm2;lecture;lecture_inference
27899;cm2;lecture;lecture_inference
27900;cm2;lecture;lecture_inference
27901;cm2;lecture;lecture_inference
27902;cm2;lecture;lecture_inference
27904;cm2;lecture;lecture_litterale
27905;cm2;lecture;lecture_litterale
27906;cm2;lecture;lecture_litterale
27907;cm2;lecture;lecture_litterale
27908;cm2;lecture;lecture_litterale
27909;cm2;lecture;lecture_litterale
27910;cm2;lecture;lecture_vocabulaire
27911;cm2;lecture;lecture_vocabulaire
27912;cm2;lecture;lecture_vocabulaire
27913;cm2;lecture;lecture_vocabulaire
27914;cm2;lecture;lecture_vocabulaire
27915;cm2;lecture;lecture_vocabulaire
27916;cm2;lecture;lecture_inference
27917;cm2;lecture;lecture_inference
27918;cm2;lecture;lecture_inference
27919;cm2;lecture;lecture_inference
27920;cm2;lecture;lecture_inference
27921;cm2;lecture;lecture_inference
27922;cm2;lecture;lecture_inference
27923;cm2;lecture;lecture_inference
27925;cm2;lecture;lecture_litterale
27926;cm2;lecture;lecture_litterale
27927;cm2;lecture;lecture_litterale
27928;cm2;lecture;lecture_litterale
27929;cm2;lecture;lecture_litterale
27930;cm2;lecture;lecture_litterale
27931;cm2;lecture;lecture_vocabulaire
27932;cm2;lecture;lecture_vocabulaire
27933;cm2;lecture;lecture_vocabulaire
27934;cm2;lecture;lecture_vocabulaire
27935;cm2;lecture;lecture_vocabulaire
27936;cm2;lecture;lecture_vocabulaire
27937;cm2;lecture;lecture_inference
27938;cm2;lecture;lecture_inference
27939;cm2;lecture;lecture_inference
27940;cm2;lecture;lecture_inference
27941;cm2;lecture;lecture_inference
27942;cm2;lecture;lecture_inference
27943;cm2;lecture;lecture_inference
27944;cm2;lecture;lecture_inference
27946;cm2;lecture;lecture_litterale
27947;cm2;lecture;lecture_litterale
27948;cm2;lecture;lecture_litterale
27949;cm2;lecture;lecture_litterale
27950;cm2;lecture;lecture_litterale
27951;cm2;lecture;lecture_litterale
27952;cm2;lecture;lecture_vocabulaire
27953;cm2;lecture;lecture_vocabulaire
27954;cm2;lecture;lecture_vocabulaire
27955;cm2;lecture;lecture_vocabulaire
27956;cm2;lecture;lecture_vocabulaire
27957;cm2;lecture;lecture_vocabulaire
27958;cm2;lecture;lecture_inference
27959;cm2;lecture;lecture_inference
27960;cm2;lecture;lecture_inference
27961;cm2;lecture;lecture_inference
27962;cm2;lecture;lecture_inference
27963;cm2;lecture;lecture_inference
27964;cm2;lecture;lecture_inference
27965;cm2;lecture;lecture_inference
27967;cm2;lecture;lecture_litterale
27968;cm2;lecture;lecture_litterale
27969;cm2;lecture;lecture_litterale
27970;cm2;lecture;lecture_litterale
27971;cm2;lecture;lecture_litterale
27972;cm2;lecture;lecture_litterale
27973;cm2;lecture;lecture_vocabulaire
27974;cm2;lecture;lecture_vocabulaire
27975;cm2;lecture;lecture_vocabulaire
27976;cm2;lecture;lecture_vocabulaire
27977;cm2;lecture;lecture_vocabulaire
27978;cm2;lecture;lecture_vocabulaire
27979;cm2;lecture;lecture_inference
27980;cm2;lecture;lecture_inference
27981;cm2;lecture;lecture_inference
27982;cm2;lecture;lecture_inference
27983;cm2;lecture;lecture_inference
27984;cm2;lecture;lecture_inference
27985;cm2;lecture;lecture_inference
27986;cm2;lecture;lecture_inference
44000;cm2;logique;suites_logiques
44001;cm2;logique;suites_logiques
44002;cm2;logique;codes
44003;cm2;logique;grilles
44004;cm2;logique;raisonnement
44005;cm2;logique;suites_logiques
44006;cm2;logique;raisonnement
44007;cm2;logique;analogies
44008;cm2;logique;suites_logiques
44009;cm2;logique;suites_logiques
44010;cm2;logique;suites_logiques
44011;cm2;logique;suites_logiques
44012;cm2;logique;suites_logiques
44013;cm2;logique;suites_logiques
44014;cm2;logique;suites_logiques
44015;cm2;logique;suites_logiques
44016;cm2;logique;suites_logiques
44017;cm2;logique;suites_logiques
44018;cm2;logique;suites_logiques
44019;cm2;logique;suites_logiques
44020;cm2;logique;suites_logiques
44021;cm2;logique;suites_logiques
44022;cm2;logique;suites_logiques
44023;cm2;logique;suites_logiques
44024;cm2;logique;suites_logiques
44025;cm2;logique;suites_logiques
44026;cm2;logique;suites_logiques
44027;cm2;logique;suites_logiques
44028;cm2;logique;suites_logiques
44029;cm2;logique;suites_logiques
44030;cm2;logique;suites_logiques
44031;cm2;logique;suites_logiques
44032;cm2;logique;suites_logiques
44033;cm2;logique;suites_logiques
44034;cm2;logique;suites_logiques
44035;cm2;logique;suites_logiques
44036;cm2;logique;suites_logiques
44037;cm2;logique;suites_logiques
44038;cm2;logique;suites_logiques
44039;cm2;logique;suites_logiques
44040;cm2;logique;suites_logiques
44041;cm2;logique;suites_logiques
44042;cm2;logique;suites_logiques
44043;cm2;logique;suites_logiques
44044;cm2;logique;suites_logiques
44045;cm2;logique;suites_logiques
44046;cm2;logique;suites_logiques
44047;cm2;logique;suites_logiques
44048;cm2;logique;suites_logiques
44049;cm2;logique;suites_logiques
44050;cm2;logique;suites_logiques
44051;cm2;logique;suites_logiques
44052;cm2;logique;suites_logiques
44053;cm2;logique;suites_logiques
44054;cm2;logique;suites_logiques
44055;cm2;logique;suites_logiques
44056;cm2;logique;suites_logiques
44057;cm2;logique;suites_logiques
44058;cm2;logique;suites_logiques
44059;cm2;logique;suites_logiques
44060;cm2;logique;suites_logiques
44061;cm2;logique;suites_logiques
44062;cm2;logique;suites_logiques
44063;cm2;logique;suites_logiques
44064;cm2;logique;suites_logiques
44065;cm2;logique;suites_logiques
44066;cm2;logique;suites_logiques
44067;cm2;logique;suites_logiques
44068;cm2;logique;suites_logiques
44069;cm2;logique;suites_logiques
44070;cm2;logique;suites_logiques
44071;cm2;logique;suites_logiques
44072;cm2;logique;suites_logiques
44073;cm2;logique;suites_logiques
44074;cm2;logique;suites_logiques
44075;cm2;logique;suites_logiques
44076;cm2;logique;suites_logiques
44077;cm2;logique;suites_logiques
44078;cm2;logique;suites_logiques
44079;cm2;logique;suites_logiques
44080;cm2;logique;suites_logiques
44081;cm2;logique;suites_logiques
44082;cm2;logique;suites_logiques
44083;cm2;logique;suites_logiques
44084;cm2;logique;suites_logiques
44085;cm2;logique;suites_logiques
44086;cm2;logique;suites_logiques
44087;cm2;logique;codes
44088;cm2;logique;codes
44089;cm2;logique;codes
44090;cm2;logique;codes
44091;cm2;logique;codes
44092;cm2;logique;codes
44093;cm2;logique;codes
44094;cm2;logique;codes
44095;cm2;logique;codes
44096;cm2;logique;codes
44097;cm2;logique;codes
44098;cm2;logique;codes
44099;cm2;logique;codes
44100;cm2;logique;codes
44101;cm2;logique;codes
44102;cm2;logique;codes
44103;cm2;logique;codes
44104;cm2;logique;codes
44105;cm2;logique;codes
44106;cm2;logique;codes
44107;cm2;logique;codes
44108;cm2;logique;codes
44109;cm2;logique;codes
44110;cm2;logique;codes
44111;cm2;logique;codes
44112;cm2;logique;codes
44113;cm2;logique;codes
44114;cm2;logique;codes
44115;cm2;logique;codes
44116;cm2;logique;codes
44117;cm2;logique;codes
44118;cm2;logique;codes
44119;cm2;logique;codes
44120;cm2;logique;codes
44121;cm2;logique;codes
44122;cm2;logique;codes
44123;cm2;logique;codes
44124;cm2;logique;codes
44125;cm2;logique;codes
44126;cm2;logique;codes
44127;cm2;logique;codes
44128;cm2;logique;codes
44129;cm2;logique;codes
44130;cm2;logique;codes
44131;cm2;logique;codes
44132;cm2;logique;codes
44133;cm2;logique;codes
44134;cm2;logique;codes
44135;cm2;logique;codes
44136;cm2;logique;codes
44137;cm2;logique;codes
44138;cm2;logique;codes
44139;cm2;logique;codes
44140;cm2;logique;codes
44141;cm2;logique;codes
44142;cm2;logique;codes
44143;cm2;logique;codes
44144;cm2;logique;codes
44145;cm2;logique;codes
44146;cm2;logique;codes
44147;cm2;logique;grilles
44148;cm2;logique;grilles
44149;cm2;logique;grilles
44150;cm2;logique;grilles
44151;cm2;logique;grilles
44152;cm2;logique;grilles
44153;cm2;logique;grilles
44154;cm2;logique;grilles
44155;cm2;logique;grilles
44156;cm2;logique;grilles
44157;cm2;logique;grilles
44158;cm2;logique;grilles
44159;cm2;logique;grilles
44160;cm2;logique;grilles
44161;cm2;logique;grilles
44162;cm2;logique;grilles
44163;cm2;logique;grilles
44164;cm2;logique;grilles
44165;cm2;logique;grilles
44166;cm2;logique;grilles
44167;cm2;logique;grilles
44168;cm2;logique;grilles
44169;cm2;logique;grilles
44170;cm2;logique;grilles
44171;cm2;logique;grilles
44172;cm2;logique;grilles
44173;cm2;logique;grilles
44174;cm2;logique;grilles
44175;cm2;logique;grilles
44176;cm2;logique;grilles
44177;cm2;logique;grilles
44178;cm2;logique;grilles
44179;cm2;logique;grilles
44180;cm2;logique;grilles
44181;cm2;logique;grilles
44182;cm2;logique;grilles
44183;cm2;logique;grilles
44184;cm2;logique;grilles
44185;cm2;logique;grilles
44186;cm2;logique;grilles
44187;cm2;logique;grilles
44188;cm2;logique;grilles
44189;cm2;logique;grilles
44190;cm2;logique;grilles
44191;cm2;logique;grilles
44192;cm2;logique;grilles
44193;cm2;logique;grilles
44194;cm2;logique;grilles
44195;cm2;logique;grilles
44196;cm2;logique;grilles
44197;cm2;logique;grilles
44198;cm2;logique;grilles
44199;cm2;logique;grilles
44200;cm2;logique;grilles
44201;cm2;logique;grilles
44202;cm2;logique;grilles
44203;cm2;logique;grilles
44204;cm2;logique;grilles
44205;cm2;logique;grilles
44206;cm2;logique;grilles
44207;cm2;logique;raisonnement
44208;cm2;logique;raisonnement
44209;cm2;logique;raisonnement
44210;cm2;logique;raisonnement
44211;cm2;logique;raisonnement
44212;cm2;logique;raisonnement
44213;cm2;logique;raisonnement
44214;cm2;logique;raisonnement
44215;cm2;logique;raisonnement
44216;cm2;logique;raisonnement
44217;cm2;logique;raisonnement
44218;cm2;logique;raisonnement
44219;cm2;logique;raisonnement
44220;cm2;logique;raisonnement
44221;cm2;logique;raisonnement
44222;cm2;logique;raisonnement
44223;cm2;logique;raisonnement
44224;cm2;logique;raisonnement
44225;cm2;logique;raisonnement
44226;cm2;logique;raisonnement
44227;cm2;logique;raisonnement
44228;cm2;logique;raisonnement
44229;cm2;logique;raisonnement
44230;cm2;logique;raisonnement
44231;cm2;logique;raisonnement
44232;cm2;logique;raisonnement
44233;cm2;logique;raisonnement
44234;cm2;logique;raisonnement
44235;cm2;logique;raisonnement
44236;cm2;logique;raisonnement
44237;cm2;logique;raisonnement
44238;cm2;logique;raisonnement
44239;cm2;logique;raisonnement
44240;cm2;logique;raisonnement
44241;cm2;logique;raisonnement
44242;cm2;logique;raisonnement
44243;cm2;logique;raisonnement
44244;cm2;logique;raisonnement
44245;cm2;logique;raisonnement
44246;cm2;logique;raisonnement
44247;cm2;logique;raisonnement
44248;cm2;logique;raisonnement
44249;cm2;logique;raisonnement
44250;cm2;logique;raisonnement
44251;cm2;logique;raisonnement
44252;cm2;logique;raisonnement
44253;cm2;logique;raisonnement
44254;cm2;logique;raisonnement
44255;cm2;logique;raisonnement
44256;cm2;logique;raisonnement
44257;cm2;logique;raisonnement
44258;cm2;logique;raisonnement
44259;cm2;logique;raisonnement
44260;cm2;logique;raisonnement
44261;cm2;logique;raisonnement
44262;cm2;logique;raisonnement
44263;cm2;logique;raisonnement
44264;cm2;logique;raisonnement
44265;cm2;logique;raisonnement
44266;cm2;logique;raisonnement
44267;cm2;logique;suites_logiques
44268;cm2;logique;suites_logiques
44269;cm2;logique;suites_logiques
44270;cm2;logique;suites_logiques
44271;cm2;logique;suites_logiques
44272;cm2;logique;suites_logiques
44273;cm2;logique;suites_logiques
44274;cm2;logique;suites_logiques
44275;cm2;logique;suites_logiques
44276;cm2;logique;suites_logiques
44277;cm2;logique;suites_logiques
44278;cm2;logique;suites_logiques
44279;cm2;logique;suites_logiques
44280;cm2;logique;suites_logiques
44281;cm2;logique;suites_logiques
44282;cm2;logique;suites_logiques
44283;cm2;logique;suites_logiques
44284;cm2;logique;suites_logiques
44285;cm2;logique;suites_logiques
44286;cm2;logique;suites_logiques
44287;cm2;logique;suites_logiques
44288;cm2;logique;suites_logiques
44289;cm2;logique;suites_logiques
44290;cm2;logique;suites_logiques
44291;cm2;logique;suites_logiques
44292;cm2;logique;suites_logiques
44293;cm2;logique;suites_logiques
44294;cm2;logique;suites_logiques
44295;cm2;logique;suites_logiques
44296;cm2;logique;suites_logiques
44297;cm2;logique;suites_logiques
44298;cm2;logique;suites_logiques
44299;cm2;logique;suites_logiques
44300;cm2;logique;suites_logiques
44301;cm2;logique;suites_logiques
44302;cm2;logique;suites_logiques
44303;cm2;logique;suites_logiques
44304;cm2;logique;suites_logiques
44305;cm2;logique;suites_logiques
44306;cm2;logique;suites_logiques
44307;cm2;logique;suites_logiques
44308;cm2;logique;suites_logiques
44309;cm2;logique;suites_logiques
44310;cm2;logique;suites_logiques
44311;cm2;logique;suites_logiques
44312;cm2;logique;suites_logiques
44313;cm2;logique;suites_logiques
44314;cm2;logique;suites_logiques
44315;cm2;logique;suites_logiques
44316;cm2;logique;suites_logiques
44317;cm2;logique;raisonnement
44318;cm2;logique;raisonnement
44319;cm2;logique;raisonnement
44320;cm2;logique;raisonnement
44321;cm2;logique;raisonnement
44322;cm2;logique;raisonnement
44323;cm2;logique;raisonnement
44324;cm2;logique;raisonnement
44325;cm2;logique;raisonnement
44326;cm2;logique;raisonnement
44327;cm2;logique;raisonnement
44328;cm2;logique;raisonnement
44329;cm2;logique;raisonnement
44330;cm2;logique;raisonnement
44331;cm2;logique;raisonnement
44332;cm2;logique;raisonnement
44333;cm2;logique;raisonnement
44334;cm2;logique;raisonnement
44335;cm2;logique;raisonnement
44336;cm2;logique;raisonnement
44337;cm2;logique;raisonnement
44338;cm2;logique;raisonnement
44339;cm2;logique;raisonnement
44340;cm2;logique;raisonnement
44341;cm2;logique;raisonnement
44342;cm2;logique;raisonnement
44343;cm2;logique;raisonnement
44344;cm2;logique;raisonnement
44345;cm2;logique;raisonnement
44346;cm2;logique;raisonnement
44347;cm2;logique;raisonnement
44348;cm2;logique;raisonnement
44349;cm2;logique;raisonnement
44350;cm2;logique;raisonnement
44351;cm2;logique;raisonnement
44352;cm2;logique;raisonnement
44353;cm2;logique;raisonnement
44354;cm2;logique;raisonnement
44355;cm2;logique;raisonnement
44356;cm2;logique;raisonnement
44357;cm2;logique;analogies
44358;cm2;logique;analogies
44359;cm2;logique;analogies
44360;cm2;logique;analogies
44361;cm2;logique;analogies
44362;cm2;logique;analogies
44363;cm2;logique;analogies
44364;cm2;logique;analogies
44365;cm2;logique;analogies
44366;cm2;logique;analogies
44367;cm2;logique;analogies
44368;cm2;logique;analogies
44369;cm2;logique;analogies
44370;cm2;logique;analogies
44371;cm2;logique;analogies
44372;cm2;logique;analogies
44373;cm2;logique;analogies
44374;cm2;logique;analogies
44375;cm2;logique;analogies
44376;cm2;logique;analogies
44377;cm2;logique;analogies
44378;cm2;logique;analogies
44379;cm2;logique;analogies
44380;cm2;logique;analogies
44381;cm2;logique;analogies
44382;cm2;logique;analogies
44383;cm2;logique;analogies
44384;cm2;logique;analogies
44385;cm2;logique;analogies
44386;cm2;logique;analogies
44387;cm2;logique;analogies
44388;cm2;logique;analogies
44389;cm2;logique;analogies
44390;cm2;logique;analogies
44391;cm2;logique;analogies
44392;cm2;logique;analogies
44393;cm2;logique;analogies
44394;cm2;logique;analogies
44395;cm2;logique;analogies
44396;cm2;logique;analogies
44397;cm2;logique;suites_logiques
44398;cm2;logique;suites_logiques
44399;cm2;logique;suites_logiques
44400;cm2;logique;suites_logiques
44401;cm2;logique;suites_logiques
44402;cm2;logique;suites_logiques
44403;cm2;logique;suites_logiques
44404;cm2;logique;suites_logiques
44405;cm2;logique;suites_logiques
44406;cm2;logique;suites_logiques
44407;cm2;logique;suites_logiques
44408;cm2;logique;suites_logiques
44409;cm2;logique;suites_logiques
44410;cm2;logique;suites_logiques
44411;cm2;logique;suites_logiques
44412;cm2;logique;suites_logiques
44413;cm2;logique;suites_logiques
44414;cm2;logique;suites_logiques
44415;cm2;logique;suites_logiques
44416;cm2;logique;suites_logiques
44417;cm2;logique;suites_logiques
44418;cm2;logique;suites_logiques
44419;cm2;logique;suites_logiques
44420;cm2;logique;suites_logiques
44421;cm2;logique;suites_logiques
44422;cm2;logique;suites_logiques
44423;cm2;logique;suites_logiques
44424;cm2;logique;suites_logiques
44425;cm2;logique;suites_logiques
44426;cm2;logique;suites_logiques
44427;cm2;logique;suites_logiques
44428;cm2;logique;suites_logiques
44429;cm2;logique;suites_logiques
44430;cm2;logique;suites_logiques
44431;cm2;logique;suites_logiques
44432;cm2;logique;suites_logiques
44433;cm2;logique;suites_logiques
44434;cm2;logique;suites_logiques
44435;cm2;logique;suites_logiques
44436;cm2;logique;suites_logiques
44437;cm2;logique;suites_logiques
44438;cm2;logique;suites_logiques
44439;cm2;logique;suites_logiques
44440;cm2;logique;suites_logiques
44441;cm2;logique;suites_logiques
44442;cm2;logique;suites_logiques
44443;cm2;logique;suites_logiques
44444;cm2;logique;suites_logiques
44445;cm2;logique;suites_logiques
44446;cm2;logique;suites_logiques
44447;cm2;logique;suites_logiques
44448;cm2;logique;suites_logiques
44449;cm2;logique;suites_logiques
44450;cm2;logique;suites_logiques
44451;cm2;logique;suites_logiques
44452;cm2;logique;suites_logiques
44453;cm2;logique;suites_logiques
44454;cm2;logique;suites_logiques
44455;cm2;logique;suites_logiques
44456;cm2;logique;codes
44457;cm2;logique;codes
44458;cm2;logique;codes
44459;cm2;logique;codes
44460;cm2;logique;codes
44461;cm2;logique;codes
44462;cm2;logique;codes
44463;cm2;logique;codes
44464;cm2;logique;codes
44465;cm2;logique;codes
44466;cm2;logique;codes
44467;cm2;logique;codes
44468;cm2;logique;codes
44469;cm2;logique;codes
44470;cm2;logique;codes
44471;cm2;logique;codes
44472;cm2;logique;codes
44473;cm2;logique;codes
44474;cm2;logique;codes
44475;cm2;logique;codes
44476;cm2;logique;codes
44477;cm2;logique;codes
44478;cm2;logique;codes
44479;cm2;logique;codes
44480;cm2;logique;codes
44481;cm2;logique;codes
44482;cm2;logique;codes
44483;cm2;logique;codes
44484;cm2;logique;codes
44485;cm2;logique;codes
44486;cm2;logique;grilles
44487;cm2;logique;grilles
44488;cm2;logique;grilles
44489;cm2;logique;grilles
44490;cm2;logique;grilles
44491;cm2;logique;grilles
44492;cm2;logique;grilles
44493;cm2;logique;grilles
44494;cm2;logique;grilles
44495;cm2;logique;grilles
44496;cm2;logique;grilles
44497;cm2;logique;grilles
44498;cm2;logique;grilles
44499;cm2;logique;grilles
1801;cm2;math;addition
1802;cm2;math;addition
1803;cm2;math;addition
1804;cm2;math;addition
1805;cm2;math;addition
1806;cm2;math;addition
1807;cm2;math;addition
1808;cm2;math;addition
1809;cm2;math;addition
1810;cm2;math;addition
1811;cm2;math;addition
1812;cm2;math;addition
1813;cm2;math;addition
1814;cm2;math;addition
1815;cm2;math;addition
1816;cm2;math;addition
1817;cm2;math;addition
1818;cm2;math;addition
1819;cm2;math;addition
1820;cm2;math;addition
1821;cm2;math;multiplication
1822;cm2;math;multiplication
1823;cm2;math;multiplication
1824;cm2;math;multiplication
1825;cm2;math;multiplication
1826;cm2;math;multiplication
1827;cm2;math;multiplication
1828;cm2;math;multiplication
1829;cm2;math;multiplication
1830;cm2;math;multiplication
1831;cm2;math;multiplication
1832;cm2;math;multiplication
1833;cm2;math;multiplication
1834;cm2;math;multiplication
1835;cm2;math;multiplication
1836;cm2;math;multiplication
1837;cm2;math;multiplication
1838;cm2;math;multiplication
1839;cm2;math;multiplication
1840;cm2;math;multiplication
1841;cm2;math;multiplication
1842;cm2;math;multiplication
1843;cm2;math;division
1844;cm2;math;division
1845;cm2;math;division
1846;cm2;math;division
1847;cm2;math;division
1848;cm2;math;division
1849;cm2;math;division
1850;cm2;math;division
1851;cm2;math;division
1852;cm2;math;division
1853;cm2;math;division
1854;cm2;math;division
1855;cm2;math;division
1856;cm2;math;division
1857;cm2;math;division
1858;cm2;math;pourcentages
1859;cm2;math;pourcentages
1860;cm2;math;pourcentages
1861;cm2;math;pourcentages
1862;cm2;math;pourcentages
1863;cm2;math;pourcentages
1864;cm2;math;pourcentages
1865;cm2;math;pourcentages
1866;cm2;math;pourcentages
1867;cm2;math;pourcentages
1868;cm2;math;pourcentages
1869;cm2;math;pourcentages
1870;cm2;math;pourcentages
1871;cm2;math;pourcentages
1872;cm2;math;pourcentages
1873;cm2;math;pourcentages
1874;cm2;math;pourcentages
1875;cm2;math;pourcentages
1876;cm2;math;pourcentages
1877;cm2;math;pourcentages
1878;cm2;math;pourcentages
1879;cm2;math;pourcentages
1880;cm2;math;pourcentages
1881;cm2;math;pourcentages
1882;cm2;math;pourcentages
1883;cm2;math;pourcentages
1884;cm2;math;pourcentages
1885;cm2;math;pourcentages
1886;cm2;math;pourcentages
1887;cm2;math;pourcentages
1888;cm2;math;pourcentages
1889;cm2;math;pourcentages
1890;cm2;math;pourcentages
1891;cm2;math;pourcentages
1892;cm2;math;pourcentages
1893;cm2;math;fractions
1894;cm2;math;fractions
1895;cm2;math;fractions
1896;cm2;math;fractions
1897;cm2;math;fractions
1898;cm2;math;fractions
1899;cm2;math;fractions
1900;cm2;math;fractions
1901;cm2;math;fractions
1902;cm2;math;fractions
1903;cm2;math;fractions
1904;cm2;math;fractions
1905;cm2;math;fractions
1906;cm2;math;fractions
1907;cm2;math;fractions
1908;cm2;math;fractions
1909;cm2;math;fractions
1910;cm2;math;fractions
1911;cm2;math;fractions
1912;cm2;math;fractions
1913;cm2;math;fractions
1914;cm2;math;fractions
1915;cm2;math;fractions
1916;cm2;math;fractions
1917;cm2;math;fractions
1918;cm2;math;fractions
1919;cm2;math;proportionnalite
1920;cm2;math;proportionnalite
1921;cm2;math;proportionnalite
1922;cm2;math;proportionnalite
1923;cm2;math;proportionnalite
1924;cm2;math;proportionnalite
1925;cm2;math;proportionnalite
1926;cm2;math;proportionnalite
1927;cm2;math;proportionnalite
1928;cm2;math;proportionnalite
1929;cm2;math;proportionnalite
1930;cm2;math;proportionnalite
1931;cm2;math;proportionnalite
1932;cm2;math;proportionnalite
1933;cm2;math;proportionnalite
1934;cm2;math;proportionnalite
1935;cm2;math;proportionnalite
1936;cm2;math;proportionnalite
1937;cm2;math;proportionnalite
1938;cm2;math;proportionnalite
1939;cm2;math;proportionnalite
1940;cm2;math;proportionnalite
1941;cm2;math;proportionnalite
1942;cm2;math;proportionnalite
1943;cm2;math;proportionnalite
1944;cm2;math;proportionnalite
1945;cm2;math;proportionnalite
1946;cm2;math;proportionnalite
1947;cm2;math;proportionnalite
1948;cm2;math;proportionnalite
1949;cm2;math;aire
1950;cm2;math;aire
1951;cm2;math;aire
1952;cm2;math;aire
1953;cm2;math;aire
1954;cm2;math;aire
1955;cm2;math;aire
1956;cm2;math;aire
1957;cm2;math;aire
1958;cm2;math;aire
1959;cm2;math;aire
1960;cm2;math;aire
1961;cm2;math;aire
1962;cm2;math;aire
1963;cm2;math;aire
1964;cm2;math;volume
1965;cm2;math;volume
1966;cm2;math;volume
1967;cm2;math;volume
1968;cm2;math;volume
1969;cm2;math;volume
1970;cm2;math;volume
1971;cm2;math;volume
1972;cm2;math;volume
1973;cm2;math;volume
1974;cm2;math;volume
1975;cm2;math;volume
1976;cm2;math;volume
1977;cm2;math;volume
1978;cm2;math;volume
1979;cm2;math;mesures
1980;cm2;math;mesures
1981;cm2;math;mesures
1982;cm2;math;mesures
1983;cm2;math;mesures
1984;cm2;math;mesures
1985;cm2;math;mesures
1986;cm2;math;mesures
1987;cm2;math;numeration
1988;cm2;math;numeration
1989;cm2;math;numeration
1990;cm2;math;numeration
1991;cm2;math;numeration
1992;cm2;math;numeration
1993;cm2;math;numeration
1994;cm2;math;numeration
1995;cm2;math;numeration
1996;cm2;math;numeration
1997;cm2;math;numeration
1998;cm2;math;numeration
1999;cm2;math;numeration
100200;cm2;math;numeration
6000;cm2;math;addition
6001;cm2;math;addition
6002;cm2;math;addition
6003;cm2;math;addition
6004;cm2;math;addition
6005;cm2;math;addition
6006;cm2;math;addition
6007;cm2;math;addition
6008;cm2;math;addition
6009;cm2;math;addition
6010;cm2;math;addition
6011;cm2;math;addition
6012;cm2;math;addition
6013;cm2;math;addition
6014;cm2;math;addition
6015;cm2;math;addition
6016;cm2;math;addition
6017;cm2;math;addition
6018;cm2;math;addition
6019;cm2;math;addition
6020;cm2;math;addition
6021;cm2;math;addition
6022;cm2;math;addition
6023;cm2;math;addition
6024;cm2;math;addition
6025;cm2;math;addition
6026;cm2;math;addition
6027;cm2;math;addition
6028;cm2;math;addition
6029;cm2;math;addition
6030;cm2;math;addition
6031;cm2;math;addition
6032;cm2;math;addition
6033;cm2;math;addition
6034;cm2;math;addition
6035;cm2;math;addition
6036;cm2;math;addition
6037;cm2;math;addition
6038;cm2;math;addition
6039;cm2;math;addition
6040;cm2;math;addition
6041;cm2;math;addition
6042;cm2;math;addition
6043;cm2;math;addition
6044;cm2;math;addition
6045;cm2;math;addition
6046;cm2;math;addition
6047;cm2;math;addition
6048;cm2;math;addition
6049;cm2;math;addition
6050;cm2;math;addition
6051;cm2;math;addition
6052;cm2;math;addition
6053;cm2;math;addition
6054;cm2;math;addition
6055;cm2;math;addition
6056;cm2;math;addition
6057;cm2;math;addition
6058;cm2;math;addition
6059;cm2;math;addition
6060;cm2;math;addition
6061;cm2;math;addition
6062;cm2;math;addition
6063;cm2;math;addition
6064;cm2;math;addition
6065;cm2;math;addition
6066;cm2;math;addition
6067;cm2;math;addition
6068;cm2;math;addition
6069;cm2;math;addition
6070;cm2;math;soustraction
6071;cm2;math;soustraction
6072;cm2;math;soustraction
6073;cm2;math;soustraction
6074;cm2;math;soustraction
6075;cm2;math;soustraction
6076;cm2;math;soustraction
6077;cm2;math;soustraction
6078;cm2;math;soustraction
6079;cm2;math;soustraction
6080;cm2;math;soustraction
6081;cm2;math;soustraction
6082;cm2;math;soustraction
6083;cm2;math;soustraction
6084;cm2;math;soustraction
6085;cm2;math;soustraction
6086;cm2;math;soustraction
6087;cm2;math;soustraction
6088;cm2;math;soustraction
6089;cm2;math;soustraction
6090;cm2;math;soustraction
6091;cm2;math;soustraction
6092;cm2;math;soustraction
6093;cm2;math;soustraction
6094;cm2;math;soustraction
6095;cm2;math;soustraction
6096;cm2;math;soustraction
6097;cm2;math;soustraction
6098;cm2;math;soustraction
6099;cm2;math;soustraction
6100;cm2;math;soustraction
6101;cm2;math;soustraction
6102;cm2;math;soustraction
6103;cm2;math;soustraction
6104;cm2;math;soustraction
6105;cm2;math;soustraction
6106;cm2;math;soustraction
6107;cm2;math;soustraction
6108;cm2;math;soustraction
6109;cm2;math;soustraction
6110;cm2;math;soustraction
6111;cm2;math;soustraction
6112;cm2;math;soustraction
6113;cm2;math;soustraction
6114;cm2;math;soustraction
6115;cm2;math;soustraction
6116;cm2;math;soustraction
6117;cm2;math;soustraction
6118;cm2;math;soustraction
6119;cm2;math;soustraction
6120;cm2;math;soustraction
6121;cm2;math;soustraction
6122;cm2;math;soustraction
6123;cm2;math;soustraction
6124;cm2;math;soustraction
6125;cm2;math;soustraction
6126;cm2;math;soustraction
6127;cm2;math;soustraction
6128;cm2;math;soustraction
6129;cm2;math;soustraction
6130;cm2;math;soustraction
6131;cm2;math;soustraction
6132;cm2;math;soustraction
6133;cm2;math;soustraction
6134;cm2;math;soustraction
6135;cm2;math;soustraction
6136;cm2;math;soustraction
6137;cm2;math;soustraction
6138;cm2;math;soustraction
6139;cm2;math;soustraction
6140;cm2;math;multiplication
6141;cm2;math;multiplication
6142;cm2;math;multiplication
6143;cm2;math;multiplication
6144;cm2;math;multiplication
6145;cm2;math;multiplication
6146;cm2;math;multiplication
6147;cm2;math;multiplication
6148;cm2;math;multiplication
6149;cm2;math;multiplication
6150;cm2;math;multiplication
6151;cm2;math;multiplication
6152;cm2;math;multiplication
6153;cm2;math;multiplication
6154;cm2;math;multiplication
6155;cm2;math;multiplication
6156;cm2;math;multiplication
6157;cm2;math;multiplication
6158;cm2;math;multiplication
6159;cm2;math;multiplication
6160;cm2;math;multiplication
6161;cm2;math;multiplication
6162;cm2;math;multiplication
6163;cm2;math;multiplication
6164;cm2;math;multiplication
6165;cm2;math;multiplication
6166;cm2;math;multiplication
6167;cm2;math;multiplication
6168;cm2;math;multiplication
6169;cm2;math;multiplication
6170;cm2;math;multiplication
6171;cm2;math;multiplication
6172;cm2;math;multiplication
6173;cm2;math;multiplication
6174;cm2;math;multiplication
6175;cm2;math;multiplication
6176;cm2;math;multiplication
6177;cm2;math;multiplication
6178;cm2;math;multiplication
6179;cm2;math;multiplication
6180;cm2;math;multiplication
6181;cm2;math;multiplication
6182;cm2;math;multiplication
6183;cm2;math;multiplication
6184;cm2;math;multiplication
6185;cm2;math;multiplication
6186;cm2;math;multiplication
6187;cm2;math;multiplication
6188;cm2;math;multiplication
6189;cm2;math;multiplication
6190;cm2;math;multiplication
6191;cm2;math;multiplication
6192;cm2;math;multiplication
6193;cm2;math;multiplication
6194;cm2;math;multiplication
6195;cm2;math;multiplication
6196;cm2;math;multiplication
6197;cm2;math;multiplication
6198;cm2;math;multiplication
6199;cm2;math;multiplication
6200;cm2;math;multiplication
6201;cm2;math;multiplication
6202;cm2;math;multiplication
6203;cm2;math;multiplication
6204;cm2;math;multiplication
6205;cm2;math;multiplication
6206;cm2;math;multiplication
6207;cm2;math;multiplication
6208;cm2;math;multiplication
6209;cm2;math;multiplication
6210;cm2;math;multiplication
6211;cm2;math;multiplication
6212;cm2;math;multiplication
6213;cm2;math;multiplication
6214;cm2;math;multiplication
6215;cm2;math;multiplication
6216;cm2;math;multiplication
6217;cm2;math;multiplication
6218;cm2;math;multiplication
6219;cm2;math;multiplication
6220;cm2;math;multiplication
6221;cm2;math;multiplication
6222;cm2;math;multiplication
6223;cm2;math;multiplication
6224;cm2;math;multiplication
6225;cm2;math;multiplication
6226;cm2;math;multiplication
6227;cm2;math;multiplication
6228;cm2;math;multiplication
6229;cm2;math;multiplication
6230;cm2;math;multiplication
6231;cm2;math;multiplication
6232;cm2;math;multiplication
6233;cm2;math;multiplication
6234;cm2;math;multiplication
6235;cm2;math;multiplication
6236;cm2;math;multiplication
6237;cm2;math;multiplication
6238;cm2;math;multiplication
6239;cm2;math;multiplication
6240;cm2;math;multiplication
6241;cm2;math;multiplication
6242;cm2;math;multiplication
6243;cm2;math;multiplication
6244;cm2;math;multiplication
6245;cm2;math;multiplication
6246;cm2;math;multiplication
6247;cm2;math;multiplication
6248;cm2;math;multiplication
6249;cm2;math;multiplication
6250;cm2;math;multiplication
6251;cm2;math;multiplication
6252;cm2;math;multiplication
6253;cm2;math;multiplication
6254;cm2;math;multiplication
6255;cm2;math;multiplication
6256;cm2;math;multiplication
6257;cm2;math;multiplication
6258;cm2;math;multiplication
6259;cm2;math;multiplication
6260;cm2;math;multiplication
6261;cm2;math;multiplication
6262;cm2;math;multiplication
6263;cm2;math;multiplication
6264;cm2;math;multiplication
6265;cm2;math;multiplication
6266;cm2;math;multiplication
6267;cm2;math;multiplication
6268;cm2;math;multiplication
6269;cm2;math;multiplication
6270;cm2;math;division
6271;cm2;math;division
6272;cm2;math;division
6273;cm2;math;division
6274;cm2;math;division
6275;cm2;math;division
6276;cm2;math;division
6277;cm2;math;division
6278;cm2;math;division
6279;cm2;math;division
6280;cm2;math;division
6281;cm2;math;division
6282;cm2;math;division
6283;cm2;math;division
6284;cm2;math;division
6285;cm2;math;division
6286;cm2;math;division
6287;cm2;math;division
6288;cm2;math;division
6289;cm2;math;division
6290;cm2;math;division
6291;cm2;math;division
6292;cm2;math;division
6293;cm2;math;division
6294;cm2;math;division
6295;cm2;math;division
6296;cm2;math;division
6297;cm2;math;division
6298;cm2;math;division
6299;cm2;math;division
6300;cm2;math;division
6301;cm2;math;division
6302;cm2;math;division
6303;cm2;math;division
6304;cm2;math;division
6305;cm2;math;division
6306;cm2;math;division
6307;cm2;math;division
6308;cm2;math;division
6309;cm2;math;division
6310;cm2;math;division
6311;cm2;math;division
6312;cm2;math;division
6313;cm2;math;division
6314;cm2;math;division
6315;cm2;math;division
6316;cm2;math;division
6317;cm2;math;division
6318;cm2;math;division
6319;cm2;math;division
6320;cm2;math;division
6321;cm2;math;division
6322;cm2;math;division
6323;cm2;math;division
6324;cm2;math;division
6325;cm2;math;division
6326;cm2;math;division
6327;cm2;math;division
6328;cm2;math;division
6329;cm2;math;division
6330;cm2;math;division
6331;cm2;math;division
6332;cm2;math;division
6333;cm2;math;division
6334;cm2;math;division
6335;cm2;math;division
6336;cm2;math;division
6337;cm2;math;division
6338;cm2;math;division
6339;cm2;math;division
6340;cm2;math;division
6341;cm2;math;division
6342;cm2;math;division
6343;cm2;math;division
6344;cm2;math;division
6345;cm2;math;division
6346;cm2;math;division
6347;cm2;math;division
6348;cm2;math;division
6349;cm2;math;division
6350;cm2;math;pourcentages
6351;cm2;math;pourcentages
6352;cm2;math;pourcentages
6353;cm2;math;pourcentages
6354;cm2;math;pourcentages
6355;cm2;math;pourcentages
6356;cm2;math;pourcentages
6357;cm2;math;pourcentages
6358;cm2;math;pourcentages
6359;cm2;math;pourcentages
6360;cm2;math;pourcentages
6361;cm2;math;pourcentages
6362;cm2;math;pourcentages
6363;cm2;math;pourcentages
6364;cm2;math;pourcentages
6365;cm2;math;pourcentages
6366;cm2;math;pourcentages
6367;cm2;math;pourcentages
6368;cm2;math;pourcentages
6369;cm2;math;pourcentages
6370;cm2;math;pourcentages
6371;cm2;math;pourcentages
6372;cm2;math;pourcentages
6373;cm2;math;pourcentages
6374;cm2;math;pourcentages
6375;cm2;math;pourcentages
6376;cm2;math;pourcentages
6377;cm2;math;pourcentages
6378;cm2;math;pourcentages
6379;cm2;math;pourcentages
6380;cm2;math;pourcentages
6381;cm2;math;pourcentages
6382;cm2;math;pourcentages
6383;cm2;math;pourcentages
6384;cm2;math;pourcentages
6385;cm2;math;pourcentages
6386;cm2;math;pourcentages
6387;cm2;math;pourcentages
6388;cm2;math;pourcentages
6389;cm2;math;pourcentages
6390;cm2;math;pourcentages
6391;cm2;math;pourcentages
6392;cm2;math;pourcentages
6393;cm2;math;pourcentages
6394;cm2;math;pourcentages
6395;cm2;math;pourcentages
6396;cm2;math;pourcentages
6397;cm2;math;pourcentages
6398;cm2;math;pourcentages
6399;cm2;math;pourcentages
6400;cm2;math;pourcentages
6401;cm2;math;pourcentages
6402;cm2;math;pourcentages
6403;cm2;math;pourcentages
6404;cm2;math;pourcentages
6405;cm2;math;pourcentages
6406;cm2;math;pourcentages
6407;cm2;math;pourcentages
6408;cm2;math;pourcentages
6409;cm2;math;pourcentages
6410;cm2;math;pourcentages
6411;cm2;math;pourcentages
6412;cm2;math;pourcentages
6413;cm2;math;pourcentages
6414;cm2;math;pourcentages
6415;cm2;math;pourcentages
6416;cm2;math;pourcentages
6417;cm2;math;pourcentages
6418;cm2;math;pourcentages
6419;cm2;math;pourcentages
6420;cm2;math;fractions
6421;cm2;math;fractions
6422;cm2;math;fractions
6423;cm2;math;fractions
6424;cm2;math;fractions
6425;cm2;math;fractions
6426;cm2;math;fractions
6427;cm2;math;fractions
6428;cm2;math;fractions
6429;cm2;math;fractions
6430;cm2;math;fractions
6431;cm2;math;fractions
6432;cm2;math;fractions
6433;cm2;math;fractions
6434;cm2;math;fractions
6435;cm2;math;fractions
6436;cm2;math;fractions
6437;cm2;math;fractions
6438;cm2;math;fractions
6439;cm2;math;fractions
6440;cm2;math;fractions
6441;cm2;math;fractions
6442;cm2;math;fractions
6443;cm2;math;fractions
6444;cm2;math;fractions
6445;cm2;math;fractions
6446;cm2;math;fractions
6447;cm2;math;fractions
6448;cm2;math;fractions
6449;cm2;math;fractions
6450;cm2;math;fractions
6451;cm2;math;fractions
6452;cm2;math;fractions
6453;cm2;math;fractions
6454;cm2;math;fractions
6455;cm2;math;fractions
6456;cm2;math;fractions
6457;cm2;math;fractions
6458;cm2;math;fractions
6459;cm2;math;fractions
6460;cm2;math;fractions
6461;cm2;math;fractions
6462;cm2;math;fractions
6463;cm2;math;fractions
6464;cm2;math;fractions
6465;cm2;math;fractions
6466;cm2;math;fractions
6467;cm2;math;fractions
6468;cm2;math;fractions
6469;cm2;math;fractions
6470;cm2;math;fractions
6471;cm2;math;fractions
6472;cm2;math;fractions
6473;cm2;math;fractions
6474;cm2;math;fractions
6475;cm2;math;fractions
6476;cm2;math;fractions
6477;cm2;math;fractions
6478;cm2;math;fractions
6479;cm2;math;fractions
6480;cm2;math;fractions
6481;cm2;math;fractions
6482;cm2;math;fractions
6483;cm2;math;fractions
6484;cm2;math;fractions
6485;cm2;math;fractions
6486;cm2;math;fractions
6487;cm2;math;fractions
6488;cm2;math;fractions
6489;cm2;math;fractions
6490;cm2;math;fractions
6491;cm2;math;fractions
6492;cm2;math;fractions
6493;cm2;math;fractions
6494;cm2;math;fractions
6495;cm2;math;fractions
6496;cm2;math;fractions
6497;cm2;math;fractions
6498;cm2;math;fractions
6499;cm2;math;fractions
6500;cm2;math;fractions
6501;cm2;math;fractions
6502;cm2;math;fractions
6503;cm2;math;fractions
6504;cm2;math;fractions
6505;cm2;math;fractions
6506;cm2;math;fractions
6507;cm2;math;fractions
6508;cm2;math;fractions
6509;cm2;math;fractions
6510;cm2;math;fractions
6511;cm2;math;fractions
6512;cm2;math;fractions
6513;cm2;math;fractions
6514;cm2;math;fractions
6515;cm2;math;fractions
6516;cm2;math;fractions
6517;cm2;math;fractions
6518;cm2;math;fractions
6519;cm2;math;fractions
6520;cm2;math;proportionnalite
6521;cm2;math;proportionnalite
6522;cm2;math;proportionnalite
6523;cm2;math;proportionnalite
6524;cm2;math;proportionnalite
6525;cm2;math;proportionnalite
6526;cm2;math;proportionnalite
6527;cm2;math;proportionnalite
6528;cm2;math;proportionnalite
6529;cm2;math;proportionnalite
6530;cm2;math;proportionnalite
6531;cm2;math;proportionnalite
6532;cm2;math;proportionnalite
6533;cm2;math;proportionnalite
6534;cm2;math;proportionnalite
6535;cm2;math;proportionnalite
6536;cm2;math;proportionnalite
6537;cm2;math;proportionnalite
6538;cm2;math;proportionnalite
6539;cm2;math;proportionnalite
6540;cm2;math;proportionnalite
6541;cm2;math;proportionnalite
6542;cm2;math;proportionnalite
6543;cm2;math;proportionnalite
6544;cm2;math;proportionnalite
6545;cm2;math;proportionnalite
6546;cm2;math;proportionnalite
6547;cm2;math;proportionnalite
6548;cm2;math;proportionnalite
6549;cm2;math;proportionnalite
6550;cm2;math;proportionnalite
6551;cm2;math;proportionnalite
6552;cm2;math;proportionnalite
6553;cm2;math;proportionnalite
6554;cm2;math;proportionnalite
6555;cm2;math;proportionnalite
6556;cm2;math;proportionnalite
6557;cm2;math;proportionnalite
6558;cm2;math;proportionnalite
6559;cm2;math;proportionnalite
6560;cm2;math;proportionnalite
6561;cm2;math;proportionnalite
6562;cm2;math;proportionnalite
6563;cm2;math;proportionnalite
6564;cm2;math;proportionnalite
6565;cm2;math;proportionnalite
6566;cm2;math;proportionnalite
6567;cm2;math;proportionnalite
6568;cm2;math;proportionnalite
6569;cm2;math;proportionnalite
6570;cm2;math;proportionnalite
6571;cm2;math;proportionnalite
6572;cm2;math;proportionnalite
6573;cm2;math;proportionnalite
6574;cm2;math;proportionnalite
6575;cm2;math;proportionnalite
6576;cm2;math;proportionnalite
6577;cm2;math;proportionnalite
6578;cm2;math;proportionnalite
6579;cm2;math;proportionnalite
6580;cm2;math;proportionnalite
6581;cm2;math;proportionnalite
6582;cm2;math;proportionnalite
6583;cm2;math;proportionnalite
6584;cm2;math;proportionnalite
6585;cm2;math;proportionnalite
6586;cm2;math;proportionnalite
6587;cm2;math;proportionnalite
6588;cm2;math;proportionnalite
6589;cm2;math;proportionnalite
6590;cm2;math;proportionnalite
6591;cm2;math;proportionnalite
6592;cm2;math;proportionnalite
6593;cm2;math;proportionnalite
6594;cm2;math;proportionnalite
6595;cm2;math;proportionnalite
6596;cm2;math;proportionnalite
6597;cm2;math;proportionnalite
6598;cm2;math;proportionnalite
6599;cm2;math;proportionnalite
6600;cm2;math;proportionnalite
6601;cm2;math;proportionnalite
6602;cm2;math;proportionnalite
6603;cm2;math;proportionnalite
6604;cm2;math;proportionnalite
6605;cm2;math;proportionnalite
6606;cm2;math;proportionnalite
6607;cm2;math;proportionnalite
6608;cm2;math;proportionnalite
6609;cm2;math;proportionnalite
6610;cm2;math;proportionnalite
6611;cm2;math;proportionnalite
6612;cm2;math;proportionnalite
6613;cm2;math;proportionnalite
6614;cm2;math;proportionnalite
6615;cm2;math;proportionnalite
6616;cm2;math;proportionnalite
6617;cm2;math;proportionnalite
6618;cm2;math;proportionnalite
6619;cm2;math;proportionnalite
6620;cm2;math;aire
6621;cm2;math;aire
6622;cm2;math;aire
6623;cm2;math;aire
6624;cm2;math;aire
6625;cm2;math;aire
6626;cm2;math;aire
6627;cm2;math;aire
6628;cm2;math;aire
6629;cm2;math;aire
6630;cm2;math;aire
6631;cm2;math;aire
6632;cm2;math;aire
6633;cm2;math;aire
6634;cm2;math;aire
6635;cm2;math;aire
6636;cm2;math;aire
6637;cm2;math;aire
6638;cm2;math;aire
6639;cm2;math;aire
6640;cm2;math;aire
6641;cm2;math;aire
6642;cm2;math;aire
6643;cm2;math;aire
6644;cm2;math;aire
6645;cm2;math;aire
6646;cm2;math;aire
6647;cm2;math;aire
6648;cm2;math;aire
6649;cm2;math;aire
6650;cm2;math;aire
6651;cm2;math;aire
6652;cm2;math;aire
6653;cm2;math;aire
6654;cm2;math;aire
6655;cm2;math;aire
6656;cm2;math;aire
6657;cm2;math;aire
6658;cm2;math;aire
6659;cm2;math;aire
6660;cm2;math;aire
6661;cm2;math;aire
6662;cm2;math;aire
6663;cm2;math;aire
6664;cm2;math;aire
6665;cm2;math;aire
6666;cm2;math;aire
6667;cm2;math;aire
6668;cm2;math;aire
6669;cm2;math;aire
6670;cm2;math;volume
6671;cm2;math;volume
6672;cm2;math;volume
6673;cm2;math;volume
6674;cm2;math;volume
6675;cm2;math;volume
6676;cm2;math;volume
6677;cm2;math;volume
6678;cm2;math;volume
6679;cm2;math;volume
6680;cm2;math;volume
6681;cm2;math;volume
6682;cm2;math;volume
6683;cm2;math;volume
6684;cm2;math;volume
6685;cm2;math;volume
6686;cm2;math;volume
6687;cm2;math;volume
6688;cm2;math;volume
6689;cm2;math;volume
6690;cm2;math;volume
6691;cm2;math;volume
6692;cm2;math;volume
6693;cm2;math;volume
6694;cm2;math;volume
6695;cm2;math;volume
6696;cm2;math;volume
6697;cm2;math;volume
6698;cm2;math;volume
6699;cm2;math;volume
6700;cm2;math;volume
6701;cm2;math;volume
6702;cm2;math;volume
6703;cm2;math;volume
6704;cm2;math;volume
6705;cm2;math;volume
6706;cm2;math;volume
6707;cm2;math;volume
6708;cm2;math;volume
6709;cm2;math;volume
6710;cm2;math;mesures
6711;cm2;math;mesures
6712;cm2;math;mesures
6713;cm2;math;mesures
6714;cm2;math;mesures
6715;cm2;math;mesures
6716;cm2;math;mesures
6717;cm2;math;mesures
6718;cm2;math;mesures
6719;cm2;math;mesures
6720;cm2;math;mesures
6721;cm2;math;mesures
6722;cm2;math;mesures
6723;cm2;math;mesures
6724;cm2;math;mesures
6725;cm2;math;mesures
6726;cm2;math;mesures
6727;cm2;math;mesures
6728;cm2;math;mesures
6729;cm2;math;mesures
6730;cm2;math;mesures
6731;cm2;math;mesures
6732;cm2;math;mesures
6733;cm2;math;mesures
6734;cm2;math;mesures
6735;cm2;math;mesures
6736;cm2;math;mesures
6737;cm2;math;mesures
6738;cm2;math;mesures
6739;cm2;math;mesures
6740;cm2;math;mesures
6741;cm2;math;mesures
6742;cm2;math;mesures
6743;cm2;math;mesures
6744;cm2;math;mesures
6745;cm2;math;mesures
6746;cm2;math;mesures
6747;cm2;math;mesures
6748;cm2;math;mesures
6749;cm2;math;mesures
6750;cm2;math;mesures
6751;cm2;math;mesures
6752;cm2;math;mesures
6753;cm2;math;mesures
6754;cm2;math;mesures
6755;cm2;math;mesures
6756;cm2;math;mesures
6757;cm2;math;mesures
6758;cm2;math;mesures
6759;cm2;math;mesures
6760;cm2;math;numeration
6761;cm2;math;numeration
6762;cm2;math;numeration
6763;cm2;math;numeration
6764;cm2;math;numeration
6765;cm2;math;numeration
6766;cm2;math;numeration
6767;cm2;math;numeration
6768;cm2;math;numeration
6769;cm2;math;numeration
6770;cm2;math;numeration
6771;cm2;math;numeration
6772;cm2;math;numeration
6773;cm2;math;numeration
6774;cm2;math;numeration
6775;cm2;math;numeration
6776;cm2;math;numeration
6777;cm2;math;numeration
6778;cm2;math;numeration
6779;cm2;math;numeration
6780;cm2;math;numeration
6781;cm2;math;numeration
6782;cm2;math;numeration
6783;cm2;math;numeration
6784;cm2;math;numeration
6785;cm2;math;numeration
6786;cm2;math;numeration
6787;cm2;math;numeration
6788;cm2;math;numeration
6789;cm2;math;numeration
6790;cm2;math;numeration
6791;cm2;math;numeration
6792;cm2;math;numeration
6793;cm2;math;numeration
6794;cm2;math;numeration
6795;cm2;math;numeration
6796;cm2;math;numeration
6797;cm2;math;numeration
6798;cm2;math;numeration
6799;cm2;math;numeration
12080;cm2;orthographe;homophones
12081;cm2;orthographe;homophones
12082;cm2;orthographe;homophones
12083;cm2;orthographe;homophones
12084;cm2;orthographe;homophones
12085;cm2;orthographe;homophones
12086;cm2;orthographe;homophones
12087;cm2;orthographe;homophones
12088;cm2;orthographe;homophones
12089;cm2;orthographe;homophones
12090;cm2;orthographe;homophones
12091;cm2;orthographe;homophones
12092;cm2;orthographe;homophones
12093;cm2;orthographe;homophones
12094;cm2;orthographe;homophones
12095;cm2;orthographe;formation_mots
12096;cm2;orthographe;formation_mots
12097;cm2;orthographe;formation_mots
12098;cm2;orthographe;formation_mots
12099;cm2;orthographe;formation_mots
12100;cm2;orthographe;vocabulaire_sens
12101;cm2;orthographe;formation_mots
12102;cm2;orthographe;vocabulaire_sens
12103;cm2;orthographe;formation_mots
12104;cm2;orthographe;formation_mots
12105;cm2;orthographe;formation_mots
12106;cm2;orthographe;formation_mots
12107;cm2;orthographe;vocabulaire_sens
12108;cm2;orthographe;formation_mots
12109;cm2;orthographe;vocabulaire_sens
12110;cm2;orthographe;orthographe_mots
12111;cm2;orthographe;accents
12112;cm2;orthographe;accents
12113;cm2;orthographe;accents
12114;cm2;orthographe;orthographe_mots
12115;cm2;orthographe;orthographe_mots
12116;cm2;orthographe;orthographe_mots
39000;cm2;orthographe;homophones
39001;cm2;orthographe;homophones
39002;cm2;orthographe;homophones
39003;cm2;orthographe;homophones
39004;cm2;orthographe;homophones
39005;cm2;orthographe;homophones
39006;cm2;orthographe;homophones
39007;cm2;orthographe;homophones
39008;cm2;orthographe;homophones
39009;cm2;orthographe;homophones
39010;cm2;orthographe;homophones
39011;cm2;orthographe;homophones
39012;cm2;orthographe;homophones
39013;cm2;orthographe;homophones
39014;cm2;orthographe;homophones
39015;cm2;orthographe;homophones
39016;cm2;orthographe;homophones
39017;cm2;orthographe;homophones
39018;cm2;orthographe;homophones
39019;cm2;orthographe;homophones
39020;cm2;orthographe;homophones
39021;cm2;orthographe;homophones
39022;cm2;orthographe;homophones
39023;cm2;orthographe;homophones
39024;cm2;orthographe;homophones
39025;cm2;orthographe;homophones
39026;cm2;orthographe;homophones
39027;cm2;orthographe;homophones
39028;cm2;orthographe;homophones
39029;cm2;orthographe;homophones
39030;cm2;orthographe;formation_mots
39031;cm2;orthographe;formation_mots
39032;cm2;orthographe;formation_mots
39033;cm2;orthographe;formation_mots
39034;cm2;orthographe;formation_mots
39035;cm2;orthographe;formation_mots
39036;cm2;orthographe;formation_mots
39037;cm2;orthographe;formation_mots
39038;cm2;orthographe;formation_mots
39039;cm2;orthographe;formation_mots
39040;cm2;orthographe;formation_mots
39041;cm2;orthographe;formation_mots
39042;cm2;orthographe;formation_mots
39043;cm2;orthographe;formation_mots
39044;cm2;orthographe;formation_mots
39045;cm2;orthographe;formation_mots
39046;cm2;orthographe;formation_mots
39047;cm2;orthographe;formation_mots
39048;cm2;orthographe;formation_mots
39049;cm2;orthographe;formation_mots
39050;cm2;orthographe;formation_mots
39051;cm2;orthographe;formation_mots
39052;cm2;orthographe;formation_mots
39053;cm2;orthographe;formation_mots
39054;cm2;orthographe;formation_mots
39055;cm2;orthographe;formation_mots
39056;cm2;orthographe;formation_mots
39057;cm2;orthographe;formation_mots
39058;cm2;orthographe;formation_mots
39059;cm2;orthographe;formation_mots
39060;cm2;orthographe;formation_mots
39061;cm2;orthographe;formation_mots
39062;cm2;orthographe;formation_mots
39063;cm2;orthographe;formation_mots
39064;cm2;orthographe;formation_mots
39065;cm2;orthographe;formation_mots
39066;cm2;orthographe;formation_mots
39067;cm2;orthographe;accents
39068;cm2;orthographe;accents
39069;cm2;orthographe;accents
39070;cm2;orthographe;accents
39071;cm2;orthographe;accents
39072;cm2;orthographe;accents
39073;cm2;orthographe;accents
39074;cm2;orthographe;accents
39075;cm2;orthographe;accents
39076;cm2;orthographe;accents
39077;cm2;orthographe;accents
39078;cm2;orthographe;accents
39079;cm2;orthographe;accents
39080;cm2;orthographe;accents
39081;cm2;orthographe;accents
39082;cm2;orthographe;accents
39083;cm2;orthographe;accents
39084;cm2;orthographe;orthographe_mots
39085;cm2;orthographe;orthographe_mots
39086;cm2;orthographe;orthographe_mots
39087;cm2;orthographe;orthographe_mots
39088;cm2;orthographe;orthographe_mots
39089;cm2;orthographe;orthographe_mots
39090;cm2;orthographe;orthographe_mots
39091;cm2;orthographe;orthographe_mots
39092;cm2;orthographe;orthographe_mots
39093;cm2;orthographe;orthographe_mots
39094;cm2;orthographe;orthographe_mots
39095;cm2;orthographe;orthographe_mots
39096;cm2;orthographe;accents
39097;cm2;orthographe;accents
39098;cm2;orthographe;accents
39099;cm2;orthographe;accents
39100;cm2;orthographe;accents
39101;cm2;orthographe;accents
39102;cm2;orthographe;accents
39103;cm2;orthographe;accents
39104;cm2;orthographe;accents
39105;cm2;orthographe;accents
39106;cm2;orthographe;accents
39107;cm2;orthographe;accents
39108;cm2;orthographe;accents
39109;cm2;orthographe;accents
39110;cm2;orthographe;accents
39111;cm2;orthographe;accents
39112;cm2;orthographe;accents
39113;cm2;orthographe;accents
39114;cm2;orthographe;accents
39115;cm2;orthographe;accents
39116;cm2;orthographe;accents
39117;cm2;orthographe;accents
39118;cm2;orthographe;accents
39119;cm2;orthographe;accents
39120;cm2;orthographe;accents
39121;cm2;orthographe;accents
39122;cm2;orthographe;accents
39123;cm2;orthographe;accents
39124;cm2;orthographe;accents
39125;cm2;orthographe;accents
39126;cm2;orthographe;accents
39127;cm2;orthographe;accents
39128;cm2;orthographe;accents
39129;cm2;orthographe;accents
39130;cm2;orthographe;accents
39131;cm2;orthographe;accents
39132;cm2;orthographe;accents
39133;cm2;orthographe;accents
39134;cm2;orthographe;accents
39135;cm2;orthographe;accents
39136;cm2;orthographe;orthographe_mots
39137;cm2;orthographe;orthographe_mots
39138;cm2;orthographe;orthographe_mots
39139;cm2;orthographe;orthographe_mots
39140;cm2;orthographe;orthographe_mots
39141;cm2;orthographe;orthographe_mots
39142;cm2;orthographe;orthographe_mots
39143;cm2;orthographe;orthographe_mots
39144;cm2;orthographe;orthographe_mots
39145;cm2;orthographe;orthographe_mots
39146;cm2;orthographe;orthographe_mots
39147;cm2;orthographe;orthographe_mots
39148;cm2;orthographe;orthographe_mots
39149;cm2;orthographe;orthographe_mots
39150;cm2;orthographe;orthographe_mots
39151;cm2;orthographe;orthographe_mots
39152;cm2;orthographe;orthographe_mots
39153;cm2;orthographe;orthographe_mots
39154;cm2;orthographe;orthographe_mots
39155;cm2;orthographe;orthographe_mots
39156;cm2;orthographe;orthographe_mots
39157;cm2;orthographe;orthographe_mots
39158;cm2;orthographe;orthographe_mots
39159;cm2;orthographe;orthographe_mots
39160;cm2;orthographe;orthographe_mots
39161;cm2;orthographe;orthographe_mots
39162;cm2;orthographe;orthographe_mots
39163;cm2;orthographe;orthographe_mots
39164;cm2;orthographe;orthographe_mots
39165;cm2;orthographe;orthographe_mots
39166;cm2;orthographe;orthographe_mots
39167;cm2;orthographe;orthographe_mots
39168;cm2;orthographe;orthographe_mots
39169;cm2;orthographe;orthographe_mots
39170;cm2;orthographe;orthographe_mots
39171;cm2;orthographe;orthographe_mots
39172;cm2;orthographe;formation_mots
39173;cm2;orthographe;formation_mots
39174;cm2;orthographe;formation_mots
39175;cm2;orthographe;formation_mots
39176;cm2;orthographe;formation_mots
39177;cm2;orthographe;formation_mots
39178;cm2;orthographe;formation_mots
39179;cm2;orthographe;formation_mots
39180;cm2;orthographe;formation_mots
39181;cm2;orthographe;formation_mots
39182;cm2;orthographe;formation_mots
39183;cm2;orthographe;formation_mots
39184;cm2;orthographe;formation_mots
39185;cm2;orthographe;formation_mots
39186;cm2;orthographe;formation_mots
39187;cm2;orthographe;formation_mots
39188;cm2;orthographe;formation_mots
39189;cm2;orthographe;formation_mots
39190;cm2;orthographe;formation_mots
39191;cm2;orthographe;formation_mots
39192;cm2;orthographe;formation_mots
39193;cm2;orthographe;formation_mots
39194;cm2;orthographe;formation_mots
39195;cm2;orthographe;formation_mots
39196;cm2;orthographe;homophones
39197;cm2;orthographe;homophones
39198;cm2;orthographe;homophones
39199;cm2;orthographe;homophones
39200;cm2;orthographe;homophones
39201;cm2;orthographe;homophones
39202;cm2;orthographe;homophones
39203;cm2;orthographe;homophones
39204;cm2;orthographe;homophones
39205;cm2;orthographe;homophones
39206;cm2;orthographe;homophones
39207;cm2;orthographe;homophones
39208;cm2;orthographe;homophones
39209;cm2;orthographe;homophones
39210;cm2;orthographe;homophones
39211;cm2;orthographe;homophones
39212;cm2;orthographe;homophones
39213;cm2;orthographe;homophones
39214;cm2;orthographe;homophones
39215;cm2;orthographe;homophones
39216;cm2;orthographe;homophones
39217;cm2;orthographe;homophones
39218;cm2;orthographe;homophones
39219;cm2;orthographe;homophones
39220;cm2;orthographe;homophones
39221;cm2;orthographe;homophones
39222;cm2;orthographe;orthographe_mots
39223;cm2;orthographe;orthographe_mots
39224;cm2;orthographe;orthographe_mots
39225;cm2;orthographe;orthographe_mots
39226;cm2;orthographe;orthographe_mots
39227;cm2;orthographe;orthographe_mots
39228;cm2;orthographe;orthographe_mots
39229;cm2;orthographe;orthographe_mots
39230;cm2;orthographe;orthographe_mots
39231;cm2;orthographe;orthographe_mots
39232;cm2;orthographe;orthographe_mots
39233;cm2;orthographe;orthographe_mots
39234;cm2;orthographe;orthographe_mots
39235;cm2;orthographe;orthographe_mots
39236;cm2;orthographe;orthographe_mots
39237;cm2;orthographe;orthographe_mots
39238;cm2;orthographe;orthographe_mots
39239;cm2;orthographe;orthographe_mots
39240;cm2;orthographe;orthographe_mots
39241;cm2;orthographe;orthographe_mots
39242;cm2;orthographe;orthographe_mots
39243;cm2;orthographe;orthographe_mots
39244;cm2;orthographe;orthographe_mots
39245;cm2;orthographe;orthographe_mots
39246;cm2;orthographe;orthographe_mots
39247;cm2;orthographe;orthographe_mots
39248;cm2;orthographe;orthographe_mots
39249;cm2;orthographe;orthographe_mots
39250;cm2;orthographe;orthographe_mots
39251;cm2;orthographe;orthographe_mots
39252;cm2;orthographe;orthographe_mots
39253;cm2;orthographe;orthographe_mots
39254;cm2;orthographe;orthographe_mots
39255;cm2;orthographe;orthographe_mots
39256;cm2;orthographe;orthographe_mots
39257;cm2;orthographe;orthographe_mots
39258;cm2;orthographe;orthographe_mots
39259;cm2;orthographe;orthographe_mots
39260;cm2;orthographe;orthographe_mots
39261;cm2;orthographe;orthographe_mots
39262;cm2;orthographe;orthographe_mots
39263;cm2;orthographe;orthographe_mots
39264;cm2;orthographe;orthographe_mots
39265;cm2;orthographe;orthographe_mots
39266;cm2;orthographe;orthographe_mots
39267;cm2;orthographe;orthographe_mots
39268;cm2;orthographe;orthographe_mots
39269;cm2;orthographe;orthographe_mots
39270;cm2;orthographe;orthographe_mots
39271;cm2;orthographe;orthographe_mots
39272;cm2;orthographe;orthographe_mots
39273;cm2;orthographe;orthographe_mots
39274;cm2;orthographe;orthographe_mots
39275;cm2;orthographe;orthographe_mots
39276;cm2;orthographe;orthographe_mots
39277;cm2;orthographe;orthographe_mots
39278;cm2;orthographe;orthographe_mots
39279;cm2;orthographe;orthographe_mots
39280;cm2;orthographe;orthographe_mots
39281;cm2;orthographe;orthographe_mots
39282;cm2;orthographe;orthographe_mots
39283;cm2;orthographe;orthographe_mots
39284;cm2;orthographe;orthographe_mots
39285;cm2;orthographe;orthographe_mots
39286;cm2;orthographe;orthographe_mots
39287;cm2;orthographe;orthographe_mots
39288;cm2;orthographe;orthographe_mots
39289;cm2;orthographe;orthographe_mots
39290;cm2;orthographe;orthographe_mots
39291;cm2;orthographe;orthographe_mots
39292;cm2;orthographe;orthographe_mots
39293;cm2;orthographe;orthographe_mots
39294;cm2;orthographe;orthographe_mots
39295;cm2;orthographe;orthographe_mots
39296;cm2;orthographe;orthographe_mots
39297;cm2;orthographe;orthographe_mots
39298;cm2;orthographe;orthographe_mots
39299;cm2;orthographe;orthographe_mots
39300;cm2;orthographe;orthographe_mots
39301;cm2;orthographe;orthographe_mots
39302;cm2;orthographe;orthographe_mots
39303;cm2;orthographe;orthographe_mots
39304;cm2;orthographe;orthographe_mots
39305;cm2;orthographe;orthographe_mots
39306;cm2;orthographe;orthographe_mots
39307;cm2;orthographe;orthographe_mots
39308;cm2;orthographe;orthographe_mots
39309;cm2;orthographe;orthographe_mots
39310;cm2;orthographe;orthographe_mots
39311;cm2;orthographe;orthographe_mots
39312;cm2;orthographe;orthographe_mots
39313;cm2;orthographe;orthographe_mots
39314;cm2;orthographe;orthographe_mots
39315;cm2;orthographe;orthographe_mots
39316;cm2;orthographe;orthographe_mots
39317;cm2;orthographe;orthographe_mots
39318;cm2;orthographe;orthographe_mots
39319;cm2;orthographe;orthographe_mots
39320;cm2;orthographe;orthographe_mots
39321;cm2;orthographe;orthographe_mots
39322;cm2;orthographe;orthographe_mots
39323;cm2;orthographe;orthographe_mots
39324;cm2;orthographe;orthographe_mots
39325;cm2;orthographe;orthographe_mots
39326;cm2;orthographe;orthographe_mots
39327;cm2;orthographe;orthographe_mots
39328;cm2;orthographe;orthographe_mots
39329;cm2;orthographe;orthographe_mots
39330;cm2;orthographe;orthographe_mots
39331;cm2;orthographe;orthographe_mots
39332;cm2;orthographe;orthographe_mots
39333;cm2;orthographe;orthographe_mots
39334;cm2;orthographe;orthographe_mots
39335;cm2;orthographe;orthographe_mots
39336;cm2;orthographe;orthographe_mots
39337;cm2;orthographe;orthographe_mots
39338;cm2;orthographe;orthographe_mots
39339;cm2;orthographe;orthographe_mots
39340;cm2;orthographe;orthographe_mots
39341;cm2;orthographe;orthographe_mots
39342;cm2;orthographe;orthographe_mots
39343;cm2;orthographe;orthographe_mots
39344;cm2;orthographe;orthographe_mots
39345;cm2;orthographe;orthographe_mots
39346;cm2;orthographe;orthographe_mots
39347;cm2;orthographe;orthographe_mots
39348;cm2;orthographe;orthographe_mots
39349;cm2;orthographe;orthographe_mots
39350;cm2;orthographe;orthographe_mots
39351;cm2;orthographe;orthographe_mots
39352;cm2;orthographe;orthographe_mots
39353;cm2;orthographe;orthographe_mots
39354;cm2;orthographe;orthographe_mots
39355;cm2;orthographe;orthographe_mots
39356;cm2;orthographe;orthographe_mots
39357;cm2;orthographe;orthographe_mots
39358;cm2;orthographe;orthographe_mots
39359;cm2;orthographe;orthographe_mots
39360;cm2;orthographe;orthographe_mots
39361;cm2;orthographe;orthographe_mots
39362;cm2;orthographe;orthographe_mots
39363;cm2;orthographe;orthographe_mots
39364;cm2;orthographe;orthographe_mots
39365;cm2;orthographe;orthographe_mots
39366;cm2;orthographe;orthographe_mots
39367;cm2;orthographe;orthographe_mots
39368;cm2;orthographe;orthographe_mots
39369;cm2;orthographe;orthographe_mots
39370;cm2;orthographe;orthographe_mots
39371;cm2;orthographe;orthographe_mots
39372;cm2;orthographe;orthographe_mots
39373;cm2;orthographe;orthographe_mots
39374;cm2;orthographe;orthographe_mots
39375;cm2;orthographe;orthographe_mots
39376;cm2;orthographe;orthographe_mots
39377;cm2;orthographe;orthographe_mots
39378;cm2;orthographe;orthographe_mots
39379;cm2;orthographe;orthographe_mots
39380;cm2;orthographe;orthographe_mots
39381;cm2;orthographe;orthographe_mots
39382;cm2;orthographe;orthographe_mots
39383;cm2;orthographe;orthographe_mots
39384;cm2;orthographe;orthographe_mots
39385;cm2;orthographe;orthographe_mots
39386;cm2;orthographe;orthographe_mots
39387;cm2;orthographe;orthographe_mots
39388;cm2;orthographe;orthographe_mots
39389;cm2;orthographe;orthographe_mots
39390;cm2;orthographe;orthographe_mots
39391;cm2;orthographe;orthographe_mots
39392;cm2;orthographe;orthographe_mots
39393;cm2;orthographe;orthographe_mots
39394;cm2;orthographe;orthographe_mots
39395;cm2;orthographe;orthographe_mots
39396;cm2;orthographe;orthographe_mots
39397;cm2;orthographe;orthographe_mots
39398;cm2;orthographe;orthographe_mots
39399;cm2;orthographe;orthographe_mots
39400;cm2;orthographe;orthographe_mots
39401;cm2;orthographe;orthographe_mots
39402;cm2;orthographe;orthographe_mots
39403;cm2;orthographe;orthographe_mots
39404;cm2;orthographe;orthographe_mots
39405;cm2;orthographe;orthographe_mots
39406;cm2;orthographe;orthographe_mots
39407;cm2;orthographe;orthographe_mots
39408;cm2;orthographe;orthographe_mots
39409;cm2;orthographe;orthographe_mots
39410;cm2;orthographe;orthographe_mots
39411;cm2;orthographe;orthographe_mots
39412;cm2;orthographe;orthographe_mots
39413;cm2;orthographe;orthographe_mots
39414;cm2;orthographe;orthographe_mots
39415;cm2;orthographe;orthographe_mots
39416;cm2;orthographe;orthographe_mots
39417;cm2;orthographe;orthographe_mots
39418;cm2;orthographe;orthographe_mots
39419;cm2;orthographe;orthographe_mots
39420;cm2;orthographe;orthographe_mots
39421;cm2;orthographe;orthographe_mots
39422;cm2;orthographe;orthographe_mots
39423;cm2;orthographe;orthographe_mots
39424;cm2;orthographe;orthographe_mots
39425;cm2;orthographe;orthographe_mots
39426;cm2;orthographe;orthographe_mots
39427;cm2;orthographe;orthographe_mots
39428;cm2;orthographe;orthographe_mots
39429;cm2;orthographe;orthographe_mots
39430;cm2;orthographe;orthographe_mots
39431;cm2;orthographe;orthographe_mots
39432;cm2;orthographe;orthographe_mots
39433;cm2;orthographe;orthographe_mots
39434;cm2;orthographe;orthographe_mots
39435;cm2;orthographe;orthographe_mots
39436;cm2;orthographe;orthographe_mots
39437;cm2;orthographe;orthographe_mots
39438;cm2;orthographe;orthographe_mots
39439;cm2;orthographe;orthographe_mots
39440;cm2;orthographe;orthographe_mots
39441;cm2;orthographe;orthographe_mots
39442;cm2;orthographe;orthographe_mots
39443;cm2;orthographe;orthographe_mots
39444;cm2;orthographe;orthographe_mots
39445;cm2;orthographe;orthographe_mots
39446;cm2;orthographe;orthographe_mots
39447;cm2;orthographe;orthographe_mots
39448;cm2;orthographe;orthographe_mots
39449;cm2;orthographe;orthographe_mots
39450;cm2;orthographe;orthographe_mots
39451;cm2;orthographe;orthographe_mots
39452;cm2;orthographe;orthographe_mots
39453;cm2;orthographe;orthographe_mots
39454;cm2;orthographe;orthographe_mots
39455;cm2;orthographe;orthographe_mots
39456;cm2;orthographe;orthographe_mots
39457;cm2;orthographe;orthographe_mots
39458;cm2;orthographe;orthographe_mots
39459;cm2;orthographe;orthographe_mots
39460;cm2;orthographe;orthographe_mots
39461;cm2;orthographe;orthographe_mots
39462;cm2;orthographe;orthographe_mots
39463;cm2;orthographe;orthographe_mots
39464;cm2;orthographe;orthographe_mots
39465;cm2;orthographe;orthographe_mots
39466;cm2;orthographe;orthographe_mots
39467;cm2;orthographe;orthographe_mots
39468;cm2;orthographe;orthographe_mots
39469;cm2;orthographe;orthographe_mots
39470;cm2;orthographe;orthographe_mots
39471;cm2;orthographe;orthographe_mots
39472;cm2;orthographe;orthographe_mots
39473;cm2;orthographe;orthographe_mots
39474;cm2;orthographe;orthographe_mots
39475;cm2;orthographe;orthographe_mots
39476;cm2;orthographe;orthographe_mots
39477;cm2;orthographe;orthographe_mots
39478;cm2;orthographe;orthographe_mots
39479;cm2;orthographe;orthographe_mots
39480;cm2;orthographe;orthographe_mots
39481;cm2;orthographe;orthographe_mots
39482;cm2;orthographe;orthographe_mots
39483;cm2;orthographe;orthographe_mots
39484;cm2;orthographe;orthographe_mots
39485;cm2;orthographe;orthographe_mots
39486;cm2;orthographe;orthographe_mots
39487;cm2;orthographe;orthographe_mots
39488;cm2;orthographe;orthographe_mots
39489;cm2;orthographe;orthographe_mots
39490;cm2;orthographe;orthographe_mots
39491;cm2;orthographe;orthographe_mots
39492;cm2;orthographe;orthographe_mots
39493;cm2;orthographe;orthographe_mots
39494;cm2;orthographe;orthographe_mots
39495;cm2;orthographe;orthographe_mots
39496;cm2;orthographe;orthographe_mots
39497;cm2;orthographe;orthographe_mots
39498;cm2;orthographe;orthographe_mots
39499;cm2;orthographe;orthographe_mots
39500;cm2;orthographe;orthographe_mots
39501;cm2;orthographe;orthographe_mots
39502;cm2;orthographe;orthographe_mots
39503;cm2;orthographe;orthographe_mots
39504;cm2;orthographe;orthographe_mots
39505;cm2;orthographe;orthographe_mots
39506;cm2;orthographe;orthographe_mots
39507;cm2;orthographe;orthographe_mots
39508;cm2;orthographe;orthographe_mots
39509;cm2;orthographe;orthographe_mots
39510;cm2;orthographe;orthographe_mots
39511;cm2;orthographe;orthographe_mots
39512;cm2;orthographe;orthographe_mots
39513;cm2;orthographe;orthographe_mots
39514;cm2;orthographe;orthographe_mots
39515;cm2;orthographe;orthographe_mots
39516;cm2;orthographe;orthographe_mots
39517;cm2;orthographe;orthographe_mots
39518;cm2;orthographe;orthographe_mots
39519;cm2;orthographe;orthographe_mots
39520;cm2;orthographe;orthographe_mots
39521;cm2;orthographe;orthographe_mots
39522;cm2;orthographe;orthographe_mots
39523;cm2;orthographe;orthographe_mots
39524;cm2;orthographe;orthographe_mots
39525;cm2;orthographe;orthographe_mots
39526;cm2;orthographe;orthographe_mots
39527;cm2;orthographe;orthographe_mots
39528;cm2;orthographe;orthographe_mots
39529;cm2;orthographe;orthographe_mots
39530;cm2;orthographe;orthographe_mots
39531;cm2;orthographe;orthographe_mots
39532;cm2;orthographe;orthographe_mots
39533;cm2;orthographe;orthographe_mots
39534;cm2;orthographe;orthographe_mots
39535;cm2;orthographe;orthographe_mots
39536;cm2;orthographe;orthographe_mots
39537;cm2;orthographe;orthographe_mots
39538;cm2;orthographe;orthographe_mots
39539;cm2;orthographe;orthographe_mots
39540;cm2;orthographe;orthographe_mots
39541;cm2;orthographe;orthographe_mots
39542;cm2;orthographe;orthographe_mots
39543;cm2;orthographe;orthographe_mots
39544;cm2;orthographe;orthographe_mots
39545;cm2;orthographe;orthographe_mots
39546;cm2;orthographe;orthographe_mots
39547;cm2;orthographe;orthographe_mots
39548;cm2;orthographe;orthographe_mots
39549;cm2;orthographe;orthographe_mots
39550;cm2;orthographe;orthographe_mots
39551;cm2;orthographe;orthographe_mots
39552;cm2;orthographe;orthographe_mots
39553;cm2;orthographe;orthographe_mots
39554;cm2;orthographe;orthographe_mots
39555;cm2;orthographe;orthographe_mots
39556;cm2;orthographe;orthographe_mots
39557;cm2;orthographe;orthographe_mots
39558;cm2;orthographe;orthographe_mots
39559;cm2;orthographe;orthographe_mots
39560;cm2;orthographe;orthographe_mots
39561;cm2;orthographe;orthographe_mots
39562;cm2;orthographe;orthographe_mots
39563;cm2;orthographe;orthographe_mots
39564;cm2;orthographe;orthographe_mots
39565;cm2;orthographe;orthographe_mots
39566;cm2;orthographe;orthographe_mots
39567;cm2;orthographe;orthographe_mots
39568;cm2;orthographe;orthographe_mots
39569;cm2;orthographe;orthographe_mots
39570;cm2;orthographe;orthographe_mots
39571;cm2;orthographe;orthographe_mots
39572;cm2;orthographe;orthographe_mots
39573;cm2;orthographe;orthographe_mots
39574;cm2;orthographe;orthographe_mots
39575;cm2;orthographe;orthographe_mots
39576;cm2;orthographe;orthographe_mots
39577;cm2;orthographe;orthographe_mots
39578;cm2;orthographe;orthographe_mots
39579;cm2;orthographe;orthographe_mots
39580;cm2;orthographe;orthographe_mots
39581;cm2;orthographe;orthographe_mots
39582;cm2;orthographe;orthographe_mots
39583;cm2;orthographe;orthographe_mots
39584;cm2;orthographe;orthographe_mots
39585;cm2;orthographe;orthographe_mots
39586;cm2;orthographe;orthographe_mots
39587;cm2;orthographe;orthographe_mots
39588;cm2;orthographe;orthographe_mots
39589;cm2;orthographe;orthographe_mots
39590;cm2;orthographe;orthographe_mots
39591;cm2;orthographe;orthographe_mots
39592;cm2;orthographe;orthographe_mots
39593;cm2;orthographe;orthographe_mots
39594;cm2;orthographe;orthographe_mots
39595;cm2;orthographe;orthographe_mots
39596;cm2;orthographe;orthographe_mots
39597;cm2;orthographe;orthographe_mots
39598;cm2;orthographe;orthographe_mots
39599;cm2;orthographe;orthographe_mots
39600;cm2;orthographe;orthographe_mots
39601;cm2;orthographe;orthographe_mots
39602;cm2;orthographe;orthographe_mots
39603;cm2;orthographe;orthographe_mots
39604;cm2;orthographe;orthographe_mots
39605;cm2;orthographe;orthographe_mots
39606;cm2;orthographe;orthographe_mots
39607;cm2;orthographe;orthographe_mots
39608;cm2;orthographe;orthographe_mots
39609;cm2;orthographe;orthographe_mots
39610;cm2;orthographe;orthographe_mots
39611;cm2;orthographe;orthographe_mots
39612;cm2;orthographe;orthographe_mots
39613;cm2;orthographe;orthographe_mots
39614;cm2;orthographe;orthographe_mots
39615;cm2;orthographe;orthographe_mots
39616;cm2;orthographe;orthographe_mots
39617;cm2;orthographe;orthographe_mots
39618;cm2;orthographe;orthographe_mots
39619;cm2;orthographe;orthographe_mots
39620;cm2;orthographe;orthographe_mots
39621;cm2;orthographe;orthographe_mots
39622;cm2;orthographe;orthographe_mots
39623;cm2;orthographe;orthographe_mots
39624;cm2;orthographe;orthographe_mots
39625;cm2;orthographe;orthographe_mots
39626;cm2;orthographe;orthographe_mots
39627;cm2;orthographe;orthographe_mots
39628;cm2;orthographe;orthographe_mots
39629;cm2;orthographe;orthographe_mots
39630;cm2;orthographe;orthographe_mots
39631;cm2;orthographe;orthographe_mots
39632;cm2;orthographe;orthographe_mots
39633;cm2;orthographe;orthographe_mots
39634;cm2;orthographe;orthographe_mots
39635;cm2;orthographe;orthographe_mots
39636;cm2;orthographe;orthographe_mots
39637;cm2;orthographe;orthographe_mots
39638;cm2;orthographe;orthographe_mots
39639;cm2;orthographe;orthographe_mots
39640;cm2;orthographe;orthographe_mots
39641;cm2;orthographe;orthographe_mots
39642;cm2;orthographe;orthographe_mots
39643;cm2;orthographe;orthographe_mots
39644;cm2;orthographe;orthographe_mots
39645;cm2;orthographe;orthographe_mots
39646;cm2;orthographe;orthographe_mots
39647;cm2;orthographe;orthographe_mots
39648;cm2;orthographe;orthographe_mots
39649;cm2;orthographe;orthographe_mots
39650;cm2;orthographe;orthographe_mots
39651;cm2;orthographe;orthographe_mots
39652;cm2;orthographe;orthographe_mots
39653;cm2;orthographe;orthographe_mots
39654;cm2;orthographe;orthographe_mots
39655;cm2;orthographe;orthographe_mots
39656;cm2;orthographe;orthographe_mots
39657;cm2;orthographe;orthographe_mots
39658;cm2;orthographe;orthographe_mots
39659;cm2;orthographe;orthographe_mots
39660;cm2;orthographe;orthographe_mots
39661;cm2;orthographe;orthographe_mots
39662;cm2;orthographe;orthographe_mots
39663;cm2;orthographe;formation_mots
39664;cm2;orthographe;formation_mots
39665;cm2;orthographe;formation_mots
39666;cm2;orthographe;formation_mots
39667;cm2;orthographe;formation_mots
39668;cm2;orthographe;formation_mots
39669;cm2;orthographe;formation_mots
39670;cm2;orthographe;formation_mots
39671;cm2;orthographe;formation_mots
39672;cm2;orthographe;formation_mots
39673;cm2;orthographe;formation_mots
39674;cm2;orthographe;formation_mots
39675;cm2;orthographe;formation_mots
39676;cm2;orthographe;formation_mots
39677;cm2;orthographe;formation_mots
39678;cm2;orthographe;formation_mots
39679;cm2;orthographe;formation_mots
39680;cm2;orthographe;formation_mots
39681;cm2;orthographe;formation_mots
39682;cm2;orthographe;formation_mots
39683;cm2;orthographe;formation_mots
39684;cm2;orthographe;formation_mots
39685;cm2;orthographe;formation_mots
39686;cm2;orthographe;accents
39687;cm2;orthographe;accents
39688;cm2;orthographe;accents
39689;cm2;orthographe;accents
39690;cm2;orthographe;accents
39691;cm2;orthographe;accents
39692;cm2;orthographe;accents
39693;cm2;orthographe;accents
39694;cm2;orthographe;accents
39695;cm2;orthographe;accents
39696;cm2;orthographe;accents
39697;cm2;orthographe;accents
39698;cm2;orthographe;accents
39699;cm2;orthographe;accents
39700;cm2;orthographe;accents
39701;cm2;orthographe;accents
39702;cm2;orthographe;homophones
39703;cm2;orthographe;homophones
39704;cm2;orthographe;homophones
39705;cm2;orthographe;homophones
39706;cm2;orthographe;homophones
39707;cm2;orthographe;homophones
39708;cm2;orthographe;homophones
39709;cm2;orthographe;homophones
39710;cm2;orthographe;homophones
39711;cm2;orthographe;homophones
39712;cm2;orthographe;homophones
39713;cm2;orthographe;homophones
39714;cm2;orthographe;homophones
39715;cm2;orthographe;homophones
39716;cm2;orthographe;homophones
39717;cm2;orthographe;homophones
39718;cm2;orthographe;homophones
39719;cm2;orthographe;homophones
39720;cm2;orthographe;homophones
39721;cm2;orthographe;homophones
39722;cm2;orthographe;homophones
39723;cm2;orthographe;homophones
39724;cm2;orthographe;homophones
39725;cm2;orthographe;homophones
39726;cm2;orthographe;homophones
39727;cm2;orthographe;homophones
39728;cm2;orthographe;homophones
39729;cm2;orthographe;homophones
39730;cm2;orthographe;homophones
39731;cm2;orthographe;homophones
39732;cm2;orthographe;homophones
39733;cm2;orthographe;orthographe_mots
39734;cm2;orthographe;orthographe_mots
39735;cm2;orthographe;orthographe_mots
39736;cm2;orthographe;orthographe_mots
39737;cm2;orthographe;orthographe_mots
39738;cm2;orthographe;orthographe_mots
39739;cm2;orthographe;orthographe_mots
39740;cm2;orthographe;orthographe_mots
39741;cm2;orthographe;orthographe_mots
39742;cm2;orthographe;orthographe_mots
39743;cm2;orthographe;orthographe_mots
39744;cm2;orthographe;orthographe_mots
39745;cm2;orthographe;orthographe_mots
39746;cm2;orthographe;orthographe_mots
39747;cm2;orthographe;orthographe_mots
39748;cm2;orthographe;orthographe_mots
39749;cm2;orthographe;orthographe_mots
39750;cm2;orthographe;orthographe_mots
39751;cm2;orthographe;orthographe_mots
39752;cm2;orthographe;orthographe_mots
39753;cm2;orthographe;orthographe_mots
39754;cm2;orthographe;orthographe_mots
39755;cm2;orthographe;orthographe_mots
39756;cm2;orthographe;orthographe_mots
39757;cm2;orthographe;orthographe_mots
39758;cm2;orthographe;orthographe_mots
39759;cm2;orthographe;orthographe_mots
39760;cm2;orthographe;orthographe_mots
39761;cm2;orthographe;orthographe_mots
39762;cm2;orthographe;orthographe_mots
39763;cm2;orthographe;orthographe_mots
39764;cm2;orthographe;orthographe_mots
39765;cm2;orthographe;orthographe_mots
39766;cm2;orthographe;orthographe_mots
39767;cm2;orthographe;orthographe_mots
39768;cm2;orthographe;orthographe_mots
39769;cm2;orthographe;orthographe_mots
39770;cm2;orthographe;orthographe_mots
39771;cm2;orthographe;orthographe_mots
39772;cm2;orthographe;orthographe_mots
39773;cm2;orthographe;orthographe_mots
39774;cm2;orthographe;orthographe_mots
39775;cm2;orthographe;orthographe_mots
39776;cm2;orthographe;orthographe_mots
39777;cm2;orthographe;orthographe_mots
39778;cm2;orthographe;orthographe_mots
39779;cm2;orthographe;orthographe_mots
39780;cm2;orthographe;orthographe_mots
39781;cm2;orthographe;orthographe_mots
39782;cm2;orthographe;orthographe_mots
39783;cm2;orthographe;orthographe_mots
39784;cm2;orthographe;orthographe_mots
39785;cm2;orthographe;orthographe_mots
39786;cm2;orthographe;orthographe_mots
39787;cm2;orthographe;orthographe_mots
39788;cm2;orthographe;orthographe_mots
39789;cm2;orthographe;orthographe_mots
39790;cm2;orthographe;orthographe_mots
39791;cm2;orthographe;orthographe_mots
39792;cm2;orthographe;orthographe_mots
39793;cm2;orthographe;orthographe_mots
39794;cm2;orthographe;orthographe_mots
39795;cm2;orthographe;orthographe_mots
39796;cm2;orthographe;orthographe_mots
39797;cm2;orthographe;orthographe_mots
39798;cm2;orthographe;orthographe_mots
39799;cm2;orthographe;orthographe_mots
39800;cm2;orthographe;orthographe_mots
39801;cm2;orthographe;orthographe_mots
39802;cm2;orthographe;orthographe_mots
39803;cm2;orthographe;orthographe_mots
39804;cm2;orthographe;orthographe_mots
39805;cm2;orthographe;orthographe_mots
39806;cm2;orthographe;orthographe_mots
39807;cm2;orthographe;orthographe_mots
39808;cm2;orthographe;orthographe_mots
39809;cm2;orthographe;orthographe_mots
39810;cm2;orthographe;orthographe_mots
39811;cm2;orthographe;orthographe_mots
39812;cm2;orthographe;orthographe_mots
39813;cm2;orthographe;orthographe_mots
39814;cm2;orthographe;orthographe_mots
39815;cm2;orthographe;orthographe_mots
39816;cm2;orthographe;orthographe_mots
39817;cm2;orthographe;orthographe_mots
39818;cm2;orthographe;orthographe_mots
39819;cm2;orthographe;orthographe_mots
39820;cm2;orthographe;orthographe_mots
39821;cm2;orthographe;orthographe_mots
39822;cm2;orthographe;orthographe_mots
39823;cm2;orthographe;orthographe_mots
39824;cm2;orthographe;orthographe_mots
39825;cm2;orthographe;orthographe_mots
39826;cm2;orthographe;orthographe_mots
39827;cm2;orthographe;orthographe_mots
39828;cm2;orthographe;orthographe_mots
39829;cm2;orthographe;orthographe_mots
39830;cm2;orthographe;orthographe_mots
39831;cm2;orthographe;orthographe_mots
39832;cm2;orthographe;orthographe_mots
39833;cm2;orthographe;orthographe_mots
39834;cm2;orthographe;orthographe_mots
39835;cm2;orthographe;orthographe_mots
39836;cm2;orthographe;orthographe_mots
39837;cm2;orthographe;orthographe_mots
39838;cm2;orthographe;orthographe_mots
39839;cm2;orthographe;orthographe_mots
39840;cm2;orthographe;orthographe_mots
39841;cm2;orthographe;orthographe_mots
39842;cm2;orthographe;orthographe_mots
39843;cm2;orthographe;orthographe_mots
39844;cm2;orthographe;orthographe_mots
39845;cm2;orthographe;orthographe_mots
39846;cm2;orthographe;orthographe_mots
39847;cm2;orthographe;orthographe_mots
39848;cm2;orthographe;orthographe_mots
39849;cm2;orthographe;orthographe_mots
39850;cm2;orthographe;orthographe_mots
39851;cm2;orthographe;orthographe_mots
39852;cm2;orthographe;orthographe_mots
39853;cm2;orthographe;orthographe_mots
39854;cm2;orthographe;orthographe_mots
39855;cm2;orthographe;orthographe_mots
39856;cm2;orthographe;orthographe_mots
39857;cm2;orthographe;orthographe_mots
39858;cm2;orthographe;orthographe_mots
39859;cm2;orthographe;orthographe_mots
39860;cm2;orthographe;orthographe_mots
39861;cm2;orthographe;orthographe_mots
39862;cm2;orthographe;orthographe_mots
39863;cm2;orthographe;orthographe_mots
39864;cm2;orthographe;orthographe_mots
39865;cm2;orthographe;orthographe_mots
39866;cm2;orthographe;orthographe_mots
39867;cm2;orthographe;orthographe_mots
39868;cm2;orthographe;orthographe_mots
39869;cm2;orthographe;orthographe_mots
39870;cm2;orthographe;orthographe_mots
39871;cm2;orthographe;orthographe_mots
39872;cm2;orthographe;orthographe_mots
39873;cm2;orthographe;orthographe_mots
39874;cm2;orthographe;orthographe_mots
39875;cm2;orthographe;orthographe_mots
39876;cm2;orthographe;orthographe_mots
39877;cm2;orthographe;orthographe_mots
39878;cm2;orthographe;orthographe_mots
39879;cm2;orthographe;orthographe_mots
39880;cm2;orthographe;orthographe_mots
39881;cm2;orthographe;orthographe_mots
39882;cm2;orthographe;orthographe_mots
39883;cm2;orthographe;orthographe_mots
39884;cm2;orthographe;orthographe_mots
39885;cm2;orthographe;orthographe_mots
39886;cm2;orthographe;orthographe_mots
39887;cm2;orthographe;orthographe_mots
39888;cm2;orthographe;orthographe_mots
39889;cm2;orthographe;orthographe_mots
39890;cm2;orthographe;orthographe_mots
39891;cm2;orthographe;orthographe_mots
39892;cm2;orthographe;orthographe_mots
39893;cm2;orthographe;orthographe_mots
39894;cm2;orthographe;orthographe_mots
39895;cm2;orthographe;orthographe_mots
39896;cm2;orthographe;orthographe_mots
39897;cm2;orthographe;orthographe_mots
39898;cm2;orthographe;orthographe_mots
39899;cm2;orthographe;orthographe_mots
39900;cm2;orthographe;orthographe_mots
39901;cm2;orthographe;orthographe_mots
39902;cm2;orthographe;orthographe_mots
39903;cm2;orthographe;orthographe_mots
39904;cm2;orthographe;orthographe_mots
39905;cm2;orthographe;orthographe_mots
39906;cm2;orthographe;orthographe_mots
39907;cm2;orthographe;orthographe_mots
39908;cm2;orthographe;orthographe_mots
39909;cm2;orthographe;orthographe_mots
39910;cm2;orthographe;orthographe_mots
39911;cm2;orthographe;orthographe_mots
39912;cm2;orthographe;orthographe_mots
39913;cm2;orthographe;orthographe_mots
39914;cm2;orthographe;orthographe_mots
39915;cm2;orthographe;orthographe_mots
39916;cm2;orthographe;orthographe_mots
39917;cm2;orthographe;orthographe_mots
39918;cm2;orthographe;orthographe_mots
39919;cm2;orthographe;orthographe_mots
39920;cm2;orthographe;orthographe_mots
39921;cm2;orthographe;orthographe_mots
39922;cm2;orthographe;orthographe_mots
39923;cm2;orthographe;orthographe_mots
39924;cm2;orthographe;orthographe_mots
39925;cm2;orthographe;orthographe_mots
39926;cm2;orthographe;orthographe_mots
39927;cm2;orthographe;orthographe_mots
39928;cm2;orthographe;orthographe_mots
39929;cm2;orthographe;orthographe_mots
39930;cm2;orthographe;orthographe_mots
39931;cm2;orthographe;orthographe_mots
39932;cm2;orthographe;orthographe_mots
39933;cm2;orthographe;orthographe_mots
39934;cm2;orthographe;orthographe_mots
39935;cm2;orthographe;orthographe_mots
39936;cm2;orthographe;orthographe_mots
39937;cm2;orthographe;orthographe_mots
39938;cm2;orthographe;orthographe_mots
39939;cm2;orthographe;orthographe_mots
39940;cm2;orthographe;orthographe_mots
39941;cm2;orthographe;orthographe_mots
39942;cm2;orthographe;orthographe_mots
39943;cm2;orthographe;orthographe_mots
39944;cm2;orthographe;orthographe_mots
39945;cm2;orthographe;orthographe_mots
39946;cm2;orthographe;orthographe_mots
39947;cm2;orthographe;orthographe_mots
39948;cm2;orthographe;orthographe_mots
39949;cm2;orthographe;orthographe_mots
39950;cm2;orthographe;orthographe_mots
39951;cm2;orthographe;orthographe_mots
39952;cm2;orthographe;orthographe_mots
39953;cm2;orthographe;orthographe_mots
39954;cm2;orthographe;orthographe_mots
39955;cm2;orthographe;orthographe_mots
39956;cm2;orthographe;orthographe_mots
39957;cm2;orthographe;orthographe_mots
39958;cm2;orthographe;orthographe_mots
39959;cm2;orthographe;orthographe_mots
39960;cm2;orthographe;orthographe_mots
39961;cm2;orthographe;orthographe_mots
39962;cm2;orthographe;orthographe_mots
18000;cp;english;en_nombres
18001;cp;english;en_calendrier
18002;cp;english;en_calendrier
18003;cp;english;en_calendrier
18004;cp;english;en_animaux
18005;cp;english;en_nombres
18006;cp;english;en_couleurs
18007;cp;english;en_animaux
18008;cp;english;en_animaux
18009;cp;english;en_couleurs
18010;cp;english;en_couleurs
18011;cp;english;en_nombres
18012;cp;english;en_nombres
18013;cp;english;en_nombres
18014;cp;english;en_calendrier
18015;cp;english;en_animaux
18016;cp;english;en_calendrier
18017;cp;english;en_animaux
18018;cp;english;en_nombres
18019;cp;english;en_calendrier
18020;cp;english;en_couleurs
18021;cp;english;en_maison_famille
18022;cp;english;en_calendrier
18023;cp;english;en_maison_famille
18024;cp;english;en_nombres
18025;cp;english;en_animaux
18026;cp;english;en_couleurs
18027;cp;english;en_maison_famille
18028;cp;english;en_calendrier
18029;cp;english;en_calendrier
18030;cp;english;en_animaux
18031;cp;english;en_maison_famille
18032;cp;english;en_calendrier
18033;cp;english;en_couleurs
18034;cp;english;en_calendrier
18035;cp;english;en_couleurs
18036;cp;english;en_nombres
18037;cp;english;en_couleurs
18038;cp;english;en_calendrier
18039;cp;english;en_calendrier
18040;cp;english;en_nombres
18041;cp;english;en_nombres
18042;cp;english;en_nombres
18043;cp;english;en_nombres
18044;cp;english;en_nombres
18045;cp;english;en_nombres
18046;cp;english;en_nombres
18047;cp;english;en_nombres
18048;cp;english;en_nombres
18049;cp;english;en_nombres
18050;cp;english;en_nombres
18051;cp;english;en_nombres
18052;cp;english;en_couleurs
18053;cp;english;en_couleurs
18054;cp;english;en_couleurs
18055;cp;english;en_couleurs
18056;cp;english;en_couleurs
18057;cp;english;en_couleurs
18058;cp;english;en_calendrier
18059;cp;english;en_calendrier
18060;cp;english;en_calendrier
18061;cp;english;en_calendrier
18062;cp;english;en_calendrier
18063;cp;english;en_calendrier
18064;cp;english;en_calendrier
18065;cp;english;en_calendrier
18066;cp;english;en_calendrier
18067;cp;english;en_calendrier
18068;cp;english;en_calendrier
18069;cp;english;en_calendrier
18070;cp;english;en_calendrier
18071;cp;english;en_calendrier
18072;cp;english;en_calendrier
18073;cp;english;en_calendrier
18074;cp;english;en_calendrier
18075;cp;english;en_calendrier
18076;cp;english;en_animaux
18077;cp;english;en_animaux
18078;cp;english;en_animaux
18079;cp;english;en_animaux
18080;cp;english;en_animaux
18081;cp;english;en_animaux
18082;cp;english;en_animaux
18083;cp;english;en_animaux
18084;cp;english;en_animaux
18085;cp;english;en_animaux
18086;cp;english;en_animaux
18087;cp;english;en_animaux
18088;cp;english;en_maison_famille
18089;cp;english;en_maison_famille
18090;cp;english;en_maison_famille
18091;cp;english;en_maison_famille
18092;cp;english;en_maison_famille
18093;cp;english;en_maison_famille
18094;cp;english;en_nourriture
18095;cp;english;en_nourriture
18096;cp;english;en_nourriture
18097;cp;english;en_nourriture
18098;cp;english;en_nourriture
18099;cp;english;en_nourriture
18100;cp;english;en_nourriture
18101;cp;english;en_nourriture
18102;cp;english;en_nourriture
18103;cp;english;en_nourriture
18104;cp;english;en_nourriture
18105;cp;english;en_nourriture
18106;cp;english;en_nourriture
18107;cp;english;en_nourriture
18108;cp;english;en_nourriture
18109;cp;english;en_nourriture
18110;cp;english;en_nourriture
18111;cp;english;en_nourriture
18112;cp;english;en_nourriture
18113;cp;english;en_nourriture
18114;cp;english;en_corps
18115;cp;english;en_corps
18116;cp;english;en_corps
18117;cp;english;en_corps
18118;cp;english;en_corps
18119;cp;english;en_corps
18120;cp;english;en_corps
18121;cp;english;en_corps
18122;cp;english;en_corps
18123;cp;english;en_corps
18124;cp;english;en_corps
18125;cp;english;en_corps
18126;cp;english;en_corps
18127;cp;english;en_corps
18128;cp;english;en_corps
18129;cp;english;en_corps
18130;cp;english;en_corps
18131;cp;english;en_corps
18132;cp;english;en_corps
18133;cp;english;en_corps
18134;cp;english;en_meteo_nature
18135;cp;english;en_meteo_nature
18136;cp;english;en_meteo_nature
18137;cp;english;en_meteo_nature
18138;cp;english;en_meteo_nature
18139;cp;english;en_meteo_nature
18140;cp;english;en_meteo_nature
18141;cp;english;en_meteo_nature
18142;cp;english;en_meteo_nature
18143;cp;english;en_meteo_nature
18144;cp;english;en_ecole
18145;cp;english;en_ecole
18146;cp;english;en_ecole
18147;cp;english;en_ecole
18148;cp;english;en_ecole
18149;cp;english;en_ecole
18150;cp;english;en_ecole
18151;cp;english;en_ecole
18152;cp;english;en_ecole
18153;cp;english;en_ecole
18154;cp;english;en_ecole
18155;cp;english;en_ecole
18156;cp;english;en_ecole
18157;cp;english;en_ecole
18158;cp;english;en_ecole
18159;cp;english;en_ecole
18160;cp;english;en_ecole
18161;cp;english;en_ecole
18162;cp;english;en_ecole
18163;cp;english;en_ecole
18164;cp;english;en_politesse_consignes
18165;cp;english;en_politesse_consignes
18166;cp;english;en_politesse_consignes
18167;cp;english;en_politesse_consignes
18168;cp;english;en_politesse_consignes
18169;cp;english;en_politesse_consignes
18170;cp;english;en_politesse_consignes
18171;cp;english;en_politesse_consignes
18172;cp;english;en_politesse_consignes
18173;cp;english;en_politesse_consignes
18174;cp;english;en_politesse_consignes
18175;cp;english;en_politesse_consignes
18176;cp;english;en_politesse_consignes
18177;cp;english;en_politesse_consignes
18178;cp;english;en_emotions
18179;cp;english;en_emotions
18180;cp;english;en_emotions
18181;cp;english;en_emotions
18182;cp;english;en_emotions
18183;cp;english;en_emotions
18184;cp;english;en_emotions
18185;cp;english;en_emotions
18186;cp;english;en_emotions
18187;cp;english;en_emotions
18188;cp;english;en_nourriture
18189;cp;english;en_nourriture
18190;cp;english;en_gouts
18191;cp;english;en_gouts
18192;cp;english;en_gouts
18193;cp;english;en_gouts
18194;cp;english;en_gouts
18195;cp;english;en_gouts
18196;cp;english;en_gouts
18197;cp;english;en_gouts
18198;cp;english;en_gouts
18199;cp;english;en_gouts
18200;cp;english;en_gouts
18201;cp;english;en_gouts
18202;cp;english;en_gouts
18203;cp;english;en_gouts
18204;cp;english;en_gouts
18205;cp;english;en_gouts
18206;cp;english;en_gouts
18207;cp;english;en_gouts
18208;cp;english;en_gouts
18209;cp;english;en_gouts
18210;cp;english;en_gouts
18211;cp;english;en_gouts
18212;cp;english;en_gouts
18213;cp;english;en_gouts
18214;cp;english;en_gouts
18215;cp;english;en_gouts
18216;cp;english;en_gouts
18217;cp;english;en_gouts
18218;cp;english;en_gouts
18219;cp;english;en_gouts
18220;cp;english;en_gouts
18221;cp;english;en_gouts
18222;cp;english;en_gouts
18223;cp;english;en_gouts
18224;cp;english;en_gouts
18225;cp;english;en_gouts
18226;cp;english;en_gouts
18227;cp;english;en_gouts
18228;cp;english;en_gouts
18229;cp;english;en_gouts
18230;cp;english;en_gouts
18231;cp;english;en_gouts
18232;cp;english;en_gouts
18233;cp;english;en_gouts
18234;cp;english;en_gouts
18235;cp;english;en_gouts
18236;cp;english;en_gouts
18237;cp;english;en_gouts
18238;cp;english;en_gouts
18239;cp;english;en_gouts
18240;cp;english;en_gouts
18241;cp;english;en_gouts
18242;cp;english;en_gouts
18243;cp;english;en_gouts
18244;cp;english;en_gouts
18245;cp;english;en_gouts
18246;cp;english;en_gouts
18247;cp;english;en_gouts
18248;cp;english;en_gouts
18249;cp;english;en_gouts
18250;cp;english;en_gouts
18251;cp;english;en_gouts
18252;cp;english;en_gouts
18253;cp;english;en_gouts
18254;cp;english;en_gouts
18255;cp;english;en_gouts
18256;cp;english;en_gouts
18257;cp;english;en_gouts
18258;cp;english;en_gouts
18259;cp;english;en_gouts
18260;cp;english;en_gouts
18261;cp;english;en_gouts
18262;cp;english;en_gouts
18263;cp;english;en_gouts
18264;cp;english;en_gouts
18265;cp;english;en_gouts
18266;cp;english;en_gouts
18267;cp;english;en_se_presenter
18268;cp;english;en_se_presenter
18269;cp;english;en_se_presenter
18270;cp;english;en_se_presenter
18271;cp;english;en_se_presenter
18272;cp;english;en_se_presenter
18273;cp;english;en_avoir_etre
18274;cp;english;en_avoir_etre
18275;cp;english;en_avoir_etre
18276;cp;english;en_avoir_etre
18277;cp;english;en_avoir_etre
18278;cp;english;en_avoir_etre
18279;cp;english;en_avoir_etre
18280;cp;english;en_avoir_etre
18281;cp;english;en_avoir_etre
18282;cp;english;en_avoir_etre
18283;cp;english;en_avoir_etre
18284;cp;english;en_avoir_etre
18285;cp;english;en_meteo_nature
18286;cp;english;en_meteo_nature
18287;cp;english;en_meteo_nature
18288;cp;english;en_meteo_nature
18289;cp;english;en_meteo_nature
18290;cp;english;en_maison_famille
18291;cp;english;en_maison_famille
18292;cp;english;en_maison_famille
18293;cp;english;en_maison_famille
18294;cp;english;en_maison_famille
18295;cp;english;en_maison_famille
18296;cp;english;en_maison_famille
18297;cp;english;en_avoir_etre
18298;cp;english;en_avoir_etre
18299;cp;english;en_avoir_etre
18300;cp;english;en_avoir_etre
18301;cp;english;en_avoir_etre
18302;cp;english;en_avoir_etre
18303;cp;english;en_politesse_consignes
18304;cp;english;en_politesse_consignes
18305;cp;english;en_politesse_consignes
18306;cp;english;en_politesse_consignes
18307;cp;english;en_politesse_consignes
18308;cp;english;en_politesse_consignes
18309;cp;english;en_politesse_consignes
18310;cp;english;en_politesse_consignes
18311;cp;english;en_politesse_consignes
18312;cp;english;en_politesse_consignes
18313;cp;english;en_politesse_consignes
18314;cp;english;en_politesse_consignes
18315;cp;english;en_politesse_consignes
18316;cp;english;en_verbes
18317;cp;english;en_politesse_consignes
18318;cp;english;en_politesse_consignes
18319;cp;english;en_politesse_consignes
18320;cp;english;en_politesse_consignes
18321;cp;english;en_politesse_consignes
18322;cp;english;en_verbes
18323;cp;english;en_verbes
18324;cp;english;en_politesse_consignes
18325;cp;english;en_politesse_consignes
18326;cp;english;en_politesse_consignes
18327;cp;english;en_politesse_consignes
18328;cp;english;en_politesse_consignes
18329;cp;english;en_politesse_consignes
18330;cp;english;en_politesse_consignes
18331;cp;english;en_politesse_consignes
18332;cp;english;en_politesse_consignes
18333;cp;english;en_politesse_consignes
18334;cp;english;en_politesse_consignes
18335;cp;english;en_avoir_etre
18336;cp;english;en_avoir_etre
18337;cp;english;en_avoir_etre
18338;cp;english;en_avoir_etre
18339;cp;english;en_avoir_etre
18340;cp;english;en_avoir_etre
18341;cp;english;en_avoir_etre
18342;cp;english;en_avoir_etre
18343;cp;english;en_avoir_etre
18344;cp;english;en_avoir_etre
18345;cp;english;en_avoir_etre
18346;cp;english;en_avoir_etre
18347;cp;english;en_avoir_etre
18348;cp;english;en_avoir_etre
18349;cp;english;en_avoir_etre
18350;cp;english;en_avoir_etre
18351;cp;english;en_avoir_etre
18352;cp;english;en_avoir_etre
18353;cp;english;en_avoir_etre
18354;cp;english;en_avoir_etre
18355;cp;english;en_avoir_etre
18356;cp;english;en_avoir_etre
18357;cp;english;en_decrire_position
18358;cp;english;en_decrire_position
18359;cp;english;en_avoir_etre
18360;cp;english;en_avoir_etre
18361;cp;english;en_decrire_position
18362;cp;english;en_decrire_position
18363;cp;english;en_decrire_position
18364;cp;english;en_decrire_position
18365;cp;english;en_decrire_position
18366;cp;english;en_decrire_position
18367;cp;english;en_decrire_position
18368;cp;english;en_decrire_position
18369;cp;english;en_avoir_etre
18370;cp;english;en_avoir_etre
18371;cp;english;en_avoir_etre
18372;cp;english;en_avoir_etre
18373;cp;english;en_avoir_etre
18374;cp;english;en_avoir_etre
18375;cp;english;en_avoir_etre
18376;cp;english;en_avoir_etre
18377;cp;english;en_avoir_etre
18378;cp;english;en_avoir_etre
18379;cp;english;en_avoir_etre
18380;cp;english;en_avoir_etre
18381;cp;english;en_avoir_etre
18382;cp;english;en_avoir_etre
18383;cp;english;en_avoir_etre
18384;cp;english;en_avoir_etre
18385;cp;english;en_avoir_etre
18386;cp;english;en_avoir_etre
18387;cp;english;en_avoir_etre
18388;cp;english;en_avoir_etre
18389;cp;english;en_avoir_etre
18390;cp;english;en_avoir_etre
18391;cp;english;en_decrire_position
18392;cp;english;en_decrire_position
18393;cp;english;en_avoir_etre
18394;cp;english;en_avoir_etre
18395;cp;english;en_decrire_position
18396;cp;english;en_decrire_position
18397;cp;english;en_decrire_position
18398;cp;english;en_decrire_position
18399;cp;english;en_decrire_position
18400;cp;english;en_decrire_position
18401;cp;english;en_decrire_position
18402;cp;english;en_decrire_position
18403;cp;english;en_avoir_etre
18404;cp;english;en_avoir_etre
18405;cp;english;en_avoir_etre
18406;cp;english;en_avoir_etre
18407;cp;english;en_avoir_etre
18408;cp;english;en_avoir_etre
18409;cp;english;en_avoir_etre
18410;cp;english;en_avoir_etre
18411;cp;english;en_avoir_etre
18412;cp;english;en_avoir_etre
18413;cp;english;en_avoir_etre
18414;cp;english;en_avoir_etre
18415;cp;english;en_avoir_etre
18416;cp;english;en_avoir_etre
18417;cp;english;en_avoir_etre
18418;cp;english;en_avoir_etre
18419;cp;english;en_avoir_etre
18420;cp;english;en_avoir_etre
18421;cp;english;en_avoir_etre
18422;cp;english;en_avoir_etre
18423;cp;english;en_avoir_etre
18424;cp;english;en_avoir_etre
18425;cp;english;en_decrire_position
18426;cp;english;en_decrire_position
18427;cp;english;en_avoir_etre
18428;cp;english;en_avoir_etre
18429;cp;english;en_decrire_position
18430;cp;english;en_decrire_position
18431;cp;english;en_decrire_position
18432;cp;english;en_decrire_position
18433;cp;english;en_decrire_position
18434;cp;english;en_decrire_position
18435;cp;english;en_decrire_position
18436;cp;english;en_decrire_position
18437;cp;english;en_avoir_etre
18438;cp;english;en_avoir_etre
18439;cp;english;en_avoir_etre
18440;cp;english;en_avoir_etre
18441;cp;english;en_avoir_etre
18442;cp;english;en_avoir_etre
18443;cp;english;en_avoir_etre
18444;cp;english;en_avoir_etre
18445;cp;english;en_avoir_etre
18446;cp;english;en_avoir_etre
18447;cp;english;en_avoir_etre
18448;cp;english;en_avoir_etre
18449;cp;english;en_avoir_etre
18450;cp;english;en_avoir_etre
18451;cp;english;en_avoir_etre
18452;cp;english;en_avoir_etre
18453;cp;english;en_avoir_etre
18454;cp;english;en_avoir_etre
18455;cp;english;en_avoir_etre
18456;cp;english;en_avoir_etre
18457;cp;english;en_avoir_etre
18458;cp;english;en_avoir_etre
18459;cp;english;en_decrire_position
18460;cp;english;en_decrire_position
18461;cp;english;en_avoir_etre
18462;cp;english;en_avoir_etre
18463;cp;english;en_decrire_position
18464;cp;english;en_decrire_position
18465;cp;english;en_decrire_position
18466;cp;english;en_decrire_position
18467;cp;english;en_decrire_position
18468;cp;english;en_decrire_position
18469;cp;english;en_decrire_position
18470;cp;english;en_decrire_position
18471;cp;english;en_avoir_etre
18472;cp;english;en_avoir_etre
18473;cp;english;en_avoir_etre
18474;cp;english;en_avoir_etre
18475;cp;english;en_avoir_etre
18476;cp;english;en_avoir_etre
18477;cp;english;en_avoir_etre
18478;cp;english;en_avoir_etre
18479;cp;english;en_avoir_etre
18480;cp;english;en_avoir_etre
18481;cp;english;en_avoir_etre
18482;cp;english;en_avoir_etre
18483;cp;english;en_avoir_etre
18484;cp;english;en_avoir_etre
18485;cp;english;en_avoir_etre
18486;cp;english;en_avoir_etre
18487;cp;english;en_avoir_etre
18488;cp;english;en_avoir_etre
18489;cp;english;en_avoir_etre
18490;cp;english;en_avoir_etre
18491;cp;english;en_avoir_etre
18492;cp;english;en_avoir_etre
18493;cp;english;en_decrire_position
18494;cp;english;en_decrire_position
18495;cp;english;en_avoir_etre
18496;cp;english;en_avoir_etre
18497;cp;english;en_decrire_position
18498;cp;english;en_decrire_position
18499;cp;english;en_decrire_position
18500;cp;english;en_decrire_position
18501;cp;english;en_decrire_position
18502;cp;english;en_decrire_position
18503;cp;english;en_decrire_position
18504;cp;english;en_decrire_position
18505;cp;english;en_calendrier
18506;cp;english;en_calendrier
18507;cp;english;en_calendrier
18508;cp;english;en_calendrier
18509;cp;english;en_calendrier
18510;cp;english;en_calendrier
18511;cp;english;en_calendrier
18512;cp;english;en_calendrier
18513;cp;english;en_calendrier
18514;cp;english;en_calendrier
18515;cp;english;en_calendrier
18516;cp;english;en_calendrier
18517;cp;english;en_calendrier
18518;cp;english;en_calendrier
100201;cp;french;singulier_pluriel
100202;cp;french;singulier_pluriel
100203;cp;french;singulier_pluriel
100204;cp;french;singulier_pluriel
100205;cp;french;singulier_pluriel
100206;cp;french;singulier_pluriel
100207;cp;french;singulier_pluriel
100208;cp;french;singulier_pluriel
100209;cp;french;singulier_pluriel
100210;cp;french;singulier_pluriel
100211;cp;french;singulier_pluriel
100212;cp;french;singulier_pluriel
100213;cp;french;singulier_pluriel
100214;cp;french;singulier_pluriel
100215;cp;french;singulier_pluriel
100216;cp;french;singulier_pluriel
100217;cp;french;singulier_pluriel
100218;cp;french;singulier_pluriel
100219;cp;french;singulier_pluriel
100220;cp;french;singulier_pluriel
100221;cp;french;singulier_pluriel
100222;cp;french;singulier_pluriel
100223;cp;french;singulier_pluriel
100224;cp;french;singulier_pluriel
100225;cp;french;singulier_pluriel
100226;cp;french;singulier_pluriel
100227;cp;french;singulier_pluriel
100228;cp;french;singulier_pluriel
100229;cp;french;singulier_pluriel
100230;cp;french;singulier_pluriel
100231;cp;french;singulier_pluriel
100232;cp;french;singulier_pluriel
100233;cp;french;singulier_pluriel
100234;cp;french;singulier_pluriel
100235;cp;french;singulier_pluriel
100236;cp;french;singulier_pluriel
100237;cp;french;singulier_pluriel
100238;cp;french;singulier_pluriel
100239;cp;french;singulier_pluriel
100240;cp;french;singulier_pluriel
100241;cp;french;singulier_pluriel
100242;cp;french;singulier_pluriel
100243;cp;french;singulier_pluriel
100244;cp;french;singulier_pluriel
100245;cp;french;singulier_pluriel
100246;cp;french;masculin_feminin
100247;cp;french;masculin_feminin
100248;cp;french;masculin_feminin
100249;cp;french;masculin_feminin
100250;cp;french;masculin_feminin
100251;cp;french;masculin_feminin
100252;cp;french;masculin_feminin
100253;cp;french;masculin_feminin
100254;cp;french;masculin_feminin
100255;cp;french;masculin_feminin
100256;cp;french;masculin_feminin
100257;cp;french;vocabulaire_quotidien
100258;cp;french;vocabulaire_quotidien
100259;cp;french;vocabulaire_quotidien
100260;cp;french;vocabulaire_quotidien
100261;cp;french;vocabulaire_quotidien
100262;cp;french;vocabulaire_quotidien
100263;cp;french;vocabulaire_quotidien
100264;cp;french;vocabulaire_quotidien
100265;cp;french;vocabulaire_quotidien
100266;cp;french;vocabulaire_quotidien
100267;cp;french;vocabulaire_quotidien
100268;cp;french;vocabulaire_quotidien
100269;cp;french;vocabulaire_quotidien
100270;cp;french;vocabulaire_sens
100271;cp;french;vocabulaire_sens
100272;cp;french;vocabulaire_sens
100273;cp;french;vocabulaire_sens
100274;cp;french;vocabulaire_sens
100275;cp;french;vocabulaire_sens
100276;cp;french;vocabulaire_sens
100277;cp;french;vocabulaire_sens
100278;cp;french;vocabulaire_sens
100279;cp;french;vocabulaire_sens
100280;cp;french;vocabulaire_sens
100281;cp;french;vocabulaire_sens
100282;cp;french;vocabulaire_sens
100283;cp;french;vocabulaire_sens
100284;cp;french;vocabulaire_sens
100285;cp;french;vocabulaire_sens
100286;cp;french;vocabulaire_sens
100287;cp;french;vocabulaire_sens
100288;cp;french;vocabulaire_sens
100289;cp;french;vocabulaire_sens
100290;cp;french;vocabulaire_sens
100291;cp;french;vocabulaire_sens
100292;cp;french;vocabulaire_sens
100293;cp;french;vocabulaire_sens
100294;cp;french;vocabulaire_sens
100295;cp;french;vocabulaire_quotidien
100296;cp;french;vocabulaire_quotidien
100297;cp;french;vocabulaire_quotidien
100298;cp;french;vocabulaire_quotidien
100299;cp;french;vocabulaire_quotidien
100300;cp;french;vocabulaire_quotidien
100301;cp;french;vocabulaire_quotidien
100302;cp;french;vocabulaire_quotidien
100303;cp;french;vocabulaire_quotidien
100304;cp;french;vocabulaire_quotidien
100305;cp;french;vocabulaire_quotidien
100306;cp;french;vocabulaire_quotidien
100307;cp;french;vocabulaire_quotidien
100308;cp;french;vocabulaire_quotidien
100309;cp;french;vocabulaire_quotidien
100310;cp;french;vocabulaire_quotidien
100311;cp;french;singulier_pluriel
100312;cp;french;singulier_pluriel
100313;cp;french;singulier_pluriel
100314;cp;french;singulier_pluriel
100315;cp;french;singulier_pluriel
100316;cp;french;singulier_pluriel
100317;cp;french;singulier_pluriel
100318;cp;french;singulier_pluriel
100319;cp;french;singulier_pluriel
100320;cp;french;singulier_pluriel
100321;cp;french;singulier_pluriel
100322;cp;french;singulier_pluriel
100323;cp;french;singulier_pluriel
100324;cp;french;singulier_pluriel
100325;cp;french;singulier_pluriel
100326;cp;french;nombres_en_lettres
100327;cp;french;nombres_en_lettres
100328;cp;french;nombres_en_lettres
100329;cp;french;nombres_en_lettres
100330;cp;french;nombres_en_lettres
100331;cp;french;nombres_en_lettres
100332;cp;french;nombres_en_lettres
100333;cp;french;nombres_en_lettres
100334;cp;french;nombres_en_lettres
100335;cp;french;nombres_en_lettres
100336;cp;french;nombres_en_lettres
100337;cp;french;nombres_en_lettres
100338;cp;french;nombres_en_lettres
100339;cp;french;nombres_en_lettres
100340;cp;french;nombres_en_lettres
100341;cp;french;nombres_en_lettres
100342;cp;french;nombres_en_lettres
100343;cp;french;nombres_en_lettres
100344;cp;french;nombres_en_lettres
100345;cp;french;nombres_en_lettres
100346;cp;french;singulier_pluriel
100347;cp;french;singulier_pluriel
100348;cp;french;singulier_pluriel
100349;cp;french;singulier_pluriel
100350;cp;french;singulier_pluriel
100351;cp;french;singulier_pluriel
100352;cp;french;singulier_pluriel
100353;cp;french;singulier_pluriel
100354;cp;french;singulier_pluriel
100355;cp;french;singulier_pluriel
100356;cp;french;singulier_pluriel
100357;cp;french;singulier_pluriel
100358;cp;french;vocabulaire_quotidien
100359;cp;french;vocabulaire_quotidien
100360;cp;french;vocabulaire_quotidien
100361;cp;french;vocabulaire_quotidien
100362;cp;french;vocabulaire_quotidien
100363;cp;french;vocabulaire_quotidien
100364;cp;french;vocabulaire_quotidien
100365;cp;french;masculin_feminin
100366;cp;french;masculin_feminin
100367;cp;french;masculin_feminin
100368;cp;french;masculin_feminin
100369;cp;french;masculin_feminin
100370;cp;french;masculin_feminin
100371;cp;french;masculin_feminin
100372;cp;french;masculin_feminin
100373;cp;french;masculin_feminin
100374;cp;french;masculin_feminin
100375;cp;french;masculin_feminin
100376;cp;french;vocabulaire_sens
100377;cp;french;vocabulaire_sens
100378;cp;french;vocabulaire_sens
100379;cp;french;vocabulaire_sens
100380;cp;french;vocabulaire_sens
100381;cp;french;vocabulaire_sens
100382;cp;french;vocabulaire_sens
100383;cp;french;vocabulaire_sens
100384;cp;french;vocabulaire_sens
100385;cp;french;vocabulaire_sens
100386;cp;french;vocabulaire_sens
100387;cp;french;vocabulaire_sens
100388;cp;french;vocabulaire_sens
100389;cp;french;vocabulaire_sens
100390;cp;french;vocabulaire_sens
100391;cp;french;singulier_pluriel
100392;cp;french;singulier_pluriel
100393;cp;french;singulier_pluriel
100394;cp;french;singulier_pluriel
100395;cp;french;singulier_pluriel
100396;cp;french;singulier_pluriel
100397;cp;french;singulier_pluriel
100398;cp;french;singulier_pluriel
100399;cp;french;singulier_pluriel
100400;cp;french;singulier_pluriel
100401;cp;french;singulier_pluriel
100402;cp;french;singulier_pluriel
100403;cp;french;singulier_pluriel
100404;cp;french;singulier_pluriel
100405;cp;french;singulier_pluriel
100406;cp;french;singulier_pluriel
100407;cp;french;singulier_pluriel
100408;cp;french;singulier_pluriel
100409;cp;french;singulier_pluriel
100410;cp;french;singulier_pluriel
100411;cp;french;singulier_pluriel
100412;cp;french;singulier_pluriel
100413;cp;french;singulier_pluriel
100414;cp;french;singulier_pluriel
100415;cp;french;singulier_pluriel
100416;cp;french;singulier_pluriel
100417;cp;french;singulier_pluriel
100418;cp;french;singulier_pluriel
100419;cp;french;singulier_pluriel
100420;cp;french;singulier_pluriel
100421;cp;french;singulier_pluriel
100422;cp;french;singulier_pluriel
100423;cp;french;singulier_pluriel
100424;cp;french;singulier_pluriel
100425;cp;french;singulier_pluriel
100426;cp;french;singulier_pluriel
100427;cp;french;singulier_pluriel
100428;cp;french;singulier_pluriel
100429;cp;french;singulier_pluriel
100430;cp;french;singulier_pluriel
100431;cp;french;singulier_pluriel
100432;cp;french;singulier_pluriel
100433;cp;french;singulier_pluriel
100434;cp;french;singulier_pluriel
100435;cp;french;singulier_pluriel
100436;cp;french;singulier_pluriel
100437;cp;french;singulier_pluriel
100438;cp;french;singulier_pluriel
100439;cp;french;singulier_pluriel
100440;cp;french;singulier_pluriel
100441;cp;french;singulier_pluriel
100442;cp;french;singulier_pluriel
100443;cp;french;singulier_pluriel
100444;cp;french;singulier_pluriel
100445;cp;french;singulier_pluriel
100446;cp;french;masculin_feminin
100447;cp;french;masculin_feminin
100448;cp;french;masculin_feminin
100449;cp;french;masculin_feminin
100450;cp;french;masculin_feminin
100451;cp;french;masculin_feminin
100452;cp;french;masculin_feminin
100453;cp;french;masculin_feminin
100454;cp;french;masculin_feminin
100455;cp;french;masculin_feminin
100456;cp;french;masculin_feminin
100457;cp;french;masculin_feminin
100458;cp;french;masculin_feminin
100459;cp;french;masculin_feminin
100460;cp;french;masculin_feminin
100461;cp;french;masculin_feminin
100462;cp;french;masculin_feminin
100463;cp;french;masculin_feminin
100464;cp;french;masculin_feminin
100465;cp;french;masculin_feminin
100466;cp;french;masculin_feminin
100467;cp;french;vocabulaire_quotidien
100468;cp;french;vocabulaire_quotidien
100469;cp;french;vocabulaire_quotidien
100470;cp;french;vocabulaire_quotidien
100471;cp;french;vocabulaire_quotidien
100472;cp;french;vocabulaire_quotidien
100473;cp;french;vocabulaire_quotidien
100474;cp;french;vocabulaire_sens
100475;cp;french;vocabulaire_sens
100476;cp;french;vocabulaire_sens
100477;cp;french;vocabulaire_sens
100478;cp;french;vocabulaire_sens
100479;cp;french;vocabulaire_sens
100480;cp;french;vocabulaire_sens
100481;cp;french;vocabulaire_sens
100482;cp;french;vocabulaire_sens
100483;cp;french;vocabulaire_sens
100484;cp;french;vocabulaire_sens
100485;cp;french;vocabulaire_sens
100486;cp;french;vocabulaire_sens
100487;cp;french;vocabulaire_sens
100488;cp;french;vocabulaire_sens
100489;cp;french;vocabulaire_sens
100490;cp;french;vocabulaire_sens
100491;cp;french;vocabulaire_sens
100492;cp;french;vocabulaire_sens
100493;cp;french;vocabulaire_sens
100494;cp;french;vocabulaire_sens
100495;cp;french;vocabulaire_sens
100496;cp;french;vocabulaire_sens
100497;cp;french;vocabulaire_sens
100498;cp;french;vocabulaire_sens
100499;cp;french;vocabulaire_sens
100500;cp;french;vocabulaire_sens
100501;cp;french;vocabulaire_sens
100502;cp;french;vocabulaire_sens
100503;cp;french;vocabulaire_sens
100504;cp;french;vocabulaire_sens
100505;cp;french;vocabulaire_sens
100506;cp;french;vocabulaire_sens
100507;cp;french;vocabulaire_sens
100508;cp;french;vocabulaire_sens
100509;cp;french;vocabulaire_sens
100510;cp;french;vocabulaire_sens
100511;cp;french;vocabulaire_sens
100512;cp;french;vocabulaire_sens
100513;cp;french;vocabulaire_sens
100514;cp;french;vocabulaire_sens
100515;cp;french;vocabulaire_sens
100516;cp;french;vocabulaire_sens
100517;cp;french;vocabulaire_sens
100518;cp;french;vocabulaire_sens
100519;cp;french;vocabulaire_sens
100520;cp;french;vocabulaire_sens
100521;cp;french;vocabulaire_sens
100522;cp;french;vocabulaire_sens
100523;cp;french;vocabulaire_sens
100524;cp;french;singulier_pluriel
100525;cp;french;singulier_pluriel
100526;cp;french;singulier_pluriel
100527;cp;french;singulier_pluriel
100528;cp;french;singulier_pluriel
100529;cp;french;singulier_pluriel
100530;cp;french;singulier_pluriel
100531;cp;french;singulier_pluriel
100532;cp;french;singulier_pluriel
100533;cp;french;singulier_pluriel
100534;cp;french;singulier_pluriel
100535;cp;french;singulier_pluriel
100536;cp;french;singulier_pluriel
100537;cp;french;singulier_pluriel
100538;cp;french;singulier_pluriel
100539;cp;french;singulier_pluriel
100540;cp;french;singulier_pluriel
100541;cp;french;singulier_pluriel
100542;cp;french;singulier_pluriel
100543;cp;french;singulier_pluriel
100544;cp;french;singulier_pluriel
100545;cp;french;singulier_pluriel
100546;cp;french;singulier_pluriel
100547;cp;french;singulier_pluriel
100548;cp;french;singulier_pluriel
100549;cp;french;singulier_pluriel
100550;cp;french;singulier_pluriel
100551;cp;french;singulier_pluriel
100552;cp;french;singulier_pluriel
100553;cp;french;singulier_pluriel
100554;cp;french;singulier_pluriel
100555;cp;french;singulier_pluriel
100556;cp;french;singulier_pluriel
100557;cp;french;singulier_pluriel
100558;cp;french;singulier_pluriel
100559;cp;french;singulier_pluriel
100560;cp;french;singulier_pluriel
100561;cp;french;singulier_pluriel
100562;cp;french;singulier_pluriel
100563;cp;french;singulier_pluriel
100564;cp;french;singulier_pluriel
100565;cp;french;singulier_pluriel
100566;cp;french;singulier_pluriel
100567;cp;french;singulier_pluriel
100568;cp;french;singulier_pluriel
100569;cp;french;singulier_pluriel
100570;cp;french;singulier_pluriel
100571;cp;french;singulier_pluriel
100572;cp;french;singulier_pluriel
100573;cp;french;singulier_pluriel
100574;cp;french;singulier_pluriel
100575;cp;french;singulier_pluriel
100576;cp;french;singulier_pluriel
100577;cp;french;singulier_pluriel
100578;cp;french;singulier_pluriel
100579;cp;french;singulier_pluriel
100580;cp;french;singulier_pluriel
100581;cp;french;singulier_pluriel
100582;cp;french;singulier_pluriel
100583;cp;french;singulier_pluriel
100584;cp;french;nombres_en_lettres
100585;cp;french;nombres_en_lettres
100586;cp;french;nombres_en_lettres
100587;cp;french;nombres_en_lettres
100588;cp;french;nombres_en_lettres
100589;cp;french;nombres_en_lettres
100590;cp;french;nombres_en_lettres
100591;cp;french;nombres_en_lettres
100592;cp;french;nombres_en_lettres
100593;cp;french;nombres_en_lettres
100594;cp;french;nombres_en_lettres
100595;cp;french;nombres_en_lettres
100596;cp;french;nombres_en_lettres
100597;cp;french;nombres_en_lettres
100598;cp;french;nombres_en_lettres
100599;cp;french;nombres_en_lettres
100600;cp;french;nombres_en_lettres
100601;cp;french;nombres_en_lettres
100602;cp;french;nombres_en_lettres
100603;cp;french;nombres_en_lettres
100604;cp;french;nombres_en_lettres
100605;cp;french;nombres_en_lettres
100606;cp;french;nombres_en_lettres
100607;cp;french;nombres_en_lettres
100608;cp;french;nombres_en_lettres
100609;cp;french;nombres_en_lettres
100610;cp;french;nombres_en_lettres
100611;cp;french;nombres_en_lettres
100612;cp;french;vocabulaire_sens
100613;cp;french;vocabulaire_sens
100614;cp;french;vocabulaire_sens
100615;cp;french;vocabulaire_sens
100616;cp;french;vocabulaire_sens
100617;cp;french;vocabulaire_sens
100618;cp;french;vocabulaire_sens
100619;cp;french;vocabulaire_sens
100620;cp;french;vocabulaire_sens
100621;cp;french;vocabulaire_sens
100622;cp;french;vocabulaire_sens
100623;cp;french;vocabulaire_sens
100624;cp;french;vocabulaire_sens
100625;cp;french;vocabulaire_sens
100626;cp;french;vocabulaire_sens
100627;cp;french;vocabulaire_sens
100628;cp;french;vocabulaire_sens
100629;cp;french;vocabulaire_sens
100630;cp;french;vocabulaire_sens
100631;cp;french;vocabulaire_sens
100632;cp;french;vocabulaire_sens
100633;cp;french;vocabulaire_sens
100634;cp;french;vocabulaire_sens
100635;cp;french;vocabulaire_sens
100636;cp;french;vocabulaire_sens
100637;cp;french;vocabulaire_sens
100638;cp;french;vocabulaire_sens
100639;cp;french;vocabulaire_sens
100640;cp;french;vocabulaire_sens
100641;cp;french;vocabulaire_sens
100642;cp;french;vocabulaire_sens
100643;cp;french;vocabulaire_sens
100644;cp;french;vocabulaire_sens
100645;cp;french;vocabulaire_sens
100646;cp;french;vocabulaire_sens
100647;cp;french;vocabulaire_sens
100648;cp;french;vocabulaire_sens
100649;cp;french;vocabulaire_sens
100650;cp;french;vocabulaire_sens
100651;cp;french;vocabulaire_sens
100652;cp;french;vocabulaire_sens
100653;cp;french;vocabulaire_sens
100654;cp;french;vocabulaire_sens
100655;cp;french;vocabulaire_sens
100656;cp;french;vocabulaire_sens
100657;cp;french;vocabulaire_sens
100658;cp;french;vocabulaire_sens
100659;cp;french;vocabulaire_sens
100660;cp;french;vocabulaire_sens
100661;cp;french;vocabulaire_sens
100662;cp;french;vocabulaire_quotidien
100663;cp;french;vocabulaire_quotidien
100664;cp;french;vocabulaire_quotidien
100665;cp;french;vocabulaire_quotidien
100666;cp;french;vocabulaire_quotidien
100667;cp;french;vocabulaire_quotidien
100668;cp;french;vocabulaire_quotidien
100669;cp;french;vocabulaire_quotidien
100670;cp;french;vocabulaire_quotidien
100671;cp;french;vocabulaire_quotidien
100672;cp;french;vocabulaire_quotidien
100673;cp;french;vocabulaire_quotidien
100674;cp;french;vocabulaire_quotidien
100675;cp;french;vocabulaire_quotidien
100676;cp;french;vocabulaire_quotidien
100677;cp;french;vocabulaire_quotidien
100678;cp;french;vocabulaire_quotidien
100679;cp;french;vocabulaire_quotidien
100680;cp;french;vocabulaire_quotidien
100681;cp;french;vocabulaire_quotidien
100682;cp;french;vocabulaire_quotidien
100683;cp;french;vocabulaire_quotidien
100684;cp;french;vocabulaire_quotidien
100685;cp;french;vocabulaire_quotidien
100686;cp;french;vocabulaire_quotidien
100687;cp;french;vocabulaire_quotidien
100688;cp;french;vocabulaire_quotidien
100689;cp;french;vocabulaire_quotidien
100690;cp;french;vocabulaire_quotidien
100691;cp;french;vocabulaire_quotidien
100692;cp;french;vocabulaire_quotidien
100693;cp;french;vocabulaire_quotidien
100694;cp;french;vocabulaire_quotidien
100695;cp;french;vocabulaire_quotidien
100696;cp;french;vocabulaire_quotidien
100697;cp;french;vocabulaire_quotidien
100698;cp;french;vocabulaire_sens
100699;cp;french;vocabulaire_sens
100700;cp;french;vocabulaire_sens
8000;cp;french;singulier_pluriel
8001;cp;french;singulier_pluriel
8002;cp;french;singulier_pluriel
8003;cp;french;singulier_pluriel
8004;cp;french;singulier_pluriel
8005;cp;french;singulier_pluriel
8006;cp;french;singulier_pluriel
8007;cp;french;singulier_pluriel
8008;cp;french;singulier_pluriel
8009;cp;french;singulier_pluriel
8010;cp;french;singulier_pluriel
8011;cp;french;singulier_pluriel
8012;cp;french;singulier_pluriel
8013;cp;french;singulier_pluriel
8014;cp;french;singulier_pluriel
8015;cp;french;singulier_pluriel
8016;cp;french;singulier_pluriel
8017;cp;french;singulier_pluriel
8018;cp;french;singulier_pluriel
8019;cp;french;singulier_pluriel
8020;cp;french;singulier_pluriel
8021;cp;french;singulier_pluriel
8022;cp;french;singulier_pluriel
8023;cp;french;singulier_pluriel
8024;cp;french;singulier_pluriel
8025;cp;french;singulier_pluriel
8026;cp;french;singulier_pluriel
8027;cp;french;singulier_pluriel
8028;cp;french;singulier_pluriel
8029;cp;french;singulier_pluriel
8030;cp;french;singulier_pluriel
8031;cp;french;singulier_pluriel
8032;cp;french;singulier_pluriel
8033;cp;french;singulier_pluriel
8034;cp;french;singulier_pluriel
8035;cp;french;singulier_pluriel
8036;cp;french;singulier_pluriel
8037;cp;french;singulier_pluriel
8038;cp;french;singulier_pluriel
8039;cp;french;singulier_pluriel
8040;cp;french;singulier_pluriel
8041;cp;french;singulier_pluriel
8042;cp;french;singulier_pluriel
8043;cp;french;singulier_pluriel
8044;cp;french;singulier_pluriel
8045;cp;french;singulier_pluriel
8046;cp;french;singulier_pluriel
8047;cp;french;singulier_pluriel
8048;cp;french;singulier_pluriel
8049;cp;french;singulier_pluriel
8050;cp;french;singulier_pluriel
8051;cp;french;singulier_pluriel
8052;cp;french;singulier_pluriel
8053;cp;french;singulier_pluriel
8054;cp;french;singulier_pluriel
8055;cp;french;singulier_pluriel
8056;cp;french;singulier_pluriel
8057;cp;french;singulier_pluriel
8058;cp;french;singulier_pluriel
8059;cp;french;singulier_pluriel
8060;cp;french;singulier_pluriel
8061;cp;french;singulier_pluriel
8062;cp;french;singulier_pluriel
8063;cp;french;singulier_pluriel
8064;cp;french;singulier_pluriel
8065;cp;french;singulier_pluriel
8066;cp;french;singulier_pluriel
8067;cp;french;singulier_pluriel
8068;cp;french;singulier_pluriel
8069;cp;french;singulier_pluriel
8070;cp;french;singulier_pluriel
8071;cp;french;singulier_pluriel
8072;cp;french;singulier_pluriel
8073;cp;french;singulier_pluriel
8074;cp;french;singulier_pluriel
8075;cp;french;singulier_pluriel
8076;cp;french;singulier_pluriel
8077;cp;french;singulier_pluriel
8078;cp;french;singulier_pluriel
8079;cp;french;singulier_pluriel
8080;cp;french;singulier_pluriel
8081;cp;french;singulier_pluriel
8082;cp;french;singulier_pluriel
8083;cp;french;singulier_pluriel
8084;cp;french;singulier_pluriel
8085;cp;french;singulier_pluriel
8086;cp;french;singulier_pluriel
8087;cp;french;singulier_pluriel
8088;cp;french;singulier_pluriel
8089;cp;french;singulier_pluriel
8090;cp;french;singulier_pluriel
8091;cp;french;singulier_pluriel
8092;cp;french;singulier_pluriel
8093;cp;french;singulier_pluriel
8094;cp;french;singulier_pluriel
8095;cp;french;singulier_pluriel
8096;cp;french;singulier_pluriel
8097;cp;french;singulier_pluriel
8098;cp;french;singulier_pluriel
8099;cp;french;singulier_pluriel
8100;cp;french;singulier_pluriel
8101;cp;french;singulier_pluriel
8102;cp;french;singulier_pluriel
8103;cp;french;singulier_pluriel
8104;cp;french;singulier_pluriel
8105;cp;french;singulier_pluriel
8106;cp;french;singulier_pluriel
8107;cp;french;singulier_pluriel
8108;cp;french;singulier_pluriel
8109;cp;french;singulier_pluriel
8110;cp;french;singulier_pluriel
8111;cp;french;singulier_pluriel
8112;cp;french;singulier_pluriel
8113;cp;french;singulier_pluriel
8114;cp;french;singulier_pluriel
8115;cp;french;singulier_pluriel
8116;cp;french;singulier_pluriel
8117;cp;french;singulier_pluriel
8118;cp;french;singulier_pluriel
8119;cp;french;singulier_pluriel
8120;cp;french;singulier_pluriel
8121;cp;french;singulier_pluriel
8122;cp;french;singulier_pluriel
8123;cp;french;singulier_pluriel
8124;cp;french;singulier_pluriel
8125;cp;french;singulier_pluriel
8126;cp;french;singulier_pluriel
8127;cp;french;singulier_pluriel
8128;cp;french;singulier_pluriel
8129;cp;french;singulier_pluriel
8130;cp;french;singulier_pluriel
8131;cp;french;singulier_pluriel
8132;cp;french;singulier_pluriel
8133;cp;french;singulier_pluriel
8134;cp;french;singulier_pluriel
8135;cp;french;singulier_pluriel
8136;cp;french;singulier_pluriel
8137;cp;french;singulier_pluriel
8138;cp;french;singulier_pluriel
8139;cp;french;singulier_pluriel
8140;cp;french;singulier_pluriel
8141;cp;french;singulier_pluriel
8142;cp;french;singulier_pluriel
8143;cp;french;singulier_pluriel
8144;cp;french;singulier_pluriel
8145;cp;french;singulier_pluriel
8146;cp;french;singulier_pluriel
8147;cp;french;singulier_pluriel
8148;cp;french;singulier_pluriel
8149;cp;french;singulier_pluriel
8150;cp;french;vocabulaire_sens
8151;cp;french;vocabulaire_sens
8152;cp;french;vocabulaire_sens
8153;cp;french;vocabulaire_sens
8154;cp;french;vocabulaire_sens
8155;cp;french;vocabulaire_sens
8156;cp;french;vocabulaire_sens
8157;cp;french;vocabulaire_sens
8158;cp;french;vocabulaire_sens
8159;cp;french;vocabulaire_sens
8160;cp;french;vocabulaire_sens
8161;cp;french;vocabulaire_sens
8162;cp;french;vocabulaire_sens
8163;cp;french;vocabulaire_sens
8164;cp;french;vocabulaire_sens
8165;cp;french;vocabulaire_sens
8166;cp;french;vocabulaire_sens
8167;cp;french;vocabulaire_sens
8168;cp;french;vocabulaire_sens
8169;cp;french;vocabulaire_sens
8170;cp;french;vocabulaire_sens
8171;cp;french;vocabulaire_sens
8172;cp;french;vocabulaire_sens
8173;cp;french;vocabulaire_sens
8174;cp;french;vocabulaire_sens
8175;cp;french;vocabulaire_sens
8176;cp;french;vocabulaire_sens
8177;cp;french;vocabulaire_sens
8178;cp;french;vocabulaire_sens
8179;cp;french;vocabulaire_sens
8180;cp;french;vocabulaire_sens
8181;cp;french;vocabulaire_sens
8182;cp;french;vocabulaire_sens
8183;cp;french;vocabulaire_sens
8184;cp;french;vocabulaire_sens
8185;cp;french;vocabulaire_sens
8186;cp;french;vocabulaire_sens
8187;cp;french;vocabulaire_sens
8188;cp;french;vocabulaire_sens
8189;cp;french;vocabulaire_sens
8190;cp;french;vocabulaire_sens
8191;cp;french;vocabulaire_sens
8192;cp;french;vocabulaire_sens
8193;cp;french;vocabulaire_sens
8194;cp;french;vocabulaire_sens
8195;cp;french;vocabulaire_sens
8196;cp;french;vocabulaire_sens
8197;cp;french;vocabulaire_sens
8198;cp;french;vocabulaire_sens
8199;cp;french;vocabulaire_sens
8200;cp;french;vocabulaire_sens
8201;cp;french;vocabulaire_sens
8202;cp;french;vocabulaire_sens
8203;cp;french;vocabulaire_sens
8204;cp;french;vocabulaire_sens
8205;cp;french;vocabulaire_sens
8206;cp;french;vocabulaire_sens
8207;cp;french;vocabulaire_sens
8208;cp;french;vocabulaire_sens
8209;cp;french;vocabulaire_sens
8210;cp;french;vocabulaire_sens
8211;cp;french;vocabulaire_sens
8212;cp;french;vocabulaire_sens
8213;cp;french;vocabulaire_sens
8214;cp;french;vocabulaire_sens
8215;cp;french;vocabulaire_sens
8216;cp;french;vocabulaire_sens
8217;cp;french;vocabulaire_sens
8218;cp;french;vocabulaire_sens
8219;cp;french;vocabulaire_sens
8220;cp;french;vocabulaire_sens
8221;cp;french;vocabulaire_sens
8222;cp;french;vocabulaire_sens
8223;cp;french;vocabulaire_sens
8224;cp;french;vocabulaire_sens
8225;cp;french;vocabulaire_sens
8226;cp;french;vocabulaire_sens
8227;cp;french;vocabulaire_sens
8228;cp;french;vocabulaire_sens
8229;cp;french;vocabulaire_sens
8230;cp;french;vocabulaire_sens
8231;cp;french;vocabulaire_sens
8232;cp;french;vocabulaire_sens
8233;cp;french;vocabulaire_sens
8234;cp;french;vocabulaire_sens
8235;cp;french;vocabulaire_sens
8236;cp;french;vocabulaire_sens
8237;cp;french;vocabulaire_sens
8238;cp;french;vocabulaire_sens
8239;cp;french;vocabulaire_sens
8240;cp;french;vocabulaire_sens
8241;cp;french;vocabulaire_sens
8242;cp;french;vocabulaire_sens
8243;cp;french;vocabulaire_sens
8244;cp;french;vocabulaire_sens
8245;cp;french;vocabulaire_sens
8246;cp;french;vocabulaire_sens
8247;cp;french;vocabulaire_sens
8248;cp;french;vocabulaire_sens
8249;cp;french;vocabulaire_sens
8250;cp;french;vocabulaire_sens
8251;cp;french;vocabulaire_sens
8252;cp;french;vocabulaire_sens
8253;cp;french;vocabulaire_sens
8254;cp;french;vocabulaire_sens
8255;cp;french;singulier_pluriel
8256;cp;french;singulier_pluriel
8257;cp;french;singulier_pluriel
8258;cp;french;singulier_pluriel
8259;cp;french;singulier_pluriel
8260;cp;french;singulier_pluriel
8261;cp;french;singulier_pluriel
8262;cp;french;singulier_pluriel
8263;cp;french;singulier_pluriel
8264;cp;french;singulier_pluriel
8265;cp;french;singulier_pluriel
8266;cp;french;singulier_pluriel
8267;cp;french;singulier_pluriel
8268;cp;french;singulier_pluriel
8269;cp;french;singulier_pluriel
8270;cp;french;singulier_pluriel
8271;cp;french;singulier_pluriel
8272;cp;french;singulier_pluriel
8273;cp;french;singulier_pluriel
8274;cp;french;singulier_pluriel
8275;cp;french;singulier_pluriel
8276;cp;french;singulier_pluriel
8277;cp;french;singulier_pluriel
8278;cp;french;singulier_pluriel
8279;cp;french;singulier_pluriel
8280;cp;french;singulier_pluriel
8281;cp;french;singulier_pluriel
8282;cp;french;singulier_pluriel
8283;cp;french;singulier_pluriel
8284;cp;french;singulier_pluriel
8285;cp;french;singulier_pluriel
8286;cp;french;singulier_pluriel
8287;cp;french;singulier_pluriel
8288;cp;french;singulier_pluriel
8289;cp;french;singulier_pluriel
8290;cp;french;singulier_pluriel
8291;cp;french;singulier_pluriel
8292;cp;french;singulier_pluriel
8293;cp;french;singulier_pluriel
8294;cp;french;singulier_pluriel
8295;cp;french;singulier_pluriel
8296;cp;french;singulier_pluriel
8297;cp;french;singulier_pluriel
8298;cp;french;singulier_pluriel
8299;cp;french;singulier_pluriel
8300;cp;french;singulier_pluriel
8301;cp;french;singulier_pluriel
8302;cp;french;singulier_pluriel
8303;cp;french;singulier_pluriel
8304;cp;french;singulier_pluriel
8305;cp;french;singulier_pluriel
8306;cp;french;singulier_pluriel
8307;cp;french;singulier_pluriel
8308;cp;french;singulier_pluriel
8309;cp;french;singulier_pluriel
8310;cp;french;singulier_pluriel
8311;cp;french;singulier_pluriel
8312;cp;french;singulier_pluriel
8313;cp;french;singulier_pluriel
8314;cp;french;singulier_pluriel
8315;cp;french;singulier_pluriel
8316;cp;french;singulier_pluriel
8317;cp;french;singulier_pluriel
8318;cp;french;vocabulaire_sens
8319;cp;french;vocabulaire_sens
8320;cp;french;vocabulaire_sens
8321;cp;french;vocabulaire_sens
8322;cp;french;vocabulaire_sens
8323;cp;french;vocabulaire_sens
8324;cp;french;vocabulaire_sens
8325;cp;french;vocabulaire_sens
8326;cp;french;vocabulaire_sens
8327;cp;french;vocabulaire_sens
8328;cp;french;vocabulaire_sens
8329;cp;french;vocabulaire_sens
8330;cp;french;vocabulaire_sens
8331;cp;french;vocabulaire_sens
8332;cp;french;vocabulaire_sens
8333;cp;french;vocabulaire_sens
8334;cp;french;vocabulaire_sens
8335;cp;french;vocabulaire_sens
8336;cp;french;vocabulaire_sens
8337;cp;french;vocabulaire_sens
8338;cp;french;vocabulaire_sens
8339;cp;french;vocabulaire_sens
8340;cp;french;vocabulaire_sens
8341;cp;french;vocabulaire_sens
8342;cp;french;vocabulaire_sens
8343;cp;french;vocabulaire_sens
8344;cp;french;vocabulaire_sens
8345;cp;french;vocabulaire_sens
8346;cp;french;vocabulaire_sens
8347;cp;french;vocabulaire_sens
8348;cp;french;vocabulaire_sens
8349;cp;french;vocabulaire_sens
8350;cp;french;vocabulaire_sens
8351;cp;french;vocabulaire_sens
8352;cp;french;vocabulaire_sens
8353;cp;french;vocabulaire_sens
8354;cp;french;vocabulaire_sens
8355;cp;french;vocabulaire_sens
8356;cp;french;vocabulaire_sens
8357;cp;french;vocabulaire_sens
8358;cp;french;vocabulaire_sens
8359;cp;french;vocabulaire_sens
8360;cp;french;vocabulaire_sens
8361;cp;french;vocabulaire_sens
8362;cp;french;vocabulaire_sens
8363;cp;french;vocabulaire_sens
8364;cp;french;vocabulaire_sens
8365;cp;french;vocabulaire_sens
8366;cp;french;vocabulaire_sens
8367;cp;french;vocabulaire_sens
8368;cp;french;vocabulaire_sens
8369;cp;french;vocabulaire_sens
8370;cp;french;vocabulaire_sens
8371;cp;french;vocabulaire_sens
8372;cp;french;vocabulaire_sens
8373;cp;french;vocabulaire_sens
8374;cp;french;vocabulaire_sens
8375;cp;french;vocabulaire_sens
8376;cp;french;vocabulaire_sens
8377;cp;french;vocabulaire_sens
8378;cp;french;vocabulaire_sens
8379;cp;french;vocabulaire_sens
8380;cp;french;vocabulaire_sens
8381;cp;french;vocabulaire_sens
8382;cp;french;vocabulaire_sens
8383;cp;french;vocabulaire_sens
8384;cp;french;vocabulaire_sens
8385;cp;french;vocabulaire_sens
8386;cp;french;vocabulaire_sens
8387;cp;french;vocabulaire_sens
8388;cp;french;vocabulaire_sens
8389;cp;french;vocabulaire_sens
8390;cp;french;vocabulaire_sens
8391;cp;french;vocabulaire_sens
8392;cp;french;vocabulaire_sens
8393;cp;french;vocabulaire_sens
8394;cp;french;vocabulaire_sens
8395;cp;french;vocabulaire_sens
8396;cp;french;vocabulaire_sens
8397;cp;french;vocabulaire_sens
8398;cp;french;masculin_feminin
8399;cp;french;masculin_feminin
8400;cp;french;masculin_feminin
8401;cp;french;vocabulaire_quotidien
8402;cp;french;vocabulaire_quotidien
8403;cp;french;vocabulaire_quotidien
8404;cp;french;vocabulaire_quotidien
8405;cp;french;vocabulaire_quotidien
8406;cp;french;vocabulaire_quotidien
8407;cp;french;vocabulaire_quotidien
8408;cp;french;vocabulaire_quotidien
8409;cp;french;vocabulaire_quotidien
8410;cp;french;vocabulaire_quotidien
8411;cp;french;vocabulaire_quotidien
8412;cp;french;vocabulaire_quotidien
8413;cp;french;vocabulaire_quotidien
8414;cp;french;vocabulaire_quotidien
8415;cp;french;vocabulaire_quotidien
8416;cp;french;vocabulaire_quotidien
8417;cp;french;vocabulaire_quotidien
8418;cp;french;vocabulaire_quotidien
8419;cp;french;vocabulaire_quotidien
8420;cp;french;vocabulaire_quotidien
8421;cp;french;vocabulaire_quotidien
8422;cp;french;vocabulaire_quotidien
8423;cp;french;vocabulaire_quotidien
8424;cp;french;vocabulaire_quotidien
8425;cp;french;nombres_en_lettres
8426;cp;french;nombres_en_lettres
8427;cp;french;nombres_en_lettres
8428;cp;french;nombres_en_lettres
8429;cp;french;nombres_en_lettres
8430;cp;french;nombres_en_lettres
8431;cp;french;nombres_en_lettres
8432;cp;french;nombres_en_lettres
8433;cp;french;nombres_en_lettres
8434;cp;french;nombres_en_lettres
8435;cp;french;nombres_en_lettres
8436;cp;french;nombres_en_lettres
8437;cp;french;nombres_en_lettres
8438;cp;french;nombres_en_lettres
8439;cp;french;nombres_en_lettres
8440;cp;french;nombres_en_lettres
8441;cp;french;nombres_en_lettres
8442;cp;french;nombres_en_lettres
8443;cp;french;nombres_en_lettres
8444;cp;french;nombres_en_lettres
8445;cp;french;nombres_en_lettres
8446;cp;french;nombres_en_lettres
8447;cp;french;nombres_en_lettres
8448;cp;french;nombres_en_lettres
8449;cp;french;nombres_en_lettres
8450;cp;french;nombres_en_lettres
8451;cp;french;nombres_en_lettres
8452;cp;french;nombres_en_lettres
8453;cp;french;nombres_en_lettres
8454;cp;french;nombres_en_lettres
8455;cp;french;nombres_en_lettres
8456;cp;french;nombres_en_lettres
8457;cp;french;nombres_en_lettres
8458;cp;french;nombres_en_lettres
8459;cp;french;nombres_en_lettres
8460;cp;french;nombres_en_lettres
8461;cp;french;nombres_en_lettres
8462;cp;french;nombres_en_lettres
8463;cp;french;nombres_en_lettres
8464;cp;french;nombres_en_lettres
8465;cp;french;nombres_en_lettres
8466;cp;french;nombres_en_lettres
8467;cp;french;nombres_en_lettres
8468;cp;french;nombres_en_lettres
8469;cp;french;nombres_en_lettres
8470;cp;french;nombres_en_lettres
8471;cp;french;nombres_en_lettres
8472;cp;french;nombres_en_lettres
8473;cp;french;nombres_en_lettres
8474;cp;french;nombres_en_lettres
8475;cp;french;nombres_en_lettres
8476;cp;french;nombres_en_lettres
8477;cp;french;nombres_en_lettres
8478;cp;french;nombres_en_lettres
8479;cp;french;nombres_en_lettres
8480;cp;french;nombres_en_lettres
8481;cp;french;nombres_en_lettres
8482;cp;french;nombres_en_lettres
8483;cp;french;nombres_en_lettres
8484;cp;french;nombres_en_lettres
8485;cp;french;vocabulaire_quotidien
8486;cp;french;vocabulaire_quotidien
8487;cp;french;vocabulaire_quotidien
8488;cp;french;vocabulaire_quotidien
8489;cp;french;vocabulaire_quotidien
8490;cp;french;vocabulaire_quotidien
8491;cp;french;vocabulaire_quotidien
8492;cp;french;vocabulaire_quotidien
8493;cp;french;vocabulaire_quotidien
8494;cp;french;vocabulaire_quotidien
8495;cp;french;vocabulaire_quotidien
8496;cp;french;vocabulaire_quotidien
8497;cp;french;vocabulaire_quotidien
8498;cp;french;vocabulaire_quotidien
8499;cp;french;vocabulaire_quotidien
13001;cp;lecture;lecture_litterale
13002;cp;lecture;lecture_litterale
13003;cp;lecture;lecture_litterale
13004;cp;lecture;lecture_litterale
13005;cp;lecture;lecture_litterale
13006;cp;lecture;lecture_litterale
13007;cp;lecture;lecture_litterale
13008;cp;lecture;lecture_litterale
13009;cp;lecture;lecture_litterale
13010;cp;lecture;lecture_litterale
23001;cp;lecture;lecture_litterale
23002;cp;lecture;lecture_litterale
23003;cp;lecture;lecture_litterale
23004;cp;lecture;lecture_litterale
23005;cp;lecture;lecture_litterale
23006;cp;lecture;lecture_litterale
23007;cp;lecture;lecture_litterale
23008;cp;lecture;lecture_litterale
23009;cp;lecture;lecture_litterale
23010;cp;lecture;lecture_litterale
23012;cp;lecture;lecture_litterale
23013;cp;lecture;lecture_litterale
23014;cp;lecture;lecture_litterale
23015;cp;lecture;lecture_litterale
23016;cp;lecture;lecture_litterale
23017;cp;lecture;lecture_litterale
23018;cp;lecture;lecture_litterale
23019;cp;lecture;lecture_litterale
23020;cp;lecture;lecture_litterale
23021;cp;lecture;lecture_litterale
23023;cp;lecture;lecture_litterale
23024;cp;lecture;lecture_litterale
23025;cp;lecture;lecture_litterale
23026;cp;lecture;lecture_litterale
23027;cp;lecture;lecture_litterale
23028;cp;lecture;lecture_litterale
23029;cp;lecture;lecture_litterale
23030;cp;lecture;lecture_litterale
23031;cp;lecture;lecture_litterale
23032;cp;lecture;lecture_litterale
23034;cp;lecture;lecture_litterale
23035;cp;lecture;lecture_litterale
23036;cp;lecture;lecture_litterale
23037;cp;lecture;lecture_litterale
23038;cp;lecture;lecture_litterale
23039;cp;lecture;lecture_litterale
23040;cp;lecture;lecture_litterale
23041;cp;lecture;lecture_litterale
23042;cp;lecture;lecture_litterale
23043;cp;lecture;lecture_litterale
23045;cp;lecture;lecture_litterale
23046;cp;lecture;lecture_litterale
23047;cp;lecture;lecture_litterale
23048;cp;lecture;lecture_litterale
23049;cp;lecture;lecture_litterale
23050;cp;lecture;lecture_litterale
23051;cp;lecture;lecture_litterale
23052;cp;lecture;lecture_litterale
23053;cp;lecture;lecture_litterale
23054;cp;lecture;lecture_litterale
23056;cp;lecture;lecture_litterale
23057;cp;lecture;lecture_litterale
23058;cp;lecture;lecture_litterale
23059;cp;lecture;lecture_litterale
23060;cp;lecture;lecture_litterale
23061;cp;lecture;lecture_litterale
23062;cp;lecture;lecture_litterale
23063;cp;lecture;lecture_litterale
23064;cp;lecture;lecture_litterale
23065;cp;lecture;lecture_litterale
23067;cp;lecture;lecture_litterale
23068;cp;lecture;lecture_litterale
23069;cp;lecture;lecture_litterale
23070;cp;lecture;lecture_litterale
23071;cp;lecture;lecture_litterale
23072;cp;lecture;lecture_litterale
23073;cp;lecture;lecture_litterale
23074;cp;lecture;lecture_litterale
23075;cp;lecture;lecture_litterale
23076;cp;lecture;lecture_litterale
23078;cp;lecture;lecture_litterale
23079;cp;lecture;lecture_litterale
23080;cp;lecture;lecture_litterale
23081;cp;lecture;lecture_litterale
23082;cp;lecture;lecture_litterale
23083;cp;lecture;lecture_litterale
23084;cp;lecture;lecture_litterale
23085;cp;lecture;lecture_litterale
23086;cp;lecture;lecture_litterale
23087;cp;lecture;lecture_litterale
23089;cp;lecture;lecture_litterale
23090;cp;lecture;lecture_litterale
23091;cp;lecture;lecture_litterale
23092;cp;lecture;lecture_litterale
23093;cp;lecture;lecture_litterale
23094;cp;lecture;lecture_litterale
23095;cp;lecture;lecture_litterale
23096;cp;lecture;lecture_litterale
23097;cp;lecture;lecture_litterale
23098;cp;lecture;lecture_litterale
23100;cp;lecture;lecture_litterale
23101;cp;lecture;lecture_litterale
23102;cp;lecture;lecture_litterale
23103;cp;lecture;lecture_litterale
23104;cp;lecture;lecture_litterale
23105;cp;lecture;lecture_litterale
23106;cp;lecture;lecture_litterale
23107;cp;lecture;lecture_litterale
23108;cp;lecture;lecture_litterale
23109;cp;lecture;lecture_litterale
23111;cp;lecture;lecture_litterale
23112;cp;lecture;lecture_litterale
23113;cp;lecture;lecture_litterale
23114;cp;lecture;lecture_litterale
23115;cp;lecture;lecture_litterale
23116;cp;lecture;lecture_litterale
23117;cp;lecture;lecture_litterale
23118;cp;lecture;lecture_litterale
23119;cp;lecture;lecture_litterale
23120;cp;lecture;lecture_litterale
23122;cp;lecture;lecture_litterale
23123;cp;lecture;lecture_litterale
23124;cp;lecture;lecture_litterale
23125;cp;lecture;lecture_litterale
23126;cp;lecture;lecture_litterale
23127;cp;lecture;lecture_litterale
23128;cp;lecture;lecture_litterale
23129;cp;lecture;lecture_litterale
23130;cp;lecture;lecture_litterale
23131;cp;lecture;lecture_litterale
23133;cp;lecture;lecture_litterale
23134;cp;lecture;lecture_litterale
23135;cp;lecture;lecture_litterale
23136;cp;lecture;lecture_litterale
23137;cp;lecture;lecture_litterale
23138;cp;lecture;lecture_litterale
23139;cp;lecture;lecture_litterale
23140;cp;lecture;lecture_litterale
23141;cp;lecture;lecture_litterale
23142;cp;lecture;lecture_litterale
23144;cp;lecture;lecture_litterale
23145;cp;lecture;lecture_litterale
23146;cp;lecture;lecture_litterale
23147;cp;lecture;lecture_litterale
23148;cp;lecture;lecture_litterale
23149;cp;lecture;lecture_litterale
23150;cp;lecture;lecture_litterale
23151;cp;lecture;lecture_litterale
23152;cp;lecture;lecture_litterale
23153;cp;lecture;lecture_litterale
23155;cp;lecture;lecture_litterale
23156;cp;lecture;lecture_litterale
23157;cp;lecture;lecture_litterale
23158;cp;lecture;lecture_litterale
23159;cp;lecture;lecture_litterale
23160;cp;lecture;lecture_litterale
23161;cp;lecture;lecture_litterale
23162;cp;lecture;lecture_litterale
23163;cp;lecture;lecture_litterale
23164;cp;lecture;lecture_litterale
23166;cp;lecture;lecture_litterale
23167;cp;lecture;lecture_litterale
23168;cp;lecture;lecture_litterale
23169;cp;lecture;lecture_litterale
23170;cp;lecture;lecture_litterale
23171;cp;lecture;lecture_litterale
23172;cp;lecture;lecture_litterale
23173;cp;lecture;lecture_litterale
23174;cp;lecture;lecture_litterale
23175;cp;lecture;lecture_litterale
23177;cp;lecture;lecture_litterale
23178;cp;lecture;lecture_litterale
23179;cp;lecture;lecture_litterale
23180;cp;lecture;lecture_litterale
23181;cp;lecture;lecture_litterale
23182;cp;lecture;lecture_litterale
23183;cp;lecture;lecture_litterale
23184;cp;lecture;lecture_litterale
23185;cp;lecture;lecture_litterale
23186;cp;lecture;lecture_litterale
23188;cp;lecture;lecture_litterale
23189;cp;lecture;lecture_litterale
23190;cp;lecture;lecture_litterale
23191;cp;lecture;lecture_litterale
23192;cp;lecture;lecture_litterale
23193;cp;lecture;lecture_litterale
23194;cp;lecture;lecture_litterale
23195;cp;lecture;lecture_litterale
23196;cp;lecture;lecture_litterale
23197;cp;lecture;lecture_litterale
23199;cp;lecture;lecture_litterale
23200;cp;lecture;lecture_litterale
23201;cp;lecture;lecture_litterale
23202;cp;lecture;lecture_litterale
23203;cp;lecture;lecture_litterale
23204;cp;lecture;lecture_litterale
23205;cp;lecture;lecture_litterale
23206;cp;lecture;lecture_litterale
23207;cp;lecture;lecture_litterale
23208;cp;lecture;lecture_litterale
23210;cp;lecture;lecture_litterale
23211;cp;lecture;lecture_litterale
23212;cp;lecture;lecture_litterale
23213;cp;lecture;lecture_litterale
23214;cp;lecture;lecture_litterale
23215;cp;lecture;lecture_litterale
23216;cp;lecture;lecture_litterale
23217;cp;lecture;lecture_litterale
23218;cp;lecture;lecture_litterale
23219;cp;lecture;lecture_litterale
23221;cp;lecture;lecture_litterale
23222;cp;lecture;lecture_litterale
23223;cp;lecture;lecture_litterale
23224;cp;lecture;lecture_litterale
23225;cp;lecture;lecture_litterale
23226;cp;lecture;lecture_litterale
23227;cp;lecture;lecture_litterale
23228;cp;lecture;lecture_litterale
23229;cp;lecture;lecture_litterale
23230;cp;lecture;lecture_litterale
23232;cp;lecture;lecture_litterale
23233;cp;lecture;lecture_litterale
23234;cp;lecture;lecture_litterale
23235;cp;lecture;lecture_litterale
23236;cp;lecture;lecture_litterale
23237;cp;lecture;lecture_litterale
23238;cp;lecture;lecture_litterale
23239;cp;lecture;lecture_litterale
23240;cp;lecture;lecture_litterale
23241;cp;lecture;lecture_litterale
23243;cp;lecture;lecture_litterale
23244;cp;lecture;lecture_litterale
23245;cp;lecture;lecture_litterale
23246;cp;lecture;lecture_litterale
23247;cp;lecture;lecture_litterale
23248;cp;lecture;lecture_litterale
23249;cp;lecture;lecture_litterale
23250;cp;lecture;lecture_litterale
23251;cp;lecture;lecture_litterale
23252;cp;lecture;lecture_litterale
23254;cp;lecture;lecture_litterale
23255;cp;lecture;lecture_litterale
23256;cp;lecture;lecture_litterale
23257;cp;lecture;lecture_litterale
23258;cp;lecture;lecture_litterale
23259;cp;lecture;lecture_litterale
23260;cp;lecture;lecture_litterale
23261;cp;lecture;lecture_litterale
23262;cp;lecture;lecture_litterale
23263;cp;lecture;lecture_litterale
23265;cp;lecture;lecture_litterale
23266;cp;lecture;lecture_litterale
23267;cp;lecture;lecture_litterale
23268;cp;lecture;lecture_litterale
23269;cp;lecture;lecture_litterale
23270;cp;lecture;lecture_litterale
23271;cp;lecture;lecture_litterale
23272;cp;lecture;lecture_litterale
23273;cp;lecture;lecture_litterale
23274;cp;lecture;lecture_litterale
23276;cp;lecture;lecture_litterale
23277;cp;lecture;lecture_litterale
23278;cp;lecture;lecture_litterale
23279;cp;lecture;lecture_litterale
23280;cp;lecture;lecture_litterale
23281;cp;lecture;lecture_litterale
23282;cp;lecture;lecture_litterale
23283;cp;lecture;lecture_litterale
23284;cp;lecture;lecture_litterale
23285;cp;lecture;lecture_litterale
23287;cp;lecture;lecture_litterale
23288;cp;lecture;lecture_litterale
23289;cp;lecture;lecture_litterale
23290;cp;lecture;lecture_litterale
23291;cp;lecture;lecture_litterale
23292;cp;lecture;lecture_litterale
23293;cp;lecture;lecture_litterale
23294;cp;lecture;lecture_litterale
23295;cp;lecture;lecture_litterale
23296;cp;lecture;lecture_litterale
23298;cp;lecture;lecture_litterale
23299;cp;lecture;lecture_litterale
23300;cp;lecture;lecture_litterale
23301;cp;lecture;lecture_litterale
23302;cp;lecture;lecture_litterale
23303;cp;lecture;lecture_litterale
23304;cp;lecture;lecture_litterale
23305;cp;lecture;lecture_litterale
23306;cp;lecture;lecture_litterale
23307;cp;lecture;lecture_litterale
23309;cp;lecture;lecture_litterale
23310;cp;lecture;lecture_litterale
23311;cp;lecture;lecture_litterale
23312;cp;lecture;lecture_litterale
23313;cp;lecture;lecture_litterale
23314;cp;lecture;lecture_litterale
23315;cp;lecture;lecture_litterale
23316;cp;lecture;lecture_litterale
23317;cp;lecture;lecture_litterale
23318;cp;lecture;lecture_litterale
23320;cp;lecture;lecture_litterale
23321;cp;lecture;lecture_litterale
23322;cp;lecture;lecture_litterale
23323;cp;lecture;lecture_litterale
23324;cp;lecture;lecture_litterale
23325;cp;lecture;lecture_litterale
23326;cp;lecture;lecture_litterale
23327;cp;lecture;lecture_litterale
23328;cp;lecture;lecture_litterale
23329;cp;lecture;lecture_litterale
23331;cp;lecture;lecture_litterale
23332;cp;lecture;lecture_litterale
23333;cp;lecture;lecture_litterale
23334;cp;lecture;lecture_litterale
23335;cp;lecture;lecture_litterale
23336;cp;lecture;lecture_litterale
23337;cp;lecture;lecture_litterale
23338;cp;lecture;lecture_litterale
23339;cp;lecture;lecture_litterale
23340;cp;lecture;lecture_litterale
23342;cp;lecture;lecture_litterale
23343;cp;lecture;lecture_litterale
23344;cp;lecture;lecture_litterale
23345;cp;lecture;lecture_litterale
23346;cp;lecture;lecture_litterale
23347;cp;lecture;lecture_litterale
23348;cp;lecture;lecture_litterale
23349;cp;lecture;lecture_litterale
23350;cp;lecture;lecture_litterale
23351;cp;lecture;lecture_litterale
23353;cp;lecture;lecture_litterale
23354;cp;lecture;lecture_litterale
23355;cp;lecture;lecture_litterale
23356;cp;lecture;lecture_litterale
23357;cp;lecture;lecture_litterale
23358;cp;lecture;lecture_litterale
23359;cp;lecture;lecture_litterale
23360;cp;lecture;lecture_litterale
23361;cp;lecture;lecture_litterale
23362;cp;lecture;lecture_litterale
23364;cp;lecture;lecture_litterale
23365;cp;lecture;lecture_litterale
23366;cp;lecture;lecture_litterale
23367;cp;lecture;lecture_litterale
23368;cp;lecture;lecture_litterale
23369;cp;lecture;lecture_litterale
23370;cp;lecture;lecture_litterale
23371;cp;lecture;lecture_litterale
23372;cp;lecture;lecture_litterale
23373;cp;lecture;lecture_litterale
23375;cp;lecture;lecture_litterale
23376;cp;lecture;lecture_litterale
23377;cp;lecture;lecture_litterale
23378;cp;lecture;lecture_litterale
23379;cp;lecture;lecture_litterale
23380;cp;lecture;lecture_litterale
23381;cp;lecture;lecture_litterale
23382;cp;lecture;lecture_litterale
23383;cp;lecture;lecture_litterale
23384;cp;lecture;lecture_litterale
23386;cp;lecture;lecture_litterale
23387;cp;lecture;lecture_litterale
23388;cp;lecture;lecture_litterale
23389;cp;lecture;lecture_litterale
23390;cp;lecture;lecture_litterale
23391;cp;lecture;lecture_litterale
23392;cp;lecture;lecture_litterale
23393;cp;lecture;lecture_litterale
23394;cp;lecture;lecture_litterale
23395;cp;lecture;lecture_litterale
23397;cp;lecture;lecture_litterale
23398;cp;lecture;lecture_litterale
23399;cp;lecture;lecture_litterale
23400;cp;lecture;lecture_litterale
23401;cp;lecture;lecture_litterale
23402;cp;lecture;lecture_litterale
23403;cp;lecture;lecture_litterale
23404;cp;lecture;lecture_litterale
23405;cp;lecture;lecture_litterale
23406;cp;lecture;lecture_litterale
23408;cp;lecture;lecture_litterale
23409;cp;lecture;lecture_litterale
23410;cp;lecture;lecture_litterale
23411;cp;lecture;lecture_litterale
23412;cp;lecture;lecture_litterale
23413;cp;lecture;lecture_litterale
23414;cp;lecture;lecture_litterale
23415;cp;lecture;lecture_litterale
23416;cp;lecture;lecture_litterale
23417;cp;lecture;lecture_litterale
23419;cp;lecture;lecture_litterale
23420;cp;lecture;lecture_litterale
23421;cp;lecture;lecture_litterale
23422;cp;lecture;lecture_litterale
23423;cp;lecture;lecture_litterale
23424;cp;lecture;lecture_litterale
23425;cp;lecture;lecture_litterale
23426;cp;lecture;lecture_litterale
23427;cp;lecture;lecture_litterale
23428;cp;lecture;lecture_litterale
23430;cp;lecture;lecture_litterale
23431;cp;lecture;lecture_litterale
23432;cp;lecture;lecture_litterale
23433;cp;lecture;lecture_litterale
23434;cp;lecture;lecture_litterale
23435;cp;lecture;lecture_litterale
23436;cp;lecture;lecture_litterale
23437;cp;lecture;lecture_litterale
23438;cp;lecture;lecture_litterale
23439;cp;lecture;lecture_litterale
23441;cp;lecture;lecture_litterale
23442;cp;lecture;lecture_litterale
23443;cp;lecture;lecture_litterale
23444;cp;lecture;lecture_litterale
23445;cp;lecture;lecture_litterale
23446;cp;lecture;lecture_litterale
23447;cp;lecture;lecture_litterale
23448;cp;lecture;lecture_litterale
23449;cp;lecture;lecture_litterale
23450;cp;lecture;lecture_litterale
23452;cp;lecture;lecture_litterale
23453;cp;lecture;lecture_litterale
23454;cp;lecture;lecture_litterale
23455;cp;lecture;lecture_litterale
23456;cp;lecture;lecture_litterale
23457;cp;lecture;lecture_litterale
23458;cp;lecture;lecture_litterale
23459;cp;lecture;lecture_litterale
23460;cp;lecture;lecture_litterale
23461;cp;lecture;lecture_litterale
23463;cp;lecture;lecture_litterale
23464;cp;lecture;lecture_litterale
23465;cp;lecture;lecture_litterale
23466;cp;lecture;lecture_litterale
23467;cp;lecture;lecture_litterale
23468;cp;lecture;lecture_litterale
23469;cp;lecture;lecture_litterale
23470;cp;lecture;lecture_litterale
23471;cp;lecture;lecture_litterale
23472;cp;lecture;lecture_litterale
23474;cp;lecture;lecture_litterale
23475;cp;lecture;lecture_litterale
23476;cp;lecture;lecture_litterale
23477;cp;lecture;lecture_litterale
23478;cp;lecture;lecture_litterale
23479;cp;lecture;lecture_litterale
23480;cp;lecture;lecture_litterale
23481;cp;lecture;lecture_litterale
23482;cp;lecture;lecture_litterale
23483;cp;lecture;lecture_litterale
23485;cp;lecture;lecture_litterale
23486;cp;lecture;lecture_litterale
23487;cp;lecture;lecture_litterale
23488;cp;lecture;lecture_litterale
23489;cp;lecture;lecture_litterale
23490;cp;lecture;lecture_litterale
23491;cp;lecture;lecture_litterale
23492;cp;lecture;lecture_litterale
23493;cp;lecture;lecture_litterale
23494;cp;lecture;lecture_litterale
23496;cp;lecture;lecture_litterale
23497;cp;lecture;lecture_litterale
23498;cp;lecture;lecture_litterale
23499;cp;lecture;lecture_litterale
23500;cp;lecture;lecture_litterale
23501;cp;lecture;lecture_litterale
23502;cp;lecture;lecture_litterale
23503;cp;lecture;lecture_litterale
23504;cp;lecture;lecture_litterale
23505;cp;lecture;lecture_litterale
23507;cp;lecture;lecture_litterale
23508;cp;lecture;lecture_litterale
23509;cp;lecture;lecture_litterale
23510;cp;lecture;lecture_litterale
23511;cp;lecture;lecture_litterale
23512;cp;lecture;lecture_litterale
23513;cp;lecture;lecture_litterale
23514;cp;lecture;lecture_litterale
23515;cp;lecture;lecture_litterale
23516;cp;lecture;lecture_litterale
40000;cp;logique;suites_logiques
40001;cp;logique;suites_logiques
40002;cp;logique;intrus
40003;cp;logique;intrus
40004;cp;logique;analogies
40005;cp;logique;classer
40006;cp;logique;suites_logiques
40007;cp;logique;suites_logiques
40008;cp;logique;comparer
40009;cp;logique;analogies
40010;cp;logique;suites_logiques
40011;cp;logique;suites_logiques
40012;cp;logique;suites_logiques
40013;cp;logique;suites_logiques
40014;cp;logique;suites_logiques
40015;cp;logique;suites_logiques
40016;cp;logique;suites_logiques
40017;cp;logique;suites_logiques
40018;cp;logique;suites_logiques
40019;cp;logique;suites_logiques
40020;cp;logique;suites_logiques
40021;cp;logique;suites_logiques
40022;cp;logique;suites_logiques
40023;cp;logique;suites_logiques
40024;cp;logique;suites_logiques
40025;cp;logique;suites_logiques
40026;cp;logique;suites_logiques
40027;cp;logique;suites_logiques
40028;cp;logique;suites_logiques
40029;cp;logique;suites_logiques
40030;cp;logique;suites_logiques
40031;cp;logique;suites_logiques
40032;cp;logique;suites_logiques
40033;cp;logique;suites_logiques
40034;cp;logique;suites_logiques
40035;cp;logique;suites_logiques
40036;cp;logique;suites_logiques
40037;cp;logique;suites_logiques
40038;cp;logique;suites_logiques
40039;cp;logique;suites_logiques
40040;cp;logique;analogies
40041;cp;logique;analogies
40042;cp;logique;analogies
40043;cp;logique;analogies
40044;cp;logique;analogies
40045;cp;logique;analogies
40046;cp;logique;analogies
40047;cp;logique;analogies
40048;cp;logique;analogies
40049;cp;logique;analogies
40050;cp;logique;analogies
40051;cp;logique;analogies
40052;cp;logique;analogies
40053;cp;logique;analogies
40054;cp;logique;analogies
40055;cp;logique;analogies
40056;cp;logique;analogies
40057;cp;logique;analogies
40058;cp;logique;analogies
40059;cp;logique;analogies
40060;cp;logique;analogies
40061;cp;logique;analogies
40062;cp;logique;analogies
40063;cp;logique;analogies
40064;cp;logique;analogies
40065;cp;logique;analogies
40066;cp;logique;analogies
40067;cp;logique;analogies
40068;cp;logique;analogies
40069;cp;logique;analogies
40070;cp;logique;analogies
40071;cp;logique;analogies
40072;cp;logique;analogies
40073;cp;logique;analogies
40074;cp;logique;analogies
40075;cp;logique;analogies
40076;cp;logique;analogies
40077;cp;logique;analogies
40078;cp;logique;analogies
40079;cp;logique;analogies
40080;cp;logique;analogies
40081;cp;logique;analogies
40082;cp;logique;analogies
40083;cp;logique;analogies
40084;cp;logique;analogies
40085;cp;logique;analogies
40086;cp;logique;analogies
40087;cp;logique;analogies
40088;cp;logique;analogies
40089;cp;logique;analogies
40090;cp;logique;analogies
40091;cp;logique;analogies
40092;cp;logique;analogies
40093;cp;logique;analogies
40094;cp;logique;analogies
40095;cp;logique;analogies
40096;cp;logique;analogies
40097;cp;logique;analogies
40098;cp;logique;analogies
40099;cp;logique;analogies
40100;cp;logique;intrus
40101;cp;logique;intrus
40102;cp;logique;intrus
40103;cp;logique;intrus
40104;cp;logique;intrus
40105;cp;logique;intrus
40106;cp;logique;intrus
40107;cp;logique;intrus
40108;cp;logique;intrus
40109;cp;logique;intrus
40110;cp;logique;intrus
40111;cp;logique;intrus
40112;cp;logique;intrus
40113;cp;logique;intrus
40114;cp;logique;intrus
40115;cp;logique;intrus
40116;cp;logique;intrus
40117;cp;logique;intrus
40118;cp;logique;intrus
40119;cp;logique;intrus
40120;cp;logique;intrus
40121;cp;logique;intrus
40122;cp;logique;intrus
40123;cp;logique;intrus
40124;cp;logique;intrus
40125;cp;logique;intrus
40126;cp;logique;intrus
40127;cp;logique;intrus
40128;cp;logique;intrus
40129;cp;logique;intrus
40130;cp;logique;intrus
40131;cp;logique;intrus
40132;cp;logique;intrus
40133;cp;logique;intrus
40134;cp;logique;intrus
40135;cp;logique;intrus
40136;cp;logique;intrus
40137;cp;logique;intrus
40138;cp;logique;intrus
40139;cp;logique;intrus
40140;cp;logique;intrus
40141;cp;logique;intrus
40142;cp;logique;intrus
40143;cp;logique;intrus
40144;cp;logique;intrus
40145;cp;logique;intrus
40146;cp;logique;intrus
40147;cp;logique;intrus
40148;cp;logique;intrus
40149;cp;logique;intrus
40150;cp;logique;intrus
40151;cp;logique;intrus
40152;cp;logique;intrus
40153;cp;logique;intrus
40154;cp;logique;intrus
40155;cp;logique;intrus
40156;cp;logique;intrus
40157;cp;logique;intrus
40158;cp;logique;intrus
40159;cp;logique;intrus
40160;cp;logique;analogies
40161;cp;logique;analogies
40162;cp;logique;analogies
40163;cp;logique;analogies
40164;cp;logique;analogies
40165;cp;logique;analogies
40166;cp;logique;analogies
40167;cp;logique;analogies
40168;cp;logique;analogies
40169;cp;logique;analogies
40170;cp;logique;analogies
40171;cp;logique;analogies
40172;cp;logique;analogies
40173;cp;logique;analogies
40174;cp;logique;analogies
40175;cp;logique;analogies
40176;cp;logique;analogies
40177;cp;logique;analogies
40178;cp;logique;analogies
40179;cp;logique;analogies
40180;cp;logique;analogies
40181;cp;logique;analogies
40182;cp;logique;analogies
40183;cp;logique;analogies
40184;cp;logique;analogies
40185;cp;logique;analogies
40186;cp;logique;analogies
40187;cp;logique;analogies
40188;cp;logique;analogies
40189;cp;logique;analogies
40190;cp;logique;classer
40191;cp;logique;classer
40192;cp;logique;classer
40193;cp;logique;classer
40194;cp;logique;classer
40195;cp;logique;classer
40196;cp;logique;classer
40197;cp;logique;classer
40198;cp;logique;classer
40199;cp;logique;classer
40200;cp;logique;classer
40201;cp;logique;classer
40202;cp;logique;classer
40203;cp;logique;classer
40204;cp;logique;classer
40205;cp;logique;classer
40206;cp;logique;classer
40207;cp;logique;classer
40208;cp;logique;classer
40209;cp;logique;classer
40210;cp;logique;classer
40211;cp;logique;classer
40212;cp;logique;classer
40213;cp;logique;classer
40214;cp;logique;classer
40215;cp;logique;classer
40216;cp;logique;classer
40217;cp;logique;classer
40218;cp;logique;classer
40219;cp;logique;classer
40220;cp;logique;classer
40221;cp;logique;classer
40222;cp;logique;classer
40223;cp;logique;classer
40224;cp;logique;classer
40225;cp;logique;classer
40226;cp;logique;classer
40227;cp;logique;classer
40228;cp;logique;classer
40229;cp;logique;classer
40230;cp;logique;comparer
40231;cp;logique;comparer
40232;cp;logique;comparer
40233;cp;logique;comparer
40234;cp;logique;comparer
40235;cp;logique;comparer
40236;cp;logique;comparer
40237;cp;logique;comparer
40238;cp;logique;comparer
40239;cp;logique;comparer
40240;cp;logique;comparer
40241;cp;logique;comparer
40242;cp;logique;comparer
40243;cp;logique;comparer
40244;cp;logique;comparer
40245;cp;logique;comparer
40246;cp;logique;comparer
40247;cp;logique;comparer
40248;cp;logique;comparer
40249;cp;logique;comparer
40250;cp;logique;comparer
40251;cp;logique;comparer
40252;cp;logique;comparer
40253;cp;logique;comparer
40254;cp;logique;comparer
40255;cp;logique;comparer
40256;cp;logique;comparer
40257;cp;logique;comparer
40258;cp;logique;comparer
40259;cp;logique;comparer
40260;cp;logique;comparer
40261;cp;logique;comparer
40262;cp;logique;comparer
40263;cp;logique;comparer
40264;cp;logique;comparer
40265;cp;logique;comparer
40266;cp;logique;comparer
40267;cp;logique;comparer
40268;cp;logique;comparer
40269;cp;logique;comparer
40270;cp;logique;comparer
40271;cp;logique;comparer
40272;cp;logique;comparer
40273;cp;logique;comparer
40274;cp;logique;comparer
40275;cp;logique;comparer
40276;cp;logique;comparer
40277;cp;logique;comparer
40278;cp;logique;comparer
40279;cp;logique;comparer
40280;cp;logique;comparer
40281;cp;logique;comparer
40282;cp;logique;comparer
40283;cp;logique;comparer
40284;cp;logique;comparer
40285;cp;logique;comparer
40286;cp;logique;comparer
40287;cp;logique;comparer
40288;cp;logique;comparer
40289;cp;logique;comparer
40290;cp;logique;suites_logiques
40291;cp;logique;suites_logiques
40292;cp;logique;suites_logiques
40293;cp;logique;suites_logiques
40294;cp;logique;suites_logiques
40295;cp;logique;suites_logiques
40296;cp;logique;suites_logiques
40297;cp;logique;suites_logiques
40298;cp;logique;suites_logiques
40299;cp;logique;suites_logiques
40300;cp;logique;suites_logiques
40301;cp;logique;suites_logiques
40302;cp;logique;suites_logiques
40303;cp;logique;suites_logiques
40304;cp;logique;suites_logiques
40305;cp;logique;suites_logiques
40306;cp;logique;suites_logiques
40307;cp;logique;suites_logiques
40308;cp;logique;suites_logiques
40309;cp;logique;suites_logiques
40310;cp;logique;suites_logiques
40311;cp;logique;suites_logiques
40312;cp;logique;suites_logiques
40313;cp;logique;suites_logiques
40314;cp;logique;suites_logiques
40315;cp;logique;suites_logiques
40316;cp;logique;suites_logiques
40317;cp;logique;suites_logiques
40318;cp;logique;suites_logiques
40319;cp;logique;suites_logiques
40320;cp;logique;suites_logiques
40321;cp;logique;suites_logiques
40322;cp;logique;suites_logiques
40323;cp;logique;suites_logiques
40324;cp;logique;suites_logiques
40325;cp;logique;suites_logiques
40326;cp;logique;suites_logiques
40327;cp;logique;suites_logiques
40328;cp;logique;suites_logiques
40329;cp;logique;suites_logiques
40330;cp;logique;suites_logiques
40331;cp;logique;suites_logiques
40332;cp;logique;suites_logiques
40333;cp;logique;suites_logiques
40334;cp;logique;suites_logiques
40335;cp;logique;suites_logiques
40336;cp;logique;suites_logiques
40337;cp;logique;suites_logiques
40338;cp;logique;suites_logiques
40339;cp;logique;suites_logiques
40340;cp;logique;suites_logiques
40341;cp;logique;suites_logiques
40342;cp;logique;suites_logiques
40343;cp;logique;suites_logiques
40344;cp;logique;suites_logiques
40345;cp;logique;suites_logiques
40346;cp;logique;suites_logiques
40347;cp;logique;suites_logiques
40348;cp;logique;suites_logiques
40349;cp;logique;suites_logiques
40350;cp;logique;suites_logiques
40351;cp;logique;suites_logiques
40352;cp;logique;suites_logiques
40353;cp;logique;suites_logiques
40354;cp;logique;suites_logiques
40355;cp;logique;suites_logiques
40356;cp;logique;suites_logiques
40357;cp;logique;suites_logiques
40358;cp;logique;suites_logiques
40359;cp;logique;suites_logiques
40360;cp;logique;suites_logiques
40361;cp;logique;suites_logiques
40362;cp;logique;suites_logiques
40363;cp;logique;suites_logiques
40364;cp;logique;suites_logiques
40365;cp;logique;suites_logiques
40366;cp;logique;suites_logiques
40367;cp;logique;suites_logiques
40368;cp;logique;suites_logiques
40369;cp;logique;suites_logiques
40370;cp;logique;analogies
40371;cp;logique;analogies
40372;cp;logique;analogies
40373;cp;logique;analogies
40374;cp;logique;analogies
40375;cp;logique;analogies
40376;cp;logique;analogies
40377;cp;logique;analogies
40378;cp;logique;analogies
40379;cp;logique;analogies
40380;cp;logique;analogies
40381;cp;logique;analogies
40382;cp;logique;analogies
40383;cp;logique;analogies
40384;cp;logique;analogies
40385;cp;logique;analogies
40386;cp;logique;analogies
40387;cp;logique;analogies
40388;cp;logique;analogies
40389;cp;logique;analogies
40390;cp;logique;analogies
40391;cp;logique;analogies
40392;cp;logique;analogies
40393;cp;logique;analogies
40394;cp;logique;analogies
40395;cp;logique;analogies
40396;cp;logique;analogies
40397;cp;logique;analogies
40398;cp;logique;analogies
40399;cp;logique;analogies
40400;cp;logique;analogies
40401;cp;logique;analogies
40402;cp;logique;analogies
40403;cp;logique;analogies
40404;cp;logique;analogies
40405;cp;logique;analogies
40406;cp;logique;analogies
40407;cp;logique;analogies
40408;cp;logique;analogies
40409;cp;logique;analogies
40410;cp;logique;suites_logiques
40411;cp;logique;suites_logiques
40412;cp;logique;suites_logiques
40413;cp;logique;suites_logiques
40414;cp;logique;suites_logiques
40415;cp;logique;suites_logiques
40416;cp;logique;suites_logiques
40417;cp;logique;suites_logiques
40418;cp;logique;suites_logiques
40419;cp;logique;suites_logiques
40420;cp;logique;suites_logiques
40421;cp;logique;suites_logiques
40422;cp;logique;suites_logiques
40423;cp;logique;suites_logiques
40424;cp;logique;suites_logiques
40425;cp;logique;suites_logiques
40426;cp;logique;suites_logiques
40427;cp;logique;suites_logiques
40428;cp;logique;suites_logiques
40429;cp;logique;suites_logiques
40430;cp;logique;suites_logiques
40431;cp;logique;suites_logiques
40432;cp;logique;suites_logiques
40433;cp;logique;suites_logiques
40434;cp;logique;suites_logiques
40435;cp;logique;suites_logiques
40436;cp;logique;suites_logiques
40437;cp;logique;suites_logiques
40438;cp;logique;suites_logiques
40439;cp;logique;suites_logiques
40440;cp;logique;analogies
40441;cp;logique;analogies
40442;cp;logique;analogies
40443;cp;logique;analogies
40444;cp;logique;analogies
40445;cp;logique;analogies
40446;cp;logique;analogies
40447;cp;logique;analogies
40448;cp;logique;analogies
40449;cp;logique;analogies
40450;cp;logique;analogies
40451;cp;logique;analogies
40452;cp;logique;analogies
40453;cp;logique;analogies
40454;cp;logique;analogies
40455;cp;logique;analogies
40456;cp;logique;analogies
40457;cp;logique;analogies
40458;cp;logique;analogies
40459;cp;logique;analogies
40460;cp;logique;analogies
40461;cp;logique;analogies
40462;cp;logique;analogies
40463;cp;logique;analogies
40464;cp;logique;analogies
40465;cp;logique;analogies
40466;cp;logique;analogies
40467;cp;logique;analogies
40468;cp;logique;analogies
40469;cp;logique;analogies
40470;cp;logique;analogies
40471;cp;logique;analogies
40472;cp;logique;analogies
40473;cp;logique;analogies
40474;cp;logique;analogies
40475;cp;logique;analogies
40476;cp;logique;analogies
40477;cp;logique;analogies
40478;cp;logique;analogies
40479;cp;logique;analogies
40480;cp;logique;analogies
40481;cp;logique;analogies
40482;cp;logique;analogies
40483;cp;logique;analogies
40484;cp;logique;analogies
40485;cp;logique;analogies
40486;cp;logique;analogies
40487;cp;logique;analogies
40488;cp;logique;analogies
40489;cp;logique;analogies
40490;cp;logique;analogies
40491;cp;logique;analogies
40492;cp;logique;analogies
40493;cp;logique;analogies
40494;cp;logique;analogies
40495;cp;logique;analogies
40496;cp;logique;analogies
40497;cp;logique;analogies
40498;cp;logique;analogies
40499;cp;logique;analogies
1001;cp;math;addition
1002;cp;math;addition
1003;cp;math;addition
1004;cp;math;addition
1005;cp;math;addition
1006;cp;math;addition
1007;cp;math;addition
1008;cp;math;addition
1009;cp;math;addition
1010;cp;math;addition
1011;cp;math;addition
1012;cp;math;addition
1013;cp;math;addition
1014;cp;math;addition
1015;cp;math;addition
1016;cp;math;addition
1017;cp;math;addition
1018;cp;math;addition
1019;cp;math;addition
1020;cp;math;addition
1021;cp;math;addition
1022;cp;math;addition
1023;cp;math;addition
1024;cp;math;addition
1025;cp;math;addition
1026;cp;math;addition
1027;cp;math;addition
1028;cp;math;addition
1029;cp;math;addition
1030;cp;math;addition
1031;cp;math;addition
1032;cp;math;addition
1033;cp;math;addition
1034;cp;math;addition
1035;cp;math;addition
1036;cp;math;addition
1037;cp;math;addition
1038;cp;math;addition
1039;cp;math;addition
1040;cp;math;addition
1041;cp;math;addition
1042;cp;math;addition
1043;cp;math;addition
1044;cp;math;addition
1045;cp;math;addition
1046;cp;math;addition
1047;cp;math;addition
1048;cp;math;addition
1049;cp;math;addition
1050;cp;math;addition
1051;cp;math;addition
1052;cp;math;addition
1053;cp;math;addition
1054;cp;math;addition
1055;cp;math;addition
1056;cp;math;addition
1057;cp;math;addition
1058;cp;math;addition
1059;cp;math;addition
1060;cp;math;addition
1061;cp;math;soustraction
1062;cp;math;soustraction
1063;cp;math;soustraction
1064;cp;math;soustraction
1065;cp;math;soustraction
1066;cp;math;soustraction
1067;cp;math;soustraction
1068;cp;math;soustraction
1069;cp;math;soustraction
1070;cp;math;soustraction
1071;cp;math;soustraction
1072;cp;math;soustraction
1073;cp;math;soustraction
1074;cp;math;soustraction
1075;cp;math;soustraction
1076;cp;math;soustraction
1077;cp;math;soustraction
1078;cp;math;soustraction
1079;cp;math;soustraction
1080;cp;math;soustraction
1081;cp;math;soustraction
1082;cp;math;soustraction
1083;cp;math;soustraction
1084;cp;math;soustraction
1085;cp;math;soustraction
1086;cp;math;soustraction
1087;cp;math;soustraction
1088;cp;math;soustraction
1089;cp;math;soustraction
1090;cp;math;soustraction
1091;cp;math;soustraction
1092;cp;math;soustraction
1093;cp;math;soustraction
1094;cp;math;soustraction
1095;cp;math;soustraction
1096;cp;math;soustraction
1097;cp;math;soustraction
1098;cp;math;soustraction
1099;cp;math;soustraction
1100;cp;math;soustraction
1101;cp;math;soustraction
1102;cp;math;soustraction
1103;cp;math;soustraction
1104;cp;math;soustraction
1105;cp;math;soustraction
1106;cp;math;complements
1107;cp;math;complements
1108;cp;math;complements
1109;cp;math;complements
1110;cp;math;complements
1111;cp;math;complements
1112;cp;math;complements
1113;cp;math;complements
1114;cp;math;complements
1115;cp;math;complements
1116;cp;math;complements
1117;cp;math;complements
1118;cp;math;complements
1119;cp;math;complements
1120;cp;math;complements
1121;cp;math;complements
1122;cp;math;complements
1123;cp;math;complements
1124;cp;math;complements
1125;cp;math;complements
1126;cp;math;doubles_moities
1127;cp;math;doubles_moities
1128;cp;math;doubles_moities
1129;cp;math;doubles_moities
1130;cp;math;doubles_moities
1131;cp;math;doubles_moities
1132;cp;math;doubles_moities
1133;cp;math;doubles_moities
1134;cp;math;doubles_moities
1135;cp;math;doubles_moities
1136;cp;math;doubles_moities
1137;cp;math;doubles_moities
1138;cp;math;doubles_moities
1139;cp;math;doubles_moities
1140;cp;math;doubles_moities
1141;cp;math;doubles_moities
1142;cp;math;doubles_moities
1143;cp;math;doubles_moities
1144;cp;math;doubles_moities
1145;cp;math;doubles_moities
1146;cp;math;comparer_nombres
1147;cp;math;comparer_nombres
1148;cp;math;comparer_nombres
1149;cp;math;comparer_nombres
1150;cp;math;comparer_nombres
1151;cp;math;comparer_nombres
1152;cp;math;comparer_nombres
1153;cp;math;comparer_nombres
1154;cp;math;comparer_nombres
1155;cp;math;comparer_nombres
1156;cp;math;comparer_nombres
1157;cp;math;comparer_nombres
1158;cp;math;comparer_nombres
1159;cp;math;comparer_nombres
1160;cp;math;comparer_nombres
1161;cp;math;comparer_nombres
1162;cp;math;comparer_nombres
1163;cp;math;comparer_nombres
1164;cp;math;comparer_nombres
1165;cp;math;comparer_nombres
1166;cp;math;comparer_nombres
1167;cp;math;comparer_nombres
1168;cp;math;comparer_nombres
1169;cp;math;comparer_nombres
1170;cp;math;comparer_nombres
1171;cp;math;numeration
1172;cp;math;numeration
1173;cp;math;numeration
1174;cp;math;numeration
1175;cp;math;numeration
1176;cp;math;numeration
1177;cp;math;numeration
1178;cp;math;numeration
1179;cp;math;numeration
1180;cp;math;numeration
1181;cp;math;numeration
1182;cp;math;numeration
1183;cp;math;numeration
1184;cp;math;numeration
1185;cp;math;numeration
1186;cp;math;problemes
1187;cp;math;problemes
1188;cp;math;problemes
1189;cp;math;problemes
1190;cp;math;problemes
2000;cp;math;complements
2001;cp;math;complements
2002;cp;math;complements
2003;cp;math;complements
2004;cp;math;complements
2005;cp;math;complements
2006;cp;math;complements
2007;cp;math;complements
2008;cp;math;complements
2009;cp;math;complements
2010;cp;math;complements
2011;cp;math;complements
2012;cp;math;complements
2013;cp;math;complements
2014;cp;math;complements
2015;cp;math;complements
2016;cp;math;complements
2017;cp;math;complements
2018;cp;math;complements
2019;cp;math;complements
2020;cp;math;complements
2021;cp;math;complements
2022;cp;math;complements
2023;cp;math;complements
2024;cp;math;complements
2025;cp;math;complements
2026;cp;math;complements
2027;cp;math;complements
2028;cp;math;complements
2029;cp;math;complements
2030;cp;math;complements
2031;cp;math;complements
2032;cp;math;complements
2033;cp;math;complements
2034;cp;math;complements
2035;cp;math;complements
2036;cp;math;complements
2037;cp;math;complements
2038;cp;math;complements
2039;cp;math;complements
2040;cp;math;complements
2041;cp;math;complements
2042;cp;math;complements
2043;cp;math;complements
2044;cp;math;complements
2045;cp;math;complements
2046;cp;math;complements
2047;cp;math;complements
2048;cp;math;complements
2049;cp;math;complements
2050;cp;math;complements
2051;cp;math;complements
2052;cp;math;complements
2053;cp;math;complements
2054;cp;math;complements
2055;cp;math;complements
2056;cp;math;complements
2057;cp;math;complements
2058;cp;math;complements
2059;cp;math;complements
2060;cp;math;complements
2061;cp;math;complements
2062;cp;math;complements
2063;cp;math;complements
2064;cp;math;complements
2065;cp;math;complements
2066;cp;math;complements
2067;cp;math;complements
2068;cp;math;complements
2069;cp;math;complements
2070;cp;math;complements
2071;cp;math;complements
2072;cp;math;complements
2073;cp;math;complements
2074;cp;math;complements
2075;cp;math;complements
2076;cp;math;complements
2077;cp;math;complements
2078;cp;math;complements
2079;cp;math;complements
2080;cp;math;complements
2081;cp;math;complements
2082;cp;math;complements
2083;cp;math;complements
2084;cp;math;complements
2085;cp;math;complements
2086;cp;math;complements
2087;cp;math;complements
2088;cp;math;complements
2089;cp;math;complements
2090;cp;math;complements
2091;cp;math;complements
2092;cp;math;complements
2093;cp;math;complements
2094;cp;math;complements
2095;cp;math;complements
2096;cp;math;complements
2097;cp;math;complements
2098;cp;math;complements
2099;cp;math;complements
2100;cp;math;complements
2101;cp;math;complements
2102;cp;math;complements
2103;cp;math;complements
2104;cp;math;complements
2105;cp;math;complements
2106;cp;math;complements
2107;cp;math;complements
2108;cp;math;complements
2109;cp;math;comparer_nombres
2110;cp;math;comparer_nombres
2111;cp;math;comparer_nombres
2112;cp;math;comparer_nombres
2113;cp;math;comparer_nombres
2114;cp;math;comparer_nombres
2115;cp;math;comparer_nombres
2116;cp;math;comparer_nombres
2117;cp;math;comparer_nombres
2118;cp;math;comparer_nombres
2119;cp;math;comparer_nombres
2120;cp;math;comparer_nombres
2121;cp;math;comparer_nombres
2122;cp;math;comparer_nombres
2123;cp;math;comparer_nombres
2124;cp;math;comparer_nombres
2125;cp;math;comparer_nombres
2126;cp;math;comparer_nombres
2127;cp;math;comparer_nombres
2128;cp;math;comparer_nombres
2129;cp;math;comparer_nombres
2130;cp;math;comparer_nombres
2131;cp;math;comparer_nombres
2132;cp;math;comparer_nombres
2133;cp;math;comparer_nombres
2134;cp;math;comparer_nombres
2135;cp;math;comparer_nombres
2136;cp;math;comparer_nombres
2137;cp;math;comparer_nombres
2138;cp;math;comparer_nombres
2139;cp;math;comparer_nombres
2140;cp;math;comparer_nombres
2141;cp;math;comparer_nombres
2142;cp;math;comparer_nombres
2143;cp;math;comparer_nombres
2144;cp;math;comparer_nombres
2145;cp;math;comparer_nombres
2146;cp;math;comparer_nombres
2147;cp;math;comparer_nombres
2148;cp;math;comparer_nombres
2149;cp;math;numeration
2150;cp;math;numeration
2151;cp;math;numeration
2152;cp;math;numeration
2153;cp;math;numeration
2154;cp;math;numeration
2155;cp;math;numeration
2156;cp;math;numeration
2157;cp;math;numeration
2158;cp;math;numeration
2159;cp;math;numeration
2160;cp;math;numeration
2161;cp;math;numeration
2162;cp;math;numeration
2163;cp;math;numeration
2164;cp;math;numeration
2165;cp;math;numeration
2166;cp;math;numeration
2167;cp;math;numeration
2168;cp;math;numeration
2169;cp;math;numeration
2170;cp;math;numeration
2171;cp;math;numeration
2172;cp;math;numeration
2173;cp;math;numeration
2174;cp;math;numeration
2175;cp;math;numeration
2176;cp;math;numeration
2177;cp;math;numeration
2178;cp;math;numeration
2179;cp;math;numeration
2180;cp;math;numeration
2181;cp;math;numeration
2182;cp;math;numeration
2183;cp;math;numeration
2184;cp;math;suites_nombres
2185;cp;math;suites_nombres
2186;cp;math;suites_nombres
2187;cp;math;suites_nombres
2188;cp;math;suites_nombres
2189;cp;math;suites_nombres
2190;cp;math;suites_nombres
2191;cp;math;suites_nombres
2192;cp;math;suites_nombres
2193;cp;math;suites_nombres
2194;cp;math;suites_nombres
2195;cp;math;suites_nombres
2196;cp;math;suites_nombres
2197;cp;math;suites_nombres
2198;cp;math;suites_nombres
2199;cp;math;suites_nombres
2200;cp;math;suites_nombres
2201;cp;math;suites_nombres
2202;cp;math;suites_nombres
2203;cp;math;suites_nombres
2204;cp;math;suites_nombres
2205;cp;math;suites_nombres
2206;cp;math;suites_nombres
2207;cp;math;suites_nombres
2208;cp;math;suites_nombres
2209;cp;math;suites_nombres
2210;cp;math;suites_nombres
2211;cp;math;suites_nombres
2212;cp;math;suites_nombres
2213;cp;math;suites_nombres
2214;cp;math;suites_nombres
2215;cp;math;suites_nombres
2216;cp;math;suites_nombres
2217;cp;math;suites_nombres
2218;cp;math;problemes
2219;cp;math;problemes
2220;cp;math;problemes
2221;cp;math;problemes
2222;cp;math;problemes
2223;cp;math;problemes
2224;cp;math;problemes
2225;cp;math;problemes
2226;cp;math;problemes
2227;cp;math;problemes
2228;cp;math;problemes
2229;cp;math;problemes
2230;cp;math;problemes
2231;cp;math;problemes
2232;cp;math;problemes
2233;cp;math;problemes
2234;cp;math;problemes
2235;cp;math;problemes
2236;cp;math;problemes
2237;cp;math;problemes
2238;cp;math;problemes
2239;cp;math;problemes
2240;cp;math;problemes
2241;cp;math;problemes
2242;cp;math;problemes
2243;cp;math;problemes
2244;cp;math;problemes
2245;cp;math;problemes
2246;cp;math;problemes
2247;cp;math;problemes
2248;cp;math;problemes
2249;cp;math;problemes
2250;cp;math;problemes
2251;cp;math;problemes
2252;cp;math;problemes
2253;cp;math;pair_impair
2254;cp;math;pair_impair
2255;cp;math;pair_impair
2256;cp;math;pair_impair
2257;cp;math;pair_impair
2258;cp;math;pair_impair
2259;cp;math;pair_impair
2260;cp;math;pair_impair
2261;cp;math;pair_impair
2262;cp;math;pair_impair
2263;cp;math;pair_impair
2264;cp;math;pair_impair
2265;cp;math;pair_impair
2266;cp;math;pair_impair
2267;cp;math;pair_impair
2268;cp;math;pair_impair
2269;cp;math;pair_impair
2270;cp;math;pair_impair
2271;cp;math;pair_impair
2272;cp;math;pair_impair
2273;cp;math;numeration
2274;cp;math;numeration
2275;cp;math;numeration
2276;cp;math;numeration
2277;cp;math;numeration
2278;cp;math;numeration
2279;cp;math;numeration
2280;cp;math;numeration
2281;cp;math;numeration
2282;cp;math;numeration
2283;cp;math;numeration
2284;cp;math;numeration
2285;cp;math;numeration
2286;cp;math;numeration
2287;cp;math;numeration
2288;cp;math;numeration
2289;cp;math;numeration
2290;cp;math;numeration
2291;cp;math;numeration
2292;cp;math;numeration
2293;cp;math;formes_geometriques
2294;cp;math;formes_geometriques
2295;cp;math;formes_geometriques
2296;cp;math;formes_geometriques
2297;cp;math;formes_geometriques
2298;cp;math;formes_geometriques
2299;cp;math;formes_geometriques
2300;cp;math;doubles_moities
2301;cp;math;doubles_moities
2302;cp;math;doubles_moities
2303;cp;math;doubles_moities
2304;cp;math;doubles_moities
2305;cp;math;doubles_moities
2306;cp;math;doubles_moities
2307;cp;math;doubles_moities
2308;cp;math;doubles_moities
2309;cp;math;doubles_moities
2310;cp;math;addition
2311;cp;math;addition
2312;cp;math;addition
2313;cp;math;addition
2314;cp;math;addition
2315;cp;math;addition
2316;cp;math;addition
2317;cp;math;addition
2318;cp;math;addition
2319;cp;math;addition
2320;cp;math;addition
2321;cp;math;addition
2322;cp;math;addition
2323;cp;math;addition
2324;cp;math;addition
2325;cp;math;addition
2326;cp;math;addition
2327;cp;math;addition
2328;cp;math;addition
2329;cp;math;addition
2330;cp;math;addition
2331;cp;math;addition
2332;cp;math;addition
2333;cp;math;addition
2334;cp;math;addition
2335;cp;math;addition
2336;cp;math;addition
2337;cp;math;addition
2338;cp;math;addition
2339;cp;math;addition
2340;cp;math;addition
2341;cp;math;addition
2342;cp;math;addition
2343;cp;math;addition
2344;cp;math;addition
2345;cp;math;addition
2346;cp;math;addition
2347;cp;math;addition
2348;cp;math;addition
2349;cp;math;addition
2350;cp;math;addition
2351;cp;math;addition
2352;cp;math;addition
2353;cp;math;addition
2354;cp;math;addition
2355;cp;math;addition
2356;cp;math;addition
2357;cp;math;addition
2358;cp;math;addition
2359;cp;math;addition
2360;cp;math;addition
2361;cp;math;addition
2362;cp;math;addition
2363;cp;math;addition
2364;cp;math;addition
2365;cp;math;addition
2366;cp;math;addition
2367;cp;math;addition
2368;cp;math;addition
2369;cp;math;addition
2370;cp;math;addition
2371;cp;math;addition
2372;cp;math;addition
2373;cp;math;addition
2374;cp;math;addition
2375;cp;math;addition
2376;cp;math;addition
2377;cp;math;addition
2378;cp;math;addition
2379;cp;math;addition
2380;cp;math;addition
2381;cp;math;addition
2382;cp;math;addition
2383;cp;math;addition
2384;cp;math;addition
2385;cp;math;addition
2386;cp;math;addition
2387;cp;math;addition
2388;cp;math;addition
2389;cp;math;addition
2390;cp;math;soustraction
2391;cp;math;soustraction
2392;cp;math;soustraction
2393;cp;math;soustraction
2394;cp;math;soustraction
2395;cp;math;soustraction
2396;cp;math;soustraction
2397;cp;math;soustraction
2398;cp;math;soustraction
2399;cp;math;soustraction
2400;cp;math;soustraction
2401;cp;math;soustraction
2402;cp;math;soustraction
2403;cp;math;soustraction
2404;cp;math;soustraction
2405;cp;math;soustraction
2406;cp;math;soustraction
2407;cp;math;soustraction
2408;cp;math;soustraction
2409;cp;math;soustraction
2410;cp;math;soustraction
2411;cp;math;soustraction
2412;cp;math;soustraction
2413;cp;math;soustraction
2414;cp;math;soustraction
2415;cp;math;soustraction
2416;cp;math;soustraction
2417;cp;math;soustraction
2418;cp;math;soustraction
2419;cp;math;soustraction
2420;cp;math;soustraction
2421;cp;math;soustraction
2422;cp;math;soustraction
2423;cp;math;soustraction
2424;cp;math;soustraction
2425;cp;math;soustraction
2426;cp;math;soustraction
2427;cp;math;soustraction
2428;cp;math;soustraction
2429;cp;math;soustraction
2430;cp;math;soustraction
2431;cp;math;soustraction
2432;cp;math;soustraction
2433;cp;math;soustraction
2434;cp;math;soustraction
2435;cp;math;soustraction
2436;cp;math;soustraction
2437;cp;math;soustraction
2438;cp;math;soustraction
2439;cp;math;soustraction
2440;cp;math;soustraction
2441;cp;math;soustraction
2442;cp;math;soustraction
2443;cp;math;soustraction
2444;cp;math;soustraction
2445;cp;math;soustraction
2446;cp;math;soustraction
2447;cp;math;soustraction
2448;cp;math;soustraction
2449;cp;math;soustraction
2450;cp;math;soustraction
2451;cp;math;soustraction
2452;cp;math;soustraction
2453;cp;math;soustraction
2454;cp;math;soustraction
2455;cp;math;soustraction
2456;cp;math;soustraction
2457;cp;math;soustraction
2458;cp;math;soustraction
2459;cp;math;soustraction
2460;cp;math;comparer_nombres
2461;cp;math;comparer_nombres
2462;cp;math;comparer_nombres
2463;cp;math;comparer_nombres
2464;cp;math;comparer_nombres
2465;cp;math;comparer_nombres
2466;cp;math;comparer_nombres
2467;cp;math;comparer_nombres
2468;cp;math;comparer_nombres
2469;cp;math;comparer_nombres
2470;cp;math;comparer_nombres
2471;cp;math;comparer_nombres
2472;cp;math;comparer_nombres
2473;cp;math;comparer_nombres
2474;cp;math;comparer_nombres
2475;cp;math;comparer_nombres
2476;cp;math;comparer_nombres
2477;cp;math;comparer_nombres
2478;cp;math;comparer_nombres
2479;cp;math;comparer_nombres
2480;cp;math;comparer_nombres
2481;cp;math;comparer_nombres
2482;cp;math;comparer_nombres
2483;cp;math;comparer_nombres
2484;cp;math;comparer_nombres
2485;cp;math;comparer_nombres
2486;cp;math;comparer_nombres
2487;cp;math;comparer_nombres
2488;cp;math;comparer_nombres
2489;cp;math;comparer_nombres
2490;cp;math;comparer_nombres
2491;cp;math;comparer_nombres
2492;cp;math;comparer_nombres
2493;cp;math;comparer_nombres
2494;cp;math;comparer_nombres
2495;cp;math;comparer_nombres
2496;cp;math;comparer_nombres
2497;cp;math;comparer_nombres
2498;cp;math;comparer_nombres
2499;cp;math;comparer_nombres
2500;cp;math;comparer_nombres
2501;cp;math;comparer_nombres
2502;cp;math;comparer_nombres
2503;cp;math;comparer_nombres
2504;cp;math;comparer_nombres
2505;cp;math;comparer_nombres
2506;cp;math;comparer_nombres
2507;cp;math;comparer_nombres
2508;cp;math;comparer_nombres
2509;cp;math;comparer_nombres
2510;cp;math;comparer_nombres
2511;cp;math;comparer_nombres
2512;cp;math;comparer_nombres
2513;cp;math;comparer_nombres
2514;cp;math;comparer_nombres
2515;cp;math;comparer_nombres
2516;cp;math;comparer_nombres
2517;cp;math;comparer_nombres
2518;cp;math;comparer_nombres
2519;cp;math;comparer_nombres
2520;cp;math;complements
2521;cp;math;complements
2522;cp;math;complements
2523;cp;math;complements
2524;cp;math;complements
2525;cp;math;complements
2526;cp;math;complements
2527;cp;math;complements
2528;cp;math;complements
2529;cp;math;complements
2530;cp;math;complements
2531;cp;math;complements
2532;cp;math;complements
2533;cp;math;complements
2534;cp;math;complements
2535;cp;math;complements
2536;cp;math;complements
2537;cp;math;complements
2538;cp;math;complements
2539;cp;math;complements
2540;cp;math;complements
2541;cp;math;complements
2542;cp;math;complements
2543;cp;math;complements
2544;cp;math;complements
2545;cp;math;complements
2546;cp;math;complements
2547;cp;math;complements
2548;cp;math;complements
2549;cp;math;complements
2550;cp;math;complements
2551;cp;math;complements
2552;cp;math;complements
2553;cp;math;complements
2554;cp;math;complements
2555;cp;math;complements
2556;cp;math;complements
2557;cp;math;complements
2558;cp;math;complements
2559;cp;math;complements
2560;cp;math;complements
2561;cp;math;complements
2562;cp;math;complements
2563;cp;math;complements
2564;cp;math;complements
2565;cp;math;complements
2566;cp;math;complements
2567;cp;math;complements
2568;cp;math;complements
2569;cp;math;complements
2570;cp;math;complements
2571;cp;math;complements
2572;cp;math;complements
2573;cp;math;complements
2574;cp;math;complements
2575;cp;math;complements
2576;cp;math;complements
2577;cp;math;complements
2578;cp;math;complements
2579;cp;math;complements
2580;cp;math;complements
2581;cp;math;complements
2582;cp;math;complements
2583;cp;math;complements
2584;cp;math;complements
2585;cp;math;complements
2586;cp;math;complements
2587;cp;math;complements
2588;cp;math;complements
2589;cp;math;complements
2590;cp;math;complements
2591;cp;math;complements
2592;cp;math;complements
2593;cp;math;complements
2594;cp;math;complements
2595;cp;math;complements
2596;cp;math;complements
2597;cp;math;complements
2598;cp;math;complements
2599;cp;math;complements
2600;cp;math;complements
2601;cp;math;complements
2602;cp;math;complements
2603;cp;math;complements
2604;cp;math;complements
2605;cp;math;complements
2606;cp;math;complements
2607;cp;math;complements
2608;cp;math;complements
2609;cp;math;complements
2610;cp;math;complements
2611;cp;math;complements
2612;cp;math;complements
2613;cp;math;complements
2614;cp;math;complements
2615;cp;math;complements
2616;cp;math;complements
2617;cp;math;complements
2618;cp;math;complements
2619;cp;math;complements
2620;cp;math;complements
2621;cp;math;complements
2622;cp;math;complements
2623;cp;math;complements
2624;cp;math;complements
2625;cp;math;complements
2626;cp;math;complements
2627;cp;math;complements
2628;cp;math;complements
2629;cp;math;complements
2630;cp;math;pair_impair
2631;cp;math;pair_impair
2632;cp;math;pair_impair
2633;cp;math;pair_impair
2634;cp;math;pair_impair
2635;cp;math;pair_impair
2636;cp;math;pair_impair
2637;cp;math;pair_impair
2638;cp;math;pair_impair
2639;cp;math;pair_impair
2640;cp;math;pair_impair
2641;cp;math;pair_impair
2642;cp;math;pair_impair
2643;cp;math;pair_impair
2644;cp;math;pair_impair
2645;cp;math;pair_impair
2646;cp;math;pair_impair
2647;cp;math;pair_impair
2648;cp;math;pair_impair
2649;cp;math;pair_impair
2650;cp;math;numeration
2651;cp;math;numeration
2652;cp;math;numeration
2653;cp;math;numeration
2654;cp;math;numeration
2655;cp;math;numeration
2656;cp;math;numeration
2657;cp;math;numeration
2658;cp;math;numeration
2659;cp;math;numeration
2660;cp;math;numeration
2661;cp;math;numeration
2662;cp;math;numeration
2663;cp;math;numeration
2664;cp;math;numeration
2665;cp;math;numeration
2666;cp;math;numeration
2667;cp;math;numeration
2668;cp;math;numeration
2669;cp;math;numeration
2670;cp;math;doubles_moities
2671;cp;math;doubles_moities
2672;cp;math;doubles_moities
2673;cp;math;doubles_moities
2674;cp;math;doubles_moities
2675;cp;math;doubles_moities
2676;cp;math;doubles_moities
2677;cp;math;doubles_moities
2678;cp;math;doubles_moities
2679;cp;math;doubles_moities
2680;cp;math;doubles_moities
2681;cp;math;doubles_moities
2682;cp;math;doubles_moities
2683;cp;math;doubles_moities
2684;cp;math;doubles_moities
2685;cp;math;doubles_moities
2686;cp;math;doubles_moities
2687;cp;math;doubles_moities
2688;cp;math;doubles_moities
2689;cp;math;doubles_moities
2690;cp;math;doubles_moities
2691;cp;math;doubles_moities
2692;cp;math;doubles_moities
2693;cp;math;doubles_moities
2694;cp;math;doubles_moities
2695;cp;math;doubles_moities
2696;cp;math;doubles_moities
2697;cp;math;doubles_moities
2698;cp;math;doubles_moities
2699;cp;math;doubles_moities
2700;cp;math;numeration
2701;cp;math;numeration
2702;cp;math;numeration
2703;cp;math;numeration
2704;cp;math;numeration
2705;cp;math;numeration
2706;cp;math;numeration
2707;cp;math;numeration
2708;cp;math;numeration
2709;cp;math;numeration
2710;cp;math;numeration
2711;cp;math;numeration
2712;cp;math;numeration
2713;cp;math;numeration
2714;cp;math;numeration
2715;cp;math;numeration
2716;cp;math;numeration
2717;cp;math;numeration
2718;cp;math;numeration
2719;cp;math;numeration
2720;cp;math;numeration
2721;cp;math;numeration
2722;cp;math;numeration
2723;cp;math;numeration
2724;cp;math;numeration
2725;cp;math;numeration
2726;cp;math;numeration
2727;cp;math;numeration
2728;cp;math;numeration
2729;cp;math;numeration
2730;cp;math;suites_nombres
2731;cp;math;suites_nombres
2732;cp;math;suites_nombres
2733;cp;math;suites_nombres
2734;cp;math;suites_nombres
2735;cp;math;suites_nombres
2736;cp;math;suites_nombres
2737;cp;math;suites_nombres
2738;cp;math;suites_nombres
2739;cp;math;suites_nombres
2740;cp;math;suites_nombres
2741;cp;math;suites_nombres
2742;cp;math;suites_nombres
2743;cp;math;suites_nombres
2744;cp;math;suites_nombres
2745;cp;math;suites_nombres
2746;cp;math;suites_nombres
2747;cp;math;suites_nombres
2748;cp;math;suites_nombres
2749;cp;math;suites_nombres
2750;cp;math;suites_nombres
2751;cp;math;suites_nombres
2752;cp;math;suites_nombres
2753;cp;math;suites_nombres
2754;cp;math;suites_nombres
2755;cp;math;suites_nombres
2756;cp;math;suites_nombres
2757;cp;math;suites_nombres
2758;cp;math;suites_nombres
2759;cp;math;suites_nombres
2760;cp;math;suites_nombres
2761;cp;math;suites_nombres
2762;cp;math;suites_nombres
2763;cp;math;suites_nombres
2764;cp;math;suites_nombres
2765;cp;math;suites_nombres
2766;cp;math;suites_nombres
2767;cp;math;suites_nombres
2768;cp;math;suites_nombres
2769;cp;math;suites_nombres
2770;cp;math;problemes
2771;cp;math;problemes
2772;cp;math;problemes
2773;cp;math;problemes
2774;cp;math;problemes
2775;cp;math;problemes
2776;cp;math;problemes
2777;cp;math;problemes
2778;cp;math;problemes
2779;cp;math;problemes
2780;cp;math;problemes
2781;cp;math;problemes
2782;cp;math;problemes
2783;cp;math;problemes
2784;cp;math;problemes
2785;cp;math;problemes
2786;cp;math;problemes
2787;cp;math;problemes
2788;cp;math;problemes
2789;cp;math;problemes
2790;cp;math;problemes
2791;cp;math;problemes
2792;cp;math;problemes
2793;cp;math;problemes
2794;cp;math;problemes
2795;cp;math;problemes
2796;cp;math;problemes
2797;cp;math;problemes
2798;cp;math;problemes
2799;cp;math;problemes
2800;cp;math;problemes
2801;cp;math;problemes
2802;cp;math;problemes
2803;cp;math;problemes
2804;cp;math;problemes
2805;cp;math;problemes
2806;cp;math;problemes
2807;cp;math;problemes
2808;cp;math;problemes
2809;cp;math;problemes
