id;text;correct_answer;choice_2;choice_3;choice_4
11040;"Comment conjugue-t-on le verbe ""savoir"" avec ""je"" au présent ?";je sais;je saist;je sai;je saais
11041;"Comment conjugue-t-on le verbe ""prendre"" avec ""il"" au présent ?";il prend;il prends;il pren;il preend
11042;"Comment conjugue-t-on le verbe ""pouvoir"" avec ""nous"" au présent ?";nous pouvons;nous pouvonst;nous pouvon;nous poouvons
11043;"Comment conjugue-t-on le verbe ""pouvoir"" avec ""ils"" au présent ?";ils peuvent;ils peuvents;ils peuven;ils peeuvent
11044;"Comment conjugue-t-on le verbe ""savoir"" avec ""vous"" au présent ?";vous savez;vous savezs;vous save;vous saavez
11045;"Comment conjugue-t-on le verbe ""prendre"" avec ""nous"" au présent ?";nous prenons;nous prenonst;nous prenon;nous preenons
11046;"Comment conjugue-t-on le verbe ""voir"" avec ""tu"" au présent ?";tu vois;tu voist;tu voi;tu voois
11047;"Comment conjugue-t-on le verbe ""prendre"" avec ""vous"" au présent ?";vous prenez;vous prenezs;vous prene;vous preenez
11048;"Comment conjugue-t-on le verbe ""vouloir"" avec ""nous"" au présent ?";nous voulons;nous voulonst;nous voulon;nous vooulons
11049;"Comment conjugue-t-on le verbe ""vouloir"" avec ""ils"" au présent ?";ils veulent;ils veulents;ils veulen;ils veeulent
11050;"Comment conjugue-t-on le verbe ""aller"" avec ""je"" à l'imparfait ?";j'allais;j'allaist;j'allai;j'allaais
11051;"Comment conjugue-t-on le verbe ""vouloir"" avec ""il"" à l'imparfait ?";il voulait;il voulaits;il voulai;il vooulait
11052;"Comment conjugue-t-on le verbe ""faire"" avec ""vous"" à l'imparfait ?";vous faisiez;vous faisiezs;vous faisie;vous faaisiez
11053;"Comment conjugue-t-on le verbe ""vouloir"" avec ""ils"" à l'imparfait ?";ils voulaient;ils voulaients;ils voulaien;ils vooulaient
11054;"Comment conjugue-t-on le verbe ""faire"" avec ""nous"" à l'imparfait ?";nous faisions;nous faisionst;nous faision;nous faaisions
11055;"Comment conjugue-t-on le verbe ""sortir"" avec ""vous"" à l'imparfait ?";vous sortiez;vous sortiezs;vous sortie;vous soortiez
11056;"Comment conjugue-t-on le verbe ""prendre"" avec ""tu"" à l'imparfait ?";tu prenais;tu prenaist;tu prenai;tu preenais
11057;"Comment conjugue-t-on le verbe ""pouvoir"" avec ""nous"" à l'imparfait ?";nous pouvions;nous pouvionst;nous pouvion;nous poouvions
11058;"Comment conjugue-t-on le verbe ""faire"" avec ""il"" à l'imparfait ?";il faisait;il faisaits;il faisai;il faaisait
11059;"Comment conjugue-t-on le verbe ""voir"" avec ""vous"" à l'imparfait ?";vous voyiez;vous voyiezs;vous voyie;vous vooyiez
11060;"Comment conjugue-t-on le verbe ""faire"" avec ""je"" au futur simple ?";je ferai;je ferais;je fera;je feerai
11061;"Comment conjugue-t-on le verbe ""vouloir"" avec ""je"" au futur simple ?";je voudrai;je voudrais;je voudra;je vooudrai
11062;"Comment conjugue-t-on le verbe ""regarder"" avec ""je"" au futur simple ?";je regarderai;je regarderais;je regardera;je reegarderai
11063;"Comment conjugue-t-on le verbe ""faire"" avec ""nous"" au futur simple ?";nous ferons;nous feronst;nous feron;nous feerons
11064;"Comment conjugue-t-on le verbe ""aller"" avec ""il"" au futur simple ?";il ira;il iras;il ir;il iraa
11065;"Comment conjugue-t-on le verbe ""vouloir"" avec ""nous"" au futur simple ?";nous voudrons;nous voudronst;nous voudron;nous vooudrons
11066;"Comment conjugue-t-on le verbe ""chanter"" avec ""il"" au futur simple ?";il chantera;il chanteras;il chanter;il chaantera
11067;"Comment conjugue-t-on le verbe ""pouvoir"" avec ""nous"" au futur simple ?";nous pourrons;nous pourronst;nous pourron;nous poourrons
11068;"Comment conjugue-t-on le verbe ""avoir"" avec ""je"" au futur simple ?";j'aurai;j'aurais;j'aura;j'auurai
11069;"Comment conjugue-t-on le verbe ""avoir"" avec ""vous"" au futur simple ?";vous aurez;vous aurezs;vous aure;vous auurez
11070;"Comment conjugue-t-on le verbe ""finir"" avec ""je"" au passé composé ?";j'ai fini;j'ais fini;j'aii fini;j'aia fini
11071;"Comment conjugue-t-on le verbe ""jouer"" avec ""il"" au passé composé ?";il a joué;il a joués;il a jou;il a jooué
11072;"Comment conjugue-t-on le verbe ""dire"" avec ""tu"" au passé composé ?";tu as dit;tu ast dit;tu aas dit;tu aaa dit
11073;"Comment conjugue-t-on le verbe ""faire"" avec ""elle"" au passé composé ?";elle a fait;elle a faits;elle a fai;elle a faait
11074;"Comment conjugue-t-on le verbe ""prendre"" avec ""nous"" au passé composé ?";nous avons pris;nous avonst pris;nous avon pris;nous avoons pris
11075;"Comment conjugue-t-on le verbe ""manger"" avec ""ils"" au passé composé ?";ils ont mangé;ils ont mangés;ils ont mang;ils ont maangé
11076;"Comment conjugue-t-on le verbe ""sortir"" avec ""il"" au passé composé ?";il est sorti;il ests sorti;il es sorti;il eest sorti
11077;"Comment conjugue-t-on le verbe ""partir"" avec ""elle"" au passé composé ?";elle est partie;elle est parties;elle est parti;elle est paartie
11078;"Comment conjugue-t-on le verbe ""sortir"" avec ""elle"" au passé composé ?";elle est sortie;elle ests sortie;elle es sortie;elle eest sortie
11079;"Comment conjugue-t-on le verbe ""venir"" avec ""il"" au passé composé ?";il est venu;il est venus;il est ven;il est veenu
11080;"Comment conjugue-t-on le verbe ""rester"" avec ""elle"" au passé composé ?";elle est restée;elle ests restée;elle es restée;elle eest restée
11081;"Comment conjugue-t-on le verbe ""aller"" avec ""elle"" au passé composé ?";elle est allée;elle est allées;elle est allé;elle est alléée
35000;"Comment conjugue-t-on le verbe ""prendre"" avec ""tu"" au présent ?";tu prends;tu prendst;tu prend;tu preends
35001;"Comment conjugue-t-on le verbe ""prendre"" avec ""elle"" au présent ?";elle prend;elle prends;elle pren;elle preend
35002;"Comment conjugue-t-on le verbe ""prendre"" avec ""ils"" au présent ?";ils prennent;ils prennents;ils prennen;ils preennent
35003;"Comment conjugue-t-on le verbe ""prendre"" avec ""elles"" au présent ?";elles prennent;elles prennents;elles prennen;elles preennent
35004;"Comment conjugue-t-on le verbe ""voir"" avec ""il"" au présent ?";il voit;il voits;il voi;il vooit
35005;"Comment conjugue-t-on le verbe ""voir"" avec ""elle"" au présent ?";elle voit;elle voits;elle voi;elle vooit
35006;"Comment conjugue-t-on le verbe ""voir"" avec ""nous"" au présent ?";nous voyons;nous voyonst;nous voyon;nous vooyons
35007;"Comment conjugue-t-on le verbe ""voir"" avec ""vous"" au présent ?";vous voyez;vous voyezs;vous voye;vous vooyez
35008;"Comment conjugue-t-on le verbe ""voir"" avec ""ils"" au présent ?";ils voient;ils voients;ils voien;ils vooient
35009;"Comment conjugue-t-on le verbe ""voir"" avec ""elles"" au présent ?";elles voient;elles voients;elles voien;elles vooient
35010;"Comment conjugue-t-on le verbe ""pouvoir"" avec ""tu"" au présent ?";tu peux;tu peuxs;tu peu;tu peeux
35011;"Comment conjugue-t-on le verbe ""pouvoir"" avec ""il"" au présent ?";il peut;il peuts;il peu;il peeut
35012;"Comment conjugue-t-on le verbe ""pouvoir"" avec ""elle"" au présent ?";elle peut;elle peuts;elle peu;elle peeut
35013;"Comment conjugue-t-on le verbe ""pouvoir"" avec ""vous"" au présent ?";vous pouvez;vous pouvezs;vous pouve;vous poouvez
35014;"Comment conjugue-t-on le verbe ""pouvoir"" avec ""elles"" au présent ?";elles peuvent;elles peuvents;elles peuven;elles peeuvent
35015;"Comment conjugue-t-on le verbe ""vouloir"" avec ""je"" au présent ?";je veux;je veuxs;je veu;je veeux
35016;"Comment conjugue-t-on le verbe ""vouloir"" avec ""il"" au présent ?";il veut;il veuts;il veu;il veeut
35017;"Comment conjugue-t-on le verbe ""vouloir"" avec ""elle"" au présent ?";elle veut;elle veuts;elle veu;elle veeut
35018;"Comment conjugue-t-on le verbe ""vouloir"" avec ""vous"" au présent ?";vous voulez;vous voulezs;vous voule;vous vooulez
35019;"Comment conjugue-t-on le verbe ""vouloir"" avec ""elles"" au présent ?";elles veulent;elles veulents;elles veulen;elles veeulent
35020;"Comment conjugue-t-on le verbe ""savoir"" avec ""tu"" au présent ?";tu sais;tu saist;tu sai;tu saais
35021;"Comment conjugue-t-on le verbe ""savoir"" avec ""il"" au présent ?";il sait;il saits;il sai;il saait
35022;"Comment conjugue-t-on le verbe ""savoir"" avec ""elle"" au présent ?";elle sait;elle saits;elle sai;elle saait
35023;"Comment conjugue-t-on le verbe ""savoir"" avec ""nous"" au présent ?";nous savons;nous savonst;nous savon;nous saavons
35024;"Comment conjugue-t-on le verbe ""savoir"" avec ""ils"" au présent ?";ils savent;ils savents;ils saven;ils saavent
35025;"Comment conjugue-t-on le verbe ""savoir"" avec ""elles"" au présent ?";elles savent;elles savents;elles saven;elles saavent
35026;"Comment conjugue-t-on le verbe ""écrire"" avec ""ils"" à l'imparfait ?";ils écrivaient;ils écrivaients;ils écrivaien;ils écriivaient
35027;"Comment conjugue-t-on le verbe ""parler"" avec ""je"" à l'imparfait ?";je parlais;je parlaist;je parlai;je paarlais
35028;"Comment conjugue-t-on le verbe ""mettre"" avec ""tu"" à l'imparfait ?";tu mettais;tu mettaist;tu mettai;tu meettais
35029;"Comment conjugue-t-on le verbe ""faire"" avec ""elle"" à l'imparfait ?";elle faisait;elle faisaits;elle faisai;elle faaisait
35030;"Comment conjugue-t-on le verbe ""regarder"" avec ""vous"" à l'imparfait ?";vous regardiez;vous regardiezs;vous regardie;vous reegardiez
35031;"Comment conjugue-t-on le verbe ""pouvoir"" avec ""je"" à l'imparfait ?";je pouvais;je pouvaist;je pouvai;je poouvais
35032;"Comment conjugue-t-on le verbe ""chanter"" avec ""elles"" à l'imparfait ?";elles chantaient;elles chantaients;elles chantaien;elles chaantaient
35033;"Comment conjugue-t-on le verbe ""regarder"" avec ""il"" à l'imparfait ?";il regardait;il regardaits;il regardai;il reegardait
35034;"Comment conjugue-t-on le verbe ""choisir"" avec ""ils"" à l'imparfait ?";ils choisissaient;ils choisissaients;ils choisissaien;ils chooisissaient
35035;"Comment conjugue-t-on le verbe ""nager"" avec ""nous"" à l'imparfait ?";nous nagions;nous nagionst;nous nagion;nous naagions
35036;"Comment conjugue-t-on le verbe ""croire"" avec ""nous"" à l'imparfait ?";nous croyions;nous croyionst;nous croyion;nous crooyions
35037;"Comment conjugue-t-on le verbe ""être"" avec ""elles"" à l'imparfait ?";elles étaient;elles étaients;elles étaien;elles étaaient
35038;"Comment conjugue-t-on le verbe ""placer"" avec ""tu"" à l'imparfait ?";tu plaçais;tu plaçaist;tu plaçai;tu plaaçais
35039;"Comment conjugue-t-on le verbe ""vouloir"" avec ""je"" à l'imparfait ?";je voulais;je voulaist;je voulai;je vooulais
35040;"Comment conjugue-t-on le verbe ""chanter"" avec ""nous"" à l'imparfait ?";nous chantions;nous chantionst;nous chantion;nous chaantions
35041;"Comment conjugue-t-on le verbe ""faire"" avec ""ils"" à l'imparfait ?";ils faisaient;ils faisaients;ils faisaien;ils faaisaient
35042;"Comment conjugue-t-on le verbe ""vouloir"" avec ""elle"" à l'imparfait ?";elle voulait;elle voulaits;elle voulai;elle vooulait
35043;"Comment conjugue-t-on le verbe ""placer"" avec ""elles"" à l'imparfait ?";elles plaçaient;elles plaçaients;elles plaçaien;elles plaaçaient
35044;"Comment conjugue-t-on le verbe ""ranger"" avec ""tu"" à l'imparfait ?";tu rangeais;tu rangeaist;tu rangeai;tu raangeais
35045;"Comment conjugue-t-on le verbe ""grandir"" avec ""tu"" à l'imparfait ?";tu grandissais;tu grandissaist;tu grandissai;tu graandissais
35046;"Comment conjugue-t-on le verbe ""voir"" avec ""je"" à l'imparfait ?";je voyais;je voyaist;je voyai;je vooyais
35047;"Comment conjugue-t-on le verbe ""regarder"" avec ""tu"" à l'imparfait ?";tu regardais;tu regardaist;tu regardai;tu reegardais
35048;"Comment conjugue-t-on le verbe ""voir"" avec ""nous"" à l'imparfait ?";nous voyions;nous voyionst;nous voyion;nous vooyions
35049;"Comment conjugue-t-on le verbe ""finir"" avec ""tu"" à l'imparfait ?";tu finissais;tu finissaist;tu finissai;tu fiinissais
35050;"Comment conjugue-t-on le verbe ""dire"" avec ""tu"" à l'imparfait ?";tu disais;tu disaist;tu disai;tu diisais
35051;"Comment conjugue-t-on le verbe ""lire"" avec ""vous"" à l'imparfait ?";vous lisiez;vous lisiezs;vous lisie;vous liisiez
35052;"Comment conjugue-t-on le verbe ""placer"" avec ""nous"" à l'imparfait ?";nous placions;nous placionst;nous placion;nous plaacions
35053;"Comment conjugue-t-on le verbe ""lire"" avec ""elles"" à l'imparfait ?";elles lisaient;elles lisaients;elles lisaien;elles liisaient
35054;"Comment conjugue-t-on le verbe ""courir"" avec ""il"" à l'imparfait ?";il courait;il couraits;il courai;il coourait
35055;"Comment conjugue-t-on le verbe ""pouvoir"" avec ""il"" à l'imparfait ?";il pouvait;il pouvaits;il pouvai;il poouvait
35056;"Comment conjugue-t-on le verbe ""jouer"" avec ""elles"" à l'imparfait ?";elles jouaient;elles jouaients;elles jouaien;elles joouaient
35057;"Comment conjugue-t-on le verbe ""manger"" avec ""je"" à l'imparfait ?";je mangeais;je mangeaist;je mangeai;je maangeais
35058;"Comment conjugue-t-on le verbe ""vouloir"" avec ""vous"" à l'imparfait ?";vous vouliez;vous vouliezs;vous voulie;vous voouliez
35059;"Comment conjugue-t-on le verbe ""mettre"" avec ""je"" à l'imparfait ?";je mettais;je mettaist;je mettai;je meettais
35060;"Comment conjugue-t-on le verbe ""courir"" avec ""tu"" à l'imparfait ?";tu courais;tu couraist;tu courai;tu coourais
35061;"Comment conjugue-t-on le verbe ""suivre"" avec ""elle"" à l'imparfait ?";elle suivait;elle suivaits;elle suivai;elle suuivait
35062;"Comment conjugue-t-on le verbe ""suivre"" avec ""nous"" à l'imparfait ?";nous suivions;nous suivionst;nous suivion;nous suuivions
35063;"Comment conjugue-t-on le verbe ""boire"" avec ""elles"" à l'imparfait ?";elles buvaient;elles buvaients;elles buvaien;elles buuvaient
35064;"Comment conjugue-t-on le verbe ""avoir"" avec ""nous"" à l'imparfait ?";nous avions;nous avionst;nous avion;nous aviions
35065;"Comment conjugue-t-on le verbe ""aller"" avec ""nous"" à l'imparfait ?";nous allions;nous allionst;nous allion;nous alliions
35066;"Comment conjugue-t-on le verbe ""réussir"" avec ""nous"" à l'imparfait ?";nous réussissions;nous réussissionst;nous réussission;nous rééussissions
35067;"Comment conjugue-t-on le verbe ""dire"" avec ""nous"" à l'imparfait ?";nous disions;nous disionst;nous dision;nous diisions
35068;"Comment conjugue-t-on le verbe ""choisir"" avec ""elle"" à l'imparfait ?";elle choisissait;elle choisissaits;elle choisissai;elle chooisissait
35069;"Comment conjugue-t-on le verbe ""avoir"" avec ""il"" à l'imparfait ?";il avait;il avaits;il avai;il avaait
35070;"Comment conjugue-t-on le verbe ""avoir"" avec ""ils"" à l'imparfait ?";ils avaient;ils avaients;ils avaien;ils avaaient
35071;"Comment conjugue-t-on le verbe ""écrire"" avec ""il"" à l'imparfait ?";il écrivait;il écrivaits;il écrivai;il écriivait
35072;"Comment conjugue-t-on le verbe ""boire"" avec ""ils"" à l'imparfait ?";ils buvaient;ils buvaients;ils buvaien;ils buuvaient
35073;"Comment conjugue-t-on le verbe ""vouloir"" avec ""nous"" à l'imparfait ?";nous voulions;nous voulionst;nous voulion;nous vooulions
35074;"Comment conjugue-t-on le verbe ""jouer"" avec ""nous"" à l'imparfait ?";nous jouions;nous jouionst;nous jouion;nous joouions
35075;"Comment conjugue-t-on le verbe ""boire"" avec ""je"" à l'imparfait ?";je buvais;je buvaist;je buvai;je buuvais
35076;"Comment conjugue-t-on le verbe ""finir"" avec ""ils"" à l'imparfait ?";ils finissaient;ils finissaients;ils finissaien;ils fiinissaient
35077;"Comment conjugue-t-on le verbe ""ranger"" avec ""elle"" à l'imparfait ?";elle rangeait;elle rangeaits;elle rangeai;elle raangeait
35078;"Comment conjugue-t-on le verbe ""choisir"" avec ""il"" à l'imparfait ?";il choisissait;il choisissaits;il choisissai;il chooisissait
35079;"Comment conjugue-t-on le verbe ""commencer"" avec ""il"" à l'imparfait ?";il commençait;il commençaits;il commençai;il coommençait
35080;"Comment conjugue-t-on le verbe ""aller"" avec ""tu"" à l'imparfait ?";tu allais;tu allaist;tu allai;tu allaais
35081;"Comment conjugue-t-on le verbe ""nager"" avec ""elle"" à l'imparfait ?";elle nageait;elle nageaits;elle nageai;elle naageait
35082;"Comment conjugue-t-on le verbe ""ranger"" avec ""ils"" à l'imparfait ?";ils rangeaient;ils rangeaients;ils rangeaien;ils raangeaient
35083;"Comment conjugue-t-on le verbe ""commencer"" avec ""nous"" à l'imparfait ?";nous commencions;nous commencionst;nous commencion;nous coommencions
35084;"Comment conjugue-t-on le verbe ""avoir"" avec ""elles"" à l'imparfait ?";elles avaient;elles avaients;elles avaien;elles avaaient
35085;"Comment conjugue-t-on le verbe ""venir"" avec ""tu"" à l'imparfait ?";tu venais;tu venaist;tu venai;tu veenais
35086;"Comment conjugue-t-on le verbe ""mettre"" avec ""il"" à l'imparfait ?";il mettait;il mettaits;il mettai;il meettait
35087;"Comment conjugue-t-on le verbe ""savoir"" avec ""elles"" à l'imparfait ?";elles savaient;elles savaients;elles savaien;elles saavaient
35088;"Comment conjugue-t-on le verbe ""écrire"" avec ""je"" à l'imparfait ?";j'écrivais;j'écrivaist;j'écrivai;j'écriivais
35089;"Comment conjugue-t-on le verbe ""chanter"" avec ""tu"" à l'imparfait ?";tu chantais;tu chantaist;tu chantai;tu chaantais
35090;"Comment conjugue-t-on le verbe ""voir"" avec ""ils"" à l'imparfait ?";ils voyaient;ils voyaients;ils voyaien;ils vooyaient
35091;"Comment conjugue-t-on le verbe ""lire"" avec ""elle"" à l'imparfait ?";elle lisait;elle lisaits;elle lisai;elle liisait
35092;"Comment conjugue-t-on le verbe ""ranger"" avec ""je"" à l'imparfait ?";je rangeais;je rangeaist;je rangeai;je raangeais
35093;"Comment conjugue-t-on le verbe ""réussir"" avec ""vous"" à l'imparfait ?";vous réussissiez;vous réussissiezs;vous réussissie;vous rééussissiez
35094;"Comment conjugue-t-on le verbe ""connaître"" avec ""il"" à l'imparfait ?";il connaissait;il connaissaits;il connaissai;il coonnaissait
35095;"Comment conjugue-t-on le verbe ""partir"" avec ""vous"" à l'imparfait ?";vous partiez;vous partiezs;vous partie;vous paartiez
35096;"Comment conjugue-t-on le verbe ""jouer"" avec ""il"" à l'imparfait ?";il jouait;il jouaits;il jouai;il joouait
35097;"Comment conjugue-t-on le verbe ""ranger"" avec ""elles"" à l'imparfait ?";elles rangeaient;elles rangeaients;elles rangeaien;elles raangeaient
35098;"Comment conjugue-t-on le verbe ""réussir"" avec ""je"" à l'imparfait ?";je réussissais;je réussissaist;je réussissai;je rééussissais
35099;"Comment conjugue-t-on le verbe ""choisir"" avec ""tu"" à l'imparfait ?";tu choisissais;tu choisissaist;tu choisissai;tu chooisissais
35100;"Comment conjugue-t-on le verbe ""mettre"" avec ""elle"" à l'imparfait ?";elle mettait;elle mettaits;elle mettai;elle meettait
35101;"Comment conjugue-t-on le verbe ""venir"" avec ""ils"" à l'imparfait ?";ils venaient;ils venaients;ils venaien;ils veenaient
35102;"Comment conjugue-t-on le verbe ""jouer"" avec ""tu"" à l'imparfait ?";tu jouais;tu jouaist;tu jouai;tu joouais
35103;"Comment conjugue-t-on le verbe ""regarder"" avec ""elles"" à l'imparfait ?";elles regardaient;elles regardaients;elles regardaien;elles reegardaient
35104;"Comment conjugue-t-on le verbe ""placer"" avec ""je"" à l'imparfait ?";je plaçais;je plaçaist;je plaçai;je plaaçais
35105;"Comment conjugue-t-on le verbe ""courir"" avec ""ils"" à l'imparfait ?";ils couraient;ils couraients;ils couraien;ils coouraient
35106;"Comment conjugue-t-on le verbe ""écrire"" avec ""nous"" à l'imparfait ?";nous écrivions;nous écrivionst;nous écrivion;nous écriivions
35107;"Comment conjugue-t-on le verbe ""dire"" avec ""vous"" à l'imparfait ?";vous disiez;vous disiezs;vous disie;vous diisiez
35108;"Comment conjugue-t-on le verbe ""écrire"" avec ""vous"" à l'imparfait ?";vous écriviez;vous écriviezs;vous écrivie;vous écriiviez
35109;"Comment conjugue-t-on le verbe ""savoir"" avec ""ils"" à l'imparfait ?";ils savaient;ils savaients;ils savaien;ils saavaient
35110;"Comment conjugue-t-on le verbe ""commencer"" avec ""vous"" à l'imparfait ?";vous commenciez;vous commenciezs;vous commencie;vous coommenciez
35111;"Comment conjugue-t-on le verbe ""commencer"" avec ""tu"" à l'imparfait ?";tu commençais;tu commençaist;tu commençai;tu coommençais
35112;"Comment conjugue-t-on le verbe ""manger"" avec ""ils"" à l'imparfait ?";ils mangeaient;ils mangeaients;ils mangeaien;ils maangeaient
35113;"Comment conjugue-t-on le verbe ""connaître"" avec ""vous"" à l'imparfait ?";vous connaissiez;vous connaissiezs;vous connaissie;vous coonnaissiez
35114;"Comment conjugue-t-on le verbe ""suivre"" avec ""tu"" à l'imparfait ?";tu suivais;tu suivaist;tu suivai;tu suuivais
35115;"Comment conjugue-t-on le verbe ""sortir"" avec ""nous"" à l'imparfait ?";nous sortions;nous sortionst;nous sortion;nous soortions
35116;"Comment conjugue-t-on le verbe ""regarder"" avec ""je"" à l'imparfait ?";je regardais;je regardaist;je regardai;je reegardais
35117;"Comment conjugue-t-on le verbe ""croire"" avec ""elle"" à l'imparfait ?";elle croyait;elle croyaits;elle croyai;elle crooyait
35118;"Comment conjugue-t-on le verbe ""savoir"" avec ""tu"" à l'imparfait ?";tu savais;tu savaist;tu savai;tu saavais
35119;"Comment conjugue-t-on le verbe ""venir"" avec ""il"" à l'imparfait ?";il venait;il venaits;il venai;il veenait
35120;"Comment conjugue-t-on le verbe ""finir"" avec ""il"" à l'imparfait ?";il finissait;il finissaits;il finissai;il fiinissait
35121;"Comment conjugue-t-on le verbe ""croire"" avec ""ils"" à l'imparfait ?";ils croyaient;ils croyaients;ils croyaien;ils crooyaient
35122;"Comment conjugue-t-on le verbe ""être"" avec ""il"" à l'imparfait ?";il était;il étaits;il étai;il étaait
35123;"Comment conjugue-t-on le verbe ""nager"" avec ""vous"" à l'imparfait ?";vous nagiez;vous nagiezs;vous nagie;vous naagiez
35124;"Comment conjugue-t-on le verbe ""croire"" avec ""il"" à l'imparfait ?";il croyait;il croyaits;il croyai;il crooyait
35125;"Comment conjugue-t-on le verbe ""prendre"" avec ""je"" à l'imparfait ?";je prenais;je prenaist;je prenai;je preenais
35126;"Comment conjugue-t-on le verbe ""grandir"" avec ""nous"" à l'imparfait ?";nous grandissions;nous grandissionst;nous grandission;nous graandissions
35127;"Comment conjugue-t-on le verbe ""connaître"" avec ""tu"" à l'imparfait ?";tu connaissais;tu connaissaist;tu connaissai;tu coonnaissais
35128;"Comment conjugue-t-on le verbe ""vivre"" avec ""elle"" à l'imparfait ?";elle vivait;elle vivaits;elle vivai;elle viivait
35129;"Comment conjugue-t-on le verbe ""sortir"" avec ""elles"" à l'imparfait ?";elles sortaient;elles sortaients;elles sortaien;elles soortaient
35130;"Comment conjugue-t-on le verbe ""manger"" avec ""elle"" à l'imparfait ?";elle mangeait;elle mangeaits;elle mangeai;elle maangeait
35131;"Comment conjugue-t-on le verbe ""grandir"" avec ""ils"" à l'imparfait ?";ils grandissaient;ils grandissaients;ils grandissaien;ils graandissaient
35132;"Comment conjugue-t-on le verbe ""grandir"" avec ""je"" à l'imparfait ?";je grandissais;je grandissaist;je grandissai;je graandissais
35133;"Comment conjugue-t-on le verbe ""être"" avec ""tu"" à l'imparfait ?";tu étais;tu étaist;tu étai;tu étaais
35134;"Comment conjugue-t-on le verbe ""sortir"" avec ""je"" à l'imparfait ?";je sortais;je sortaist;je sortai;je soortais
35135;"Comment conjugue-t-on le verbe ""vivre"" avec ""tu"" à l'imparfait ?";tu vivais;tu vivaist;tu vivai;tu viivais
35136;"Comment conjugue-t-on le verbe ""chanter"" avec ""je"" à l'imparfait ?";je chantais;je chantaist;je chantai;je chaantais
35137;"Comment conjugue-t-on le verbe ""croire"" avec ""vous"" à l'imparfait ?";vous croyiez;vous croyiezs;vous croyie;vous crooyiez
35138;"Comment conjugue-t-on le verbe ""pouvoir"" avec ""tu"" à l'imparfait ?";tu pouvais;tu pouvaist;tu pouvai;tu poouvais
35139;"Comment conjugue-t-on le verbe ""savoir"" avec ""vous"" à l'imparfait ?";vous saviez;vous saviezs;vous savie;vous saaviez
35140;"Comment conjugue-t-on le verbe ""partir"" avec ""nous"" à l'imparfait ?";nous partions;nous partionst;nous partion;nous paartions
35141;"Comment conjugue-t-on le verbe ""vivre"" avec ""elles"" à l'imparfait ?";elles vivaient;elles vivaients;elles vivaien;elles viivaient
35142;"Comment conjugue-t-on le verbe ""connaître"" avec ""nous"" à l'imparfait ?";nous connaissions;nous connaissionst;nous connaission;nous coonnaissions
35143;"Comment conjugue-t-on le verbe ""ranger"" avec ""nous"" à l'imparfait ?";nous rangions;nous rangionst;nous rangion;nous raangions
35144;"Comment conjugue-t-on le verbe ""manger"" avec ""il"" à l'imparfait ?";il mangeait;il mangeaits;il mangeai;il maangeait
35145;"Comment conjugue-t-on le verbe ""habiter"" avec ""elles"" à l'imparfait ?";elles habitaient;elles habitaients;elles habitaien;elles haabitaient
35146;"Comment conjugue-t-on le verbe ""lire"" avec ""tu"" à l'imparfait ?";tu lisais;tu lisaist;tu lisai;tu liisais
35147;"Comment conjugue-t-on le verbe ""ranger"" avec ""il"" à l'imparfait ?";il rangeait;il rangeaits;il rangeai;il raangeait
35148;"Comment conjugue-t-on le verbe ""commencer"" avec ""elle"" à l'imparfait ?";elle commençait;elle commençaits;elle commençai;elle coommençait
35149;"Comment conjugue-t-on le verbe ""placer"" avec ""elle"" à l'imparfait ?";elle plaçait;elle plaçaits;elle plaçai;elle plaaçait
35150;"Comment conjugue-t-on le verbe ""croire"" avec ""tu"" à l'imparfait ?";tu croyais;tu croyaist;tu croyai;tu crooyais
35151;"Comment conjugue-t-on le verbe ""boire"" avec ""il"" à l'imparfait ?";il buvait;il buvaits;il buvai;il buuvait
35152;"Comment conjugue-t-on le verbe ""courir"" avec ""je"" à l'imparfait ?";je courais;je couraist;je courai;je coourais
35153;"Comment conjugue-t-on le verbe ""suivre"" avec ""il"" à l'imparfait ?";il suivait;il suivaits;il suivai;il suuivait
35154;"Comment conjugue-t-on le verbe ""regarder"" avec ""nous"" à l'imparfait ?";nous regardions;nous regardionst;nous regardion;nous reegardions
35155;"Comment conjugue-t-on le verbe ""habiter"" avec ""nous"" à l'imparfait ?";nous habitions;nous habitionst;nous habition;nous haabitions
35156;"Comment conjugue-t-on le verbe ""manger"" avec ""vous"" à l'imparfait ?";vous mangiez;vous mangiezs;vous mangie;vous maangiez
35157;"Comment conjugue-t-on le verbe ""ranger"" avec ""vous"" à l'imparfait ?";vous rangiez;vous rangiezs;vous rangie;vous raangiez
35158;"Comment conjugue-t-on le verbe ""jouer"" avec ""ils"" à l'imparfait ?";ils jouaient;ils jouaients;ils jouaien;ils joouaient
35159;"Comment conjugue-t-on le verbe ""sortir"" avec ""elle"" à l'imparfait ?";elle sortait;elle sortaits;elle sortai;elle soortait
35160;"Comment conjugue-t-on le verbe ""courir"" avec ""nous"" à l'imparfait ?";nous courions;nous courionst;nous courion;nous coourions
35161;"Comment conjugue-t-on le verbe ""habiter"" avec ""vous"" à l'imparfait ?";vous habitiez;vous habitiezs;vous habitie;vous haabitiez
35162;"Comment conjugue-t-on le verbe ""habiter"" avec ""tu"" à l'imparfait ?";tu habitais;tu habitaist;tu habitai;tu haabitais
35163;"Comment conjugue-t-on le verbe ""manger"" avec ""tu"" à l'imparfait ?";tu mangeais;tu mangeaist;tu mangeai;tu maangeais
35164;"Comment conjugue-t-on le verbe ""dire"" avec ""je"" à l'imparfait ?";je disais;je disaist;je disai;je diisais
35165;"Comment conjugue-t-on le verbe ""suivre"" avec ""je"" à l'imparfait ?";je suivais;je suivaist;je suivai;je suuivais
35166;"Comment conjugue-t-on le verbe ""finir"" avec ""elles"" à l'imparfait ?";elles finissaient;elles finissaients;elles finissaien;elles fiinissaient
35167;"Comment conjugue-t-on le verbe ""lire"" avec ""il"" à l'imparfait ?";il lisait;il lisaits;il lisai;il liisait
35168;"Comment conjugue-t-on le verbe ""aller"" avec ""ils"" à l'imparfait ?";ils allaient;ils allaients;ils allaien;ils allaaient
35169;"Comment conjugue-t-on le verbe ""lire"" avec ""nous"" à l'imparfait ?";nous lisions;nous lisionst;nous lision;nous liisions
35170;"Comment conjugue-t-on le verbe ""avoir"" avec ""je"" à l'imparfait ?";j'avais;j'avaist;j'avai;j'avaais
35171;"Comment conjugue-t-on le verbe ""partir"" avec ""tu"" à l'imparfait ?";tu partais;tu partaist;tu partai;tu paartais
35172;"Comment conjugue-t-on le verbe ""habiter"" avec ""je"" à l'imparfait ?";j'habitais;j'habitaist;j'habitai;j'haabitais
35173;"Comment conjugue-t-on le verbe ""vivre"" avec ""il"" à l'imparfait ?";il vivait;il vivaits;il vivai;il viivait
35174;"Comment conjugue-t-on le verbe ""dire"" avec ""elle"" à l'imparfait ?";elle disait;elle disaits;elle disai;elle diisait
35175;"Comment conjugue-t-on le verbe ""parler"" avec ""elle"" à l'imparfait ?";elle parlait;elle parlaits;elle parlai;elle paarlait
35176;"Comment conjugue-t-on le verbe ""courir"" avec ""vous"" à l'imparfait ?";vous couriez;vous couriezs;vous courie;vous coouriez
35177;"Comment conjugue-t-on le verbe ""mettre"" avec ""elles"" à l'imparfait ?";elles mettaient;elles mettaients;elles mettaien;elles meettaient
35178;"Comment conjugue-t-on le verbe ""parler"" avec ""nous"" à l'imparfait ?";nous parlions;nous parlionst;nous parlion;nous paarlions
35179;"Comment conjugue-t-on le verbe ""savoir"" avec ""il"" à l'imparfait ?";il savait;il savaits;il savai;il saavait
35180;"Comment conjugue-t-on le verbe ""parler"" avec ""ils"" à l'imparfait ?";ils parlaient;ils parlaients;ils parlaien;ils paarlaient
35181;"Comment conjugue-t-on le verbe ""commencer"" avec ""je"" à l'imparfait ?";je commençais;je commençaist;je commençai;je coommençais
35182;"Comment conjugue-t-on le verbe ""parler"" avec ""il"" à l'imparfait ?";il parlait;il parlaits;il parlai;il paarlait
35183;"Comment conjugue-t-on le verbe ""habiter"" avec ""il"" à l'imparfait ?";il habitait;il habitaits;il habitai;il haabitait
35184;"Comment conjugue-t-on le verbe ""savoir"" avec ""elle"" à l'imparfait ?";elle savait;elle savaits;elle savai;elle saavait
35185;"Comment conjugue-t-on le verbe ""choisir"" avec ""vous"" à l'imparfait ?";vous choisissiez;vous choisissiezs;vous choisissie;vous chooisissiez
35186;"Comment conjugue-t-on le verbe ""jouer"" avec ""elle"" à l'imparfait ?";elle jouait;elle jouaits;elle jouai;elle joouait
35187;"Comment conjugue-t-on le verbe ""pouvoir"" avec ""elles"" à l'imparfait ?";elles pouvaient;elles pouvaients;elles pouvaien;elles poouvaient
35188;"Comment conjugue-t-on le verbe ""faire"" avec ""tu"" à l'imparfait ?";tu faisais;tu faisaist;tu faisai;tu faaisais
35189;"Comment conjugue-t-on le verbe ""avoir"" avec ""tu"" à l'imparfait ?";tu avais;tu avaist;tu avai;tu avaais
35190;"Comment conjugue-t-on le verbe ""aller"" avec ""elle"" à l'imparfait ?";elle allait;elle allaits;elle allai;elle allaait
35191;"Comment conjugue-t-on le verbe ""connaître"" avec ""elles"" à l'imparfait ?";elles connaissaient;elles connaissaients;elles connaissaien;elles coonnaissaient
35192;"Comment conjugue-t-on le verbe ""être"" avec ""vous"" à l'imparfait ?";vous étiez;vous étiezs;vous étie;vous étiiez
35193;"Comment conjugue-t-on le verbe ""manger"" avec ""elles"" à l'imparfait ?";elles mangeaient;elles mangeaients;elles mangeaien;elles maangeaient
35194;"Comment conjugue-t-on le verbe ""aller"" avec ""vous"" à l'imparfait ?";vous alliez;vous alliezs;vous allie;vous alliiez
35195;"Comment conjugue-t-on le verbe ""vivre"" avec ""ils"" à l'imparfait ?";ils vivaient;ils vivaients;ils vivaien;ils viivaient
35196;"Comment conjugue-t-on le verbe ""prendre"" avec ""ils"" à l'imparfait ?";ils prenaient;ils prenaients;ils prenaien;ils preenaient
35197;"Comment conjugue-t-on le verbe ""venir"" avec ""elles"" à l'imparfait ?";elles venaient;elles venaients;elles venaien;elles veenaient
35198;"Comment conjugue-t-on le verbe ""partir"" avec ""elles"" à l'imparfait ?";elles partaient;elles partaients;elles partaien;elles paartaient
35199;"Comment conjugue-t-on le verbe ""connaître"" avec ""elle"" à l'imparfait ?";elle connaissait;elle connaissaits;elle connaissai;elle coonnaissait
35200;"Comment conjugue-t-on le verbe ""vouloir"" avec ""tu"" à l'imparfait ?";tu voulais;tu voulaist;tu voulai;tu vooulais
35201;"Comment conjugue-t-on le verbe ""voir"" avec ""elles"" à l'imparfait ?";elles voyaient;elles voyaients;elles voyaien;elles vooyaient
35202;"Comment conjugue-t-on le verbe ""réussir"" avec ""elles"" à l'imparfait ?";elles réussissaient;elles réussissaients;elles réussissaien;elles rééussissaient
35203;"Comment conjugue-t-on le verbe ""pouvoir"" avec ""elle"" à l'imparfait ?";elle pouvait;elle pouvaits;elle pouvai;elle poouvait
35204;"Comment conjugue-t-on le verbe ""lire"" avec ""ils"" à l'imparfait ?";ils lisaient;ils lisaients;ils lisaien;ils liisaient
35205;"Comment conjugue-t-on le verbe ""prendre"" avec ""elles"" à l'imparfait ?";elles prenaient;elles prenaients;elles prenaien;elles preenaient
35206;"Comment conjugue-t-on le verbe ""vouloir"" avec ""elle"" au futur simple ?";elle voudra;elle voudras;elle voudr;elle vooudra
35207;"Comment conjugue-t-on le verbe ""regarder"" avec ""tu"" au futur simple ?";tu regarderas;tu regarderast;tu regardera;tu reegarderas
35208;"Comment conjugue-t-on le verbe ""habiter"" avec ""ils"" au futur simple ?";ils habiteront;ils habiteronts;ils habiteron;ils haabiteront
35209;"Comment conjugue-t-on le verbe ""venir"" avec ""nous"" au futur simple ?";nous viendrons;nous viendronst;nous viendron;nous viiendrons
35210;"Comment conjugue-t-on le verbe ""jouer"" avec ""il"" au futur simple ?";il jouera;il joueras;il jouer;il joouera
35211;"Comment conjugue-t-on le verbe ""regarder"" avec ""elles"" au futur simple ?";elles regarderont;elles regarderonts;elles regarderon;elles reegarderont
35212;"Comment conjugue-t-on le verbe ""parler"" avec ""elle"" au futur simple ?";elle parlera;elle parleras;elle parler;elle paarlera
35213;"Comment conjugue-t-on le verbe ""réussir"" avec ""il"" au futur simple ?";il réussira;il réussiras;il réussir;il rééussira
35214;"Comment conjugue-t-on le verbe ""venir"" avec ""elle"" au futur simple ?";elle viendra;elle viendras;elle viendr;elle viiendra
35215;"Comment conjugue-t-on le verbe ""devoir"" avec ""elles"" au futur simple ?";elles devront;elles devronts;elles devron;elles deevront
35216;"Comment conjugue-t-on le verbe ""parler"" avec ""nous"" au futur simple ?";nous parlerons;nous parleronst;nous parleron;nous paarlerons
35217;"Comment conjugue-t-on le verbe ""savoir"" avec ""elles"" au futur simple ?";elles sauront;elles sauronts;elles sauron;elles saauront
35218;"Comment conjugue-t-on le verbe ""vouloir"" avec ""ils"" au futur simple ?";ils voudront;ils voudronts;ils voudron;ils vooudront
35219;"Comment conjugue-t-on le verbe ""savoir"" avec ""il"" au futur simple ?";il saura;il sauras;il saur;il saaura
35220;"Comment conjugue-t-on le verbe ""chanter"" avec ""je"" au futur simple ?";je chanterai;je chanterais;je chantera;je chaanterai
35221;"Comment conjugue-t-on le verbe ""chanter"" avec ""elles"" au futur simple ?";elles chanteront;elles chanteronts;elles chanteron;elles chaanteront
35222;"Comment conjugue-t-on le verbe ""être"" avec ""elle"" au futur simple ?";elle sera;elle seras;elle ser;elle seera
35223;"Comment conjugue-t-on le verbe ""tenir"" avec ""tu"" au futur simple ?";tu tiendras;tu tiendrast;tu tiendra;tu tiiendras
35224;"Comment conjugue-t-on le verbe ""devoir"" avec ""vous"" au futur simple ?";vous devrez;vous devrezs;vous devre;vous deevrez
35225;"Comment conjugue-t-on le verbe ""faire"" avec ""elle"" au futur simple ?";elle fera;elle feras;elle fer;elle feera
35226;"Comment conjugue-t-on le verbe ""voir"" avec ""je"" au futur simple ?";je verrai;je verrais;je verra;je veerrai
35227;"Comment conjugue-t-on le verbe ""tenir"" avec ""elle"" au futur simple ?";elle tiendra;elle tiendras;elle tiendr;elle tiiendra
35228;"Comment conjugue-t-on le verbe ""pouvoir"" avec ""je"" au futur simple ?";je pourrai;je pourrais;je pourra;je poourrai
35229;"Comment conjugue-t-on le verbe ""envoyer"" avec ""je"" au futur simple ?";j'enverrai;j'enverrais;j'enverra;j'enveerrai
35230;"Comment conjugue-t-on le verbe ""parler"" avec ""ils"" au futur simple ?";ils parleront;ils parleronts;ils parleron;ils paarleront
35231;"Comment conjugue-t-on le verbe ""regarder"" avec ""nous"" au futur simple ?";nous regarderons;nous regarderonst;nous regarderon;nous reegarderons
35232;"Comment conjugue-t-on le verbe ""vouloir"" avec ""tu"" au futur simple ?";tu voudras;tu voudrast;tu voudra;tu vooudras
35233;"Comment conjugue-t-on le verbe ""chanter"" avec ""elle"" au futur simple ?";elle chantera;elle chanteras;elle chanter;elle chaantera
35234;"Comment conjugue-t-on le verbe ""vendre"" avec ""ils"" au futur simple ?";ils vendront;ils vendronts;ils vendron;ils veendront
35235;"Comment conjugue-t-on le verbe ""devoir"" avec ""je"" au futur simple ?";je devrai;je devrais;je devra;je deevrai
35236;"Comment conjugue-t-on le verbe ""grandir"" avec ""vous"" au futur simple ?";vous grandirez;vous grandirezs;vous grandire;vous graandirez
35237;"Comment conjugue-t-on le verbe ""prendre"" avec ""elles"" au futur simple ?";elles prendront;elles prendronts;elles prendron;elles preendront
35238;"Comment conjugue-t-on le verbe ""avoir"" avec ""elle"" au futur simple ?";elle aura;elle auras;elle aur;elle auura
35239;"Comment conjugue-t-on le verbe ""attendre"" avec ""ils"" au futur simple ?";ils attendront;ils attendronts;ils attendron;ils atteendront
35240;"Comment conjugue-t-on le verbe ""prendre"" avec ""ils"" au futur simple ?";ils prendront;ils prendronts;ils prendron;ils preendront
35241;"Comment conjugue-t-on le verbe ""attendre"" avec ""il"" au futur simple ?";il attendra;il attendras;il attendr;il atteendra
35242;"Comment conjugue-t-on le verbe ""chanter"" avec ""tu"" au futur simple ?";tu chanteras;tu chanterast;tu chantera;tu chaanteras
35243;"Comment conjugue-t-on le verbe ""être"" avec ""ils"" au futur simple ?";ils seront;ils seronts;ils seron;ils seeront
35244;"Comment conjugue-t-on le verbe ""choisir"" avec ""nous"" au futur simple ?";nous choisirons;nous choisironst;nous choisiron;nous chooisirons
35245;"Comment conjugue-t-on le verbe ""finir"" avec ""vous"" au futur simple ?";vous finirez;vous finirezs;vous finire;vous fiinirez
35246;"Comment conjugue-t-on le verbe ""choisir"" avec ""ils"" au futur simple ?";ils choisiront;ils choisironts;ils choisiron;ils chooisiront
35247;"Comment conjugue-t-on le verbe ""voir"" avec ""elles"" au futur simple ?";elles verront;elles verronts;elles verron;elles veerront
35248;"Comment conjugue-t-on le verbe ""devoir"" avec ""ils"" au futur simple ?";ils devront;ils devronts;ils devron;ils deevront
35249;"Comment conjugue-t-on le verbe ""venir"" avec ""vous"" au futur simple ?";vous viendrez;vous viendrezs;vous viendre;vous viiendrez
35250;"Comment conjugue-t-on le verbe ""aller"" avec ""elle"" au futur simple ?";elle ira;elle iras;elle ir;elle iraa
35251;"Comment conjugue-t-on le verbe ""envoyer"" avec ""nous"" au futur simple ?";nous enverrons;nous enverronst;nous enverron;nous enveerrons
35252;"Comment conjugue-t-on le verbe ""voir"" avec ""tu"" au futur simple ?";tu verras;tu verrast;tu verra;tu veerras
35253;"Comment conjugue-t-on le verbe ""réussir"" avec ""ils"" au futur simple ?";ils réussiront;ils réussironts;ils réussiron;ils rééussiront
35254;"Comment conjugue-t-on le verbe ""faire"" avec ""elles"" au futur simple ?";elles feront;elles feronts;elles feron;elles feeront
35255;"Comment conjugue-t-on le verbe ""avoir"" avec ""elles"" au futur simple ?";elles auront;elles auronts;elles auron;elles auuront
35256;"Comment conjugue-t-on le verbe ""tenir"" avec ""elles"" au futur simple ?";elles tiendront;elles tiendronts;elles tiendron;elles tiiendront
35257;"Comment conjugue-t-on le verbe ""vouloir"" avec ""elles"" au futur simple ?";elles voudront;elles voudronts;elles voudron;elles vooudront
35258;"Comment conjugue-t-on le verbe ""devoir"" avec ""tu"" au futur simple ?";tu devras;tu devrast;tu devra;tu deevras
35259;"Comment conjugue-t-on le verbe ""devoir"" avec ""nous"" au futur simple ?";nous devrons;nous devronst;nous devron;nous deevrons
35260;"Comment conjugue-t-on le verbe ""envoyer"" avec ""ils"" au futur simple ?";ils enverront;ils enverronts;ils enverron;ils enveerront
35261;"Comment conjugue-t-on le verbe ""finir"" avec ""elles"" au futur simple ?";elles finiront;elles finironts;elles finiron;elles fiiniront
35262;"Comment conjugue-t-on le verbe ""descendre"" avec ""elle"" au futur simple ?";elle descendra;elle descendras;elle descendr;elle deescendra
35263;"Comment conjugue-t-on le verbe ""regarder"" avec ""il"" au futur simple ?";il regardera;il regarderas;il regarder;il reegardera
35264;"Comment conjugue-t-on le verbe ""venir"" avec ""ils"" au futur simple ?";ils viendront;ils viendronts;ils viendron;ils viiendront
35265;"Comment conjugue-t-on le verbe ""vendre"" avec ""tu"" au futur simple ?";tu vendras;tu vendrast;tu vendra;tu veendras
35266;"Comment conjugue-t-on le verbe ""tenir"" avec ""nous"" au futur simple ?";nous tiendrons;nous tiendronst;nous tiendron;nous tiiendrons
35267;"Comment conjugue-t-on le verbe ""être"" avec ""il"" au futur simple ?";il sera;il seras;il ser;il seera
35268;"Comment conjugue-t-on le verbe ""jouer"" avec ""elle"" au futur simple ?";elle jouera;elle joueras;elle jouer;elle joouera
35269;"Comment conjugue-t-on le verbe ""habiter"" avec ""nous"" au futur simple ?";nous habiterons;nous habiteronst;nous habiteron;nous haabiterons
35270;"Comment conjugue-t-on le verbe ""voir"" avec ""vous"" au futur simple ?";vous verrez;vous verrezs;vous verre;vous veerrez
35271;"Comment conjugue-t-on le verbe ""jouer"" avec ""tu"" au futur simple ?";tu joueras;tu jouerast;tu jouera;tu jooueras
35272;"Comment conjugue-t-on le verbe ""aller"" avec ""je"" au futur simple ?";j'irai;j'irais;j'ira;j'iraai
35273;"Comment conjugue-t-on le verbe ""savoir"" avec ""je"" au futur simple ?";je saurai;je saurais;je saura;je saaurai
35274;"Comment conjugue-t-on le verbe ""attendre"" avec ""elles"" au futur simple ?";elles attendront;elles attendronts;elles attendron;elles atteendront
35275;"Comment conjugue-t-on le verbe ""réussir"" avec ""elles"" au futur simple ?";elles réussiront;elles réussironts;elles réussiron;elles rééussiront
35276;"Comment conjugue-t-on le verbe ""réussir"" avec ""je"" au futur simple ?";je réussirai;je réussirais;je réussira;je rééussirai
35277;"Comment conjugue-t-on le verbe ""finir"" avec ""je"" au futur simple ?";je finirai;je finirais;je finira;je fiinirai
35278;"Comment conjugue-t-on le verbe ""voir"" avec ""ils"" au futur simple ?";ils verront;ils verronts;ils verron;ils veerront
35279;"Comment conjugue-t-on le verbe ""tenir"" avec ""je"" au futur simple ?";je tiendrai;je tiendrais;je tiendra;je tiiendrai
35280;"Comment conjugue-t-on le verbe ""réussir"" avec ""nous"" au futur simple ?";nous réussirons;nous réussironst;nous réussiron;nous rééussirons
35281;"Comment conjugue-t-on le verbe ""grandir"" avec ""nous"" au futur simple ?";nous grandirons;nous grandironst;nous grandiron;nous graandirons
35282;"Comment conjugue-t-on le verbe ""savoir"" avec ""tu"" au futur simple ?";tu sauras;tu saurast;tu saura;tu saauras
35283;"Comment conjugue-t-on le verbe ""vendre"" avec ""elles"" au futur simple ?";elles vendront;elles vendronts;elles vendron;elles veendront
35284;"Comment conjugue-t-on le verbe ""aller"" avec ""nous"" au futur simple ?";nous irons;nous ironst;nous iron;nous iroons
35285;"Comment conjugue-t-on le verbe ""aller"" avec ""ils"" au futur simple ?";ils iront;ils ironts;ils iron;ils iroont
35286;"Comment conjugue-t-on le verbe ""devoir"" avec ""elle"" au futur simple ?";elle devra;elle devras;elle devr;elle deevra
35287;"Comment conjugue-t-on le verbe ""voir"" avec ""elle"" au futur simple ?";elle verra;elle verras;elle verr;elle veerra
35288;"Comment conjugue-t-on le verbe ""habiter"" avec ""je"" au futur simple ?";j'habiterai;j'habiterais;j'habitera;j'haabiterai
35289;"Comment conjugue-t-on le verbe ""savoir"" avec ""nous"" au futur simple ?";nous saurons;nous sauronst;nous sauron;nous saaurons
35290;"Comment conjugue-t-on le verbe ""descendre"" avec ""tu"" au futur simple ?";tu descendras;tu descendrast;tu descendra;tu deescendras
35291;"Comment conjugue-t-on le verbe ""prendre"" avec ""nous"" au futur simple ?";nous prendrons;nous prendronst;nous prendron;nous preendrons
35292;"Comment conjugue-t-on le verbe ""grandir"" avec ""il"" au futur simple ?";il grandira;il grandiras;il grandir;il graandira
35293;"Comment conjugue-t-on le verbe ""avoir"" avec ""tu"" au futur simple ?";tu auras;tu aurast;tu aura;tu auuras
35294;"Comment conjugue-t-on le verbe ""faire"" avec ""il"" au futur simple ?";il fera;il feras;il fer;il feera
35295;"Comment conjugue-t-on le verbe ""faire"" avec ""ils"" au futur simple ?";ils feront;ils feronts;ils feron;ils feeront
35296;"Comment conjugue-t-on le verbe ""habiter"" avec ""tu"" au futur simple ?";tu habiteras;tu habiterast;tu habitera;tu haabiteras
35297;"Comment conjugue-t-on le verbe ""jouer"" avec ""elles"" au futur simple ?";elles joueront;elles joueronts;elles joueron;elles jooueront
35298;"Comment conjugue-t-on le verbe ""voir"" avec ""il"" au futur simple ?";il verra;il verras;il verr;il veerra
35299;"Comment conjugue-t-on le verbe ""pouvoir"" avec ""il"" au futur simple ?";il pourra;il pourras;il pourr;il poourra
35300;"Comment conjugue-t-on le verbe ""vouloir"" avec ""vous"" au futur simple ?";vous voudrez;vous voudrezs;vous voudre;vous vooudrez
35301;"Comment conjugue-t-on le verbe ""attendre"" avec ""tu"" au futur simple ?";tu attendras;tu attendrast;tu attendra;tu atteendras
35302;"Comment conjugue-t-on le verbe ""descendre"" avec ""elles"" au futur simple ?";elles descendront;elles descendronts;elles descendron;elles deescendront
35303;"Comment conjugue-t-on le verbe ""choisir"" avec ""vous"" au futur simple ?";vous choisirez;vous choisirezs;vous choisire;vous chooisirez
35304;"Comment conjugue-t-on le verbe ""habiter"" avec ""elle"" au futur simple ?";elle habitera;elle habiteras;elle habiter;elle haabitera
35305;"Comment conjugue-t-on le verbe ""vendre"" avec ""je"" au futur simple ?";je vendrai;je vendrais;je vendra;je veendrai
35306;"Comment conjugue-t-on le verbe ""descendre"" avec ""vous"" au futur simple ?";vous descendrez;vous descendrezs;vous descendre;vous deescendrez
35307;"Comment conjugue-t-on le verbe ""faire"" avec ""vous"" au futur simple ?";vous ferez;vous ferezs;vous fere;vous feerez
35308;"Comment conjugue-t-on le verbe ""descendre"" avec ""nous"" au futur simple ?";nous descendrons;nous descendronst;nous descendron;nous deescendrons
35309;"Comment conjugue-t-on le verbe ""chanter"" avec ""vous"" au futur simple ?";vous chanterez;vous chanterezs;vous chantere;vous chaanterez
35310;"Comment conjugue-t-on le verbe ""envoyer"" avec ""il"" au futur simple ?";il enverra;il enverras;il enverr;il enveerra
35311;"Comment conjugue-t-on le verbe ""faire"" avec ""tu"" au futur simple ?";tu feras;tu ferast;tu fera;tu feeras
35312;"Comment conjugue-t-on le verbe ""venir"" avec ""tu"" au futur simple ?";tu viendras;tu viendrast;tu viendra;tu viiendras
35313;"Comment conjugue-t-on le verbe ""prendre"" avec ""vous"" au futur simple ?";vous prendrez;vous prendrezs;vous prendre;vous preendrez
35314;"Comment conjugue-t-on le verbe ""regarder"" avec ""vous"" au futur simple ?";vous regarderez;vous regarderezs;vous regardere;vous reegarderez
35315;"Comment conjugue-t-on le verbe ""prendre"" avec ""elle"" au futur simple ?";elle prendra;elle prendras;elle prendr;elle preendra
35316;"Comment conjugue-t-on le verbe ""jouer"" avec ""nous"" au futur simple ?";nous jouerons;nous joueronst;nous joueron;nous joouerons
35317;"Comment conjugue-t-on le verbe ""grandir"" avec ""je"" au futur simple ?";je grandirai;je grandirais;je grandira;je graandirai
35318;"Comment conjugue-t-on le verbe ""venir"" avec ""il"" au futur simple ?";il viendra;il viendras;il viendr;il viiendra
35319;"Comment conjugue-t-on le verbe ""prendre"" avec ""il"" au futur simple ?";il prendra;il prendras;il prendr;il preendra
35320;"Comment conjugue-t-on le verbe ""prendre"" avec ""je"" au futur simple ?";je prendrai;je prendrais;je prendra;je preendrai
35321;"Comment conjugue-t-on le verbe ""envoyer"" avec ""vous"" au futur simple ?";vous enverrez;vous enverrezs;vous enverre;vous enveerrez
35322;"Comment conjugue-t-on le verbe ""grandir"" avec ""elles"" au futur simple ?";elles grandiront;elles grandironts;elles grandiron;elles graandiront
35323;"Comment conjugue-t-on le verbe ""habiter"" avec ""il"" au futur simple ?";il habitera;il habiteras;il habiter;il haabitera
35324;"Comment conjugue-t-on le verbe ""tenir"" avec ""il"" au futur simple ?";il tiendra;il tiendras;il tiendr;il tiiendra
35325;"Comment conjugue-t-on le verbe ""avoir"" avec ""il"" au futur simple ?";il aura;il auras;il aur;il auura
35326;"Comment conjugue-t-on le verbe ""regarder"" avec ""elle"" au futur simple ?";elle regardera;elle regarderas;elle regarder;elle reegardera
35327;"Comment conjugue-t-on le verbe ""choisir"" avec ""tu"" au futur simple ?";tu choisiras;tu choisirast;tu choisira;tu chooisiras
35328;"Comment conjugue-t-on le verbe ""chanter"" avec ""nous"" au futur simple ?";nous chanterons;nous chanteronst;nous chanteron;nous chaanterons
35329;"Comment conjugue-t-on le verbe ""vendre"" avec ""il"" au futur simple ?";il vendra;il vendras;il vendr;il veendra
35330;"Comment conjugue-t-on le verbe ""savoir"" avec ""elle"" au futur simple ?";elle saura;elle sauras;elle saur;elle saaura
35331;"Comment conjugue-t-on le verbe ""pouvoir"" avec ""tu"" au futur simple ?";tu pourras;tu pourrast;tu pourra;tu poourras
35332;"Comment conjugue-t-on le verbe ""habiter"" avec ""vous"" au futur simple ?";vous habiterez;vous habiterezs;vous habitere;vous haabiterez
35333;"Comment conjugue-t-on le verbe ""vendre"" avec ""elle"" au futur simple ?";elle vendra;elle vendras;elle vendr;elle veendra
35334;"Comment conjugue-t-on le verbe ""aller"" avec ""tu"" au futur simple ?";tu iras;tu irast;tu ira;tu iraas
35335;"Comment conjugue-t-on le verbe ""avoir"" avec ""ils"" au futur simple ?";ils auront;ils auronts;ils auron;ils auuront
35336;"Comment conjugue-t-on le verbe ""savoir"" avec ""ils"" au futur simple ?";ils sauront;ils sauronts;ils sauron;ils saauront
35337;"Comment conjugue-t-on le verbe ""vouloir"" avec ""il"" au futur simple ?";il voudra;il voudras;il voudr;il vooudra
35338;"Comment conjugue-t-on le verbe ""grandir"" avec ""ils"" au futur simple ?";ils grandiront;ils grandironts;ils grandiron;ils graandiront
35339;"Comment conjugue-t-on le verbe ""envoyer"" avec ""elles"" au futur simple ?";elles enverront;elles enverronts;elles enverron;elles enveerront
35340;"Comment conjugue-t-on le verbe ""réussir"" avec ""tu"" au futur simple ?";tu réussiras;tu réussirast;tu réussira;tu rééussiras
35341;"Comment conjugue-t-on le verbe ""pouvoir"" avec ""elle"" au futur simple ?";elle pourra;elle pourras;elle pourr;elle poourra
35342;"Comment conjugue-t-on le verbe ""parler"" avec ""je"" au futur simple ?";je parlerai;je parlerais;je parlera;je paarlerai
35343;"Comment conjugue-t-on le verbe ""aller"" avec ""vous"" au futur simple ?";vous irez;vous irezs;vous ire;vous ireez
35344;"Comment conjugue-t-on le verbe ""réussir"" avec ""vous"" au futur simple ?";vous réussirez;vous réussirezs;vous réussire;vous rééussirez
35345;"Comment conjugue-t-on le verbe ""choisir"" avec ""elle"" au futur simple ?";elle choisira;elle choisiras;elle choisir;elle chooisira
35346;"Comment conjugue-t-on le verbe ""prendre"" avec ""tu"" au futur simple ?";tu prendras;tu prendrast;tu prendra;tu preendras
35347;"Comment conjugue-t-on le verbe ""être"" avec ""je"" au futur simple ?";je serai;je serais;je sera;je seerai
35348;"Comment conjugue-t-on le verbe ""venir"" avec ""elles"" au futur simple ?";elles viendront;elles viendronts;elles viendron;elles viiendront
35349;"Comment conjugue-t-on le verbe ""habiter"" avec ""elles"" au futur simple ?";elles habiteront;elles habiteronts;elles habiteron;elles haabiteront
35350;"Comment conjugue-t-on le verbe ""choisir"" avec ""il"" au futur simple ?";il choisira;il choisiras;il choisir;il chooisira
35351;"Comment conjugue-t-on le verbe ""devoir"" avec ""il"" au futur simple ?";il devra;il devras;il devr;il deevra
35352;"Comment conjugue-t-on le verbe ""aller"" avec ""elles"" au futur simple ?";elles iront;elles ironts;elles iron;elles iroont
35353;"Comment conjugue-t-on le verbe ""finir"" avec ""ils"" au futur simple ?";ils finiront;ils finironts;ils finiron;ils fiiniront
35354;"Comment conjugue-t-on le verbe ""parler"" avec ""vous"" au futur simple ?";vous parlerez;vous parlerezs;vous parlere;vous paarlerez
35355;"Comment conjugue-t-on le verbe ""descendre"" avec ""ils"" au futur simple ?";ils descendront;ils descendronts;ils descendron;ils deescendront
35356;"Comment conjugue-t-on le verbe ""envoyer"" avec ""elle"" au futur simple ?";elle enverra;elle enverras;elle enverr;elle enveerra
35357;"Comment conjugue-t-on le verbe ""tenir"" avec ""vous"" au futur simple ?";vous tiendrez;vous tiendrezs;vous tiendre;vous tiiendrez
35358;"Comment conjugue-t-on le verbe ""jouer"" avec ""vous"" au futur simple ?";vous jouerez;vous jouerezs;vous jouere;vous joouerez
35359;"Comment conjugue-t-on le verbe ""finir"" avec ""nous"" au futur simple ?";nous finirons;nous finironst;nous finiron;nous fiinirons
35360;"Comment conjugue-t-on le verbe ""voir"" avec ""nous"" au futur simple ?";nous verrons;nous verronst;nous verron;nous veerrons
35361;"Comment conjugue-t-on le verbe ""avoir"" avec ""nous"" au futur simple ?";nous aurons;nous auronst;nous auron;nous auurons
35362;"Comment conjugue-t-on le verbe ""tenir"" avec ""ils"" au futur simple ?";ils tiendront;ils tiendronts;ils tiendron;ils tiiendront
35363;"Comment conjugue-t-on le verbe ""regarder"" avec ""ils"" au futur simple ?";ils regarderont;ils regarderonts;ils regarderon;ils reegarderont
35364;"Comment conjugue-t-on le verbe ""grandir"" avec ""tu"" au futur simple ?";tu grandiras;tu grandirast;tu grandira;tu graandiras
35365;"Comment conjugue-t-on le verbe ""parler"" avec ""tu"" au futur simple ?";tu parleras;tu parlerast;tu parlera;tu paarleras
35366;"Comment conjugue-t-on le verbe ""pouvoir"" avec ""ils"" au futur simple ?";ils pourront;ils pourronts;ils pourron;ils poourront
35367;"Comment conjugue-t-on le verbe ""attendre"" avec ""nous"" au futur simple ?";nous attendrons;nous attendronst;nous attendron;nous atteendrons
35368;"Comment conjugue-t-on le verbe ""jouer"" avec ""ils"" au futur simple ?";ils joueront;ils joueronts;ils joueron;ils jooueront
35369;"Comment conjugue-t-on le verbe ""chanter"" avec ""ils"" au futur simple ?";ils chanteront;ils chanteronts;ils chanteron;ils chaanteront
35370;"Comment conjugue-t-on le verbe ""finir"" avec ""il"" au futur simple ?";il finira;il finiras;il finir;il fiinira
35371;"Comment conjugue-t-on le verbe ""descendre"" avec ""il"" au futur simple ?";il descendra;il descendras;il descendr;il deescendra
35372;"Comment conjugue-t-on le verbe ""parler"" avec ""il"" au futur simple ?";il parlera;il parleras;il parler;il paarlera
35373;"Comment conjugue-t-on le verbe ""envoyer"" avec ""tu"" au futur simple ?";tu enverras;tu enverrast;tu enverra;tu enveerras
35374;"Comment conjugue-t-on le verbe ""jouer"" avec ""je"" au futur simple ?";je jouerai;je jouerais;je jouera;je joouerai
35375;"Comment conjugue-t-on le verbe ""choisir"" avec ""elles"" au futur simple ?";elles choisiront;elles choisironts;elles choisiron;elles chooisiront
35376;"Comment conjugue-t-on le verbe ""être"" avec ""vous"" au futur simple ?";vous serez;vous serezs;vous sere;vous seerez
35377;"Comment conjugue-t-on le verbe ""grandir"" avec ""elle"" au futur simple ?";elle grandira;elle grandiras;elle grandir;elle graandira
35378;"Comment conjugue-t-on le verbe ""être"" avec ""elles"" au futur simple ?";elles seront;elles seronts;elles seron;elles seeront
35379;"Comment conjugue-t-on le verbe ""choisir"" avec ""je"" au futur simple ?";je choisirai;je choisirais;je choisira;je chooisirai
35380;"Comment conjugue-t-on le verbe ""être"" avec ""nous"" au futur simple ?";nous serons;nous seronst;nous seron;nous seerons
35381;"Comment conjugue-t-on le verbe ""parler"" avec ""elles"" au futur simple ?";elles parleront;elles parleronts;elles parleron;elles paarleront
35382;"Comment conjugue-t-on le verbe ""être"" avec ""tu"" au futur simple ?";tu seras;tu serast;tu sera;tu seeras
35383;"Comment conjugue-t-on le verbe ""savoir"" avec ""vous"" au futur simple ?";vous saurez;vous saurezs;vous saure;vous saaurez
35384;"Comment conjugue-t-on le verbe ""attendre"" avec ""je"" au futur simple ?";j'attendrai;j'attendrais;j'attendra;j'atteendrai
35385;"Comment conjugue-t-on le verbe ""finir"" avec ""elle"" au futur simple ?";elle finira;elle finiras;elle finir;elle fiinira
35386;"Comment conjugue-t-on le verbe ""suivre"" avec ""je"" au passé composé ?";j'ai suivi;j'ais suivi;j'aii suivi;j'aia suivi
35387;"Comment conjugue-t-on le verbe ""prendre"" avec ""tu"" au passé composé ?";tu as pris;tu as prist;tu as pri;tu as priis
35388;"Comment conjugue-t-on le verbe ""réussir"" avec ""tu"" au passé composé ?";tu as réussi;tu ast réussi;tu aas réussi;tu aaa réussi
35389;"Comment conjugue-t-on le verbe ""finir"" avec ""ils"" au passé composé ?";ils ont fini;ils ont finis;ils ont fin;ils ont fiini
35390;"Comment conjugue-t-on le verbe ""perdre"" avec ""elle"" au passé composé ?";elle a perdu;elle as perdu;elle aa perdu;elle ae perdu
35391;"Comment conjugue-t-on le verbe ""écrire"" avec ""tu"" au passé composé ?";tu as écrit;tu as écrits;tu as écri;tu as écriit
35392;"Comment conjugue-t-on le verbe ""trouver"" avec ""il"" au passé composé ?";il a trouvé;il as trouvé;il aa trouvé;il ae trouvé
35393;"Comment conjugue-t-on le verbe ""trouver"" avec ""elle"" au passé composé ?";elle a trouvé;elle a trouvés;elle a trouv;elle a troouvé
35394;"Comment conjugue-t-on le verbe ""suivre"" avec ""vous"" au passé composé ?";vous avez suivi;vous avezs suivi;vous ave suivi;vous aveez suivi
35395;"Comment conjugue-t-on le verbe ""réussir"" avec ""nous"" au passé composé ?";nous avons réussi;nous avons réussis;nous avons réuss;nous avons rééussi
35396;"Comment conjugue-t-on le verbe ""attendre"" avec ""je"" au passé composé ?";j'ai attendu;j'ais attendu;j'aii attendu;j'aia attendu
35397;"Comment conjugue-t-on le verbe ""manger"" avec ""elles"" au passé composé ?";elles ont mangé;elles ont mangés;elles ont mang;elles ont maangé
35398;"Comment conjugue-t-on le verbe ""choisir"" avec ""elles"" au passé composé ?";elles ont choisi;elles onts choisi;elles on choisi;elles oont choisi
35399;"Comment conjugue-t-on le verbe ""croire"" avec ""vous"" au passé composé ?";vous avez cru;vous avez crus;vous avez cr;vous avez cruu
35400;"Comment conjugue-t-on le verbe ""donner"" avec ""elles"" au passé composé ?";elles ont donné;elles onts donné;elles on donné;elles oont donné
35401;"Comment conjugue-t-on le verbe ""prendre"" avec ""elle"" au passé composé ?";elle a pris;elle a prist;elle a pri;elle a priis
35402;"Comment conjugue-t-on le verbe ""vivre"" avec ""nous"" au passé composé ?";nous avons vécu;nous avonst vécu;nous avon vécu;nous avoons vécu
35403;"Comment conjugue-t-on le verbe ""voir"" avec ""je"" au passé composé ?";j'ai vu;j'ai vus;j'ai vuu;j'ai vua
35404;"Comment conjugue-t-on le verbe ""connaître"" avec ""vous"" au passé composé ?";vous avez connu;vous avezs connu;vous ave connu;vous aveez connu
35405;"Comment conjugue-t-on le verbe ""regarder"" avec ""tu"" au passé composé ?";tu as regardé;tu as regardés;tu as regard;tu as reegardé
35406;"Comment conjugue-t-on le verbe ""voir"" avec ""ils"" au passé composé ?";ils ont vu;ils onts vu;ils on vu;ils oont vu
35407;"Comment conjugue-t-on le verbe ""courir"" avec ""vous"" au passé composé ?";vous avez couru;vous avez courus;vous avez cour;vous avez coouru
35408;"Comment conjugue-t-on le verbe ""croire"" avec ""il"" au passé composé ?";il a cru;il as cru;il aa cru;il ae cru
35409;"Comment conjugue-t-on le verbe ""attendre"" avec ""tu"" au passé composé ?";tu as attendu;tu as attendus;tu as attend;tu as atteendu
35410;"Comment conjugue-t-on le verbe ""parler"" avec ""elles"" au passé composé ?";elles ont parlé;elles onts parlé;elles on parlé;elles oont parlé
35411;"Comment conjugue-t-on le verbe ""acheter"" avec ""elles"" au passé composé ?";elles ont acheté;elles ont achetés;elles ont achet;elles ont acheeté
35412;"Comment conjugue-t-on le verbe ""croire"" avec ""ils"" au passé composé ?";ils ont cru;ils onts cru;ils on cru;ils oont cru
35413;"Comment conjugue-t-on le verbe ""attendre"" avec ""ils"" au passé composé ?";ils ont attendu;ils ont attendus;ils ont attend;ils ont atteendu
35414;"Comment conjugue-t-on le verbe ""chanter"" avec ""elles"" au passé composé ?";elles ont chanté;elles onts chanté;elles on chanté;elles oont chanté
35415;"Comment conjugue-t-on le verbe ""attendre"" avec ""vous"" au passé composé ?";vous avez attendu;vous avez attendus;vous avez attend;vous avez atteendu
35416;"Comment conjugue-t-on le verbe ""regarder"" avec ""ils"" au passé composé ?";ils ont regardé;ils onts regardé;ils on regardé;ils oont regardé
35417;"Comment conjugue-t-on le verbe ""finir"" avec ""elles"" au passé composé ?";elles ont fini;elles ont finis;elles ont fin;elles ont fiini
35418;"Comment conjugue-t-on le verbe ""jouer"" avec ""tu"" au passé composé ?";tu as joué;tu ast joué;tu aas joué;tu aaa joué
35419;"Comment conjugue-t-on le verbe ""vivre"" avec ""vous"" au passé composé ?";vous avez vécu;vous avez vécus;vous avez véc;vous avez véécu
35420;"Comment conjugue-t-on le verbe ""chanter"" avec ""ils"" au passé composé ?";ils ont chanté;ils onts chanté;ils on chanté;ils oont chanté
35421;"Comment conjugue-t-on le verbe ""suivre"" avec ""nous"" au passé composé ?";nous avons suivi;nous avons suivis;nous avons suiv;nous avons suuivi
35422;"Comment conjugue-t-on le verbe ""perdre"" avec ""tu"" au passé composé ?";tu as perdu;tu ast perdu;tu aas perdu;tu aaa perdu
35423;"Comment conjugue-t-on le verbe ""écrire"" avec ""ils"" au passé composé ?";ils ont écrit;ils ont écrits;ils ont écri;ils ont écriit
35424;"Comment conjugue-t-on le verbe ""suivre"" avec ""elle"" au passé composé ?";elle a suivi;elle as suivi;elle aa suivi;elle ae suivi
35425;"Comment conjugue-t-on le verbe ""manger"" avec ""tu"" au passé composé ?";tu as mangé;tu as mangés;tu as mang;tu as maangé
35426;"Comment conjugue-t-on le verbe ""aimer"" avec ""il"" au passé composé ?";il a aimé;il as aimé;il aa aimé;il ae aimé
35427;"Comment conjugue-t-on le verbe ""prendre"" avec ""vous"" au passé composé ?";vous avez pris;vous avez prist;vous avez pri;vous avez priis
35428;"Comment conjugue-t-on le verbe ""voir"" avec ""il"" au passé composé ?";il a vu;il as vu;il aa vu;il ae vu
35429;"Comment conjugue-t-on le verbe ""écrire"" avec ""vous"" au passé composé ?";vous avez écrit;vous avez écrits;vous avez écri;vous avez écriit
35430;"Comment conjugue-t-on le verbe ""mettre"" avec ""elles"" au passé composé ?";elles ont mis;elles onts mis;elles on mis;elles oont mis
35431;"Comment conjugue-t-on le verbe ""réussir"" avec ""elles"" au passé composé ?";elles ont réussi;elles ont réussis;elles ont réuss;elles ont rééussi
35432;"Comment conjugue-t-on le verbe ""réussir"" avec ""il"" au passé composé ?";il a réussi;il as réussi;il aa réussi;il ae réussi
35433;"Comment conjugue-t-on le verbe ""parler"" avec ""elle"" au passé composé ?";elle a parlé;elle a parlés;elle a parl;elle a paarlé
35434;"Comment conjugue-t-on le verbe ""boire"" avec ""elle"" au passé composé ?";elle a bu;elle as bu;elle aa bu;elle ae bu
35435;"Comment conjugue-t-on le verbe ""manger"" avec ""je"" au passé composé ?";j'ai mangé;j'ai mangés;j'ai mang;j'ai maangé
35436;"Comment conjugue-t-on le verbe ""jouer"" avec ""elle"" au passé composé ?";elle a joué;elle as joué;elle aa joué;elle ae joué
35437;"Comment conjugue-t-on le verbe ""choisir"" avec ""tu"" au passé composé ?";tu as choisi;tu as choisis;tu as chois;tu as chooisi
35438;"Comment conjugue-t-on le verbe ""chanter"" avec ""nous"" au passé composé ?";nous avons chanté;nous avonst chanté;nous avon chanté;nous avoons chanté
35439;"Comment conjugue-t-on le verbe ""vivre"" avec ""je"" au passé composé ?";j'ai vécu;j'ai vécus;j'ai véc;j'ai véécu
35440;"Comment conjugue-t-on le verbe ""voir"" avec ""elle"" au passé composé ?";elle a vu;elle as vu;elle aa vu;elle ae vu
35441;"Comment conjugue-t-on le verbe ""lire"" avec ""je"" au passé composé ?";j'ai lu;j'ai lus;j'ai luu;j'ai lua
35442;"Comment conjugue-t-on le verbe ""vivre"" avec ""tu"" au passé composé ?";tu as vécu;tu ast vécu;tu aas vécu;tu aaa vécu
35443;"Comment conjugue-t-on le verbe ""lire"" avec ""nous"" au passé composé ?";nous avons lu;nous avons lus;nous avons luu;nous avons lua
35444;"Comment conjugue-t-on le verbe ""mettre"" avec ""nous"" au passé composé ?";nous avons mis;nous avonst mis;nous avon mis;nous avoons mis
35445;"Comment conjugue-t-on le verbe ""courir"" avec ""tu"" au passé composé ?";tu as couru;tu as courus;tu as cour;tu as coouru
35446;"Comment conjugue-t-on le verbe ""trouver"" avec ""je"" au passé composé ?";j'ai trouvé;j'ais trouvé;j'aii trouvé;j'aia trouvé
35447;"Comment conjugue-t-on le verbe ""boire"" avec ""il"" au passé composé ?";il a bu;il a bus;il a buu;il a bua
35448;"Comment conjugue-t-on le verbe ""mettre"" avec ""elle"" au passé composé ?";elle a mis;elle as mis;elle aa mis;elle ae mis
35449;"Comment conjugue-t-on le verbe ""courir"" avec ""nous"" au passé composé ?";nous avons couru;nous avons courus;nous avons cour;nous avons coouru
35450;"Comment conjugue-t-on le verbe ""suivre"" avec ""ils"" au passé composé ?";ils ont suivi;ils onts suivi;ils on suivi;ils oont suivi
35451;"Comment conjugue-t-on le verbe ""aimer"" avec ""vous"" au passé composé ?";vous avez aimé;vous avez aimés;vous avez aim;vous avez aiimé
35452;"Comment conjugue-t-on le verbe ""choisir"" avec ""vous"" au passé composé ?";vous avez choisi;vous avezs choisi;vous ave choisi;vous aveez choisi
35453;"Comment conjugue-t-on le verbe ""parler"" avec ""il"" au passé composé ?";il a parlé;il a parlés;il a parl;il a paarlé
35454;"Comment conjugue-t-on le verbe ""croire"" avec ""elle"" au passé composé ?";elle a cru;elle as cru;elle aa cru;elle ae cru
35455;"Comment conjugue-t-on le verbe ""lire"" avec ""il"" au passé composé ?";il a lu;il a lus;il a luu;il a lua
35456;"Comment conjugue-t-on le verbe ""perdre"" avec ""il"" au passé composé ?";il a perdu;il as perdu;il aa perdu;il ae perdu
35457;"Comment conjugue-t-on le verbe ""réussir"" avec ""vous"" au passé composé ?";vous avez réussi;vous avez réussis;vous avez réuss;vous avez rééussi
35458;"Comment conjugue-t-on le verbe ""voir"" avec ""je"" au présent ?";je vois;je voist;je voi;je voois
35459;"Comment conjugue-t-on le verbe ""pouvoir"" avec ""je"" au présent ?";je peux;je peuxs;je peu;je peeux
35460;"Comment conjugue-t-on le verbe ""prendre"" avec ""je"" au présent ?";je prends;je prendst;je prend;je preends
35461;"Comment conjugue-t-on le verbe ""vouloir"" avec ""tu"" au présent ?";tu veux;tu veuxs;tu veu;tu veeux
35462;"Comment conjugue-t-on le verbe ""prendre"" avec ""il"" à l'imparfait ?";il prenait;il prenaits;il prenai;il preenait
35463;"Comment conjugue-t-on le verbe ""mettre"" avec ""nous"" à l'imparfait ?";nous mettions;nous mettionst;nous mettion;nous meettions
35464;"Comment conjugue-t-on le verbe ""faire"" avec ""elles"" à l'imparfait ?";elles faisaient;elles faisaients;elles faisaien;elles faaisaient
35465;"Comment conjugue-t-on le verbe ""vivre"" avec ""je"" à l'imparfait ?";je vivais;je vivaist;je vivai;je viivais
35466;"Comment conjugue-t-on le verbe ""dire"" avec ""ils"" à l'imparfait ?";ils disaient;ils disaients;ils disaien;ils diisaient
35467;"Comment conjugue-t-on le verbe ""croire"" avec ""je"" à l'imparfait ?";je croyais;je croyaist;je croyai;je crooyais
35468;"Comment conjugue-t-on le verbe ""aller"" avec ""elles"" à l'imparfait ?";elles allaient;elles allaients;elles allaien;elles allaaient
35469;"Comment conjugue-t-on le verbe ""dire"" avec ""elles"" à l'imparfait ?";elles disaient;elles disaients;elles disaien;elles diisaient
35470;"Comment conjugue-t-on le verbe ""boire"" avec ""vous"" à l'imparfait ?";vous buviez;vous buviezs;vous buvie;vous buuviez
35471;"Comment conjugue-t-on le verbe ""boire"" avec ""elle"" à l'imparfait ?";elle buvait;elle buvaits;elle buvai;elle buuvait
35472;"Comment conjugue-t-on le verbe ""pouvoir"" avec ""ils"" à l'imparfait ?";ils pouvaient;ils pouvaients;ils pouvaien;ils poouvaient
35473;"Comment conjugue-t-on le verbe ""aller"" avec ""il"" à l'imparfait ?";il allait;il allaits;il allai;il allaait
35474;"Comment conjugue-t-on le verbe ""courir"" avec ""elles"" à l'imparfait ?";elles couraient;elles couraients;elles couraien;elles coouraient
35475;"Comment conjugue-t-on le verbe ""venir"" avec ""je"" à l'imparfait ?";je venais;je venaist;je venai;je veenais
35476;"Comment conjugue-t-on le verbe ""écrire"" avec ""elles"" à l'imparfait ?";elles écrivaient;elles écrivaients;elles écrivaien;elles écriivaient
35477;"Comment conjugue-t-on le verbe ""faire"" avec ""je"" à l'imparfait ?";je faisais;je faisaist;je faisai;je faaisais
35478;"Comment conjugue-t-on le verbe ""suivre"" avec ""ils"" à l'imparfait ?";ils suivaient;ils suivaients;ils suivaien;ils suuivaient
35479;"Comment conjugue-t-on le verbe ""avoir"" avec ""elle"" à l'imparfait ?";elle avait;elle avaits;elle avai;elle avaait
35480;"Comment conjugue-t-on le verbe ""connaître"" avec ""je"" à l'imparfait ?";je connaissais;je connaissaist;je connaissai;je coonnaissais
35481;"Comment conjugue-t-on le verbe ""venir"" avec ""nous"" à l'imparfait ?";nous venions;nous venionst;nous venion;nous veenions
35482;"Comment conjugue-t-on le verbe ""être"" avec ""nous"" à l'imparfait ?";nous étions;nous étionst;nous étion;nous étiions
35483;"Comment conjugue-t-on le verbe ""venir"" avec ""elle"" à l'imparfait ?";elle venait;elle venaits;elle venai;elle veenait
35484;"Comment conjugue-t-on le verbe ""vouloir"" avec ""elles"" à l'imparfait ?";elles voulaient;elles voulaients;elles voulaien;elles vooulaient
35485;"Comment conjugue-t-on le verbe ""connaître"" avec ""ils"" à l'imparfait ?";ils connaissaient;ils connaissaients;ils connaissaien;ils coonnaissaient
35486;"Comment conjugue-t-on le verbe ""prendre"" avec ""vous"" à l'imparfait ?";vous preniez;vous preniezs;vous prenie;vous preeniez
35487;"Comment conjugue-t-on le verbe ""vivre"" avec ""nous"" à l'imparfait ?";nous vivions;nous vivionst;nous vivion;nous viivions
35488;"Comment conjugue-t-on le verbe ""suivre"" avec ""vous"" à l'imparfait ?";vous suiviez;vous suiviezs;vous suivie;vous suuiviez
35489;"Comment conjugue-t-on le verbe ""pouvoir"" avec ""vous"" à l'imparfait ?";vous pouviez;vous pouviezs;vous pouvie;vous poouviez
35490;"Comment conjugue-t-on le verbe ""croire"" avec ""elles"" à l'imparfait ?";elles croyaient;elles croyaients;elles croyaien;elles crooyaient
35491;"Comment conjugue-t-on le verbe ""savoir"" avec ""je"" à l'imparfait ?";je savais;je savaist;je savai;je saavais
35492;"Comment conjugue-t-on le verbe ""prendre"" avec ""elle"" à l'imparfait ?";elle prenait;elle prenaits;elle prenai;elle preenait
35493;"Comment conjugue-t-on le verbe ""boire"" avec ""nous"" à l'imparfait ?";nous buvions;nous buvionst;nous buvion;nous buuvions
35494;"Comment conjugue-t-on le verbe ""savoir"" avec ""nous"" à l'imparfait ?";nous savions;nous savionst;nous savion;nous saavions
35495;"Comment conjugue-t-on le verbe ""écrire"" avec ""tu"" à l'imparfait ?";tu écrivais;tu écrivaist;tu écrivai;tu écriivais
35496;"Comment conjugue-t-on le verbe ""voir"" avec ""elle"" à l'imparfait ?";elle voyait;elle voyaits;elle voyai;elle vooyait
35497;"Comment conjugue-t-on le verbe ""boire"" avec ""tu"" à l'imparfait ?";tu buvais;tu buvaist;tu buvai;tu buuvais
35498;"Comment conjugue-t-on le verbe ""être"" avec ""je"" à l'imparfait ?";j'étais;j'étaist;j'étai;j'étaais
35499;"Comment conjugue-t-on le verbe ""vivre"" avec ""vous"" à l'imparfait ?";vous viviez;vous viviezs;vous vivie;vous viiviez
35500;"Comment conjugue-t-on le verbe ""venir"" avec ""vous"" à l'imparfait ?";vous veniez;vous veniezs;vous venie;vous veeniez
35501;"Comment conjugue-t-on le verbe ""prendre"" avec ""nous"" à l'imparfait ?";nous prenions;nous prenionst;nous prenion;nous preenions
35502;"Comment conjugue-t-on le verbe ""écrire"" avec ""elle"" à l'imparfait ?";elle écrivait;elle écrivaits;elle écrivai;elle écriivait
35503;"Comment conjugue-t-on le verbe ""avoir"" avec ""vous"" à l'imparfait ?";vous aviez;vous aviezs;vous avie;vous aviiez
35504;"Comment conjugue-t-on le verbe ""voir"" avec ""il"" à l'imparfait ?";il voyait;il voyaits;il voyai;il vooyait
35505;"Comment conjugue-t-on le verbe ""voir"" avec ""tu"" à l'imparfait ?";tu voyais;tu voyaist;tu voyai;tu vooyais
35506;"Comment conjugue-t-on le verbe ""courir"" avec ""elle"" à l'imparfait ?";elle courait;elle couraits;elle courai;elle coourait
35507;"Comment conjugue-t-on le verbe ""être"" avec ""elle"" à l'imparfait ?";elle était;elle étaits;elle étai;elle étaait
35508;"Comment conjugue-t-on le verbe ""mettre"" avec ""vous"" à l'imparfait ?";vous mettiez;vous mettiezs;vous mettie;vous meettiez
35509;"Comment conjugue-t-on le verbe ""être"" avec ""ils"" à l'imparfait ?";ils étaient;ils étaients;ils étaien;ils étaaient
35510;"Comment conjugue-t-on le verbe ""lire"" avec ""je"" à l'imparfait ?";je lisais;je lisaist;je lisai;je liisais
35511;"Comment conjugue-t-on le verbe ""suivre"" avec ""elles"" à l'imparfait ?";elles suivaient;elles suivaients;elles suivaien;elles suuivaient
35512;"Comment conjugue-t-on le verbe ""mettre"" avec ""ils"" à l'imparfait ?";ils mettaient;ils mettaients;ils mettaien;ils meettaient
35513;"Comment conjugue-t-on le verbe ""dire"" avec ""il"" à l'imparfait ?";il disait;il disaits;il disai;il diisait
35514;"Comment conjugue-t-on le verbe ""brûler"" avec ""elles"" à l'imparfait ?";elles brûlaient;elles brûlaients;elles brûlaien;elles brûûlaient
35515;"Comment conjugue-t-on le verbe ""ricaner"" avec ""ils"" à l'imparfait ?";ils ricanaient;ils ricanaients;ils ricanaien;ils riicanaient
35516;"Comment conjugue-t-on le verbe ""enregistrer"" avec ""ils"" à l'imparfait ?";ils enregistraient;ils enregistraients;ils enregistraien;ils enreegistraient
35517;"Comment conjugue-t-on le verbe ""chercher"" avec ""elle"" à l'imparfait ?";elle cherchait;elle cherchaits;elle cherchai;elle cheerchait
35518;"Comment conjugue-t-on le verbe ""brancher"" avec ""tu"" à l'imparfait ?";tu branchais;tu branchaist;tu branchai;tu braanchais
35519;"Comment conjugue-t-on le verbe ""calculer"" avec ""elle"" à l'imparfait ?";elle calculait;elle calculaits;elle calculai;elle caalculait
35520;"Comment conjugue-t-on le verbe ""balayer"" avec ""ils"" à l'imparfait ?";ils balayaient;ils balayaients;ils balayaien;ils baalayaient
35521;"Comment conjugue-t-on le verbe ""surveiller"" avec ""elle"" à l'imparfait ?";elle surveillait;elle surveillaits;elle surveillai;elle suurveillait
35522;"Comment conjugue-t-on le verbe ""copier"" avec ""nous"" à l'imparfait ?";nous copiions;nous copiionst;nous copiion;nous coopiions
35523;"Comment conjugue-t-on le verbe ""décharger"" avec ""ils"" à l'imparfait ?";ils déchargeaient;ils déchargeaients;ils déchargeaien;ils dééchargeaient
35524;"Comment conjugue-t-on le verbe ""oublier"" avec ""il"" à l'imparfait ?";il oubliait;il oubliaits;il oubliai;il ouubliait
35525;"Comment conjugue-t-on le verbe ""cracher"" avec ""il"" à l'imparfait ?";il crachait;il crachaits;il crachai;il craachait
35526;"Comment conjugue-t-on le verbe ""aider"" avec ""nous"" à l'imparfait ?";nous aidions;nous aidionst;nous aidion;nous aiidions
35527;"Comment conjugue-t-on le verbe ""dîner"" avec ""nous"" à l'imparfait ?";nous dînions;nous dînionst;nous dînion;nous dîînions
35528;"Comment conjugue-t-on le verbe ""juger"" avec ""ils"" à l'imparfait ?";ils jugeaient;ils jugeaients;ils jugeaien;ils juugeaient
35529;"Comment conjugue-t-on le verbe ""échapper"" avec ""tu"" à l'imparfait ?";tu échappais;tu échappaist;tu échappai;tu échaappais
35530;"Comment conjugue-t-on le verbe ""chuchoter"" avec ""ils"" à l'imparfait ?";ils chuchotaient;ils chuchotaients;ils chuchotaien;ils chuuchotaient
35531;"Comment conjugue-t-on le verbe ""téléphoner"" avec ""ils"" à l'imparfait ?";ils téléphonaient;ils téléphonaients;ils téléphonaien;ils tééléphonaient
35532;"Comment conjugue-t-on le verbe ""détester"" avec ""nous"" à l'imparfait ?";nous détestions;nous détestionst;nous détestion;nous déétestions
35533;"Comment conjugue-t-on le verbe ""hurler"" avec ""elles"" à l'imparfait ?";elles hurlaient;elles hurlaients;elles hurlaien;elles huurlaient
35534;"Comment conjugue-t-on le verbe ""embrasser"" avec ""elle"" à l'imparfait ?";elle embrassait;elle embrassaits;elle embrassai;elle embraassait
35535;"Comment conjugue-t-on le verbe ""ramper"" avec ""elles"" à l'imparfait ?";elles rampaient;elles rampaients;elles rampaien;elles raampaient
35536;"Comment conjugue-t-on le verbe ""programmer"" avec ""nous"" à l'imparfait ?";nous programmions;nous programmionst;nous programmion;nous proogrammions
35537;"Comment conjugue-t-on le verbe ""calmer"" avec ""tu"" à l'imparfait ?";tu calmais;tu calmaist;tu calmai;tu caalmais
35538;"Comment conjugue-t-on le verbe ""brosser"" avec ""ils"" à l'imparfait ?";ils brossaient;ils brossaients;ils brossaien;ils broossaient
35539;"Comment conjugue-t-on le verbe ""occuper"" avec ""tu"" à l'imparfait ?";tu occupais;tu occupaist;tu occupai;tu occuupais
35540;"Comment conjugue-t-on le verbe ""calmer"" avec ""vous"" à l'imparfait ?";vous calmiez;vous calmiezs;vous calmie;vous caalmiez
35541;"Comment conjugue-t-on le verbe ""voler"" avec ""ils"" à l'imparfait ?";ils volaient;ils volaients;ils volaien;ils voolaient
35542;"Comment conjugue-t-on le verbe ""épingler"" avec ""elles"" à l'imparfait ?";elles épinglaient;elles épinglaients;elles épinglaien;elles épiinglaient
35543;"Comment conjugue-t-on le verbe ""installer"" avec ""elle"" à l'imparfait ?";elle installait;elle installaits;elle installai;elle instaallait
35544;"Comment conjugue-t-on le verbe ""chercher"" avec ""vous"" à l'imparfait ?";vous cherchiez;vous cherchiezs;vous cherchie;vous cheerchiez
35545;"Comment conjugue-t-on le verbe ""balayer"" avec ""vous"" à l'imparfait ?";vous balayiez;vous balayiezs;vous balayie;vous baalayiez
35546;"Comment conjugue-t-on le verbe ""rassembler"" avec ""ils"" à l'imparfait ?";ils rassemblaient;ils rassemblaients;ils rassemblaien;ils raassemblaient
35547;"Comment conjugue-t-on le verbe ""déjeuner"" avec ""elle"" à l'imparfait ?";elle déjeunait;elle déjeunaits;elle déjeunai;elle dééjeunait
35548;"Comment conjugue-t-on le verbe ""épingler"" avec ""je"" à l'imparfait ?";j'épinglais;j'épinglaist;j'épinglai;j'épiinglais
35549;"Comment conjugue-t-on le verbe ""enfermer"" avec ""elle"" à l'imparfait ?";elle enfermait;elle enfermaits;elle enfermai;elle enfeermait
35550;"Comment conjugue-t-on le verbe ""longer"" avec ""je"" à l'imparfait ?";je longeais;je longeaist;je longeai;je loongeais
35551;"Comment conjugue-t-on le verbe ""détester"" avec ""elle"" à l'imparfait ?";elle détestait;elle détestaits;elle détestai;elle déétestait
35552;"Comment conjugue-t-on le verbe ""brosser"" avec ""elle"" à l'imparfait ?";elle brossait;elle brossaits;elle brossai;elle broossait
35553;"Comment conjugue-t-on le verbe ""claquer"" avec ""elle"" à l'imparfait ?";elle claquait;elle claquaits;elle claquai;elle claaquait
35554;"Comment conjugue-t-on le verbe ""déranger"" avec ""il"" à l'imparfait ?";il dérangeait;il dérangeaits;il dérangeai;il déérangeait
35555;"Comment conjugue-t-on le verbe ""rattraper"" avec ""il"" à l'imparfait ?";il rattrapait;il rattrapaits;il rattrapai;il raattrapait
35556;"Comment conjugue-t-on le verbe ""prêter"" avec ""vous"" à l'imparfait ?";vous prêtiez;vous prêtiezs;vous prêtie;vous prêêtiez
35557;"Comment conjugue-t-on le verbe ""programmer"" avec ""vous"" à l'imparfait ?";vous programmiez;vous programmiezs;vous programmie;vous proogrammiez
35558;"Comment conjugue-t-on le verbe ""piocher"" avec ""nous"" à l'imparfait ?";nous piochions;nous piochionst;nous piochion;nous piiochions
35559;"Comment conjugue-t-on le verbe ""plonger"" avec ""elle"" à l'imparfait ?";elle plongeait;elle plongeaits;elle plongeai;elle ploongeait
35560;"Comment conjugue-t-on le verbe ""oublier"" avec ""tu"" à l'imparfait ?";tu oubliais;tu oubliaist;tu oubliai;tu ouubliais
35561;"Comment conjugue-t-on le verbe ""hurler"" avec ""il"" à l'imparfait ?";il hurlait;il hurlaits;il hurlai;il huurlait
35562;"Comment conjugue-t-on le verbe ""essuyer"" avec ""ils"" à l'imparfait ?";ils essuyaient;ils essuyaients;ils essuyaien;ils essuuyaient
35563;"Comment conjugue-t-on le verbe ""remercier"" avec ""tu"" à l'imparfait ?";tu remerciais;tu remerciaist;tu remerciai;tu reemerciais
35564;"Comment conjugue-t-on le verbe ""plonger"" avec ""je"" à l'imparfait ?";je plongeais;je plongeaist;je plongeai;je ploongeais
35565;"Comment conjugue-t-on le verbe ""nettoyer"" avec ""elle"" à l'imparfait ?";elle nettoyait;elle nettoyaits;elle nettoyai;elle neettoyait
35566;"Comment conjugue-t-on le verbe ""enfermer"" avec ""tu"" à l'imparfait ?";tu enfermais;tu enfermaist;tu enfermai;tu enfeermais
35567;"Comment conjugue-t-on le verbe ""claquer"" avec ""elles"" à l'imparfait ?";elles claquaient;elles claquaients;elles claquaien;elles claaquaient
35568;"Comment conjugue-t-on le verbe ""cracher"" avec ""ils"" à l'imparfait ?";ils crachaient;ils crachaients;ils crachaien;ils craachaient
35569;"Comment conjugue-t-on le verbe ""longer"" avec ""tu"" à l'imparfait ?";tu longeais;tu longeaist;tu longeai;tu loongeais
35570;"Comment conjugue-t-on le verbe ""échapper"" avec ""ils"" à l'imparfait ?";ils échappaient;ils échappaients;ils échappaien;ils échaappaient
35571;"Comment conjugue-t-on le verbe ""ricaner"" avec ""elle"" à l'imparfait ?";elle ricanait;elle ricanaits;elle ricanai;elle riicanait
35572;"Comment conjugue-t-on le verbe ""détester"" avec ""vous"" à l'imparfait ?";vous détestiez;vous détestiezs;vous détestie;vous déétestiez
35573;"Comment conjugue-t-on le verbe ""déjeuner"" avec ""elles"" à l'imparfait ?";elles déjeunaient;elles déjeunaients;elles déjeunaien;elles dééjeunaient
35574;"Comment conjugue-t-on le verbe ""piocher"" avec ""ils"" à l'imparfait ?";ils piochaient;ils piochaients;ils piochaien;ils piiochaient
35575;"Comment conjugue-t-on le verbe ""griffonner"" avec ""ils"" à l'imparfait ?";ils griffonnaient;ils griffonnaients;ils griffonnaien;ils griiffonnaient
35576;"Comment conjugue-t-on le verbe ""danser"" avec ""tu"" à l'imparfait ?";tu dansais;tu dansaist;tu dansai;tu daansais
35577;"Comment conjugue-t-on le verbe ""guider"" avec ""tu"" à l'imparfait ?";tu guidais;tu guidaist;tu guidai;tu guuidais
35578;"Comment conjugue-t-on le verbe ""griffonner"" avec ""il"" à l'imparfait ?";il griffonnait;il griffonnaits;il griffonnai;il griiffonnait
35579;"Comment conjugue-t-on le verbe ""copier"" avec ""elles"" à l'imparfait ?";elles copiaient;elles copiaients;elles copiaien;elles coopiaient
35580;"Comment conjugue-t-on le verbe ""surveiller"" avec ""ils"" à l'imparfait ?";ils surveillaient;ils surveillaients;ils surveillaien;ils suurveillaient
35581;"Comment conjugue-t-on le verbe ""plier"" avec ""il"" à l'imparfait ?";il pliait;il pliaits;il pliai;il pliiait
35582;"Comment conjugue-t-on le verbe ""annoncer"" avec ""il"" à l'imparfait ?";il annonçait;il annonçaits;il annonçai;il annoonçait
35583;"Comment conjugue-t-on le verbe ""attacher"" avec ""nous"" à l'imparfait ?";nous attachions;nous attachionst;nous attachion;nous attaachions
35584;"Comment conjugue-t-on le verbe ""remuer"" avec ""elles"" à l'imparfait ?";elles remuaient;elles remuaients;elles remuaien;elles reemuaient
35585;"Comment conjugue-t-on le verbe ""cuisiner"" avec ""tu"" à l'imparfait ?";tu cuisinais;tu cuisinaist;tu cuisinai;tu cuuisinais
35586;"Comment conjugue-t-on le verbe ""compter"" avec ""je"" à l'imparfait ?";je comptais;je comptaist;je comptai;je coomptais
35587;"Comment conjugue-t-on le verbe ""essuyer"" avec ""tu"" à l'imparfait ?";tu essuyais;tu essuyaist;tu essuyai;tu essuuyais
35588;"Comment conjugue-t-on le verbe ""remercier"" avec ""elles"" à l'imparfait ?";elles remerciaient;elles remerciaients;elles remerciaien;elles reemerciaient
35589;"Comment conjugue-t-on le verbe ""vider"" avec ""elle"" à l'imparfait ?";elle vidait;elle vidaits;elle vidai;elle viidait
35590;"Comment conjugue-t-on le verbe ""prêter"" avec ""nous"" à l'imparfait ?";nous prêtions;nous prêtionst;nous prêtion;nous prêêtions
35591;"Comment conjugue-t-on le verbe ""nettoyer"" avec ""vous"" à l'imparfait ?";vous nettoyiez;vous nettoyiezs;vous nettoyie;vous neettoyiez
35592;"Comment conjugue-t-on le verbe ""bâtir"" avec ""ils"" à l'imparfait ?";ils bâtissaient;ils bâtissaients;ils bâtissaien;ils bââtissaient
35593;"Comment conjugue-t-on le verbe ""agir"" avec ""elles"" à l'imparfait ?";elles agissaient;elles agissaients;elles agissaien;elles agiissaient
35594;"Comment conjugue-t-on le verbe ""rougir"" avec ""elle"" à l'imparfait ?";elle rougissait;elle rougissaits;elle rougissai;elle roougissait
35595;"Comment conjugue-t-on le verbe ""obéir"" avec ""il"" à l'imparfait ?";il obéissait;il obéissaits;il obéissai;il obééissait
35596;"Comment conjugue-t-on le verbe ""punir"" avec ""ils"" à l'imparfait ?";ils punissaient;ils punissaients;ils punissaien;ils puunissaient
35597;"Comment conjugue-t-on le verbe ""punir"" avec ""elle"" à l'imparfait ?";elle punissait;elle punissaits;elle punissai;elle puunissait
35598;"Comment conjugue-t-on le verbe ""remplir"" avec ""ils"" à l'imparfait ?";ils remplissaient;ils remplissaients;ils remplissaien;ils reemplissaient
35599;"Comment conjugue-t-on le verbe ""vieillir"" avec ""je"" à l'imparfait ?";je vieillissais;je vieillissaist;je vieillissai;je viieillissais
35600;"Comment conjugue-t-on le verbe ""punir"" avec ""vous"" à l'imparfait ?";vous punissiez;vous punissiezs;vous punissie;vous puunissiez
35601;"Comment conjugue-t-on le verbe ""réfléchir"" avec ""elle"" à l'imparfait ?";elle réfléchissait;elle réfléchissaits;elle réfléchissai;elle rééfléchissait
35602;"Comment conjugue-t-on le verbe ""réussir"" avec ""elle"" à l'imparfait ?";elle réussissait;elle réussissaits;elle réussissai;elle rééussissait
35603;"Comment conjugue-t-on le verbe ""vieillir"" avec ""ils"" à l'imparfait ?";ils vieillissaient;ils vieillissaients;ils vieillissaien;ils viieillissaient
35604;"Comment conjugue-t-on le verbe ""nourrir"" avec ""je"" à l'imparfait ?";je nourrissais;je nourrissaist;je nourrissai;je noourrissais
35605;"Comment conjugue-t-on le verbe ""salir"" avec ""vous"" à l'imparfait ?";vous salissiez;vous salissiezs;vous salissie;vous saalissiez
35606;"Comment conjugue-t-on le verbe ""bâtir"" avec ""tu"" à l'imparfait ?";tu bâtissais;tu bâtissaist;tu bâtissai;tu bââtissais
35607;"Comment conjugue-t-on le verbe ""réfléchir"" avec ""je"" à l'imparfait ?";je réfléchissais;je réfléchissaist;je réfléchissai;je rééfléchissais
35608;"Comment conjugue-t-on le verbe ""rougir"" avec ""nous"" à l'imparfait ?";nous rougissions;nous rougissionst;nous rougission;nous roougissions
35609;"Comment conjugue-t-on le verbe ""obéir"" avec ""vous"" à l'imparfait ?";vous obéissiez;vous obéissiezs;vous obéissie;vous obééissiez
35610;"Comment conjugue-t-on le verbe ""rougir"" avec ""vous"" à l'imparfait ?";vous rougissiez;vous rougissiezs;vous rougissie;vous roougissiez
35611;"Comment conjugue-t-on le verbe ""obéir"" avec ""je"" à l'imparfait ?";j'obéissais;j'obéissaist;j'obéissai;j'obééissais
35612;"Comment conjugue-t-on le verbe ""rougir"" avec ""je"" à l'imparfait ?";je rougissais;je rougissaist;je rougissai;je roougissais
35613;"Comment conjugue-t-on le verbe ""nourrir"" avec ""ils"" à l'imparfait ?";ils nourrissaient;ils nourrissaients;ils nourrissaien;ils noourrissaient
35614;"Comment conjugue-t-on le verbe ""nourrir"" avec ""elles"" à l'imparfait ?";elles nourrissaient;elles nourrissaients;elles nourrissaien;elles noourrissaient
35615;"Comment conjugue-t-on le verbe ""pâlir"" avec ""je"" à l'imparfait ?";je pâlissais;je pâlissaist;je pâlissai;je pââlissais
35616;"Comment conjugue-t-on le verbe ""fleurir"" avec ""nous"" à l'imparfait ?";nous fleurissions;nous fleurissionst;nous fleurission;nous fleeurissions
35617;"Comment conjugue-t-on le verbe ""bâtir"" avec ""vous"" à l'imparfait ?";vous bâtissiez;vous bâtissiezs;vous bâtissie;vous bââtissiez
35618;"Comment conjugue-t-on le verbe ""salir"" avec ""ils"" à l'imparfait ?";ils salissaient;ils salissaients;ils salissaien;ils saalissaient
35619;"Comment conjugue-t-on le verbe ""vieillir"" avec ""il"" à l'imparfait ?";il vieillissait;il vieillissaits;il vieillissai;il viieillissait
35620;"Comment conjugue-t-on le verbe ""finir"" avec ""je"" à l'imparfait ?";je finissais;je finissaist;je finissai;je fiinissais
35621;"Comment conjugue-t-on le verbe ""réussir"" avec ""il"" à l'imparfait ?";il réussissait;il réussissaits;il réussissai;il rééussissait
35622;"Comment conjugue-t-on le verbe ""courir"" avec ""elles"" au futur simple ?";elles courront;elles courronts;elles courron;elles coourront
35623;"Comment conjugue-t-on le verbe ""courir"" avec ""je"" au futur simple ?";je courrai;je courrais;je courra;je coourrai
35624;"Comment conjugue-t-on le verbe ""courir"" avec ""tu"" au futur simple ?";tu courras;tu courrast;tu courra;tu coourras
35625;"Comment conjugue-t-on le verbe ""courir"" avec ""nous"" au futur simple ?";nous courrons;nous courronst;nous courron;nous coourrons
35626;"Comment conjugue-t-on le verbe ""pouvoir"" avec ""elles"" au futur simple ?";elles pourront;elles pourronts;elles pourron;elles poourront
35627;"Comment conjugue-t-on le verbe ""courir"" avec ""ils"" au futur simple ?";ils courront;ils courronts;ils courron;ils coourront
35628;"Comment conjugue-t-on le verbe ""courir"" avec ""vous"" au futur simple ?";vous courrez;vous courrezs;vous courre;vous coourrez
35629;"Comment conjugue-t-on le verbe ""mourir"" avec ""elle"" au futur simple ?";elle mourra;elle mourras;elle mourr;elle moourra
35630;"Comment conjugue-t-on le verbe ""courir"" avec ""elle"" au futur simple ?";elle courra;elle courras;elle courr;elle coourra
35631;"Comment conjugue-t-on le verbe ""courir"" avec ""il"" au futur simple ?";il courra;il courras;il courr;il coourra
35632;"Comment conjugue-t-on le verbe ""mourir"" avec ""ils"" au futur simple ?";ils mourront;ils mourronts;ils mourron;ils moourront
35633;"Comment conjugue-t-on le verbe ""attendre"" avec ""vous"" au futur simple ?";vous attendrez;vous attendrezs;vous attendre;vous atteendrez
35634;"Comment conjugue-t-on le verbe ""mourir"" avec ""je"" au futur simple ?";je mourrai;je mourrais;je mourra;je moourrai
35635;"Comment conjugue-t-on le verbe ""attendre"" avec ""elle"" au futur simple ?";elle attendra;elle attendras;elle attendr;elle atteendra
35636;"Comment conjugue-t-on le verbe ""vendre"" avec ""vous"" au futur simple ?";vous vendrez;vous vendrezs;vous vendre;vous veendrez
35637;"Comment conjugue-t-on le verbe ""venir"" avec ""je"" au futur simple ?";je viendrai;je viendrais;je viendra;je viiendrai
35638;"Comment conjugue-t-on le verbe ""mourir"" avec ""tu"" au futur simple ?";tu mourras;tu mourrast;tu mourra;tu moourras
35639;"Comment conjugue-t-on le verbe ""mourir"" avec ""nous"" au futur simple ?";nous mourrons;nous mourronst;nous mourron;nous moourrons
35640;"Comment conjugue-t-on le verbe ""mourir"" avec ""il"" au futur simple ?";il mourra;il mourras;il mourr;il moourra
35641;"Comment conjugue-t-on le verbe ""vendre"" avec ""nous"" au futur simple ?";nous vendrons;nous vendronst;nous vendron;nous veendrons
35642;"Comment conjugue-t-on le verbe ""mourir"" avec ""elles"" au futur simple ?";elles mourront;elles mourronts;elles mourron;elles moourront
35643;"Comment conjugue-t-on le verbe ""pouvoir"" avec ""vous"" au futur simple ?";vous pourrez;vous pourrezs;vous pourre;vous poourrez
35644;"Comment conjugue-t-on le verbe ""mourir"" avec ""vous"" au futur simple ?";vous mourrez;vous mourrezs;vous mourre;vous moourrez
35645;"Comment conjugue-t-on le verbe ""peigner"" avec ""tu"" au futur simple ?";tu peigneras;tu peignerast;tu peignera;tu peeigneras
35646;"Comment conjugue-t-on le verbe ""sculpter"" avec ""tu"" au futur simple ?";tu sculpteras;tu sculpterast;tu sculptera;tu scuulpteras
35647;"Comment conjugue-t-on le verbe ""sculpter"" avec ""elle"" au futur simple ?";elle sculptera;elle sculpteras;elle sculpter;elle scuulptera
35648;"Comment conjugue-t-on le verbe ""calmer"" avec ""tu"" au futur simple ?";tu calmeras;tu calmerast;tu calmera;tu caalmeras
35649;"Comment conjugue-t-on le verbe ""juger"" avec ""nous"" au futur simple ?";nous jugerons;nous jugeronst;nous jugeron;nous juugerons
35650;"Comment conjugue-t-on le verbe ""signaler"" avec ""tu"" au futur simple ?";tu signaleras;tu signalerast;tu signalera;tu siignaleras
35651;"Comment conjugue-t-on le verbe ""juger"" avec ""il"" au futur simple ?";il jugera;il jugeras;il juger;il juugera
35652;"Comment conjugue-t-on le verbe ""cacher"" avec ""elle"" au futur simple ?";elle cachera;elle cacheras;elle cacher;elle caachera
35653;"Comment conjugue-t-on le verbe ""griffonner"" avec ""elles"" au futur simple ?";elles griffonneront;elles griffonneronts;elles griffonneron;elles griiffonneront
35654;"Comment conjugue-t-on le verbe ""plier"" avec ""tu"" au futur simple ?";tu plieras;tu plierast;tu pliera;tu pliieras
35655;"Comment conjugue-t-on le verbe ""téléphoner"" avec ""tu"" au futur simple ?";tu téléphoneras;tu téléphonerast;tu téléphonera;tu tééléphoneras
35656;"Comment conjugue-t-on le verbe ""souhaiter"" avec ""elle"" au futur simple ?";elle souhaitera;elle souhaiteras;elle souhaiter;elle soouhaitera
35657;"Comment conjugue-t-on le verbe ""aider"" avec ""vous"" au futur simple ?";vous aiderez;vous aiderezs;vous aidere;vous aiiderez
35658;"Comment conjugue-t-on le verbe ""prêter"" avec ""elles"" au futur simple ?";elles prêteront;elles prêteronts;elles prêteron;elles prêêteront
35659;"Comment conjugue-t-on le verbe ""emballer"" avec ""il"" au futur simple ?";il emballera;il emballeras;il emballer;il embaallera
35660;"Comment conjugue-t-on le verbe ""déplacer"" avec ""ils"" au futur simple ?";ils déplaceront;ils déplaceronts;ils déplaceron;ils dééplaceront
35661;"Comment conjugue-t-on le verbe ""essuyer"" avec ""je"" au futur simple ?";j'essuyerai;j'essuyerais;j'essuyera;j'essuuyerai
35662;"Comment conjugue-t-on le verbe ""plier"" avec ""il"" au futur simple ?";il pliera;il plieras;il plier;il pliiera
35663;"Comment conjugue-t-on le verbe ""cracher"" avec ""je"" au futur simple ?";je cracherai;je cracherais;je crachera;je craacherai
35664;"Comment conjugue-t-on le verbe ""détester"" avec ""nous"" au futur simple ?";nous détesterons;nous détesteronst;nous détesteron;nous déétesterons
35665;"Comment conjugue-t-on le verbe ""téléphoner"" avec ""elle"" au futur simple ?";elle téléphonera;elle téléphoneras;elle téléphoner;elle tééléphonera
35666;"Comment conjugue-t-on le verbe ""vider"" avec ""ils"" au futur simple ?";ils videront;ils videronts;ils videron;ils viideront
35667;"Comment conjugue-t-on le verbe ""ricaner"" avec ""vous"" au futur simple ?";vous ricanerez;vous ricanerezs;vous ricanere;vous riicanerez
35668;"Comment conjugue-t-on le verbe ""surveiller"" avec ""nous"" au futur simple ?";nous surveillerons;nous surveilleronst;nous surveilleron;nous suurveillerons
35669;"Comment conjugue-t-on le verbe ""détester"" avec ""je"" au futur simple ?";je détesterai;je détesterais;je détestera;je déétesterai
35670;"Comment conjugue-t-on le verbe ""danser"" avec ""elles"" au futur simple ?";elles danseront;elles danseronts;elles danseron;elles daanseront
35671;"Comment conjugue-t-on le verbe ""lancer"" avec ""il"" au futur simple ?";il lancera;il lanceras;il lancer;il laancera
35672;"Comment conjugue-t-on le verbe ""coller"" avec ""il"" au futur simple ?";il collera;il colleras;il coller;il coollera
35673;"Comment conjugue-t-on le verbe ""ricaner"" avec ""ils"" au futur simple ?";ils ricaneront;ils ricaneronts;ils ricaneron;ils riicaneront
35674;"Comment conjugue-t-on le verbe ""mélanger"" avec ""vous"" au futur simple ?";vous mélangerez;vous mélangerezs;vous mélangere;vous méélangerez
35675;"Comment conjugue-t-on le verbe ""installer"" avec ""vous"" au futur simple ?";vous installerez;vous installerezs;vous installere;vous instaallerez
35676;"Comment conjugue-t-on le verbe ""marcher"" avec ""tu"" au futur simple ?";tu marcheras;tu marcherast;tu marchera;tu maarcheras
35677;"Comment conjugue-t-on le verbe ""arrêter"" avec ""nous"" au futur simple ?";nous arrêterons;nous arrêteronst;nous arrêteron;nous arrêêterons
35678;"Comment conjugue-t-on le verbe ""inviter"" avec ""je"" au futur simple ?";j'inviterai;j'inviterais;j'invitera;j'inviiterai
35679;"Comment conjugue-t-on le verbe ""peigner"" avec ""vous"" au futur simple ?";vous peignerez;vous peignerezs;vous peignere;vous peeignerez
35680;"Comment conjugue-t-on le verbe ""déplacer"" avec ""elles"" au futur simple ?";elles déplaceront;elles déplaceronts;elles déplaceron;elles dééplaceront
35681;"Comment conjugue-t-on le verbe ""griffonner"" avec ""il"" au futur simple ?";il griffonnera;il griffonneras;il griffonner;il griiffonnera
35682;"Comment conjugue-t-on le verbe ""arriver"" avec ""vous"" au futur simple ?";vous arriverez;vous arriverezs;vous arrivere;vous arriiverez
35683;"Comment conjugue-t-on le verbe ""guider"" avec ""elle"" au futur simple ?";elle guidera;elle guideras;elle guider;elle guuidera
35684;"Comment conjugue-t-on le verbe ""copier"" avec ""il"" au futur simple ?";il copiera;il copieras;il copier;il coopiera
35685;"Comment conjugue-t-on le verbe ""vider"" avec ""je"" au futur simple ?";je viderai;je viderais;je videra;je viiderai
35686;"Comment conjugue-t-on le verbe ""hurler"" avec ""je"" au futur simple ?";j'hurlerai;j'hurlerais;j'hurlera;j'huurlerai
35687;"Comment conjugue-t-on le verbe ""brûler"" avec ""vous"" au futur simple ?";vous brûlerez;vous brûlerezs;vous brûlere;vous brûûlerez
35688;"Comment conjugue-t-on le verbe ""méfier"" avec ""je"" au futur simple ?";je méfierai;je méfierais;je méfiera;je mééfierai
35689;"Comment conjugue-t-on le verbe ""guider"" avec ""tu"" au futur simple ?";tu guideras;tu guiderast;tu guidera;tu guuideras
35690;"Comment conjugue-t-on le verbe ""enregistrer"" avec ""elles"" au futur simple ?";elles enregistreront;elles enregistreronts;elles enregistreron;elles enreegistreront
35691;"Comment conjugue-t-on le verbe ""copier"" avec ""tu"" au futur simple ?";tu copieras;tu copierast;tu copiera;tu coopieras
35692;"Comment conjugue-t-on le verbe ""essayer"" avec ""elle"" au futur simple ?";elle essayera;elle essayeras;elle essayer;elle essaayera
35693;"Comment conjugue-t-on le verbe ""décharger"" avec ""vous"" au futur simple ?";vous déchargerez;vous déchargerezs;vous déchargere;vous dééchargerez
35694;"Comment conjugue-t-on le verbe ""programmer"" avec ""tu"" au futur simple ?";tu programmeras;tu programmerast;tu programmera;tu proogrammeras
35695;"Comment conjugue-t-on le verbe ""cuisiner"" avec ""je"" au futur simple ?";je cuisinerai;je cuisinerais;je cuisinera;je cuuisinerai
35696;"Comment conjugue-t-on le verbe ""plonger"" avec ""tu"" au futur simple ?";tu plongeras;tu plongerast;tu plongera;tu ploongeras
35697;"Comment conjugue-t-on le verbe ""danser"" avec ""ils"" au futur simple ?";ils danseront;ils danseronts;ils danseron;ils daanseront
35698;"Comment conjugue-t-on le verbe ""dessiner"" avec ""tu"" au futur simple ?";tu dessineras;tu dessinerast;tu dessinera;tu deessineras
35699;"Comment conjugue-t-on le verbe ""souhaiter"" avec ""vous"" au futur simple ?";vous souhaiterez;vous souhaiterezs;vous souhaitere;vous soouhaiterez
35700;"Comment conjugue-t-on le verbe ""plonger"" avec ""ils"" au futur simple ?";ils plongeront;ils plongeronts;ils plongeron;ils ploongeront
35701;"Comment conjugue-t-on le verbe ""ricaner"" avec ""elles"" au futur simple ?";elles ricaneront;elles ricaneronts;elles ricaneron;elles riicaneront
35702;"Comment conjugue-t-on le verbe ""calmer"" avec ""ils"" au futur simple ?";ils calmeront;ils calmeronts;ils calmeron;ils caalmeront
35703;"Comment conjugue-t-on le verbe ""calmer"" avec ""vous"" au futur simple ?";vous calmerez;vous calmerezs;vous calmere;vous caalmerez
35704;"Comment conjugue-t-on le verbe ""voler"" avec ""nous"" au futur simple ?";nous volerons;nous voleronst;nous voleron;nous voolerons
35705;"Comment conjugue-t-on le verbe ""occuper"" avec ""ils"" au futur simple ?";ils occuperont;ils occuperonts;ils occuperon;ils occuuperont
35706;"Comment conjugue-t-on le verbe ""cacher"" avec ""ils"" au futur simple ?";ils cacheront;ils cacheronts;ils cacheron;ils caacheront
35707;"Comment conjugue-t-on le verbe ""arrêter"" avec ""ils"" au futur simple ?";ils arrêteront;ils arrêteronts;ils arrêteron;ils arrêêteront
35708;"Comment conjugue-t-on le verbe ""racler"" avec ""elles"" au futur simple ?";elles racleront;elles racleronts;elles racleron;elles raacleront
35709;"Comment conjugue-t-on le verbe ""ramper"" avec ""je"" au futur simple ?";je ramperai;je ramperais;je rampera;je raamperai
35710;"Comment conjugue-t-on le verbe ""remuer"" avec ""tu"" au futur simple ?";tu remueras;tu remuerast;tu remuera;tu reemueras
35711;"Comment conjugue-t-on le verbe ""remercier"" avec ""tu"" au futur simple ?";tu remercieras;tu remercierast;tu remerciera;tu reemercieras
35712;"Comment conjugue-t-on le verbe ""cracher"" avec ""il"" au futur simple ?";il crachera;il cracheras;il cracher;il craachera
35713;"Comment conjugue-t-on le verbe ""calmer"" avec ""elles"" au futur simple ?";elles calmeront;elles calmeronts;elles calmeron;elles caalmeront
35714;"Comment conjugue-t-on le verbe ""enfermer"" avec ""il"" au futur simple ?";il enfermera;il enfermeras;il enfermer;il enfeermera
35715;"Comment conjugue-t-on le verbe ""installer"" avec ""nous"" au futur simple ?";nous installerons;nous installeronst;nous installeron;nous instaallerons
35716;"Comment conjugue-t-on le verbe ""juger"" avec ""elles"" au futur simple ?";elles jugeront;elles jugeronts;elles jugeron;elles juugeront
35717;"Comment conjugue-t-on le verbe ""vider"" avec ""nous"" au futur simple ?";nous viderons;nous videronst;nous videron;nous viiderons
35718;"Comment conjugue-t-on le verbe ""déranger"" avec ""elles"" au futur simple ?";elles dérangeront;elles dérangeronts;elles dérangeron;elles déérangeront
35719;"Comment conjugue-t-on le verbe ""ranger"" avec ""il"" au futur simple ?";il rangera;il rangeras;il ranger;il raangera
35720;"Comment conjugue-t-on le verbe ""dîner"" avec ""il"" au futur simple ?";il dînera;il dîneras;il dîner;il dîînera
35721;"Comment conjugue-t-on le verbe ""méfier"" avec ""tu"" au futur simple ?";tu méfieras;tu méfierast;tu méfiera;tu mééfieras
35722;"Comment conjugue-t-on le verbe ""nourrir"" avec ""elle"" au futur simple ?";elle nourrira;elle nourriras;elle nourrir;elle noourrira
35723;"Comment conjugue-t-on le verbe ""remplir"" avec ""ils"" au futur simple ?";ils rempliront;ils remplironts;ils rempliron;ils reempliront
35724;"Comment conjugue-t-on le verbe ""nourrir"" avec ""nous"" au futur simple ?";nous nourrirons;nous nourrironst;nous nourriron;nous noourrirons
35725;"Comment conjugue-t-on le verbe ""nourrir"" avec ""elles"" au futur simple ?";elles nourriront;elles nourrironts;elles nourriron;elles noourriront
35726;"Comment conjugue-t-on le verbe ""nourrir"" avec ""il"" au futur simple ?";il nourrira;il nourriras;il nourrir;il noourrira
35727;"Comment conjugue-t-on le verbe ""agir"" avec ""tu"" au futur simple ?";tu agiras;tu agirast;tu agira;tu agiiras
35728;"Comment conjugue-t-on le verbe ""obéir"" avec ""vous"" au futur simple ?";vous obéirez;vous obéirezs;vous obéire;vous obééirez
35729;"Comment conjugue-t-on le verbe ""nourrir"" avec ""tu"" au futur simple ?";tu nourriras;tu nourrirast;tu nourrira;tu noourriras
35730;"Comment conjugue-t-on le verbe ""agir"" avec ""ils"" au futur simple ?";ils agiront;ils agironts;ils agiron;ils agiiront
35731;"Comment conjugue-t-on le verbe ""obéir"" avec ""elles"" au futur simple ?";elles obéiront;elles obéironts;elles obéiron;elles obééiront
35732;"Comment conjugue-t-on le verbe ""punir"" avec ""ils"" au futur simple ?";ils puniront;ils punironts;ils puniron;ils puuniront
35733;"Comment conjugue-t-on le verbe ""rougir"" avec ""elles"" au futur simple ?";elles rougiront;elles rougironts;elles rougiron;elles roougiront
35734;"Comment conjugue-t-on le verbe ""rougir"" avec ""je"" au futur simple ?";je rougirai;je rougirais;je rougira;je roougirai
35735;"Comment conjugue-t-on le verbe ""vieillir"" avec ""elles"" au futur simple ?";elles vieilliront;elles vieillironts;elles vieilliron;elles viieilliront
35736;"Comment conjugue-t-on le verbe ""salir"" avec ""elles"" au futur simple ?";elles saliront;elles salironts;elles saliron;elles saaliront
35737;"Comment conjugue-t-on le verbe ""réfléchir"" avec ""je"" au futur simple ?";je réfléchirai;je réfléchirais;je réfléchira;je rééfléchirai
35738;"Comment conjugue-t-on le verbe ""pâlir"" avec ""elle"" au futur simple ?";elle pâlira;elle pâliras;elle pâlir;elle pââlira
35739;"Comment conjugue-t-on le verbe ""réfléchir"" avec ""il"" au futur simple ?";il réfléchira;il réfléchiras;il réfléchir;il rééfléchira
35740;"Comment conjugue-t-on le verbe ""fleurir"" avec ""ils"" au futur simple ?";ils fleuriront;ils fleurironts;ils fleuriron;ils fleeuriront
35741;"Comment conjugue-t-on le verbe ""finir"" avec ""tu"" au futur simple ?";tu finiras;tu finirast;tu finira;tu fiiniras
35742;"Comment conjugue-t-on le verbe ""salir"" avec ""nous"" au futur simple ?";nous salirons;nous salironst;nous saliron;nous saalirons
35743;"Comment conjugue-t-on le verbe ""obéir"" avec ""nous"" au futur simple ?";nous obéirons;nous obéironst;nous obéiron;nous obééirons
35744;"Comment conjugue-t-on le verbe ""bâtir"" avec ""je"" au futur simple ?";je bâtirai;je bâtirais;je bâtira;je bââtirai
35745;"Comment conjugue-t-on le verbe ""bâtir"" avec ""ils"" au futur simple ?";ils bâtiront;ils bâtironts;ils bâtiron;ils bââtiront
35746;"Comment conjugue-t-on le verbe ""bâtir"" avec ""il"" au futur simple ?";il bâtira;il bâtiras;il bâtir;il bââtira
35747;"Comment conjugue-t-on le verbe ""rougir"" avec ""vous"" au futur simple ?";vous rougirez;vous rougirezs;vous rougire;vous roougirez
35748;"Comment conjugue-t-on le verbe ""fleurir"" avec ""il"" au futur simple ?";il fleurira;il fleuriras;il fleurir;il fleeurira
35749;"Comment conjugue-t-on le verbe ""vieillir"" avec ""je"" au futur simple ?";je vieillirai;je vieillirais;je vieillira;je viieillirai
35750;"Comment conjugue-t-on le verbe ""fleurir"" avec ""elles"" au futur simple ?";elles fleuriront;elles fleurironts;elles fleuriron;elles fleeuriront
35751;"Comment conjugue-t-on le verbe ""obéir"" avec ""elle"" au futur simple ?";elle obéira;elle obéiras;elle obéir;elle obééira
35752;"Comment conjugue-t-on le verbe ""agir"" avec ""je"" au futur simple ?";j'agirai;j'agirais;j'agira;j'agiirai
35753;"Comment conjugue-t-on le verbe ""bâtir"" avec ""vous"" au futur simple ?";vous bâtirez;vous bâtirezs;vous bâtire;vous bââtirez
35754;"Comment conjugue-t-on le verbe ""punir"" avec ""vous"" au futur simple ?";vous punirez;vous punirezs;vous punire;vous puunirez
35755;"Comment conjugue-t-on le verbe ""obéir"" avec ""tu"" au futur simple ?";tu obéiras;tu obéirast;tu obéira;tu obééiras
35756;"Comment conjugue-t-on le verbe ""salir"" avec ""vous"" au futur simple ?";vous salirez;vous salirezs;vous salire;vous saalirez
35757;"Comment conjugue-t-on le verbe ""agir"" avec ""vous"" au futur simple ?";vous agirez;vous agirezs;vous agire;vous agiirez
35758;"Comment conjugue-t-on le verbe ""remplir"" avec ""nous"" au futur simple ?";nous remplirons;nous remplironst;nous rempliron;nous reemplirons
35759;"Comment conjugue-t-on le verbe ""pâlir"" avec ""ils"" au futur simple ?";ils pâliront;ils pâlironts;ils pâliron;ils pââliront
35760;"Comment conjugue-t-on le verbe ""agir"" avec ""il"" au futur simple ?";il agira;il agiras;il agir;il agiira
35761;"Comment conjugue-t-on le verbe ""punir"" avec ""nous"" au futur simple ?";nous punirons;nous punironst;nous puniron;nous puunirons
35762;"Comment conjugue-t-on le verbe ""fleurir"" avec ""nous"" au futur simple ?";nous fleurirons;nous fleurironst;nous fleuriron;nous fleeurirons
35763;"Comment conjugue-t-on le verbe ""pâlir"" avec ""vous"" au futur simple ?";vous pâlirez;vous pâlirezs;vous pâlire;vous pââlirez
35764;"Comment conjugue-t-on le verbe ""pâlir"" avec ""tu"" au futur simple ?";tu pâliras;tu pâlirast;tu pâlira;tu pââliras
35765;"Comment conjugue-t-on le verbe ""rougir"" avec ""nous"" au futur simple ?";nous rougirons;nous rougironst;nous rougiron;nous roougirons
35766;"Comment conjugue-t-on le verbe ""obéir"" avec ""il"" au futur simple ?";il obéira;il obéiras;il obéir;il obééira
35767;"Comment conjugue-t-on le verbe ""remplir"" avec ""il"" au futur simple ?";il remplira;il rempliras;il remplir;il reemplira
35768;"Comment conjugue-t-on le verbe ""vieillir"" avec ""nous"" au futur simple ?";nous vieillirons;nous vieillironst;nous vieilliron;nous viieillirons
35769;"Comment conjugue-t-on le verbe ""punir"" avec ""elles"" au futur simple ?";elles puniront;elles punironts;elles puniron;elles puuniront
35770;"Comment conjugue-t-on le verbe ""fleurir"" avec ""elle"" au futur simple ?";elle fleurira;elle fleuriras;elle fleurir;elle fleeurira
35771;"Comment conjugue-t-on le verbe ""vieillir"" avec ""vous"" au futur simple ?";vous vieillirez;vous vieillirezs;vous vieillire;vous viieillirez
35772;"Comment conjugue-t-on le verbe ""agir"" avec ""nous"" au futur simple ?";nous agirons;nous agironst;nous agiron;nous agiirons
35773;"Comment conjugue-t-on le verbe ""punir"" avec ""je"" au futur simple ?";je punirai;je punirais;je punira;je puunirai
35774;"Comment conjugue-t-on le verbe ""vieillir"" avec ""ils"" au futur simple ?";ils vieilliront;ils vieillironts;ils vieilliron;ils viieilliront
35775;"Comment conjugue-t-on le verbe ""rougir"" avec ""tu"" au futur simple ?";tu rougiras;tu rougirast;tu rougira;tu roougiras
35776;"Comment conjugue-t-on le verbe ""salir"" avec ""tu"" au futur simple ?";tu saliras;tu salirast;tu salira;tu saaliras
35777;"Comment conjugue-t-on le verbe ""salir"" avec ""je"" au futur simple ?";je salirai;je salirais;je salira;je saalirai
35778;"Comment conjugue-t-on le verbe ""fleurir"" avec ""tu"" au futur simple ?";tu fleuriras;tu fleurirast;tu fleurira;tu fleeuriras
35779;"Comment conjugue-t-on le verbe ""réfléchir"" avec ""tu"" au futur simple ?";tu réfléchiras;tu réfléchirast;tu réfléchira;tu rééfléchiras
35780;"Comment conjugue-t-on le verbe ""obéir"" avec ""je"" au futur simple ?";j'obéirai;j'obéirais;j'obéira;j'obééirai
35781;"Comment conjugue-t-on le verbe ""pâlir"" avec ""nous"" au futur simple ?";nous pâlirons;nous pâlironst;nous pâliron;nous pââlirons
35782;"Comment conjugue-t-on le verbe ""avoir"" avec ""vous"" au passé composé ?";vous avez eu;vous avezs eu;vous ave eu;vous aveez eu
35783;"Comment conjugue-t-on le verbe ""devoir"" avec ""je"" au passé composé ?";j'ai dû;j'ai dûs;j'ai dûû;j'ai dûa
35784;"Comment conjugue-t-on le verbe ""courir"" avec ""elle"" au passé composé ?";elle a couru;elle as couru;elle aa couru;elle ae couru
35785;"Comment conjugue-t-on le verbe ""vouloir"" avec ""ils"" au passé composé ?";ils ont voulu;ils ont voulus;ils ont voul;ils ont vooulu
35786;"Comment conjugue-t-on le verbe ""pouvoir"" avec ""elle"" au passé composé ?";elle a pu;elle as pu;elle aa pu;elle ae pu
35787;"Comment conjugue-t-on le verbe ""attendre"" avec ""elles"" au passé composé ?";elles ont attendu;elles ont attendus;elles ont attend;elles ont atteendu
35788;"Comment conjugue-t-on le verbe ""entendre"" avec ""tu"" au passé composé ?";tu as entendu;tu ast entendu;tu aas entendu;tu aaa entendu
35789;"Comment conjugue-t-on le verbe ""lire"" avec ""elles"" au passé composé ?";elles ont lu;elles ont lus;elles ont luu;elles ont lua
35790;"Comment conjugue-t-on le verbe ""entendre"" avec ""elle"" au passé composé ?";elle a entendu;elle as entendu;elle aa entendu;elle ae entendu
35791;"Comment conjugue-t-on le verbe ""vendre"" avec ""ils"" au passé composé ?";ils ont vendu;ils ont vendus;ils ont vend;ils ont veendu
35792;"Comment conjugue-t-on le verbe ""devoir"" avec ""il"" au passé composé ?";il a dû;il as dû;il aa dû;il ae dû
35793;"Comment conjugue-t-on le verbe ""dire"" avec ""il"" au passé composé ?";il a dit;il a dits;il a di;il a diit
35794;"Comment conjugue-t-on le verbe ""perdre"" avec ""nous"" au passé composé ?";nous avons perdu;nous avonst perdu;nous avon perdu;nous avoons perdu
35795;"Comment conjugue-t-on le verbe ""boire"" avec ""nous"" au passé composé ?";nous avons bu;nous avons bus;nous avons buu;nous avons bua
35796;"Comment conjugue-t-on le verbe ""faire"" avec ""il"" au passé composé ?";il a fait;il as fait;il aa fait;il ae fait
35797;"Comment conjugue-t-on le verbe ""suivre"" avec ""il"" au passé composé ?";il a suivi;il a suivis;il a suiv;il a suuivi
35798;"Comment conjugue-t-on le verbe ""voir"" avec ""tu"" au passé composé ?";tu as vu;tu ast vu;tu aas vu;tu aaa vu
35799;"Comment conjugue-t-on le verbe ""voir"" avec ""vous"" au passé composé ?";vous avez vu;vous avez vus;vous avez vuu;vous avez vua
35800;"Comment conjugue-t-on le verbe ""attendre"" avec ""il"" au passé composé ?";il a attendu;il as attendu;il aa attendu;il ae attendu
35801;"Comment conjugue-t-on le verbe ""mettre"" avec ""tu"" au passé composé ?";tu as mis;tu as mist;tu as mi;tu as miis
35802;"Comment conjugue-t-on le verbe ""vouloir"" avec ""tu"" au passé composé ?";tu as voulu;tu ast voulu;tu aas voulu;tu aaa voulu
35803;"Comment conjugue-t-on le verbe ""être"" avec ""elle"" au passé composé ?";elle a été;elle a étés;elle a ét;elle a étéé
35804;"Comment conjugue-t-on le verbe ""vivre"" avec ""il"" au passé composé ?";il a vécu;il as vécu;il aa vécu;il ae vécu
35805;"Comment conjugue-t-on le verbe ""savoir"" avec ""ils"" au passé composé ?";ils ont su;ils ont sus;ils ont suu;ils ont sua
35806;"Comment conjugue-t-on le verbe ""connaître"" avec ""nous"" au passé composé ?";nous avons connu;nous avonst connu;nous avon connu;nous avoons connu
35807;"Comment conjugue-t-on le verbe ""avoir"" avec ""il"" au passé composé ?";il a eu;il a eus;il a euu;il a eua
35808;"Comment conjugue-t-on le verbe ""vendre"" avec ""nous"" au passé composé ?";nous avons vendu;nous avonst vendu;nous avon vendu;nous avoons vendu
35809;"Comment conjugue-t-on le verbe ""écrire"" avec ""nous"" au passé composé ?";nous avons écrit;nous avons écrits;nous avons écri;nous avons écriit
35810;"Comment conjugue-t-on le verbe ""savoir"" avec ""nous"" au passé composé ?";nous avons su;nous avonst su;nous avon su;nous avoons su
35811;"Comment conjugue-t-on le verbe ""boire"" avec ""je"" au passé composé ?";j'ai bu;j'ai bus;j'ai buu;j'ai bua
35812;"Comment conjugue-t-on le verbe ""lire"" avec ""tu"" au passé composé ?";tu as lu;tu ast lu;tu aas lu;tu aaa lu
35813;"Comment conjugue-t-on le verbe ""dire"" avec ""elles"" au passé composé ?";elles ont dit;elles ont dits;elles ont di;elles ont diit
35814;"Comment conjugue-t-on le verbe ""lire"" avec ""ils"" au passé composé ?";ils ont lu;ils onts lu;ils on lu;ils oont lu
35815;"Comment conjugue-t-on le verbe ""connaître"" avec ""elles"" au passé composé ?";elles ont connu;elles ont connus;elles ont conn;elles ont coonnu
35816;"Comment conjugue-t-on le verbe ""être"" avec ""nous"" au passé composé ?";nous avons été;nous avonst été;nous avon été;nous avoons été
35817;"Comment conjugue-t-on le verbe ""être"" avec ""elles"" au passé composé ?";elles ont été;elles ont étés;elles ont ét;elles ont étéé
35818;"Comment conjugue-t-on le verbe ""avoir"" avec ""ils"" au passé composé ?";ils ont eu;ils onts eu;ils on eu;ils oont eu
35819;"Comment conjugue-t-on le verbe ""avoir"" avec ""elles"" au passé composé ?";elles ont eu;elles ont eus;elles ont euu;elles ont eua
35820;"Comment conjugue-t-on le verbe ""être"" avec ""vous"" au passé composé ?";vous avez été;vous avezs été;vous ave été;vous aveez été
35821;"Comment conjugue-t-on le verbe ""prendre"" avec ""il"" au passé composé ?";il a pris;il a prist;il a pri;il a priis
35822;"Comment conjugue-t-on le verbe ""devoir"" avec ""ils"" au passé composé ?";ils ont dû;ils onts dû;ils on dû;ils oont dû
35823;"Comment conjugue-t-on le verbe ""répondre"" avec ""vous"" au passé composé ?";vous avez répondu;vous avez répondus;vous avez répond;vous avez réépondu
35824;"Comment conjugue-t-on le verbe ""vouloir"" avec ""elle"" au passé composé ?";elle a voulu;elle as voulu;elle aa voulu;elle ae voulu
35825;"Comment conjugue-t-on le verbe ""lire"" avec ""elle"" au passé composé ?";elle a lu;elle a lus;elle a luu;elle a lua
35826;"Comment conjugue-t-on le verbe ""pouvoir"" avec ""nous"" au passé composé ?";nous avons pu;nous avonst pu;nous avon pu;nous avoons pu
35827;"Comment conjugue-t-on le verbe ""vendre"" avec ""elles"" au passé composé ?";elles ont vendu;elles ont vendus;elles ont vend;elles ont veendu
35828;"Comment conjugue-t-on le verbe ""croire"" avec ""elles"" au passé composé ?";elles ont cru;elles onts cru;elles on cru;elles oont cru
35829;"Comment conjugue-t-on le verbe ""avoir"" avec ""je"" au passé composé ?";j'ai eu;j'ai eus;j'ai euu;j'ai eua
35830;"Comment conjugue-t-on le verbe ""connaître"" avec ""tu"" au passé composé ?";tu as connu;tu ast connu;tu aas connu;tu aaa connu
35831;"Comment conjugue-t-on le verbe ""faire"" avec ""je"" au passé composé ?";j'ai fait;j'ai faits;j'ai fai;j'ai faait
35832;"Comment conjugue-t-on le verbe ""devoir"" avec ""elles"" au passé composé ?";elles ont dû;elles onts dû;elles on dû;elles oont dû
35833;"Comment conjugue-t-on le verbe ""voir"" avec ""elles"" au passé composé ?";elles ont vu;elles ont vus;elles ont vuu;elles ont vua
35834;"Comment conjugue-t-on le verbe ""vouloir"" avec ""je"" au passé composé ?";j'ai voulu;j'ais voulu;j'aii voulu;j'aia voulu
35835;"Comment conjugue-t-on le verbe ""perdre"" avec ""elles"" au passé composé ?";elles ont perdu;elles ont perdus;elles ont perd;elles ont peerdu
35836;"Comment conjugue-t-on le verbe ""écrire"" avec ""je"" au passé composé ?";j'ai écrit;j'ais écrit;j'aii écrit;j'aia écrit
35837;"Comment conjugue-t-on le verbe ""vendre"" avec ""tu"" au passé composé ?";tu as vendu;tu as vendus;tu as vend;tu as veendu
35838;"Comment conjugue-t-on le verbe ""devoir"" avec ""nous"" au passé composé ?";nous avons dû;nous avonst dû;nous avon dû;nous avoons dû
35839;"Comment conjugue-t-on le verbe ""savoir"" avec ""elle"" au passé composé ?";elle a su;elle a sus;elle a suu;elle a sua
35840;"Comment conjugue-t-on le verbe ""vivre"" avec ""ils"" au passé composé ?";ils ont vécu;ils onts vécu;ils on vécu;ils oont vécu
35841;"Comment conjugue-t-on le verbe ""pouvoir"" avec ""je"" au passé composé ?";j'ai pu;j'ai pus;j'ai puu;j'ai pua
35842;"Comment conjugue-t-on le verbe ""savoir"" avec ""il"" au passé composé ?";il a su;il as su;il aa su;il ae su
35843;"Comment conjugue-t-on le verbe ""attendre"" avec ""elle"" au passé composé ?";elle a attendu;elle a attendus;elle a attend;elle a atteendu
35844;"Comment conjugue-t-on le verbe ""pouvoir"" avec ""tu"" au passé composé ?";tu as pu;tu ast pu;tu aas pu;tu aaa pu
35845;"Comment conjugue-t-on le verbe ""croire"" avec ""tu"" au passé composé ?";tu as cru;tu as crus;tu as cr;tu as cruu
35846;"Comment conjugue-t-on le verbe ""dire"" avec ""nous"" au passé composé ?";nous avons dit;nous avonst dit;nous avon dit;nous avoons dit
35847;"Comment conjugue-t-on le verbe ""entendre"" avec ""elles"" au passé composé ?";elles ont entendu;elles ont entendus;elles ont entend;elles ont enteendu
35848;"Comment conjugue-t-on le verbe ""boire"" avec ""tu"" au passé composé ?";tu as bu;tu ast bu;tu aas bu;tu aaa bu
35849;"Comment conjugue-t-on le verbe ""devoir"" avec ""vous"" au passé composé ?";vous avez dû;vous avez dûs;vous avez dûû;vous avez dûa
35850;"Comment conjugue-t-on le verbe ""connaître"" avec ""il"" au passé composé ?";il a connu;il as connu;il aa connu;il ae connu
35851;"Comment conjugue-t-on le verbe ""pouvoir"" avec ""elles"" au passé composé ?";elles ont pu;elles ont pus;elles ont puu;elles ont pua
35852;"Comment conjugue-t-on le verbe ""préparer"" avec ""nous"" au passé composé ?";nous avons préparé;nous avonst préparé;nous avon préparé;nous avoons préparé
35853;"Comment conjugue-t-on le verbe ""laver"" avec ""il"" au passé composé ?";il a lavé;il a lavés;il a lav;il a laavé
35854;"Comment conjugue-t-on le verbe ""ramper"" avec ""je"" au passé composé ?";j'ai rampé;j'ais rampé;j'aii rampé;j'aia rampé
35855;"Comment conjugue-t-on le verbe ""cuisiner"" avec ""elle"" au passé composé ?";elle a cuisiné;elle a cuisinés;elle a cuisin;elle a cuuisiné
35856;"Comment conjugue-t-on le verbe ""fermer"" avec ""elle"" au passé composé ?";elle a fermé;elle as fermé;elle aa fermé;elle ae fermé
35857;"Comment conjugue-t-on le verbe ""prêter"" avec ""ils"" au passé composé ?";ils ont prêté;ils ont prêtés;ils ont prêt;ils ont prêêté
35858;"Comment conjugue-t-on le verbe ""essuyer"" avec ""il"" au passé composé ?";il a essuyé;il as essuyé;il aa essuyé;il ae essuyé
35859;"Comment conjugue-t-on le verbe ""danser"" avec ""ils"" au passé composé ?";ils ont dansé;ils ont dansés;ils ont dans;ils ont daansé
35860;"Comment conjugue-t-on le verbe ""guider"" avec ""vous"" au passé composé ?";vous avez guidé;vous avezs guidé;vous ave guidé;vous aveez guidé
35861;"Comment conjugue-t-on le verbe ""prêter"" avec ""tu"" au passé composé ?";tu as prêté;tu as prêtés;tu as prêt;tu as prêêté
35862;"Comment conjugue-t-on le verbe ""téléphoner"" avec ""vous"" au passé composé ?";vous avez téléphoné;vous avezs téléphoné;vous ave téléphoné;vous aveez téléphoné
35863;"Comment conjugue-t-on le verbe ""compter"" avec ""elles"" au passé composé ?";elles ont compté;elles ont comptés;elles ont compt;elles ont coompté
35864;"Comment conjugue-t-on le verbe ""fermer"" avec ""nous"" au passé composé ?";nous avons fermé;nous avonst fermé;nous avon fermé;nous avoons fermé
35865;"Comment conjugue-t-on le verbe ""éclairer"" avec ""elle"" au passé composé ?";elle a éclairé;elle a éclairés;elle a éclair;elle a éclaairé
35866;"Comment conjugue-t-on le verbe ""décorer"" avec ""il"" au passé composé ?";il a décoré;il as décoré;il aa décoré;il ae décoré
35867;"Comment conjugue-t-on le verbe ""chercher"" avec ""tu"" au passé composé ?";tu as cherché;tu as cherchés;tu as cherch;tu as cheerché
35868;"Comment conjugue-t-on le verbe ""apporter"" avec ""vous"" au passé composé ?";vous avez apporté;vous avezs apporté;vous ave apporté;vous aveez apporté
35869;"Comment conjugue-t-on le verbe ""voyager"" avec ""ils"" au passé composé ?";ils ont voyagé;ils ont voyagés;ils ont voyag;ils ont vooyagé
35870;"Comment conjugue-t-on le verbe ""bricoler"" avec ""elle"" au passé composé ?";elle a bricolé;elle as bricolé;elle aa bricolé;elle ae bricolé
35871;"Comment conjugue-t-on le verbe ""souhaiter"" avec ""il"" au passé composé ?";il a souhaité;il a souhaités;il a souhait;il a soouhaité
35872;"Comment conjugue-t-on le verbe ""chercher"" avec ""elles"" au passé composé ?";elles ont cherché;elles onts cherché;elles on cherché;elles oont cherché
35873;"Comment conjugue-t-on le verbe ""arroser"" avec ""elle"" au passé composé ?";elle a arrosé;elle a arrosés;elle a arros;elle a arroosé
35874;"Comment conjugue-t-on le verbe ""déranger"" avec ""nous"" au passé composé ?";nous avons dérangé;nous avonst dérangé;nous avon dérangé;nous avoons dérangé
35875;"Comment conjugue-t-on le verbe ""emballer"" avec ""ils"" au passé composé ?";ils ont emballé;ils ont emballés;ils ont emball;ils ont embaallé
35876;"Comment conjugue-t-on le verbe ""signaler"" avec ""il"" au passé composé ?";il a signalé;il as signalé;il aa signalé;il ae signalé
35877;"Comment conjugue-t-on le verbe ""balayer"" avec ""elles"" au passé composé ?";elles ont balayé;elles ont balayés;elles ont balay;elles ont baalayé
35878;"Comment conjugue-t-on le verbe ""juger"" avec ""elle"" au passé composé ?";elle a jugé;elle as jugé;elle aa jugé;elle ae jugé
35879;"Comment conjugue-t-on le verbe ""peigner"" avec ""tu"" au passé composé ?";tu as peigné;tu as peignés;tu as peign;tu as peeigné
35880;"Comment conjugue-t-on le verbe ""fermer"" avec ""tu"" au passé composé ?";tu as fermé;tu ast fermé;tu aas fermé;tu aaa fermé
35881;"Comment conjugue-t-on le verbe ""enregistrer"" avec ""il"" au passé composé ?";il a enregistré;il a enregistrés;il a enregistr;il a enreegistré
35882;"Comment conjugue-t-on le verbe ""observer"" avec ""vous"" au passé composé ?";vous avez observé;vous avezs observé;vous ave observé;vous aveez observé
35883;"Comment conjugue-t-on le verbe ""murmurer"" avec ""elle"" au passé composé ?";elle a murmuré;elle a murmurés;elle a murmur;elle a muurmuré
35884;"Comment conjugue-t-on le verbe ""voyager"" avec ""nous"" au passé composé ?";nous avons voyagé;nous avonst voyagé;nous avon voyagé;nous avoons voyagé
35885;"Comment conjugue-t-on le verbe ""échapper"" avec ""elle"" au passé composé ?";elle a échappé;elle a échappés;elle a échapp;elle a échaappé
35886;"Comment conjugue-t-on le verbe ""déjeuner"" avec ""vous"" au passé composé ?";vous avez déjeuné;vous avezs déjeuné;vous ave déjeuné;vous aveez déjeuné
35887;"Comment conjugue-t-on le verbe ""dessiner"" avec ""vous"" au passé composé ?";vous avez dessiné;vous avez dessinés;vous avez dessin;vous avez deessiné
35888;"Comment conjugue-t-on le verbe ""cuisiner"" avec ""nous"" au passé composé ?";nous avons cuisiné;nous avonst cuisiné;nous avon cuisiné;nous avoons cuisiné
35889;"Comment conjugue-t-on le verbe ""chercher"" avec ""il"" au passé composé ?";il a cherché;il a cherchés;il a cherch;il a cheerché
35890;"Comment conjugue-t-on le verbe ""arroser"" avec ""vous"" au passé composé ?";vous avez arrosé;vous avezs arrosé;vous ave arrosé;vous aveez arrosé
35891;"Comment conjugue-t-on le verbe ""téléphoner"" avec ""nous"" au passé composé ?";nous avons téléphoné;nous avons téléphonés;nous avons téléphon;nous avons tééléphoné
35892;"Comment conjugue-t-on le verbe ""pâlir"" avec ""tu"" au passé composé ?";tu as pâli;tu ast pâli;tu aas pâli;tu aaa pâli
35893;"Comment conjugue-t-on le verbe ""nourrir"" avec ""elle"" au passé composé ?";elle a nourri;elle a nourris;elle a nourr;elle a noourri
35894;"Comment conjugue-t-on le verbe ""agir"" avec ""elle"" au passé composé ?";elle a agi;elle as agi;elle aa agi;elle ae agi
35895;"Comment conjugue-t-on le verbe ""fleurir"" avec ""nous"" au passé composé ?";nous avons fleuri;nous avons fleuris;nous avons fleur;nous avons fleeuri
35896;"Comment conjugue-t-on le verbe ""réussir"" avec ""elle"" au passé composé ?";elle a réussi;elle as réussi;elle aa réussi;elle ae réussi
35897;"Comment conjugue-t-on le verbe ""rougir"" avec ""vous"" au passé composé ?";vous avez rougi;vous avez rougis;vous avez roug;vous avez roougi
35898;"Comment conjugue-t-on le verbe ""saisir"" avec ""elles"" au passé composé ?";elles ont saisi;elles onts saisi;elles on saisi;elles oont saisi
35899;"Comment conjugue-t-on le verbe ""établir"" avec ""je"" au passé composé ?";j'ai établi;j'ai établis;j'ai établ;j'ai étaabli
35900;"Comment conjugue-t-on le verbe ""rougir"" avec ""il"" au passé composé ?";il a rougi;il as rougi;il aa rougi;il ae rougi
35901;"Comment conjugue-t-on le verbe ""saisir"" avec ""vous"" au passé composé ?";vous avez saisi;vous avez saisis;vous avez sais;vous avez saaisi
35902;"Comment conjugue-t-on le verbe ""salir"" avec ""tu"" au passé composé ?";tu as sali;tu ast sali;tu aas sali;tu aaa sali
35903;"Comment conjugue-t-on le verbe ""bâtir"" avec ""tu"" au passé composé ?";tu as bâti;tu as bâtis;tu as bât;tu as bââti
35904;"Comment conjugue-t-on le verbe ""réfléchir"" avec ""ils"" au passé composé ?";ils ont réfléchi;ils onts réfléchi;ils on réfléchi;ils oont réfléchi
35905;"Comment conjugue-t-on le verbe ""nourrir"" avec ""il"" au passé composé ?";il a nourri;il a nourris;il a nourr;il a noourri
35906;"Comment conjugue-t-on le verbe ""bâtir"" avec ""je"" au passé composé ?";j'ai bâti;j'ais bâti;j'aii bâti;j'aia bâti
35907;"Comment conjugue-t-on le verbe ""réussir"" avec ""ils"" au passé composé ?";ils ont réussi;ils ont réussis;ils ont réuss;ils ont rééussi
35908;"Comment conjugue-t-on le verbe ""fleurir"" avec ""il"" au passé composé ?";il a fleuri;il as fleuri;il aa fleuri;il ae fleuri
35909;"Comment conjugue-t-on le verbe ""réfléchir"" avec ""tu"" au passé composé ?";tu as réfléchi;tu as réfléchis;tu as réfléch;tu as rééfléchi
35910;"Comment conjugue-t-on le verbe ""punir"" avec ""elle"" au passé composé ?";elle a puni;elle as puni;elle aa puni;elle ae puni
35911;"Comment conjugue-t-on le verbe ""établir"" avec ""ils"" au passé composé ?";ils ont établi;ils ont établis;ils ont établ;ils ont étaabli
35912;"Comment conjugue-t-on le verbe ""remplir"" avec ""je"" au passé composé ?";j'ai rempli;j'ais rempli;j'aii rempli;j'aia rempli
35913;"Comment conjugue-t-on le verbe ""obéir"" avec ""nous"" au passé composé ?";nous avons obéi;nous avons obéis;nous avons obé;nous avons obééi
35914;"Comment conjugue-t-on le verbe ""remplir"" avec ""nous"" au passé composé ?";nous avons rempli;nous avonst rempli;nous avon rempli;nous avoons rempli
35915;"Comment conjugue-t-on le verbe ""grandir"" avec ""vous"" au passé composé ?";vous avez grandi;vous avez grandis;vous avez grand;vous avez graandi
35916;"Comment conjugue-t-on le verbe ""grandir"" avec ""il"" au passé composé ?";il a grandi;il as grandi;il aa grandi;il ae grandi
35917;"Comment conjugue-t-on le verbe ""agir"" avec ""vous"" au passé composé ?";vous avez agi;vous avez agis;vous avez ag;vous avez agii
35918;"Comment conjugue-t-on le verbe ""obéir"" avec ""je"" au passé composé ?";j'ai obéi;j'ais obéi;j'aii obéi;j'aia obéi
35919;"Comment conjugue-t-on le verbe ""agir"" avec ""je"" au passé composé ?";j'ai agi;j'ai agis;j'ai ag;j'ai agii
35920;"Comment conjugue-t-on le verbe ""rougir"" avec ""je"" au passé composé ?";j'ai rougi;j'ais rougi;j'aii rougi;j'aia rougi
35921;"Comment conjugue-t-on le verbe ""bâtir"" avec ""ils"" au passé composé ?";ils ont bâti;ils ont bâtis;ils ont bât;ils ont bââti
35922;"Comment conjugue-t-on le verbe ""planifier"" avec ""tu"" à l'imparfait ?";tu planifiais;tu planifiaist;tu planifiai;tu plaanifiais
35923;"Comment conjugue-t-on le verbe ""poser"" avec ""ils"" à l'imparfait ?";ils posaient;ils posaients;ils posaien;ils poosaient
35924;"Comment conjugue-t-on le verbe ""livrer"" avec ""tu"" à l'imparfait ?";tu livrais;tu livraist;tu livrai;tu liivrais
35925;"Comment conjugue-t-on le verbe ""planter"" avec ""vous"" à l'imparfait ?";vous plantiez;vous plantiezs;vous plantie;vous plaantiez
35926;"Comment conjugue-t-on le verbe ""échanger"" avec ""ils"" à l'imparfait ?";ils échangeaient;ils échangeaients;ils échangeaien;ils échaangeaient
35927;"Comment conjugue-t-on le verbe ""sauter"" avec ""nous"" à l'imparfait ?";nous sautions;nous sautionst;nous saution;nous saautions
35928;"Comment conjugue-t-on le verbe ""tourner"" avec ""ils"" à l'imparfait ?";ils tournaient;ils tournaients;ils tournaien;ils toournaient
35929;"Comment conjugue-t-on le verbe ""gonfler"" avec ""tu"" à l'imparfait ?";tu gonflais;tu gonflaist;tu gonflai;tu goonflais
35930;"Comment conjugue-t-on le verbe ""organiser"" avec ""ils"" à l'imparfait ?";ils organisaient;ils organisaients;ils organisaien;ils orgaanisaient
35931;"Comment conjugue-t-on le verbe ""tirer"" avec ""elles"" à l'imparfait ?";elles tiraient;elles tiraients;elles tiraien;elles tiiraient
35932;"Comment conjugue-t-on le verbe ""griller"" avec ""vous"" à l'imparfait ?";vous grilliez;vous grilliezs;vous grillie;vous griilliez
35933;"Comment conjugue-t-on le verbe ""trier"" avec ""elle"" à l'imparfait ?";elle triait;elle triaits;elle triai;elle triiait
35934;"Comment conjugue-t-on le verbe ""planter"" avec ""elles"" à l'imparfait ?";elles plantaient;elles plantaients;elles plantaien;elles plaantaient
35935;"Comment conjugue-t-on le verbe ""frotter"" avec ""je"" à l'imparfait ?";je frottais;je frottaist;je frottai;je froottais
35936;"Comment conjugue-t-on le verbe ""siffler"" avec ""tu"" à l'imparfait ?";tu sifflais;tu sifflaist;tu sifflai;tu siifflais
35937;"Comment conjugue-t-on le verbe ""imaginer"" avec ""ils"" à l'imparfait ?";ils imaginaient;ils imaginaients;ils imaginaien;ils imaaginaient
35938;"Comment conjugue-t-on le verbe ""mesurer"" avec ""elle"" à l'imparfait ?";elle mesurait;elle mesuraits;elle mesurai;elle meesurait
35939;"Comment conjugue-t-on le verbe ""livrer"" avec ""ils"" à l'imparfait ?";ils livraient;ils livraients;ils livraien;ils liivraient
35940;"Comment conjugue-t-on le verbe ""tourner"" avec ""nous"" à l'imparfait ?";nous tournions;nous tournionst;nous tournion;nous toournions
35941;"Comment conjugue-t-on le verbe ""souffler"" avec ""vous"" à l'imparfait ?";vous souffliez;vous souffliezs;vous soufflie;vous soouffliez
35942;"Comment conjugue-t-on le verbe ""serrer"" avec ""tu"" à l'imparfait ?";tu serrais;tu serraist;tu serrai;tu seerrais
35943;"Comment conjugue-t-on le verbe ""recommencer"" avec ""il"" à l'imparfait ?";il recommençait;il recommençaits;il recommençai;il reecommençait
35944;"Comment conjugue-t-on le verbe ""raconter"" avec ""tu"" à l'imparfait ?";tu racontais;tu racontaist;tu racontai;tu raacontais
35945;"Comment conjugue-t-on le verbe ""passer"" avec ""nous"" à l'imparfait ?";nous passions;nous passionst;nous passion;nous paassions
35946;"Comment conjugue-t-on le verbe ""nager"" avec ""ils"" à l'imparfait ?";ils nageaient;ils nageaients;ils nageaien;ils naageaient
35947;"Comment conjugue-t-on le verbe ""frotter"" avec ""elles"" à l'imparfait ?";elles frottaient;elles frottaients;elles frottaien;elles froottaient
35948;"Comment conjugue-t-on le verbe ""tourner"" avec ""je"" à l'imparfait ?";je tournais;je tournaist;je tournai;je toournais
35949;"Comment conjugue-t-on le verbe ""planifier"" avec ""ils"" à l'imparfait ?";ils planifiaient;ils planifiaients;ils planifiaien;ils plaanifiaient
35950;"Comment conjugue-t-on le verbe ""recommencer"" avec ""tu"" à l'imparfait ?";tu recommençais;tu recommençaist;tu recommençai;tu reecommençais
35951;"Comment conjugue-t-on le verbe ""frotter"" avec ""elle"" à l'imparfait ?";elle frottait;elle frottaits;elle frottai;elle froottait
35952;"Comment conjugue-t-on le verbe ""préparer"" avec ""nous"" à l'imparfait ?";nous préparions;nous préparionst;nous préparion;nous prééparions
35953;"Comment conjugue-t-on le verbe ""tester"" avec ""vous"" à l'imparfait ?";vous testiez;vous testiezs;vous testie;vous teestiez
35954;"Comment conjugue-t-on le verbe ""pêcher"" avec ""tu"" à l'imparfait ?";tu pêchais;tu pêchaist;tu pêchai;tu pêêchais
35955;"Comment conjugue-t-on le verbe ""transporter"" avec ""nous"" à l'imparfait ?";nous transportions;nous transportionst;nous transportion;nous traansportions
35956;"Comment conjugue-t-on le verbe ""pêcher"" avec ""nous"" à l'imparfait ?";nous pêchions;nous pêchionst;nous pêchion;nous pêêchions
35957;"Comment conjugue-t-on le verbe ""sauter"" avec ""il"" à l'imparfait ?";il sautait;il sautaits;il sautai;il saautait
