classe	matiere	notion	enonce	bonne_reponse	mauvais_choix
cm1	conjugaison	present	"Comment conjugue-t-on le verbe ""comprendre"" avec ""tu"" au présent ?"	tu comprends	tu comprenais | tu comprendras | tu comprend
cm1	conjugaison	present	"Comment conjugue-t-on le verbe ""apprendre"" avec ""elle"" au présent ?"	elle apprend	elle apprenait | elle apprendra | elle apprends
cm1	conjugaison	present	"Comment conjugue-t-on le verbe ""comprendre"" avec ""elle"" au présent ?"	elle comprend	elle comprenait | elle comprendra | elle comprends
cm1	conjugaison	present	"Comment conjugue-t-on le verbe ""comprendre"" avec ""il"" au présent ?"	il comprend	il comprenait | il comprendra | il comprends
cm1	conjugaison	present	"Comment conjugue-t-on le verbe ""comprendre"" avec ""nous"" au présent ?"	nous comprenons	nous comprenions | nous comprendrons | nous comprenont
cm1	conjugaison	present	"Comment conjugue-t-on le verbe ""comprendre"" avec ""ils"" au présent ?"	ils comprennent	ils comprenaient | ils comprendront | ils comprenent
cm1	conjugaison	present	"Comment conjugue-t-on le verbe ""comprendre"" avec ""elles"" au présent ?"	elles comprennent	elles comprenaient | elles comprendront | elles comprenent
cm1	conjugaison	present	"Comment conjugue-t-on le verbe ""apprendre"" avec ""ils"" au présent ?"	ils apprennent	ils apprenaient | ils apprendront | ils apprenent
cm1	conjugaison	present	"Comment conjugue-t-on le verbe ""devoir"" avec ""il"" au présent ?"	il doit	il devait | il devra | il dois
cm1	conjugaison	present	"Comment conjugue-t-on le verbe ""revoir"" avec ""elle"" au présent ?"	elle revoit	elle revoyait | elle reverra | elle revois
ce1	english	en_adjectifs	"Que veut dire ""poor"" en français ?"	pauvre	vieux | neuf | lourd
ce1	english	en_adjectifs	"Comment dit-on ""pauvre"" en anglais ?"	poor	light | open | big
ce1	english	en_adjectifs	"Comment dit-on ""facile"" en anglais ?"	easy	short | wet | long
ce1	english	en_adjectifs	"Comment dit-on ""vide"" en anglais ?"	empty	easy | poor | long
ce1	english	en_adjectifs	"Que veut dire ""empty"" en français ?"	vide	jeune | froid | mouillé
ce1	english	en_adjectifs	"Que veut dire ""big"" en français ?"	grand	plein | long | lourd
ce1	english	en_adjectifs	"Que veut dire ""closed"" en français ?"	fermé	long | fort | rapide
ce1	english	en_adjectifs	"Comment dit-on ""court"" en anglais ?"	short	heavy | poor | long
ce1	english	en_adjectifs	"Que veut dire ""easy"" en français ?"	facile	chaud | léger | neuf
ce1	english	en_adjectifs	"Que veut dire ""small"" en français ?"	petit	léger | chaud | facile
ce1	english	en_adjectifs	"Comment dit-on ""plein"" en anglais ?"	full	heavy | big | short
ce1	english	en_adjectifs	"Que veut dire ""dry"" en français ?"	sec	lourd | fermé | ouvert
ce1	english	en_adjectifs	"Que veut dire ""new"" en français ?"	neuf	grand | léger | froid
ce1	english	en_adjectifs	"Comment dit-on ""vieux"" en anglais ?"	old	closed | beautiful | hot
ce1	english	en_adjectifs	"Que veut dire ""wet"" en français ?"	mouillé	facile | long | fort
ce1	english	en_adjectifs	"Comment dit-on ""grand"" en anglais ?"	big	easy | empty | beautiful
ce1	english	en_adjectifs	"Comment dit-on ""ouvert"" en anglais ?"	open	old | poor | long
ce1	english	en_adjectifs	"Comment dit-on ""fermé"" en anglais ?"	closed	hot | heavy | easy
ce1	english	en_adjectifs	"Que veut dire ""difficult"" en français ?"	difficile	jeune | fort | léger
ce1	english	en_adjectifs	"Comment dit-on ""neuf"" en anglais ?"	new	big | fast | rich
ce1	english	en_adjectifs	"Comment dit-on ""petit"" en anglais ?"	small	full | difficult | wet
ce1	english	en_adjectifs	"Comment dit-on ""faible"" en anglais ?"	weak	easy | wet | closed
ce1	english	en_adjectifs	"Que veut dire ""short"" en français ?"	court	léger | froid | fermé
ce1	english	en_adjectifs	"Comment dit-on ""difficile"" en anglais ?"	difficult	beautiful | short | clean
ce1	english	en_adjectifs	"Que veut dire ""weak"" en français ?"	faible	léger | court | grand
ce1	english	en_adjectifs	"Comment dit-on ""mouillé"" en anglais ?"	wet	full | light | dry
ce1	english	en_adjectifs	"Que veut dire ""full"" en français ?"	plein	court | neuf | chaud
ce1	english	en_adjectifs	"Comment dit-on ""sec"" en anglais ?"	dry	weak | small | difficult
ce1	english	en_adjectifs	"Que veut dire ""open"" en français ?"	ouvert	difficile | froid | fermé
ce1	english	en_adjectifs	"Que veut dire ""old"" en français ?"	vieux	jeune | faible | neuf
cm1	english	en_adjectifs	"Que veut dire ""loud"" en français ?"	bruyant	chaud | sec | propre
cm1	english	en_adjectifs	"Que veut dire ""dangerous"" en français ?"	dangereux	grand | mouillé | plein
cm1	english	en_adjectifs	"Comment dit-on ""dangereux"" en anglais ?"	dangerous	silent | old | thin
cm1	english	en_adjectifs	"Que veut dire ""cheap"" en français ?"	bon marché	dangereux | fort | mince
cm1	english	en_adjectifs	"Que veut dire ""expensive"" en français ?"	cher	long | sec | petit
cm1	english	en_adjectifs	"Que veut dire ""silent"" en français ?"	silencieux	long | bruyant | doux
cm1	english	en_adjectifs	"Comment dit-on ""bruyant"" en anglais ?"	loud	weak | easy | open
cm1	english	en_adjectifs	"Comment dit-on ""silencieux"" en anglais ?"	silent	dangerous | expensive | long
cm1	english	en_adjectifs	"Comment dit-on ""bon marché"" en anglais ?"	cheap	closed | expensive | big
cm1	english	en_adjectifs	"Comment dit-on ""cher"" en anglais ?"	expensive	fast | closed | thin
cm1	english	en_adjectifs	"Comment dit-on ""mince"" en anglais ?"	thin	big | easy | loud
cm1	english	en_adjectifs	"Comment dit-on ""gros"" en anglais ?"	fat	full | slow | ugly
cm1	english	en_adjectifs	"Que veut dire ""soft"" en français ?"	doux	vieux | plein | mouillé
cm1	english	en_adjectifs	"Comment dit-on ""dur"" en anglais ?"	hard	easy | short | rich
cm1	english	en_adjectifs	"Que veut dire ""hard"" en français ?"	dur	lourd | bruyant | difficile
cm1	english	en_adjectifs	"Comment dit-on ""doux"" en anglais ?"	soft	rich | silent | light
cm1	english	en_adjectifs	"Comment dit-on ""laid"" en anglais ?"	ugly	small | full | open
cm1	english	en_adjectifs	"Que veut dire ""ugly"" en français ?"	laid	gros | dur | long
cm1	english	en_adjectifs	"Que veut dire ""fat"" en français ?"	gros	cher | lourd | ouvert
cm1	english	en_adjectifs	"Que veut dire ""thin"" en français ?"	mince	dur | long | bon marché
ce1	english	en_animaux	"Que veut dire ""sheep"" en français ?"	mouton	tortue | pingouin | girafe
ce1	english	en_animaux	"Comment dit-on ""souris"" en anglais ?"	mouse	rabbit | elephant | penguin
ce1	english	en_animaux	"Comment dit-on ""poule"" en anglais ?"	hen	penguin | bee | cow
ce1	english	en_animaux	"Que veut dire ""bee"" en français ?"	abeille	vache | girafe | singe
ce1	english	en_animaux	"Comment dit-on ""papillon"" en anglais ?"	butterfly	monkey | tiger | duck
ce1	english	en_animaux	"Comment dit-on ""canard"" en anglais ?"	duck	penguin | dog | turtle
ce1	english	en_animaux	"Que veut dire ""snail"" en français ?"	escargot	lion | tigre | girafe
ce1	english	en_animaux	"Que veut dire ""frog"" en français ?"	grenouille	chien | oiseau | vache
ce1	english	en_animaux	"Comment dit-on ""lapin"" en anglais ?"	rabbit	tiger | mouse | snail
ce1	english	en_animaux	"Que veut dire ""horse"" en français ?"	cheval	singe | tigre | cochon
ce1	english	en_animaux	"Que veut dire ""cow"" en français ?"	vache	cheval | poisson | tigre
ce1	english	en_animaux	"Comment dit-on ""mouton"" en anglais ?"	sheep	bee | pig | giraffe
ce1	english	en_animaux	"Comment dit-on ""escargot"" en anglais ?"	snail	tiger | lion | cat
ce1	english	en_animaux	"Comment dit-on ""cochon"" en anglais ?"	pig	sheep | horse | elephant
ce2	english	en_animaux	"Que veut dire ""rooster"" en français ?"	coq	grenouille | lion | aigle
ce2	english	en_animaux	"Que veut dire ""wolf"" en français ?"	loup	poisson | renard | vache
ce2	english	en_animaux	"Comment dit-on ""pieuvre"" en anglais ?"	octopus	snake | elephant | squirrel
ce2	english	en_animaux	"Comment dit-on ""âne"" en anglais ?"	donkey	tiger | mouse | cow
ce2	english	en_animaux	"Comment dit-on ""kangourou"" en anglais ?"	kangaroo	monkey | giraffe | turtle
ce2	english	en_animaux	"Comment dit-on ""chameau"" en anglais ?"	camel	monkey | rooster | owl
ce2	english	en_animaux	"Que veut dire ""octopus"" en français ?"	pieuvre	singe | abeille | chat
ce2	english	en_animaux	"Que veut dire ""ladybird"" en français ?"	coccinelle	lapin | singe | chameau
ce2	english	en_animaux	"Comment dit-on ""fourmi"" en anglais ?"	ant	zebra | tiger | frog
ce2	english	en_animaux	"Que veut dire ""donkey"" en français ?"	âne	kangourou | abeille | loup
ce2	english	en_animaux	"Comment dit-on ""renard"" en anglais ?"	fox	octopus | bird | spider
ce2	english	en_animaux	"Comment dit-on ""loup"" en anglais ?"	wolf	giraffe | rabbit | snake
ce2	english	en_animaux	"Que veut dire ""spider"" en français ?"	araignée	pieuvre | chameau | serpent
ce2	english	en_animaux	"Comment dit-on ""coccinelle"" en anglais ?"	ladybird	frog | whale | owl
ce2	english	en_animaux	"Que veut dire ""goat"" en français ?"	chèvre	âne | coccinelle | fourmi
ce2	english	en_animaux	"Que veut dire ""squirrel"" en français ?"	écureuil	grenouille | poisson | pieuvre
ce2	english	en_animaux	"Que veut dire ""dolphin"" en français ?"	dauphin	souris | dinde | poisson
ce2	english	en_animaux	"Que veut dire ""owl"" en français ?"	hibou	pingouin | singe | baleine
ce2	english	en_animaux	"Comment dit-on ""coq"" en anglais ?"	rooster	sheep | camel | ladybird
ce2	english	en_animaux	"Que veut dire ""kangaroo"" en français ?"	kangourou	loup | pingouin | cheval
ce2	english	en_animaux	"Comment dit-on ""chèvre"" en anglais ?"	goat	donkey | turkey | cow
ce2	english	en_animaux	Comment dit-on 🐙 en anglais ?	octopus	snake | giraffe | tiger
ce2	english	en_animaux	Comment dit-on 🐫 en anglais ?	camel	kangaroo | goat | ladybird
ce2	english	en_animaux	Comment dit-on 🐊 en anglais ?	crocodile	pig | hen | goat
ce2	english	en_animaux	"Quel dessin correspond à ""shark"" ?"	🦈	🦃 | 🐑 | 🦓
ce2	english	en_animaux	Comment dit-on 🐐 en anglais ?	goat	zebra | owl | cat
ce2	english	en_animaux	Comment dit-on 🐬 en anglais ?	dolphin	wolf | crocodile | dog
ce2	english	en_animaux	"Quel dessin correspond à ""goat"" ?"	🐐	🦉 | 🦘 | 🐌
ce2	english	en_animaux	"Quel dessin correspond à ""turkey"" ?"	🦃	🐭 | 🦋 | 🐟
ce2	english	en_animaux	Comment dit-on 🦀 en anglais ?	crab	bear | frog | cow
cm2	english	en_animaux	"Que veut dire ""caterpillar"" en français ?"	chenille	tigre | zèbre | fourmi
cm2	english	en_animaux	"Comment dit-on ""chenille"" en anglais ?"	caterpillar	tiger | dog | hedgehog
cm2	english	en_animaux	"Que veut dire ""mosquito"" en français ?"	moustique	cerf | phoque | paon
cm2	english	en_animaux	"Comment dit-on ""moustique"" en anglais ?"	mosquito	lizard | rabbit | octopus
cm2	english	en_animaux	"Quel dessin correspond à ""caterpillar"" ?"	🐛	🦒 | 🐭 | 🦇
cm2	english	en_animaux	"Quel dessin correspond à ""scorpion"" ?"	🦂	🦇 | 🐙 | 🐜
cm2	english	en_animaux	Comment dit-on 🐛 en anglais ?	caterpillar	sheep | crocodile | snake
cm2	english	en_animaux	"Quel dessin correspond à ""mosquito"" ?"	🦟	🦜 | 🐵 | 🐜
cm2	english	en_animaux	Comment dit-on 🦂 en anglais ?	scorpion	rooster | bat | giraffe
cm2	english	en_animaux	Comment dit-on 🦟 en anglais ?	mosquito	zebra | bear | goat
cm2	english	en_animaux	"Que veut dire ""swan"" en français ?"	cygne	tigre | coq | chauve-souris
cm2	english	en_animaux	"Comment dit-on ""phoque"" en anglais ?"	seal	turtle | donkey | rabbit
cm2	english	en_animaux	"Que veut dire ""peacock"" en français ?"	paon	coq | perroquet | souris
cm2	english	en_animaux	"Comment dit-on ""cerf"" en anglais ?"	deer	seal | caterpillar | swan
cm2	english	en_animaux	"Comment dit-on ""cygne"" en anglais ?"	swan	sheep | crab | goat
cm2	english	en_animaux	"Comment dit-on ""paon"" en anglais ?"	peacock	gorilla | scorpion | deer
cm2	english	en_animaux	"Que veut dire ""deer"" en français ?"	cerf	pingouin | souris | hippopotame
cm2	english	en_animaux	"Que veut dire ""seal"" en français ?"	phoque	singe | renard | requin
cm2	english	en_animaux	Comment dit-on 🦇 en anglais ?	bat	turtle | kangaroo | lizard
cm2	english	en_animaux	"Quel dessin correspond à ""rhinoceros"" ?"	🦏	🦟 | 🦛 | 🐱
cm2	english	en_animaux	Comment dit-on 🦏 en anglais ?	rhinoceros	tiger | gorilla | hippo
cm2	english	en_animaux	Comment dit-on 🦎 en anglais ?	lizard	shark | bee | fish
cm2	english	en_animaux	Comment dit-on 🦢 en anglais ?	swan	snake | parrot | owl
cm2	english	en_animaux	Comment dit-on 🦌 en anglais ?	deer	whale | octopus | bat
cm2	english	en_animaux	"Quel dessin correspond à ""swan"" ?"	🦢	🕷️ | 🐝 | 🐢
cm2	english	en_animaux	"Quel dessin correspond à ""hippo"" ?"	🦛	🕷️ | 🐍 | 🦆
cm2	english	en_animaux	"Quel dessin correspond à ""gorilla"" ?"	🦍	🦒 | 🦛 | 🦎
cm2	english	en_animaux	"Quel dessin correspond à ""peacock"" ?"	🦚	🦅 | 🦍 | 🐵
cm2	english	en_animaux	"Quel dessin correspond à ""lizard"" ?"	🦎	🐫 | 🐮 | 🐵
cm2	english	en_animaux	"Quel dessin correspond à ""parrot"" ?"	🦜	🦒 | 🦎 | 🐦
cp	english	en_animaux	"Que veut dire ""monkey"" en français ?"	singe	lion | canard | poule
cp	english	en_animaux	"Comment dit-on ""poule"" en anglais ?"	hen	elephant | mouse | monkey
cp	english	en_animaux	"Comment dit-on ""singe"" en anglais ?"	monkey	duck | frog | lion
cp	english	en_animaux	"Que veut dire ""fish"" en français ?"	poisson	vache | chat | chien
cp	english	en_animaux	"Que veut dire ""hen"" en français ?"	poule	souris | mouton | éléphant
cp	english	en_animaux	Comment dit-on 🐮 en anglais ?	cow	lion | duck | hen
cp	english	en_animaux	"Quel dessin correspond à ""horse"" ?"	🐴	🐰 | 🐘 | 🐶
cp	english	en_animaux	Comment dit-on 🦆 en anglais ?	duck	elephant | sheep | cow
cp	english	en_animaux	Comment dit-on 🐶 en anglais ?	dog	rabbit | bird | cow
cp	english	en_animaux	Comment dit-on 🐰 en anglais ?	rabbit	sheep | horse | fish
cp	english	en_animaux	Comment dit-on 🐵 en anglais ?	monkey	sheep | elephant | rabbit
cp	english	en_animaux	Comment dit-on 🐴 en anglais ?	horse	fish | mouse | bird
cp	english	en_animaux	Comment dit-on 🐦 en anglais ?	bird	lion | elephant | dog
cp	english	en_animaux	Comment dit-on 🐱 en anglais ?	cat	rabbit | bird | mouse
cp	english	en_animaux	Comment dit-on 🦁 en anglais ?	lion	hen | bird | monkey
cp	english	en_animaux	"Quel dessin correspond à ""cat"" ?"	🐱	🐮 | 🐰 | 🦆
cp	english	en_animaux	Comment dit-on 🐔 en anglais ?	hen	cat | dog | cow
cp	english	en_animaux	Comment dit-on 🐸 en anglais ?	frog	duck | cat | bird
cp	english	en_animaux	"Quel dessin correspond à ""pig"" ?"	🐷	🐔 | 🐸 | 🐴
cp	english	en_animaux	"Quel dessin correspond à ""monkey"" ?"	🐵	🐸 | 🐘 | 🐮
cp	english	en_animaux	"Quel dessin correspond à ""duck"" ?"	🦆	🐑 | 🦁 | 🐴
cp	english	en_animaux	"Quel dessin correspond à ""fish"" ?"	🐟	🐴 | 🐔 | 🐵
cp	english	en_animaux	"Quel dessin correspond à ""mouse"" ?"	🐭	🐟 | 🐴 | 🐦
cp	english	en_animaux	Comment dit-on 🐑 en anglais ?	sheep	pig | horse | rabbit
cp	english	en_animaux	"Quel dessin correspond à ""dog"" ?"	🐶	🐷 | 🐵 | 🦁
cp	english	en_animaux	"Quel dessin correspond à ""cow"" ?"	🐮	🐷 | 🐦 | 🐟
cp	english	en_animaux	"Quel dessin correspond à ""sheep"" ?"	🐑	🐮 | 🦆 | 🐱
cp	english	en_animaux	"Quel dessin correspond à ""bird"" ?"	🐦	🐮 | 🐭 | 🦆
cp	english	en_animaux	"Quel dessin correspond à ""hen"" ?"	🐔	🐘 | 🦁 | 🐴
cp	english	en_animaux	"Quel dessin correspond à ""rabbit"" ?"	🐰	🐘 | 🐭 | 🐟
ce1	english	en_avoir_etre	Complète : They ___ a big house.	have	has | are
ce1	english	en_avoir_etre	Complète : She ___ happy.	is	are | has
ce1	english	en_avoir_etre	Complète : He ___ a dog.	has	have | is
ce1	english	en_avoir_etre	Complète : We ___ hungry.	are	is | have
cm1	english	en_avoir_etre	Complète : We ___ blue eyes.	have	has | are
cm1	english	en_avoir_etre	"Comment dit-on ""elle a"" en anglais ?"	she has	she hasn't got | he has | they have
cm1	english	en_avoir_etre	Complète : We ___ tall.	are	am | is | have
cm1	english	en_avoir_etre	"Comment dit-on ""ils sont"" en anglais ?"	they are	he has | he isn't | we are
cm1	english	en_avoir_etre	Complète : I ___ blue eyes.	have	has | are
cm1	english	en_avoir_etre	"Que veut dire ""they are"" en français ?"	ils sont	je n'ai pas | il a | je suis
cm1	english	en_avoir_etre	Complète : They ___ blue eyes.	have	has | are
cm1	english	en_avoir_etre	"Que veut dire ""she has"" en français ?"	elle a	ils ont | elle n'a pas | il est
cm1	english	en_avoir_etre	Complète : She ___ tall.	is	am | are | has
cm1	english	en_avoir_etre	"Que veut dire ""we are"" en français ?"	nous sommes	nous avons | elle n'a pas | il a
cm1	english	en_avoir_etre	Complète : They ___ eleven.	are	am | is | have
cm1	english	en_avoir_etre	"Comment dit-on ""elle n'a pas"" en anglais ?"	she hasn't got	I haven't got | they have | he isn't
cm1	english	en_avoir_etre	Complète : They ___ tall.	are	am | is | have
cm1	english	en_avoir_etre	"Que veut dire ""you are"" en français ?"	vous êtes	il a | je suis | il est
cm1	english	en_avoir_etre	Complète : I ___ in the garden.	am	is | are | have
cm1	english	en_avoir_etre	"Comment dit-on ""nous avons"" en anglais ?"	we have	she hasn't got | I haven't got | he isn't
cm1	english	en_avoir_etre	Complète : He ___ in the garden.	is	am | are | has
cm1	english	en_avoir_etre	"Comment dit-on ""je suis"" en anglais ?"	I am	we are | she hasn't got | they have
cm1	english	en_avoir_etre	Complète : We ___ eleven.	are	am | is | have
cm1	english	en_avoir_etre	"Que veut dire ""he is"" en français ?"	il est	elle n'a pas | il n'est pas | elle a
cm1	english	en_avoir_etre	Complète : They ___ a garden.	have	has | are
cm1	english	en_avoir_etre	"Comment dit-on ""vous êtes"" en anglais ?"	you are	we have | he is | he has
cm1	english	en_avoir_etre	Complète : My brother ___ blue eyes.	has	have | is
cm1	english	en_avoir_etre	"Comment dit-on ""ils ont"" en anglais ?"	they have	you are | he isn't | we have
cm1	english	en_avoir_etre	Complète : My brother ___ two sisters.	has	have | is
cm1	english	en_avoir_etre	"Que veut dire ""she hasn't got"" en français ?"	elle n'a pas	ils sont | il n'est pas | il a
cm1	english	en_avoir_etre	Complète : Tom and Lucy ___ a garden.	have	has | are
cm1	english	en_avoir_etre	"Comment dit-on ""je n'ai pas"" en anglais ?"	I haven't got	you are | we have | he has
cm1	english	en_avoir_etre	Complète : My parents ___ at school.	are	am | is | have
cm1	english	en_avoir_etre	"Que veut dire ""we have"" en français ?"	nous avons	ils ont | il a | elle a
cp	english	en_avoir_etre	Complète : I ___ a dog 🐶.	have	am
cp	english	en_avoir_etre	"Que veut dire ""he is"" en français ?"	il est	j'ai | je suis | tu es
cp	english	en_avoir_etre	Complète : I ___ a cat 🐱.	have	am
cp	english	en_avoir_etre	"Comment dit-on ""j'ai"" en anglais ?"	I have	he is | I am | you have
cp	english	en_avoir_etre	Complète : I ___ a girl.	am	have
cp	english	en_avoir_etre	"Comment dit-on ""il est"" en anglais ?"	he is	I am | you have | I have
cp	english	en_avoir_etre	Complète : I ___ a hat 🎩.	have	am
cp	english	en_avoir_etre	"Que veut dire ""she is"" en français ?"	elle est	j'ai | il est | tu as
cp	english	en_avoir_etre	Complète : I ___ a brother.	have	am
cp	english	en_avoir_etre	"Que veut dire ""I have"" en français ?"	j'ai	elle est | je suis | il est
cp	english	en_avoir_etre	Complète : I ___ scared 😨.	am	have
cp	english	en_avoir_etre	"Comment dit-on ""tu es"" en anglais ?"	you are	you have | I have | he is
cp	english	en_avoir_etre	Complète : I ___ a rabbit 🐰.	have	am
cp	english	en_avoir_etre	"Comment dit-on ""je suis"" en anglais ?"	I am	I have | you are | he is
cp	english	en_avoir_etre	Complète : I ___ an apple 🍎.	have	am
cp	english	en_avoir_etre	"Que veut dire ""you have"" en français ?"	tu as	tu es | je suis | il est
cp	english	en_avoir_etre	Complète : I ___ a boy.	am	have
cp	english	en_avoir_etre	"Que veut dire ""I am"" en français ?"	je suis	tu as | il est | j'ai
cp	english	en_avoir_etre	Complète : I ___ hungry.	am	have
cp	english	en_avoir_etre	"Que veut dire ""you are"" en français ?"	tu es	j'ai | elle est | tu as
cp	english	en_avoir_etre	Complète : I ___ angry 😠.	am	have
cp	english	en_avoir_etre	"Comment dit-on ""tu as"" en anglais ?"	you have	she is | I have | I am
cp	english	en_avoir_etre	Complète : I ___ thirsty.	am	have
cp	english	en_avoir_etre	"Comment dit-on ""elle est"" en anglais ?"	she is	you have | I am | I have
cp	english	en_avoir_etre	Complète : I ___ a banana 🍌.	have	am
cp	english	en_avoir_etre	Complète : I ___ ill 🤒.	am	have
cp	english	en_avoir_etre	Complète : I ___ a car 🚗.	have	am
cp	english	en_avoir_etre	Complète : I ___ a bike 🚲.	have	am
cp	english	en_avoir_etre	Complète : I ___ six.	am	have
cp	english	en_avoir_etre	Complète : I ___ a pencil ✏️.	have	am
cp	english	en_avoir_etre	Complète : I ___ a ball ⚽.	have	am
cp	english	en_avoir_etre	Complète : I ___ sad 😢.	am	have
cp	english	en_avoir_etre	Complète : I ___ a cake 🍰.	have	am
ce1	english	en_calendrier	"Quel jour vient après ""Saturday"" ?"	Sunday	Saturday | Monday | Thursday
ce1	english	en_calendrier	"Quel mois vient avant ""March"" ?"	February	March | May | January
ce1	english	en_calendrier	"Comment dit-on ""juillet"" en anglais ?"	July	August | Friday | May
ce1	english	en_calendrier	"Quel jour vient avant ""Friday"" ?"	Thursday	Friday | Sunday | Wednesday
ce1	english	en_calendrier	"Quel mois vient avant ""January"" ?"	December	January | March | November
ce1	english	en_calendrier	"Que veut dire ""midnight"" en français ?"	minuit	demain | midi | nuit
ce1	english	en_calendrier	"Quel jour vient après ""Tuesday"" ?"	Wednesday	Tuesday | Thursday | Sunday
ce1	english	en_calendrier	"Quel mois vient après ""October"" ?"	November	October | December | August
ce1	english	en_calendrier	"Comment dit-on ""aujourd'hui"" en anglais ?"	today	weekend | tomorrow | noon
ce1	english	en_calendrier	"Que veut dire ""March"" en français ?"	mars	février | décembre | lundi
ce1	english	en_calendrier	"Quel jour vient avant ""Thursday"" ?"	Wednesday	Thursday | Saturday | Tuesday
ce1	english	en_calendrier	"Quel mois vient avant ""February"" ?"	January	February | April | December
ce1	english	en_calendrier	"Que veut dire ""night"" en français ?"	nuit	week-end | aujourd'hui | demain
ce1	english	en_calendrier	"Quel jour vient avant ""Wednesday"" ?"	Tuesday	Wednesday | Friday | Monday
ce1	english	en_calendrier	"Quel mois vient après ""July"" ?"	August	July | September | May
ce1	english	en_calendrier	"Comment dit-on ""soir"" en anglais ?"	evening	night | week | afternoon
ce1	english	en_calendrier	"Que veut dire ""Friday"" en français ?"	vendredi	janvier | février | dimanche
ce1	english	en_calendrier	"Quel jour vient après ""Sunday"" ?"	Monday	Sunday | Tuesday | Friday
ce1	english	en_calendrier	"Quel mois vient après ""August"" ?"	September	August | October | June
ce1	english	en_calendrier	"Comment dit-on ""mars"" en anglais ?"	March	Wednesday | Friday | December
ce1	english	en_calendrier	"Quel jour vient après ""Thursday"" ?"	Friday	Thursday | Saturday | Tuesday
ce1	english	en_calendrier	"Quel mois vient avant ""September"" ?"	August	September | November | July
ce1	english	en_calendrier	"Comment dit-on ""juin"" en anglais ?"	June	July | December | Friday
ce1	english	en_calendrier	"Quel jour vient après ""Monday"" ?"	Tuesday	Monday | Wednesday | Saturday
ce1	english	en_calendrier	"Quel mois vient après ""March"" ?"	April	March | May | January
ce1	english	en_calendrier	"Que veut dire ""weekend"" en français ?"	week-end	hier | minuit | midi
ce1	english	en_calendrier	"Que veut dire ""August"" en français ?"	août	janvier | vendredi | avril
ce1	english	en_calendrier	"Quel jour vient avant ""Tuesday"" ?"	Monday	Tuesday | Thursday | Sunday
ce1	english	en_calendrier	"Quel mois vient après ""September"" ?"	October	September | November | July
ce1	english	en_calendrier	"Que veut dire ""yesterday"" en français ?"	hier	week-end | après-midi | soir
ce1	english	en_calendrier	"Quel jour vient avant ""Monday"" ?"	Sunday	Monday | Wednesday | Saturday
ce2	english	en_calendrier	"Quel mois vient avant ""August"" ?"	July	August | October | June
ce2	english	en_calendrier	"Quelle saison vient avant ""summer"" ?"	spring	summer | winter
ce2	english	en_calendrier	"Que veut dire ""hour"" en français ?"	heure	année | automne | été
ce2	english	en_calendrier	"En anglais, dans quelle saison se trouve le mois de ""January"" ?"	winter	spring | summer | autumn
ce2	english	en_calendrier	"Quel mois vient après ""September"" ?"	October	September | November | July
ce2	english	en_calendrier	"Quelle saison vient après ""autumn"" ?"	winter	autumn | spring | summer
ce2	english	en_calendrier	"Que veut dire ""spring"" en français ?"	printemps	hiver | automne | été
ce2	english	en_calendrier	"En anglais, dans quelle saison se trouve le mois de ""April"" ?"	spring	summer | autumn | winter
ce2	english	en_calendrier	"Quel mois vient après ""February"" ?"	March	February | April | December
ce2	english	en_calendrier	"Quelle saison vient avant ""autumn"" ?"	summer	autumn | spring
ce2	english	en_calendrier	"Que veut dire ""winter"" en français ?"	hiver	anniversaire | mois | année
ce2	english	en_calendrier	"En anglais, dans quelle saison se trouve le mois de ""July"" ?"	summer	spring | autumn | winter
ce2	english	en_calendrier	"Quel mois vient avant ""May"" ?"	April	May | July | March
ce2	english	en_calendrier	"Quelle saison vient après ""winter"" ?"	spring	winter | summer | autumn
ce2	english	en_calendrier	"Que veut dire ""summer"" en français ?"	été	automne | hiver | minute
ce2	english	en_calendrier	"En anglais, dans quelle saison se trouve le mois de ""October"" ?"	autumn	spring | summer | winter
ce2	english	en_calendrier	"Quel mois vient après ""January"" ?"	February	January | March | November
ce2	english	en_calendrier	"Quelle saison vient avant ""spring"" ?"	winter	spring | autumn
ce2	english	en_calendrier	"Que veut dire ""week"" en français ?"	semaine	jour | printemps | heure
ce2	english	en_calendrier	"En anglais, dans quelle saison se trouve le mois de ""August"" ?"	summer	spring | autumn | winter
ce2	english	en_calendrier	"Quel mois vient après ""November"" ?"	December	November | January | September
ce2	english	en_calendrier	"Quelle saison vient après ""summer"" ?"	autumn	summer | winter | spring
ce2	english	en_calendrier	"Comment dit-on ""anniversaire"" en anglais ?"	birthday	year | summer | autumn
ce2	english	en_calendrier	"En anglais, dans quelle saison se trouve le mois de ""December"" ?"	winter	spring | summer | autumn
cm2	english	en_calendrier	"Comment dit-on ""le 3 juin"" en anglais ?"	the third of June	the three of June | the fourth of June | the third of July
cm2	english	en_calendrier	"Quel mois vient avant ""September"" ?"	August	September | November | July
cm2	english	en_calendrier	"Quelle saison vient après ""autumn"" ?"	winter	autumn | spring | summer
cm2	english	en_calendrier	"Comment dit-on ""après-demain"" en anglais ?"	the day after tomorrow	next year | last year | the weekend
cm2	english	en_calendrier	"Comment dit-on ""le 4 octobre"" en anglais ?"	the fourth of October	the four of October | the fifth of October | the fourth of November
cm2	english	en_calendrier	"Quel mois vient après ""February"" ?"	March	February | April | December
cm2	english	en_calendrier	"Quelle saison vient avant ""spring"" ?"	winter	spring | autumn
cm2	english	en_calendrier	"Comment dit-on ""le week-end"" en anglais ?"	the weekend	birthday | the day before yesterday | last week
cm2	english	en_calendrier	"Comment dit-on ""le 10 décembre"" en anglais ?"	the tenth of December	the ten of December | the eleventh of December | the tenth of January
cm2	english	en_calendrier	"Quel mois vient avant ""June"" ?"	May	June | August | April
cm2	english	en_calendrier	"Quelle saison vient après ""summer"" ?"	autumn	summer | winter | spring
cm2	english	en_calendrier	"Comment dit-on ""la semaine dernière"" en anglais ?"	last week	next week | the weekend | midnight
cm2	english	en_calendrier	"Comment dit-on ""le 5 juillet"" en anglais ?"	the fifth of July	the five of July | the sixth of July | the fifth of August
cm2	english	en_calendrier	"Quel mois vient avant ""March"" ?"	February	March | May | January
cm2	english	en_calendrier	"Quelle saison vient avant ""autumn"" ?"	summer	autumn | spring
cm2	english	en_calendrier	"Que veut dire ""last year"" en français ?"	l'année dernière	avant-hier | anniversaire | après-demain
cm2	english	en_calendrier	"Comment dit-on ""le 6 janvier"" en anglais ?"	the sixth of January	the six of January | the seventh of January | the sixth of February
cm2	english	en_calendrier	"Quel mois vient après ""September"" ?"	October	September | November | July
cm2	english	en_calendrier	"Quelle saison vient après ""winter"" ?"	spring	winter | summer | autumn
cm2	english	en_calendrier	"Que veut dire ""midnight"" en français ?"	minuit	la semaine prochaine | siècle | anniversaire
cm2	english	en_calendrier	"Comment dit-on ""le 8 avril"" en anglais ?"	the eighth of April	the eight of April | the ninth of April | the eighth of May
cm2	english	en_calendrier	"Quel mois vient avant ""July"" ?"	June	July | September | May
cm2	english	en_calendrier	"Quelle saison vient après ""spring"" ?"	summer	spring | autumn | winter
cm2	english	en_calendrier	"Comment dit-on ""minuit"" en anglais ?"	midnight	century | the day before yesterday | next week
cm2	english	en_calendrier	"Comment dit-on ""le 9 septembre"" en anglais ?"	the ninth of September	the nine of September | the tenth of September | the ninth of October
cm2	english	en_calendrier	"Quel mois vient après ""November"" ?"	December	November | January | September
cm2	english	en_calendrier	"Quelle saison vient avant ""winter"" ?"	autumn	winter | summer
cm2	english	en_calendrier	"Que veut dire ""the weekend"" en français ?"	le week-end	anniversaire | l'année prochaine | la semaine prochaine
cm2	english	en_calendrier	"Comment dit-on ""le 12 août"" en anglais ?"	the twelfth of August	the twelve of August | the first of August | the twelfth of September
cm2	english	en_calendrier	"Quel mois vient avant ""October"" ?"	September	October | December | August
cp	english	en_calendrier	"Quel jour vient avant ""Thursday"" ?"	Wednesday	Thursday | Saturday | Tuesday
cp	english	en_calendrier	"Quel jour vient après ""Saturday"" ?"	Sunday	Saturday | Monday | Thursday
cp	english	en_calendrier	"Quel jour vient avant ""Wednesday"" ?"	Tuesday	Wednesday | Friday | Monday
cp	english	en_calendrier	"Quel jour vient avant ""Saturday"" ?"	Friday	Saturday | Monday | Thursday
cp	english	en_calendrier	"Que veut dire ""September"" en français ?"	septembre	décembre | mercredi | janvier
ce1	english	en_consignes_obligation	"Comment dit-on ""je sais faire du vélo"" en anglais ?"	I can ride a bike	I can't skate | I can't play football | I can whistle
ce1	english	en_consignes_obligation	"Que veut dire ""Can you swim?"" en français ?"	sais-tu nager ?	je sais nager | je ne sais pas nager | veux-tu nager ?
ce1	english	en_consignes_obligation	Complète : Can you fly? No, I ___ .	can't	can | don't
ce1	english	en_consignes_obligation	"Comment dit-on ""je ne sais pas jouer du piano"" en anglais ?"	I can't play the piano	I can't skate | I can't tell the time | I can skate
ce1	english	en_consignes_obligation	"Que veut dire ""Can you dance?"" en français ?"	sais-tu danser ?	je sais danser | je ne sais pas danser | veux-tu danser ?
ce1	english	en_consignes_obligation	Complète : I can swim. Yes, I ___ !	can	can't | am
ce1	english	en_consignes_obligation	"Comment dit-on ""je sais patiner"" en anglais ?"	I can skate	I can ski | I can play the piano | I can ride a bike
ce1	english	en_consignes_obligation	"Que veut dire ""Can you sing?"" en français ?"	sais-tu chanter ?	je sais chanter | je ne sais pas chanter | veux-tu chanter ?
ce1	english	en_consignes_obligation	"Comment dit-on ""je ne sais pas patiner"" en anglais ?"	I can't skate	I can whistle | I can ride a bike | I can play football
ce1	english	en_consignes_obligation	"Que veut dire ""Can you read?"" en français ?"	sais-tu lire ?	je sais lire | je ne sais pas lire | veux-tu lire ?
ce1	english	en_consignes_obligation	"Comment dit-on ""je ne sais pas siffler"" en anglais ?"	I can't whistle	I can't play the piano | I can cook | I can ride a bike
ce1	english	en_consignes_obligation	"Que veut dire ""Can you run fast?"" en français ?"	sais-tu courir vite ?	je sais courir vite | je ne sais pas courir vite | veux-tu courir vite ?
ce1	english	en_consignes_obligation	"Comment dit-on ""je sais siffler"" en anglais ?"	I can whistle	I can't cook | I can't ride a bike | I can ride a horse
ce1	english	en_consignes_obligation	"Que veut dire ""Can you draw?"" en français ?"	sais-tu dessiner ?	je sais dessiner | je ne sais pas dessiner | veux-tu dessiner ?
ce1	english	en_consignes_obligation	"Comment dit-on ""je ne sais pas faire du cheval"" en anglais ?"	I can't ride a horse	I can play the piano | I can ski | I can skate
ce1	english	en_consignes_obligation	"Comment dit-on ""je sais jouer au football"" en anglais ?"	I can play football	I can't ride a horse | I can whistle | I can't ride a bike
ce1	english	en_consignes_obligation	"Comment dit-on ""je ne sais pas skier"" en anglais ?"	I can't ski	I can ski | I can skate | I can count to ten
ce1	english	en_consignes_obligation	"Comment dit-on ""je sais jouer du piano"" en anglais ?"	I can play the piano	I can't ride a horse | I can't skate | I can count to ten
ce1	english	en_consignes_obligation	"Comment dit-on ""je ne sais pas faire du vélo"" en anglais ?"	I can't ride a bike	I can't ski | I can't play football | I can't tell the time
ce1	english	en_consignes_obligation	"Comment dit-on ""je sais lire l'heure"" en anglais ?"	I can tell the time	I can't cook | I can play football | I can't ride a horse
ce1	english	en_consignes_obligation	"Comment dit-on ""je sais faire du cheval"" en anglais ?"	I can ride a horse	I can tell the time | I can ski | I can cook
ce1	english	en_consignes_obligation	"Comment dit-on ""je sais compter jusqu'à dix"" en anglais ?"	I can count to ten	I can whistle | I can't cook | I can't play the piano
ce1	english	en_consignes_obligation	"Comment dit-on ""je sais cuisiner"" en anglais ?"	I can cook	I can't whistle | I can count to ten | I can tell the time
ce1	english	en_consignes_obligation	"Comment dit-on ""je ne sais pas cuisiner"" en anglais ?"	I can't cook	I can't play football | I can skate | I can't tell the time
ce1	english	en_consignes_obligation	"Comment dit-on ""je ne sais pas compter jusqu'à dix"" en anglais ?"	I can't count to ten	I can ride a horse | I can't ride a horse | I can play football
ce1	english	en_consignes_obligation	"Comment dit-on ""je ne sais pas lire l'heure"" en anglais ?"	I can't tell the time	I can play the piano | I can't play the piano | I can count to ten
cm1	english	en_consignes_obligation	"Que veut dire ""You mustn't talk"" en français ?"	tu ne dois pas parler	tu ne dois pas traverser au feu rouge | tu dois porter un casque | tu dois faire tes devoirs
cm1	english	en_consignes_obligation	Complète : ✅ You ___ be kind to your friends.	must	mustn't | can't
cm1	english	en_consignes_obligation	"Comment dit-on ""tu ne dois pas traverser au feu rouge"" en anglais ?"	You mustn't cross at the red light	You must say thank you | You mustn't lie | You mustn't talk
cm1	english	en_consignes_obligation	Complète : ⛔ You ___ play with matches.	mustn't	must | are
cm1	english	en_consignes_obligation	"Comment dit-on ""tu dois ranger ta chambre"" en anglais ?"	You must tidy your room	You mustn't cross at the red light | You must close the door | You must wait your turn
cm1	english	en_consignes_obligation	Complète : ⛔ We ___ waste water.	mustn't	must | are
cm1	english	en_consignes_obligation	"Comment dit-on ""tu ne dois pas toucher le four"" en anglais ?"	You mustn't touch the oven	You mustn't swim alone | You must wait your turn | You must tidy your room
cm1	english	en_consignes_obligation	Complète : ✅ You ___ listen to the teacher.	must	mustn't | don't
cm1	english	en_consignes_obligation	"Comment dit-on ""tu dois te brosser les dents"" en anglais ?"	You must brush your teeth	You mustn't drop litter | You must do your homework | You mustn't talk
cm1	english	en_consignes_obligation	Complète : ⛔ You ___ eat in class.	mustn't	must | are
cm1	english	en_consignes_obligation	"Que veut dire ""You must do your homework"" en français ?"	tu dois faire tes devoirs	tu dois te brosser les dents | tu ne dois pas traverser au feu rouge | tu ne dois pas mentir
cm1	english	en_consignes_obligation	Complète : ✅ We ___ recycle our bottles.	must	mustn't | is
cm1	english	en_consignes_obligation	"Que veut dire ""You must brush your teeth"" en français ?"	tu dois te brosser les dents	tu dois dire merci | tu ne dois pas parler | tu dois fermer la porte
cm1	english	en_consignes_obligation	Complète : ⛔ You ___ shout in the library.	mustn't	must | is
cm1	english	en_consignes_obligation	"Comment dit-on ""tu ne dois pas nager seul"" en anglais ?"	You mustn't swim alone	You must close the door | You mustn't touch the oven | You must wait your turn
cm1	english	en_consignes_obligation	Complète : ⛔ You ___ run in the corridor.	mustn't	must | can
cm1	english	en_consignes_obligation	"Comment dit-on ""tu dois porter un casque"" en anglais ?"	You must wear a helmet	You must say thank you | You mustn't lie | You mustn't drop litter
cm1	english	en_consignes_obligation	Complète : ✅ You ___ wash your hands before lunch.	must	mustn't | can't
cm1	english	en_consignes_obligation	"Que veut dire ""You mustn't touch the oven"" en français ?"	tu ne dois pas toucher le four	tu dois dire merci | tu dois te brosser les dents | tu dois fermer la porte
cm1	english	en_consignes_obligation	Complète : ✅ You ___ wear a seatbelt in the car.	must	mustn't | can't
cm1	english	en_consignes_obligation	"Que veut dire ""You mustn't swim alone"" en français ?"	tu ne dois pas nager seul	tu dois fermer la porte | tu dois faire tes devoirs | tu dois te brosser les dents
cm1	english	en_consignes_obligation	"Que veut dire ""You must close the door"" en français ?"	tu dois fermer la porte	tu ne dois pas nager seul | tu dois ranger ta chambre | tu dois attendre ton tour
cm1	english	en_consignes_obligation	"Que veut dire ""You must tidy your room"" en français ?"	tu dois ranger ta chambre	tu dois attendre ton tour | tu ne dois pas jeter de papiers par terre | tu ne dois pas nager seul
cm1	english	en_consignes_obligation	"Comment dit-on ""tu ne dois pas mentir"" en anglais ?"	You mustn't lie	You mustn't drop litter | You mustn't talk | You mustn't swim alone
cm1	english	en_consignes_obligation	"Comment dit-on ""tu dois faire tes devoirs"" en anglais ?"	You must do your homework	You mustn't talk | You must wear a helmet | You must brush your teeth
cm1	english	en_consignes_obligation	"Que veut dire ""You mustn't lie"" en français ?"	tu ne dois pas mentir	tu ne dois pas toucher le four | tu dois te brosser les dents | tu dois faire tes devoirs
cm1	english	en_consignes_obligation	"Que veut dire ""You must wait your turn"" en français ?"	tu dois attendre ton tour	tu dois ranger ta chambre | tu dois faire tes devoirs | tu dois te brosser les dents
cm1	english	en_consignes_obligation	"Comment dit-on ""tu ne dois pas jeter de papiers par terre"" en anglais ?"	You mustn't drop litter	You mustn't cross at the red light | You mustn't lie | You mustn't touch the oven
cm1	english	en_consignes_obligation	"Comment dit-on ""tu dois attendre ton tour"" en anglais ?"	You must wait your turn	You mustn't talk | You mustn't swim alone | You mustn't lie
cm1	english	en_consignes_obligation	"Comment dit-on ""tu ne dois pas parler"" en anglais ?"	You mustn't talk	You mustn't cross at the red light | You mustn't swim alone | You must say thank you
cm2	english	en_consignes_obligation	"Que veut dire ""You shouldn't forget your umbrella"" en français ?"	tu ne devrais pas oublier ton parapluie	tu devrais boire de l'eau | tu devrais dormir | tu devrais manger des fruits
cm2	english	en_consignes_obligation	Complète : ⛔ You ___ use your phone in class.	mustn't	must | should
cm2	english	en_consignes_obligation	"Comment dit-on ""tu ne devrais pas manger trop de bonbons"" en anglais ?"	You shouldn't eat too many sweets	You should see a doctor | You should drink water | You should sleep
cm2	english	en_consignes_obligation	Complète : ✅ Drivers ___ stop at a red light.	must	mustn't | can't
cm2	english	en_consignes_obligation	"Comment dit-on ""tu devrais faire du sport"" en anglais ?"	You should do sport	You should eat fruit | You must wear a coat | You shouldn't watch TV too late
cm2	english	en_consignes_obligation	Complète : 💡 Conseil : You ___ eat vegetables every day.	should	shouldn't | can't
cm2	english	en_consignes_obligation	"Comment dit-on ""tu devrais boire de l'eau"" en anglais ?"	You should drink water	You must wear a coat | You should do sport | You shouldn't watch TV too late
cm2	english	en_consignes_obligation	Complète : ⛔ Sorry, you ___ park here.	can't	can | should
cm2	english	en_consignes_obligation	"Comment dit-on ""tu devrais dormir"" en anglais ?"	You should sleep	You shouldn't watch TV too late | You can't come in | You shouldn't eat too many sweets
cm2	english	en_consignes_obligation	Complète : ✅ You ___ show your ticket on the bus.	must	mustn't | shouldn't
cm2	english	en_consignes_obligation	"Que veut dire ""You shouldn't watch TV too late"" en français ?"	tu ne devrais pas regarder la télé trop tard	tu dois porter un manteau | tu devrais dormir | tu devrais boire de l'eau
cm2	english	en_consignes_obligation	Complète : 💡 Conseil : You ___ eat sweets before dinner.	shouldn't	should | must
cm2	english	en_consignes_obligation	"Que veut dire ""You should do sport"" en français ?"	tu devrais faire du sport	tu ne peux pas entrer | tu ne devrais pas regarder la télé trop tard | tu devrais aller chez le médecin
cm2	english	en_consignes_obligation	Complète : 💡 Conseil : You look tired. You ___ go to bed.	should	shouldn't | mustn't
cm2	english	en_consignes_obligation	"Comment dit-on ""tu peux t'asseoir ici"" en anglais ?"	You can sit here	You should do sport | You should sleep | You shouldn't forget your umbrella
cm2	english	en_consignes_obligation	Complète : 💡 Conseil : It's cold. You ___ go out without a coat.	shouldn't	should | must
cm2	english	en_consignes_obligation	"Que veut dire ""You shouldn't eat too many sweets"" en français ?"	tu ne devrais pas manger trop de bonbons	tu peux t'asseoir ici | tu devrais faire du sport | tu devrais dormir
cm2	english	en_consignes_obligation	Complète : 💡 Conseil : You have a cold. You ___ stay at home.	should	shouldn't | mustn't
cm2	english	en_consignes_obligation	"Comment dit-on ""tu devrais aller chez le médecin"" en anglais ?"	You should see a doctor	You can sit here | You must wear a coat | You mustn't open the window
cm2	english	en_consignes_obligation	Complète : ✅ Permission : You ___ use my pencil if you want.	can	can't | mustn't
cm2	english	en_consignes_obligation	"Que veut dire ""You should drink water"" en français ?"	tu devrais boire de l'eau	tu devrais dormir | tu devrais manger des fruits | tu ne dois pas ouvrir la fenêtre
cm2	english	en_consignes_obligation	"Comment dit-on ""tu dois porter un manteau"" en anglais ?"	You must wear a coat	You shouldn't eat too many sweets | You shouldn't forget your umbrella | You should sleep
cm2	english	en_consignes_obligation	"Comment dit-on ""tu ne peux pas entrer"" en anglais ?"	You can't come in	You shouldn't forget your umbrella | You should eat fruit | You should see a doctor
cm2	english	en_consignes_obligation	"Que veut dire ""You must wear a coat"" en français ?"	tu dois porter un manteau	tu devrais manger des fruits | tu devrais boire de l'eau | tu ne devrais pas oublier ton parapluie
cm2	english	en_consignes_obligation	"Comment dit-on ""tu ne devrais pas oublier ton parapluie"" en anglais ?"	You shouldn't forget your umbrella	You should sleep | You can't come in | You shouldn't eat too many sweets
cm2	english	en_consignes_obligation	"Que veut dire ""You mustn't open the window"" en français ?"	tu ne dois pas ouvrir la fenêtre	tu ne devrais pas oublier ton parapluie | tu dois porter un manteau | tu ne devrais pas regarder la télé trop tard
cm2	english	en_consignes_obligation	"Que veut dire ""You can sit here"" en français ?"	tu peux t'asseoir ici	tu ne dois pas ouvrir la fenêtre | tu devrais faire du sport | tu devrais aller chez le médecin
cm2	english	en_consignes_obligation	"Comment dit-on ""tu devrais manger des fruits"" en anglais ?"	You should eat fruit	You should see a doctor | You can't come in | You shouldn't eat too many sweets
cm2	english	en_consignes_obligation	"Que veut dire ""You can't come in"" en français ?"	tu ne peux pas entrer	tu ne dois pas ouvrir la fenêtre | tu ne devrais pas regarder la télé trop tard | tu devrais boire de l'eau
cm2	english	en_consignes_obligation	"Comment dit-on ""tu ne devrais pas regarder la télé trop tard"" en anglais ?"	You shouldn't watch TV too late	You should eat fruit | You shouldn't eat too many sweets | You must wear a coat
cm1	english	en_contraires_synonymes	"Quel est le contraire de ""up"" en anglais ?"	down	never | inside | lose
cm1	english	en_contraires_synonymes	"Quel est le contraire de ""pull"" en anglais ?"	push	expensive | short | far
cm1	english	en_contraires_synonymes	"Quel est le contraire de ""first"" en anglais ?"	last	outside | soft | thin
cm1	english	en_contraires_synonymes	"Quel est le contraire de ""ugly"" en anglais ?"	beautiful	far | sell | up
cm1	english	en_contraires_synonymes	"Quel est le contraire de ""dark"" en anglais ?"	light	thin | early | late
cm1	english	en_contraires_synonymes	"Quel est le contraire de ""push"" en anglais ?"	pull	short | inside | always
cm1	english	en_contraires_synonymes	"Quel est le contraire de ""expensive"" en anglais ?"	cheap	far | pull | always
cm1	english	en_contraires_synonymes	"Quel est le contraire de ""long"" en anglais ?"	short	expensive | down | take
cm1	english	en_contraires_synonymes	"Quel est le contraire de ""left"" en anglais ?"	right	up | wet | expensive
cm1	english	en_contraires_synonymes	"Quel est le contraire de ""dry"" en anglais ?"	wet	near | remember | loud
cm1	english	en_contraires_synonymes	"Quel est le contraire de ""down"" en anglais ?"	up	last | ugly | pull
cm1	english	en_contraires_synonymes	"Quel est le contraire de ""light"" en anglais ?"	dark	win | give | beautiful
cm1	english	en_contraires_synonymes	"Quel est le contraire de ""hard"" en anglais ?"	soft	up | right | light
cm1	english	en_contraires_synonymes	"Quel est le contraire de ""low"" en anglais ?"	high	hard | right | down
cm1	english	en_contraires_synonymes	"Quel est le contraire de ""remember"" en anglais ?"	forget	down | near | lose
cm1	english	en_contraires_synonymes	"Quel est le contraire de ""outside"" en anglais ?"	inside	early | dark | late
cm1	english	en_contraires_synonymes	"Quel est le contraire de ""inside"" en anglais ?"	outside	short | thick | thin
cm1	english	en_contraires_synonymes	"Quel est le contraire de ""thin"" en anglais ?"	thick	up | lose | wet
cm1	english	en_contraires_synonymes	"Quel est le contraire de ""last"" en anglais ?"	first	give | far | hard
cm1	english	en_contraires_synonymes	"Quel est le contraire de ""loud"" en anglais ?"	quiet	win | wet | thin
cm1	english	en_contraires_synonymes	"Quel est le contraire de ""give"" en anglais ?"	take	loud | inside | thin
cm1	english	en_contraires_synonymes	"Quel est le contraire de ""quiet"" en anglais ?"	loud	give | late | far
cm1	english	en_contraires_synonymes	"Quel est le contraire de ""poor"" en anglais ?"	rich	first | dark | loud
cm1	english	en_contraires_synonymes	"Quel est le contraire de ""wet"" en anglais ?"	dry	soft | ugly | outside
cm2	english	en_contraires_synonymes	"Quel est un synonyme de ""clever"" en anglais ?"	smart	ill | close | shut
cm2	english	en_contraires_synonymes	"Quel est le contraire de ""always"" en anglais ?"	never	light | win | right
cm2	english	en_contraires_synonymes	"Quel est un synonyme de ""yell"" en anglais ?"	shout	rubbish | beautiful | gift
cm2	english	en_contraires_synonymes	"Quel est le contraire de ""light"" en anglais ?"	dark	buy | finish | short
cm2	english	en_contraires_synonymes	"Quel est un synonyme de ""rubbish"" en anglais ?"	trash	finish | gift | ill
cm2	english	en_contraires_synonymes	"Quel est le contraire de ""give"" en anglais ?"	take	true | win | long
cm2	english	en_contraires_synonymes	"Quel est un synonyme de ""shout"" en anglais ?"	yell	clever | quiet | finish
cm2	english	en_contraires_synonymes	"Quel est le contraire de ""right"" en anglais ?"	left	first | start | remember
cm2	english	en_contraires_synonymes	"Quel est un synonyme de ""gift"" en anglais ?"	present	shut | sick | shout
cm2	english	en_contraires_synonymes	"Quel est le contraire de ""long"" en anglais ?"	short	inside | buy | lose
cm2	english	en_contraires_synonymes	"Quel est un synonyme de ""end"" en anglais ?"	finish	present | start | trash
cm2	english	en_contraires_synonymes	"Quel est le contraire de ""heavy"" en anglais ?"	light	win | short | outside
cm2	english	en_contraires_synonymes	"Quel est un synonyme de ""enormous"" en anglais ?"	huge	silent | simple | finish
cm2	english	en_contraires_synonymes	"Quel est le contraire de ""start"" en anglais ?"	finish	take | give | remember
cm2	english	en_contraires_synonymes	"Quel est un synonyme de ""close"" en anglais ?"	shut	beautiful | gift | quiet
cm2	english	en_contraires_synonymes	"Quel est le contraire de ""hate"" en anglais ?"	love	true | up | first
cm2	english	en_contraires_synonymes	"Quel est un synonyme de ""simple"" en anglais ?"	easy	scared | clever | afraid
cm2	english	en_contraires_synonymes	"Quel est le contraire de ""pull"" en anglais ?"	push	left | outside | bad
cm2	english	en_contraires_synonymes	"Quel est un synonyme de ""smart"" en anglais ?"	clever	rubbish | close | pretty
cm2	english	en_contraires_synonymes	"Quel est le contraire de ""left"" en anglais ?"	right	finish | dark | never
cm2	english	en_contraires_synonymes	"Quel est un synonyme de ""easy"" en anglais ?"	simple	afraid | beautiful | scared
cm2	english	en_contraires_synonymes	"Quel est le contraire de ""true"" en anglais ?"	false	love | come | take
cm2	english	en_contraires_synonymes	"Quel est un synonyme de ""begin"" en anglais ?"	start	present | trash | beautiful
cm2	english	en_contraires_synonymes	"Quel est le contraire de ""last"" en anglais ?"	first	true | left | up
cm2	english	en_contraires_synonymes	"Quel est un synonyme de ""trash"" en anglais ?"	rubbish	clever | sick | present
cm2	english	en_contraires_synonymes	"Quel est le contraire de ""remember"" en anglais ?"	forget	heavy | win | always
cm2	english	en_contraires_synonymes	"Quel est un synonyme de ""sick"" en anglais ?"	ill	close | huge | shut
cm2	english	en_contraires_synonymes	"Quel est le contraire de ""push"" en anglais ?"	pull	dark | hate | remember
cm2	english	en_contraires_synonymes	"Quel est un synonyme de ""ill"" en anglais ?"	sick	simple | silent | shut
cm2	english	en_contraires_synonymes	"Quel est le contraire de ""win"" en anglais ?"	lose	start | wrong | up
ce1	english	en_corps	"Que veut dire ""knee"" en français ?"	genou	main | doigt | pied
ce1	english	en_corps	"Comment dit-on ""nez"" en anglais ?"	nose	foot | knee | shoulder
ce1	english	en_corps	"Comment dit-on ""bouche"" en anglais ?"	mouth	shoulder | hair | leg
ce1	english	en_corps	"Que veut dire ""back"" en français ?"	dos	dent | tête | cheveux
ce1	english	en_corps	"Que veut dire ""mouth"" en français ?"	bouche	oeil | nez | oreille
ce1	english	en_corps	"Que veut dire ""nose"" en français ?"	nez	dent | doigt | dos
ce1	english	en_corps	"Comment dit-on ""doigt"" en anglais ?"	finger	head | foot | mouth
ce1	english	en_corps	"Que veut dire ""shoulder"" en français ?"	épaule	oeil | pied | doigt
ce1	english	en_corps	"Que veut dire ""ear"" en français ?"	oreille	cheveux | bouche | nez
ce1	english	en_corps	"Que veut dire ""head"" en français ?"	tête	nez | bouche | oreille
ce1	english	en_corps	"Comment dit-on ""tête"" en anglais ?"	head	ear | arm | finger
ce1	english	en_corps	"Comment dit-on ""épaule"" en anglais ?"	shoulder	finger | hand | nose
ce1	english	en_corps	Comment dit-on 🦶 en anglais ?	foot	hand | ear | nose
ce1	english	en_corps	"Quel dessin correspond à ""foot"" ?"	🦶	🦵 | ☝️ | ✋
ce1	english	en_corps	Comment dit-on 👄 en anglais ?	mouth	ear | finger | leg
ce1	english	en_corps	Comment dit-on 🦵 en anglais ?	leg	tooth | hand | nose
ce1	english	en_corps	Comment dit-on ✋ en anglais ?	hand	eye | tooth | ear
ce1	english	en_corps	"Quel dessin correspond à ""ear"" ?"	👂	🦷 | 🦶 | ☝️
ce1	english	en_corps	"Quel dessin correspond à ""leg"" ?"	🦵	👄 | 🦶 | ☝️
ce1	english	en_corps	"Quel dessin correspond à ""finger"" ?"	☝️	🦵 | ✋ | 👁️
ce1	english	en_corps	"Quel dessin correspond à ""hand"" ?"	✋	🦵 | 🦶 | ☝️
ce1	english	en_corps	Comment dit-on ☝️ en anglais ?	finger	nose | ear | leg
ce1	english	en_corps	"Quel dessin correspond à ""eye"" ?"	👁️	✋ | 👄 | ☝️
ce1	english	en_corps	"Quel dessin correspond à ""mouth"" ?"	👄	👃 | 👁️ | 🦵
ce1	english	en_corps	Comment dit-on 👃 en anglais ?	nose	hand | tooth | mouth
ce1	english	en_corps	Comment dit-on 🦷 en anglais ?	tooth	hand | eye | leg
ce1	english	en_corps	"Quel dessin correspond à ""nose"" ?"	👃	👄 | ☝️ | 🦶
ce1	english	en_corps	Comment dit-on 👁️ en anglais ?	eye	leg | nose | finger
ce1	english	en_corps	Comment dit-on 👂 en anglais ?	ear	nose | eye | finger
ce1	english	en_corps	"Quel dessin correspond à ""tooth"" ?"	🦷	🦵 | ✋ | ☝️
ce2	english	en_corps	"Que veut dire ""toe"" en français ?"	orteil	ventre | pied | tête
ce2	english	en_corps	"Comment dit-on ""langue"" en anglais ?"	tongue	hand | shoulder | ear
ce2	english	en_corps	"Comment dit-on ""orteil"" en anglais ?"	toe	ear | knee | tooth
ce2	english	en_corps	"Comment dit-on ""coude"" en anglais ?"	elbow	toe | mouth | ear
ce2	english	en_corps	"Que veut dire ""tongue"" en français ?"	langue	oreille | oeil | bouche
ce2	english	en_corps	"Que veut dire ""elbow"" en français ?"	coude	langue | dos | oeil
ce2	english	en_corps	"Que veut dire ""neck"" en français ?"	cou	bouche | oeil | nez
ce2	english	en_corps	"Comment dit-on ""cou"" en anglais ?"	neck	shoulder | tummy | tongue
ce2	english	en_corps	"Quel dessin correspond à ""tongue"" ?"	👅	👃 | ✋ | ☝️
ce2	english	en_corps	Comment dit-on 👅 en anglais ?	tongue	eye | ear | finger
ce2	english	en_corps	"Comment dit-on ""doigt"" en anglais ?"	finger	head | neck | arm
ce2	english	en_corps	"Que veut dire ""finger"" en français ?"	doigt	langue | main | bouche
ce2	english	en_corps	"Comment dit-on ""dos"" en anglais ?"	back	tooth | knee | shoulder
ce2	english	en_corps	"Comment dit-on ""genou"" en anglais ?"	knee	elbow | hand | tongue
ce2	english	en_corps	"Que veut dire ""tummy"" en français ?"	ventre	orteil | cheveux | dent
ce2	english	en_corps	"Que veut dire ""back"" en français ?"	dos	épaule | cou | jambe
ce2	english	en_corps	"Que veut dire ""knee"" en français ?"	genou	orteil | oreille | doigt
ce2	english	en_corps	"Comment dit-on ""ventre"" en anglais ?"	tummy	finger | knee | arm
ce2	english	en_corps	Comment dit-on ☝️ en anglais ?	finger	foot | eye | nose
ce2	english	en_corps	"Quel dessin correspond à ""finger"" ?"	☝️	🦶 | 👄 | 👁️
ce2	english	en_corps	"Comment dit-on ""pied"" en anglais ?"	foot	tooth | shoulder | head
ce2	english	en_corps	"Que veut dire ""foot"" en français ?"	pied	ventre | coude | bras
ce2	english	en_corps	"Que veut dire ""hair"" en français ?"	cheveux	ventre | oeil | nez
ce2	english	en_corps	"Comment dit-on ""cheveux"" en anglais ?"	hair	leg | tongue | shoulder
ce2	english	en_corps	"Quel dessin correspond à ""foot"" ?"	🦶	🦵 | 👃 | ☝️
ce2	english	en_corps	Comment dit-on 👁️ en anglais ?	eye	leg | mouth | tongue
ce2	english	en_corps	Comment dit-on 🦷 en anglais ?	tooth	ear | foot | finger
ce2	english	en_corps	Comment dit-on 👃 en anglais ?	nose	eye | tooth | tongue
ce2	english	en_corps	"Quel dessin correspond à ""nose"" ?"	👃	👅 | 👂 | 👄
ce2	english	en_corps	"Quel dessin correspond à ""eye"" ?"	👁️	🦶 | 👅 | 👂
cm1	english	en_corps	"Que veut dire ""wrist"" en français ?"	poignet	épaule | cheveux | oeil
cm1	english	en_corps	"Que veut dire ""ankle"" en français ?"	cheville	genou | oeil | lèvres
cm1	english	en_corps	"Comment dit-on ""lèvres"" en anglais ?"	lips	nose | heart | chin
cm1	english	en_corps	"Que veut dire ""heart"" en français ?"	cœur	menton | dent | front
cm1	english	en_corps	"Comment dit-on ""cheville"" en anglais ?"	ankle	back | wrist | toe
cm1	english	en_corps	"Que veut dire ""chin"" en français ?"	menton	bras | joue | cœur
cm1	english	en_corps	"Que veut dire ""forehead"" en français ?"	front	lèvres | dent | épaule
cm1	english	en_corps	"Comment dit-on ""menton"" en anglais ?"	chin	elbow | neck | finger
cm1	english	en_corps	"Comment dit-on ""joue"" en anglais ?"	cheek	wrist | leg | foot
cm1	english	en_corps	"Que veut dire ""lips"" en français ?"	lèvres	dos | front | poignet
cm1	english	en_corps	"Comment dit-on ""cœur"" en anglais ?"	heart	toe | finger | forehead
cm1	english	en_corps	"Comment dit-on ""front"" en anglais ?"	forehead	shoulder | mouth | tongue
cm1	english	en_corps	"Comment dit-on ""poignet"" en anglais ?"	wrist	foot | neck | nose
cm1	english	en_corps	"Que veut dire ""cheek"" en français ?"	joue	poignet | genou | dent
cm1	english	en_corps	"Quel dessin correspond à ""heart"" ?"	❤️	🦷 | 👁️ | ☝️
cm1	english	en_corps	Comment dit-on ❤️ en anglais ?	heart	leg | nose | mouth
cm1	english	en_corps	"Comment dit-on ""langue"" en anglais ?"	tongue	cheek | finger | wrist
cm1	english	en_corps	"Que veut dire ""neck"" en français ?"	cou	dos | ventre | jambe
cm1	english	en_corps	"Comment dit-on ""orteil"" en anglais ?"	toe	nose | heart | knee
cm1	english	en_corps	"Que veut dire ""toe"" en français ?"	orteil	nez | doigt | cheveux
cm1	english	en_corps	"Comment dit-on ""coude"" en anglais ?"	elbow	nose | cheek | foot
cm1	english	en_corps	"Que veut dire ""tongue"" en français ?"	langue	oreille | front | cou
cm1	english	en_corps	"Comment dit-on ""cou"" en anglais ?"	neck	elbow | back | heart
cm1	english	en_corps	"Que veut dire ""elbow"" en français ?"	coude	dos | ventre | nez
cm1	english	en_corps	Comment dit-on 👅 en anglais ?	tongue	mouth | hand | tooth
cm1	english	en_corps	"Quel dessin correspond à ""tongue"" ?"	👅	🦶 | ☝️ | ✋
cm1	english	en_corps	"Comment dit-on ""ventre"" en anglais ?"	tummy	shoulder | cheek | eye
cm1	english	en_corps	"Que veut dire ""knee"" en français ?"	genou	pied | oreille | joue
cm1	english	en_corps	"Comment dit-on ""épaule"" en anglais ?"	shoulder	tongue | wrist | ankle
cm1	english	en_corps	"Comment dit-on ""genou"" en anglais ?"	knee	hand | neck | elbow
cp	english	en_corps	"Que veut dire ""hair"" en français ?"	cheveux	pied | nez | jambe
cp	english	en_corps	"Comment dit-on ""main"" en anglais ?"	hand	arm | leg | mouth
cp	english	en_corps	"Comment dit-on ""dent"" en anglais ?"	tooth	head | foot | mouth
cp	english	en_corps	"Comment dit-on ""cheveux"" en anglais ?"	hair	tooth | hand | mouth
cp	english	en_corps	"Que veut dire ""hand"" en français ?"	main	jambe | bras | dent
cp	english	en_corps	"Comment dit-on ""bras"" en anglais ?"	arm	tooth | hand | nose
cp	english	en_corps	"Que veut dire ""leg"" en français ?"	jambe	cheveux | bouche | tête
cp	english	en_corps	"Que veut dire ""eye"" en français ?"	oeil	oreille | jambe | pied
cp	english	en_corps	"Comment dit-on ""pied"" en anglais ?"	foot	arm | hand | hair
cp	english	en_corps	"Comment dit-on ""oreille"" en anglais ?"	ear	tooth | arm | nose
cp	english	en_corps	"Comment dit-on ""oeil"" en anglais ?"	eye	leg | foot | head
cp	english	en_corps	"Que veut dire ""arm"" en français ?"	bras	tête | oeil | jambe
cp	english	en_corps	"Que veut dire ""foot"" en français ?"	pied	oeil | cheveux | dent
cp	english	en_corps	"Comment dit-on ""jambe"" en anglais ?"	leg	nose | eye | head
cp	english	en_corps	"Que veut dire ""tooth"" en français ?"	dent	jambe | oeil | main
cp	english	en_corps	"Que veut dire ""ear"" en français ?"	oreille	bouche | bras | jambe
cp	english	en_corps	Comment dit-on ✋ en anglais ?	hand	leg | mouth | tooth
cp	english	en_corps	Comment dit-on 🦶 en anglais ?	foot	mouth | leg | nose
cp	english	en_corps	Comment dit-on 👁️ en anglais ?	eye	foot | leg | hand
cp	english	en_corps	Comment dit-on 🦵 en anglais ?	leg	nose | ear | foot
cp	english	en_corps	"Quel dessin correspond à ""eye"" ?"	👁️	👂 | 🦷 | ✋
cp	english	en_corps	"Quel dessin correspond à ""nose"" ?"	👃	🦶 | 🦵 | 👄
cp	english	en_corps	Comment dit-on 👄 en anglais ?	mouth	leg | tooth | nose
cp	english	en_corps	Comment dit-on 👃 en anglais ?	nose	mouth | hand | leg
cp	english	en_corps	"Quel dessin correspond à ""ear"" ?"	👂	🦵 | 👃 | 🦷
cp	english	en_corps	"Quel dessin correspond à ""foot"" ?"	🦶	👁️ | 👃 | ✋
cp	english	en_corps	"Quel dessin correspond à ""tooth"" ?"	🦷	👂 | 👁️ | 🦵
cp	english	en_corps	"Quel dessin correspond à ""hand"" ?"	✋	👃 | 👂 | 🦷
cp	english	en_corps	"Quel dessin correspond à ""leg"" ?"	🦵	👁️ | 🦶 | 👂
cp	english	en_corps	"Quel dessin correspond à ""mouth"" ?"	👄	👂 | 🦵 | 👃
ce1	english	en_couleurs	"Comment dit-on ""gris"" en anglais ?"	grey	silver | white | yellow
ce1	english	en_couleurs	"Comment dit-on ""vert"" en anglais ?"	green	yellow | purple | silver
ce1	english	en_couleurs	"Que veut dire ""red"" en français ?"	rouge	beige | argenté | blanc
ce1	english	en_couleurs	"Comment dit-on ""bleu"" en anglais ?"	blue	red | brown | pink
ce1	english	en_couleurs	"Que veut dire ""pink"" en français ?"	rose	orange | noir | violet
ce1	english	en_couleurs	"Que veut dire ""black"" en français ?"	noir	turquoise | doré | blanc
ce1	english	en_couleurs	"Comment dit-on ""violet"" en anglais ?"	purple	brown | white | beige
ce1	english	en_couleurs	"Que veut dire ""grey"" en français ?"	gris	turquoise | violet | rouge
ce1	english	en_couleurs	"Comment dit-on ""marron"" en anglais ?"	brown	black | beige | green
ce1	english	en_couleurs	"Comment dit-on ""rose"" en anglais ?"	pink	golden | orange | black
ce1	english	en_couleurs	"Que veut dire ""yellow"" en français ?"	jaune	orange | doré | rouge
ce1	english	en_couleurs	"Que veut dire ""white"" en français ?"	blanc	vert | jaune | violet
ce1	english	en_couleurs	"Que veut dire ""purple"" en français ?"	violet	marron | turquoise | blanc
ce1	english	en_couleurs	"Que veut dire ""silver"" en français ?"	argenté	vert | bleu | noir
ce1	english	en_couleurs	"Comment dit-on ""jaune"" en anglais ?"	yellow	orange | turquoise | pink
ce1	english	en_couleurs	"Quel dessin correspond à ""brown"" ?"	🟫	🟦 | 🟨 | 🟩
ce1	english	en_couleurs	Comment dit-on 🟥 en anglais ?	red	orange | purple | brown
ce1	english	en_couleurs	"Quel dessin correspond à ""red"" ?"	🟥	⬛ | 🟧 | 🟦
ce1	english	en_couleurs	Comment dit-on ⬛ en anglais ?	black	red | white | green
ce1	english	en_couleurs	Comment dit-on ⬜ en anglais ?	white	purple | green | red
ce1	english	en_couleurs	Comment dit-on 🟫 en anglais ?	brown	green | yellow | purple
ce1	english	en_couleurs	Comment dit-on 🟨 en anglais ?	yellow	red | green | black
ce1	english	en_couleurs	Comment dit-on 🟪 en anglais ?	purple	blue | black | red
ce1	english	en_couleurs	"Quel dessin correspond à ""black"" ?"	⬛	🟦 | 🟪 | 🟩
ce1	english	en_couleurs	"Quel dessin correspond à ""blue"" ?"	🟦	⬛ | 🟨 | 🟫
ce1	english	en_couleurs	"Quel dessin correspond à ""yellow"" ?"	🟨	🟥 | ⬜ | 🟦
ce1	english	en_couleurs	Comment dit-on 🟩 en anglais ?	green	brown | yellow | black
ce1	english	en_couleurs	"Quel dessin correspond à ""orange"" ?"	🟧	🟩 | 🟪 | 🟦
ce1	english	en_couleurs	Comment dit-on 🟦 en anglais ?	blue	white | purple | yellow
ce1	english	en_couleurs	"Quel dessin correspond à ""purple"" ?"	🟪	🟨 | ⬜ | ⬛
ce2	english	en_couleurs	"Comment dit-on ""vert foncé"" en anglais ?"	dark green	silver | green | brown
ce2	english	en_couleurs	"Comment dit-on ""bleu clair"" en anglais ?"	light blue	dark green | navy blue | grey
ce2	english	en_couleurs	"Que veut dire ""dark green"" en français ?"	vert foncé	blanc | kaki | violet
ce2	english	en_couleurs	"Comment dit-on ""bleu marine"" en anglais ?"	navy blue	purple | pink | yellow
ce2	english	en_couleurs	"Que veut dire ""light blue"" en français ?"	bleu clair	gris | beige | rouge
ce2	english	en_couleurs	"Que veut dire ""navy blue"" en français ?"	bleu marine	turquoise | violet | kaki
ce2	english	en_couleurs	"Que veut dire ""maroon"" en français ?"	bordeaux	turquoise | vert | orange
ce2	english	en_couleurs	"Comment dit-on ""bordeaux"" en anglais ?"	maroon	beige | cream | navy blue
ce2	english	en_couleurs	"Comment dit-on ""argenté"" en anglais ?"	silver	maroon | blue | lavender
ce2	english	en_couleurs	"Que veut dire ""silver"" en français ?"	argenté	gris | jaune | violet
ce2	english	en_couleurs	"Que veut dire ""golden"" en français ?"	doré	bleu marine | rose | bleu clair
ce2	english	en_couleurs	"Comment dit-on ""doré"" en anglais ?"	golden	light blue | purple | pink
ce2	english	en_couleurs	"Que veut dire ""brown"" en français ?"	marron	violet | gris | bleu marine
ce2	english	en_couleurs	"Comment dit-on ""marron"" en anglais ?"	brown	pink | beige | golden
ce2	english	en_couleurs	"Quel dessin correspond à ""white"" ?"	⬜	⬛ | 🟩 | 🟫
ce2	english	en_couleurs	"Quel dessin correspond à ""yellow"" ?"	🟨	🟧 | 🟩 | 🟥
ce2	english	en_couleurs	"Quel dessin correspond à ""red"" ?"	🟥	🟨 | 🟧 | ⬛
ce2	english	en_couleurs	Comment dit-on ⬛ en anglais ?	black	brown | white | green
ce2	english	en_couleurs	Comment dit-on 🟩 en anglais ?	green	purple | black | blue
ce2	english	en_couleurs	Comment dit-on ⬜ en anglais ?	white	red | blue | yellow
ce2	english	en_couleurs	Comment dit-on 🟨 en anglais ?	yellow	black | orange | brown
ce2	english	en_couleurs	"Quel dessin correspond à ""blue"" ?"	🟦	🟧 | 🟩 | 🟪
ce2	english	en_couleurs	"Quel dessin correspond à ""black"" ?"	⬛	⬜ | 🟥 | 🟦
ce2	english	en_couleurs	"Quel dessin correspond à ""purple"" ?"	🟪	🟧 | 🟨 | 🟫
ce2	english	en_couleurs	"Quel dessin correspond à ""orange"" ?"	🟧	⬛ | 🟨 | 🟦
ce2	english	en_couleurs	Comment dit-on 🟪 en anglais ?	purple	orange | black | brown
ce2	english	en_couleurs	Comment dit-on 🟧 en anglais ?	orange	yellow | blue | red
ce2	english	en_couleurs	"Quel dessin correspond à ""brown"" ?"	🟫	🟦 | 🟧 | 🟩
ce2	english	en_couleurs	Comment dit-on 🟦 en anglais ?	blue	black | white | red
ce2	english	en_couleurs	Comment dit-on 🟥 en anglais ?	red	orange | black | blue
cp	english	en_couleurs	"Que veut dire ""blue"" en français ?"	bleu	blanc | orange | gris
cp	english	en_couleurs	"Que veut dire ""green"" en français ?"	vert	gris | jaune | violet
cp	english	en_couleurs	"Quel dessin correspond à ""yellow"" ?"	🟨	⬜ | 🟫 | ⬛
cp	english	en_couleurs	"Quel dessin correspond à ""purple"" ?"	🟪	🟩 | 🟧 | 🟨
cp	english	en_couleurs	"Quel dessin correspond à ""red"" ?"	🟥	🟦 | ⬛ | ⬜
cp	english	en_couleurs	Comment dit-on 🟦 en anglais ?	blue	black | green | red
cp	english	en_couleurs	Comment dit-on 🟧 en anglais ?	orange	purple | yellow | green
cp	english	en_couleurs	"Quel dessin correspond à ""brown"" ?"	🟫	🟦 | ⬛ | ⬜
cp	english	en_couleurs	Comment dit-on 🟨 en anglais ?	yellow	orange | blue | green
cp	english	en_couleurs	Comment dit-on ⬛ en anglais ?	black	white | green | blue
cp	english	en_couleurs	Comment dit-on 🟪 en anglais ?	purple	black | red | orange
cp	english	en_couleurs	Comment dit-on 🟥 en anglais ?	red	black | green | blue
cp	english	en_couleurs	Comment dit-on 🟫 en anglais ?	brown	white | green | red
cp	english	en_couleurs	"Quel dessin correspond à ""white"" ?"	⬜	🟧 | 🟩 | 🟫
cp	english	en_couleurs	"Quel dessin correspond à ""green"" ?"	🟩	🟪 | 🟦 | ⬛
cp	english	en_couleurs	Comment dit-on 🟩 en anglais ?	green	orange | black | yellow
cp	english	en_couleurs	Comment dit-on ⬜ en anglais ?	white	red | black | orange
cp	english	en_couleurs	"Quel dessin correspond à ""orange"" ?"	🟧	🟦 | 🟫 | 🟨
cp	english	en_couleurs	"Quel dessin correspond à ""blue"" ?"	🟦	🟧 | 🟪 | 🟨
cp	english	en_couleurs	"Quel dessin correspond à ""black"" ?"	⬛	🟪 | 🟥 | ⬜
cp	english	en_couleurs	En anglais, de quelle couleur est 🍌 ?	yellow	green | orange | pink
cp	english	en_couleurs	"Quelle couleur obtient-on en mélangeant ""blue"" et ""yellow"" ?"	green	brown | purple | pink
cp	english	en_couleurs	En anglais, de quelle couleur est 🍓 ?	red	yellow | black | brown
cp	english	en_couleurs	"Quelle couleur obtient-on en mélangeant ""red"" et ""yellow"" ?"	orange	brown | pink | white
cp	english	en_couleurs	En anglais, de quelle couleur est 🐸 ?	green	red | grey | yellow
cp	english	en_couleurs	"Quelle couleur obtient-on en mélangeant ""red"" et ""blue"" ?"	purple	orange | white | yellow
cp	english	en_couleurs	En anglais, de quelle couleur est 🥕 ?	orange	green | pink | grey
cp	english	en_couleurs	"Quelle couleur obtient-on en mélangeant ""red"" et ""white"" ?"	pink	green | black | orange
cp	english	en_couleurs	En anglais, de quelle couleur est 🐘 ?	grey	blue | purple | yellow
cp	english	en_couleurs	"Quelle couleur obtient-on en mélangeant ""black"" et ""white"" ?"	grey	yellow | blue | red
ce1	english	en_decrire_position	"Comment dit-on ""un chien blanc"" en anglais ?"	a white dog	a dog white | a black dog | a white ball
ce1	english	en_decrire_position	"Comment dit-on ""le livre est sous la chaise"" en anglais ?"	The book is under the chair	The book is in the chair | The book is on the chair | The book is behind the chair
ce1	english	en_decrire_position	"Comment dit-on ""un ballon blanc"" en anglais ?"	a white ball	a ball white | a blue ball | a white flower
ce1	english	en_decrire_position	"Comment dit-on ""le livre est derrière le lit"" en anglais ?"	The book is behind the bed	The book is on the bed | The book is in front of the bed | The book is under the bed
ce1	english	en_decrire_position	"Comment dit-on ""une voiture noire"" en anglais ?"	a black car	a car black | a blue car | a black cat
ce1	english	en_decrire_position	"Comment dit-on ""le chat est sous le sac"" en anglais ?"	The cat is under the bag	The cat is in the bag | The cat is next to the bag | The cat is in front of the bag
ce1	english	en_decrire_position	"Comment dit-on ""une fleur blanche"" en anglais ?"	a white flower	a flower white | a red flower | a white hat
ce1	english	en_decrire_position	"Comment dit-on ""le chien est devant le sac"" en anglais ?"	The dog is in front of the bag	The dog is under the bag | The dog is on the bag | The dog is next to the bag
ce1	english	en_decrire_position	"Comment dit-on ""un ballon bleu"" en anglais ?"	a blue ball	a ball blue | a red ball | a blue bird
ce1	english	en_decrire_position	"Comment dit-on ""le chien est sur le lit"" en anglais ?"	The dog is on the bed	The dog is under the bed | The dog is in front of the bed | The dog is behind the bed
ce1	english	en_decrire_position	"Comment dit-on ""une fleur bleue"" en anglais ?"	a blue flower	a flower blue | a yellow flower | a blue ball
ce1	english	en_decrire_position	"Comment dit-on ""la souris est devant la boîte"" en anglais ?"	The mouse is in front of the box	The mouse is on the box | The mouse is next to the box | The mouse is behind the box
ce1	english	en_decrire_position	"Comment dit-on ""un chapeau bleu"" en anglais ?"	a blue hat	a hat blue | a green hat | a blue car
ce1	english	en_decrire_position	"Comment dit-on ""une voiture verte"" en anglais ?"	a green car	a car green | a yellow car | a green apple
ce1	english	en_decrire_position	"Comment dit-on ""le crayon est sur la boîte"" en anglais ?"	The pencil is on the box	The pencil is in the box | The pencil is next to the box | The pencil is under the box
ce1	english	en_decrire_position	"Comment dit-on ""un oiseau bleu"" en anglais ?"	a blue bird	a bird blue | a yellow bird | a blue ball
ce1	english	en_decrire_position	"Comment dit-on ""la souris est dans le sac"" en anglais ?"	The mouse is in the bag	The mouse is behind the bag | The mouse is under the bag | The mouse is on the bag
ce1	english	en_decrire_position	"Comment dit-on ""un ballon noir"" en anglais ?"	a black ball	a ball black | a green ball | a black dog
ce1	english	en_decrire_position	"Comment dit-on ""le chat est derrière le lit"" en anglais ?"	The cat is behind the bed	The cat is in front of the bed | The cat is in the bed | The cat is under the bed
ce1	english	en_decrire_position	"Comment dit-on ""un chapeau noir"" en anglais ?"	a black hat	a hat black | a blue hat | a black bird
ce1	english	en_decrire_position	"Comment dit-on ""le livre est à côté de la boîte"" en anglais ?"	The book is next to the box	The book is on the box | The book is under the box | The book is behind the box
ce1	english	en_decrire_position	"Comment dit-on ""une fleur rouge"" en anglais ?"	a red flower	a flower red | a blue flower | a red hat
ce1	english	en_decrire_position	"Comment dit-on ""le livre est à côté du lit"" en anglais ?"	The book is next to the bed	The book is in the bed | The book is on the bed | The book is in front of the bed
ce1	english	en_decrire_position	"Comment dit-on ""un chapeau blanc"" en anglais ?"	a white hat	a hat white | a yellow hat | a white flower
ce1	english	en_decrire_position	"Comment dit-on ""le crayon est derrière le lit"" en anglais ?"	The pencil is behind the bed	The pencil is next to the bed | The pencil is in the bed | The pencil is in front of the bed
ce1	english	en_decrire_position	"Comment dit-on ""une voiture bleue"" en anglais ?"	a blue car	a car blue | a yellow car | a blue flower
ce1	english	en_decrire_position	"Comment dit-on ""le chien est à côté du lit"" en anglais ?"	The dog is next to the bed	The dog is in the bed | The dog is behind the bed | The dog is on the bed
ce1	english	en_decrire_position	"Comment dit-on ""une voiture rouge"" en anglais ?"	a red car	a car red | a blue car | a red flower
ce1	english	en_decrire_position	"Comment dit-on ""le livre est devant la chaise"" en anglais ?"	The book is in front of the chair	The book is under the chair | The book is behind the chair | The book is in the chair
ce1	english	en_decrire_position	"Comment dit-on ""une voiture jaune"" en anglais ?"	a yellow car	a car yellow | a green car | a yellow apple
ce1	english	en_decrire_position	"Comment dit-on ""le livre est derrière la chaise"" en anglais ?"	The book is behind the chair	The book is under the chair | The book is next to the chair | The book is in front of the chair
ce1	english	en_decrire_position	"Comment dit-on ""un chapeau jaune"" en anglais ?"	a yellow hat	a hat yellow | a black hat | a yellow ball
ce1	english	en_decrire_position	"Comment dit-on ""le chien est sur la chaise"" en anglais ?"	The dog is on the chair	The dog is behind the chair | The dog is in front of the chair | The dog is next to the chair
ce1	english	en_decrire_position	"Comment dit-on ""une pomme rouge"" en anglais ?"	a red apple	an apple red | a yellow apple | a red car
ce1	english	en_decrire_position	"Comment dit-on ""le chat est sur la boîte"" en anglais ?"	The cat is on the box	The cat is behind the box | The cat is in front of the box | The cat is under the box
ce1	english	en_decrire_position	"Comment dit-on ""une pomme verte"" en anglais ?"	a green apple	an apple green | a yellow apple | a green car
ce1	english	en_decrire_position	"Comment dit-on ""le ballon est devant le lit"" en anglais ?"	The ball is in front of the bed	The ball is on the bed | The ball is next to the bed | The ball is in the bed
ce1	english	en_decrire_position	"Comment dit-on ""un oiseau noir"" en anglais ?"	a black bird	a bird black | a blue bird | a black ball
ce1	english	en_decrire_position	"Comment dit-on ""la souris est sous la table"" en anglais ?"	The mouse is under the table	The mouse is on the table | The mouse is next to the table | The mouse is in the table
ce2	english	en_decrire_position	Complète : There ___ four trees in the picture.	are	is | am
ce2	english	en_decrire_position	"Comment dit-on ""à gauche"" en anglais ?"	on the left	at the bottom | on the right | at the top
ce2	english	en_decrire_position	Complète : There ___ a bike in the picture.	is	are | am
ce2	english	en_decrire_position	"Que veut dire ""in the middle"" en français ?"	au milieu	à droite | à gauche | en bas
ce2	english	en_decrire_position	Complète : There ___ eight cars in the picture.	are	is | am
ce2	english	en_decrire_position	"Comment dit-on ""en haut"" en anglais ?"	at the top	on the left | at the bottom | in the middle
ce2	english	en_decrire_position	Complète : There ___ a car in the picture.	is	are | am
ce2	english	en_decrire_position	"Comment dit-on ""à droite"" en anglais ?"	on the right	at the top | on the left | in the middle
ce2	english	en_decrire_position	Complète : There ___ two cats in the picture.	are	is | am
cp	english	en_decrire_position	"Comment dit-on ""une voiture noire"" en anglais ?"	a black car	a car black | a green car | a black hat
cp	english	en_decrire_position	"Que veut dire ""behind"" en français ?"	derrière	dans | à côté de | devant
cp	english	en_decrire_position	"Comment dit-on ""un chapeau rouge"" en anglais ?"	a red hat	a hat red | a white hat | a red ball
cp	english	en_decrire_position	"Que veut dire ""on"" en français ?"	sur	derrière | dans | sous
cp	english	en_decrire_position	"Comment dit-on ""une pomme rouge"" en anglais ?"	a red apple	an apple red | a green apple | a red ball
cp	english	en_decrire_position	"Comment dit-on ""derrière"" en anglais ?"	behind	in front of | in | under
cp	english	en_decrire_position	"Comment dit-on ""un chapeau noir"" en anglais ?"	a black hat	a hat black | a white hat | a black bird
cp	english	en_decrire_position	"Comment dit-on ""sous"" en anglais ?"	under	on | behind | in
cp	english	en_decrire_position	"Comment dit-on ""un chapeau vert"" en anglais ?"	a green hat	a hat green | a black hat | a green apple
cp	english	en_decrire_position	"Que veut dire ""in front of"" en français ?"	devant	sur | à côté de | dans
cp	english	en_decrire_position	"Comment dit-on ""une voiture bleue"" en anglais ?"	a blue car	a car blue | a white car | a blue bird
cp	english	en_decrire_position	"Que veut dire ""under"" en français ?"	sous	à côté de | dans | devant
cp	english	en_decrire_position	"Comment dit-on ""un chat blanc"" en anglais ?"	a white cat	a cat white | a black cat | a white ball
cp	english	en_decrire_position	"Comment dit-on ""sur"" en anglais ?"	on	next to | in | behind
cp	english	en_decrire_position	"Comment dit-on ""un ballon noir"" en anglais ?"	a black ball	a ball black | a red ball | a black cat
cp	english	en_decrire_position	"Comment dit-on ""devant"" en anglais ?"	in front of	under | in | next to
cp	english	en_decrire_position	"Comment dit-on ""un chapeau jaune"" en anglais ?"	a yellow hat	a hat yellow | a blue hat | a yellow car
cp	english	en_decrire_position	"Que veut dire ""in"" en français ?"	dans	derrière | devant | sur
cp	english	en_decrire_position	"Comment dit-on ""un chapeau blanc"" en anglais ?"	a white hat	a hat white | a red hat | a white ball
cp	english	en_decrire_position	"Comment dit-on ""à côté de"" en anglais ?"	next to	behind | under | in
cp	english	en_decrire_position	"Comment dit-on ""un oiseau blanc"" en anglais ?"	a white bird	a bird white | a yellow bird | a white ball
cp	english	en_decrire_position	"Que veut dire ""next to"" en français ?"	à côté de	sous | derrière | devant
cp	english	en_decrire_position	"Comment dit-on ""un ballon bleu"" en anglais ?"	a blue ball	a ball blue | a red ball | a blue car
cp	english	en_decrire_position	"Comment dit-on ""dans"" en anglais ?"	in	in front of | under | next to
cp	english	en_decrire_position	"Comment dit-on ""une fleur bleue"" en anglais ?"	a blue flower	a flower blue | a white flower | a blue car
cp	english	en_decrire_position	"Comment dit-on ""un ballon jaune"" en anglais ?"	a yellow ball	a ball yellow | a blue ball | a yellow bird
cp	english	en_decrire_position	"Comment dit-on ""une pomme jaune"" en anglais ?"	a yellow apple	an apple yellow | a red apple | a yellow ball
cp	english	en_decrire_position	"Comment dit-on ""une voiture rouge"" en anglais ?"	a red car	a car red | a black car | a red apple
cp	english	en_decrire_position	"Comment dit-on ""un ballon blanc"" en anglais ?"	a white ball	a ball white | a green ball | a white dog
cp	english	en_decrire_position	"Comment dit-on ""une fleur rouge"" en anglais ?"	a red flower	a flower red | a blue flower | a red ball
cp	english	en_decrire_position	"Comment dit-on ""un ballon vert"" en anglais ?"	a green ball	a ball green | a blue ball | a green apple
cp	english	en_decrire_position	"Comment dit-on ""une fleur jaune"" en anglais ?"	a yellow flower	a flower yellow | a white flower | a yellow car
cp	english	en_decrire_position	"Comment dit-on ""une voiture jaune"" en anglais ?"	a yellow car	a car yellow | a red car | a yellow flower
cp	english	en_decrire_position	"Comment dit-on ""un ballon rouge"" en anglais ?"	a red ball	a ball red | a white ball | a red apple
cp	english	en_decrire_position	"Comment dit-on ""une pomme verte"" en anglais ?"	a green apple	an apple green | a yellow apple | a green ball
cp	english	en_decrire_position	"Comment dit-on ""un chien noir"" en anglais ?"	a black dog	a dog black | a white dog | a black car
cp	english	en_decrire_position	"Comment dit-on ""un chat noir"" en anglais ?"	a black cat	a cat black | a white cat | a black hat
cp	english	en_decrire_position	"Comment dit-on ""un oiseau bleu"" en anglais ?"	a blue bird	a bird blue | a white bird | a blue ball
cp	english	en_decrire_position	"Comment dit-on ""un chien blanc"" en anglais ?"	a white dog	a dog white | a black dog | a white ball
cp	english	en_decrire_position	"Comment dit-on ""un oiseau noir"" en anglais ?"	a black bird	a bird black | a blue bird | a black hat
cp	english	en_decrire_position	"Comment dit-on ""une voiture blanche"" en anglais ?"	a white car	a car white | a black car | a white dog
cp	english	en_decrire_position	"Comment dit-on ""une voiture verte"" en anglais ?"	a green car	a car green | a red car | a green apple
cp	english	en_decrire_position	"Comment dit-on ""un oiseau jaune"" en anglais ?"	a yellow bird	a bird yellow | a white bird | a yellow hat
cm1	english	en_demonstratifs	"Comment dit-on ""ces chiens-ci"" en anglais ?"	these dogs	this dog | that dog | those dogs
cm1	english	en_demonstratifs	Complète : Plusieurs pommes, tout près : ___ apples are green.	These	This | That
cm1	english	en_demonstratifs	"Comment dit-on ""ce sac-là"" en anglais ?"	that bag	this bag | these bags | those bags
cm1	english	en_demonstratifs	Complète : Plusieurs chaussures, tout près : ___ shoes are too small.	These	This | That
cm1	english	en_demonstratifs	"Comment dit-on ""ces voitures-ci"" en anglais ?"	these cars	this car | that car | those cars
cm1	english	en_demonstratifs	Complète : Une seule maison, loin : ___ house is very big.	That	Those | These
cm1	english	en_demonstratifs	"Comment dit-on ""ces chaussures-ci"" en anglais ?"	these shoes	this shoe | that shoe | those shoes
cm1	english	en_demonstratifs	Complète : Plusieurs oiseaux, loin : Look at ___ birds in the sky!	those	this | these
cm1	english	en_demonstratifs	"Comment dit-on ""cette maison-ci"" en anglais ?"	this house	that house | these houses | those houses
cm1	english	en_demonstratifs	Complète : Un seul gâteau, tout près : ___ cake is delicious.	This	These | Those
cm1	english	en_demonstratifs	"Comment dit-on ""ces pommes-là"" en anglais ?"	those apples	this apple | that apple | these apples
cm1	english	en_demonstratifs	Complète : Un seul bateau, loin : Can you see ___ boat?	that	those | these
cm1	english	en_demonstratifs	"Comment dit-on ""cette maison-là"" en anglais ?"	that house	this house | these houses | those houses
cm1	english	en_demonstratifs	"Comment dit-on ""ce sac-ci"" en anglais ?"	this bag	that bag | these bags | those bags
cm1	english	en_demonstratifs	"Comment dit-on ""ce stylo-là"" en anglais ?"	that pen	this pen | these pens | those pens
cm1	english	en_demonstratifs	"Comment dit-on ""ces maisons-là"" en anglais ?"	those houses	this house | that house | these houses
cm1	english	en_demonstratifs	"Comment dit-on ""ces pommes-ci"" en anglais ?"	these apples	this apple | that apple | those apples
cm1	english	en_demonstratifs	"Comment dit-on ""ces voitures-là"" en anglais ?"	those cars	this car | that car | these cars
cm1	english	en_demonstratifs	"Comment dit-on ""ce chien-ci"" en anglais ?"	this dog	that dog | these dogs | those dogs
cm1	english	en_demonstratifs	"Comment dit-on ""ces ballons-là"" en anglais ?"	those balls	this ball | that ball | these balls
cm1	english	en_demonstratifs	"Comment dit-on ""ces stylos-là"" en anglais ?"	those pens	this pen | that pen | these pens
cm1	english	en_demonstratifs	"Comment dit-on ""cette pomme-ci"" en anglais ?"	this apple	that apple | these apples | those apples
cm1	english	en_demonstratifs	"Comment dit-on ""ce chien-là"" en anglais ?"	that dog	this dog | these dogs | those dogs
cm1	english	en_demonstratifs	"Comment dit-on ""ce ballon-là"" en anglais ?"	that ball	this ball | these balls | those balls
cm1	english	en_demonstratifs	"Comment dit-on ""ces ballons-ci"" en anglais ?"	these balls	this ball | that ball | those balls
cm1	english	en_demonstratifs	"Comment dit-on ""cette voiture-ci"" en anglais ?"	this car	that car | these cars | those cars
ce1	english	en_ecole	"Comment dit-on ""ciseaux"" en anglais ?"	scissors	glue | pen | computer
ce1	english	en_ecole	"Que veut dire ""board"" en français ?"	tableau	livre | ordinateur | colle
ce1	english	en_ecole	"Que veut dire ""teacher"" en français ?"	professeur	cahier | feutre | tableau
ce1	english	en_ecole	"Que veut dire ""scissors"" en français ?"	ciseaux	calculatrice | stylo | trousse
ce1	english	en_ecole	"Comment dit-on ""colle"" en anglais ?"	glue	scissors | table | pencil sharpener
ce1	english	en_ecole	"Que veut dire ""classroom"" en français ?"	classe	ciseaux | professeur | colle
ce1	english	en_ecole	"Comment dit-on ""tableau"" en anglais ?"	board	table | pencil | glue
ce1	english	en_ecole	"Que veut dire ""glue"" en français ?"	colle	cahier | agrafeuse | professeur
ce1	english	en_ecole	"Que veut dire ""schoolbag"" en français ?"	cartable	trousse | agrafeuse | livre
ce1	english	en_ecole	"Comment dit-on ""livre"" en anglais ?"	book	pencil case | scissors | calculator
ce1	english	en_ecole	"Comment dit-on ""chaise"" en anglais ?"	chair	binder | table | pen
ce1	english	en_ecole	"Comment dit-on ""feutre"" en anglais ?"	marker	stapler | table | computer
ce1	english	en_ecole	"Comment dit-on ""classe"" en anglais ?"	classroom	rubber | ruler | teacher
ce1	english	en_ecole	"Que veut dire ""marker"" en français ?"	feutre	livre | trousse | classe
ce1	english	en_ecole	"Comment dit-on ""professeur"" en anglais ?"	teacher	chair | stapler | computer
ce1	english	en_ecole	"Que veut dire ""book"" en français ?"	livre	règle | stylo | feutre
ce1	english	en_ecole	"Que veut dire ""pencil case"" en français ?"	trousse	ordinateur | livre | agrafeuse
ce1	english	en_ecole	"Comment dit-on ""trousse"" en anglais ?"	pencil case	chair | binder | ruler
ce1	english	en_ecole	"Que veut dire ""chair"" en français ?"	chaise	cartable | crayon | calculatrice
ce1	english	en_ecole	"Comment dit-on ""cartable"" en anglais ?"	schoolbag	table | calculator | pencil sharpener
ce1	english	en_ecole	Comment dit-on 📓 en anglais ?	notebook	book | scissors | pen
ce1	english	en_ecole	"Quel dessin correspond à ""notebook"" ?"	📓	📕 | 🪑 | 🖊️
ce1	english	en_ecole	Comment dit-on 🎒 en anglais ?	schoolbag	ruler | computer | pencil
ce1	english	en_ecole	"Quel dessin correspond à ""scissors"" ?"	✂️	💻 | 🎒 | 📓
ce1	english	en_ecole	"Quel dessin correspond à ""pencil"" ?"	✏️	📕 | 📏 | 🖊️
ce1	english	en_ecole	"Quel dessin correspond à ""pen"" ?"	🖊️	💻 | ✂️ | 📏
ce1	english	en_ecole	Comment dit-on 🖊️ en anglais ?	pen	scissors | computer | schoolbag
ce1	english	en_ecole	"Quel dessin correspond à ""ruler"" ?"	📏	🪑 | 🖊️ | ✂️
ce1	english	en_ecole	Comment dit-on ✏️ en anglais ?	pencil	notebook | pen | schoolbag
ce1	english	en_ecole	Comment dit-on 💻 en anglais ?	computer	notebook | pen | book
ce2	english	en_ecole	"Que veut dire ""music"" en français ?"	musique	sciences | mathématiques | français
ce2	english	en_ecole	"Que veut dire ""PE"" en français ?"	sport	arts plastiques | musique | français
ce2	english	en_ecole	"Comment dit-on ""musique"" en anglais ?"	music	PE | French | maths
cm2	english	en_ecole	"Que veut dire ""library"" en français ?"	bibliothèque	ordinateur | calculatrice | carte
cm2	english	en_ecole	"Comment dit-on ""bibliothèque"" en anglais ?"	library	ruler | classroom | dictionary
cm2	english	en_ecole	"Comment dit-on ""leçon"" en anglais ?"	lesson	stapler | marker | notebook
cm2	english	en_ecole	"Que veut dire ""lesson"" en français ?"	leçon	stylo | bibliothèque | carte
cm2	english	en_ecole	Comment dit-on 🌍 en anglais ?	globe	pen | chair | schoolbag
cm2	english	en_ecole	"Quel dessin correspond à ""globe"" ?"	🌍	🪑 | 📏 | 🎒
cm2	english	en_ecole	"Que veut dire ""music"" en français ?"	musique	géographie | mathématiques | sport
cm2	english	en_ecole	"Que veut dire ""French"" en français ?"	français	anglais | musique | géographie
cm2	english	en_ecole	"Comment dit-on ""sport"" en anglais ?"	PE	maths | history | English
cm2	english	en_ecole	"Comment dit-on ""musique"" en anglais ?"	music	geography | maths | PE
cm2	english	en_ecole	"Comment dit-on ""élève"" en anglais ?"	pupil	classroom | computer | map
cm2	english	en_ecole	"Comment dit-on ""français"" en anglais ?"	French	English | science | PE
cm2	english	en_ecole	"Comment dit-on ""anglais"" en anglais ?"	English	geography | PE | art
cm2	english	en_ecole	"Que veut dire ""PE"" en français ?"	sport	arts plastiques | anglais | musique
cm2	english	en_ecole	"Que veut dire ""pupil"" en français ?"	élève	ordinateur | règle | colle
cm2	english	en_ecole	"Que veut dire ""English"" en français ?"	anglais	français | histoire | sciences
cm2	english	en_ecole	Comment dit-on 🗺️ en anglais ?	map	notebook | globe | pencil
cm2	english	en_ecole	"Quel dessin correspond à ""map"" ?"	🗺️	📏 | 🖊️ | 📓
cm2	english	en_ecole	"Comment dit-on ""taille-crayon"" en anglais ?"	pencil sharpener	chair | homework | pupil
cm2	english	en_ecole	"Que veut dire ""stapler"" en français ?"	agrafeuse	livre | stylo | calculatrice
cm2	english	en_ecole	"Que veut dire ""pencil sharpener"" en français ?"	taille-crayon	stylo | ciseaux | chaise
cm2	english	en_ecole	"Que veut dire ""binder"" en français ?"	classeur	carte | devoirs | table
cm2	english	en_ecole	"Comment dit-on ""classeur"" en anglais ?"	binder	board | classroom | chair
cm2	english	en_ecole	"Comment dit-on ""agrafeuse"" en anglais ?"	stapler	rubber | pupil | pencil case
cm2	english	en_ecole	"Comment dit-on ""tableau"" en anglais ?"	board	book | library | computer
cm2	english	en_ecole	"Comment dit-on ""feutre"" en anglais ?"	marker	pencil sharpener | rubber | homework
cm2	english	en_ecole	"Que veut dire ""teacher"" en français ?"	professeur	élève | table | règle
cm2	english	en_ecole	"Comment dit-on ""classe"" en anglais ?"	classroom	teacher | glue | globe
cm2	english	en_ecole	"Comment dit-on ""ordinateur"" en anglais ?"	computer	chair | calculator | canteen
cm2	english	en_ecole	"Comment dit-on ""professeur"" en anglais ?"	teacher	pencil case | computer | library
cp	english	en_ecole	"Que veut dire ""computer"" en français ?"	ordinateur	classe | colle | cartable
cp	english	en_ecole	"Que veut dire ""pencil case"" en français ?"	trousse	chaise | stylo | règle
cp	english	en_ecole	"Comment dit-on ""trousse"" en anglais ?"	pencil case	ruler | board | pen
cp	english	en_ecole	"Que veut dire ""classroom"" en français ?"	classe	ciseaux | table | ordinateur
cp	english	en_ecole	"Que veut dire ""notebook"" en français ?"	cahier	table | cartable | tableau
cp	english	en_ecole	"Comment dit-on ""feutre"" en anglais ?"	marker	glue | table | book
cp	english	en_ecole	"Comment dit-on ""professeur"" en anglais ?"	teacher	book | pencil | notebook
cp	english	en_ecole	"Que veut dire ""board"" en français ?"	tableau	chaise | table | ordinateur
cp	english	en_ecole	"Que veut dire ""marker"" en français ?"	feutre	cartable | colle | ciseaux
cp	english	en_ecole	"Comment dit-on ""tableau"" en anglais ?"	board	glue | pencil case | teacher
cp	english	en_ecole	"Comment dit-on ""classe"" en anglais ?"	classroom	computer | glue | ruler
cp	english	en_ecole	"Comment dit-on ""cahier"" en anglais ?"	notebook	schoolbag | marker | pencil
cp	english	en_ecole	"Que veut dire ""teacher"" en français ?"	professeur	cahier | gomme | ciseaux
cp	english	en_ecole	"Comment dit-on ""ordinateur"" en anglais ?"	computer	pen | marker | glue
cp	english	en_ecole	Comment dit-on 🎒 en anglais ?	schoolbag	pen | notebook | computer
cp	english	en_ecole	"Quel dessin correspond à ""schoolbag"" ?"	🎒	💻 | 🪑 | ✏️
cp	english	en_ecole	Comment dit-on ✏️ en anglais ?	pencil	book | chair | scissors
cp	english	en_ecole	"Quel dessin correspond à ""notebook"" ?"	📓	✂️ | ✏️ | 🪑
cp	english	en_ecole	"Quel dessin correspond à ""pen"" ?"	🖊️	✏️ | 🪑 | 📏
cp	english	en_ecole	"Quel dessin correspond à ""computer"" ?"	💻	🎒 | 🖊️ | 📕
cp	english	en_ecole	"Quel dessin correspond à ""book"" ?"	📕	🪑 | 📓 | 🎒
cp	english	en_ecole	Comment dit-on 💻 en anglais ?	computer	pen | scissors | chair
cp	english	en_ecole	Comment dit-on 📕 en anglais ?	book	pencil | schoolbag | scissors
cp	english	en_ecole	Comment dit-on 🖊️ en anglais ?	pen	ruler | computer | book
cp	english	en_ecole	Comment dit-on 📓 en anglais ?	notebook	pencil | chair | scissors
cp	english	en_ecole	"Quel dessin correspond à ""chair"" ?"	🪑	✏️ | ✂️ | 📏
cp	english	en_ecole	"Quel dessin correspond à ""scissors"" ?"	✂️	✏️ | 📓 | 📕
cp	english	en_ecole	"Quel dessin correspond à ""ruler"" ?"	📏	✏️ | ✂️ | 🖊️
cp	english	en_ecole	Comment dit-on ✂️ en anglais ?	scissors	schoolbag | notebook | pencil
cp	english	en_ecole	Comment dit-on 📏 en anglais ?	ruler	pen | notebook | book
ce1	english	en_emotions	"Comment dit-on ""bruyant"" en anglais ?"	noisy	tired | scared | quiet
ce1	english	en_emotions	"Comment dit-on ""fier"" en anglais ?"	proud	surprised | sad | nice
ce1	english	en_emotions	"Que veut dire ""scared"" en français ?"	apeuré	content | surpris | fâché
ce1	english	en_emotions	"Comment dit-on ""fatigué"" en anglais ?"	tired	scared | noisy | hungry
ce1	english	en_emotions	"Comment dit-on ""malade"" en anglais ?"	ill	proud | tired | nice
ce1	english	en_emotions	"Comment dit-on ""ennuyé"" en anglais ?"	bored	noisy | thirsty | proud
ce1	english	en_emotions	"Que veut dire ""hungry"" en français ?"	affamé	assoiffé | ennuyé | fâché
ce1	english	en_emotions	"Que veut dire ""proud"" en français ?"	fier	drôle | gentil | excité
ce1	english	en_emotions	"Que veut dire ""tired"" en français ?"	fatigué	excité | ennuyé | fâché
ce1	english	en_emotions	"Comment dit-on ""apeuré"" en anglais ?"	scared	surprised | proud | excited
ce1	english	en_emotions	"Que veut dire ""angry"" en français ?"	fâché	courageux | drôle | fatigué
ce1	english	en_emotions	"Comment dit-on ""calme"" en anglais ?"	quiet	clever | hungry | surprised
ce1	english	en_emotions	"Que veut dire ""ill"" en français ?"	malade	courageux | triste | ennuyé
ce1	english	en_emotions	"Comment dit-on ""occupé"" en anglais ?"	busy	angry | quiet | bored
ce1	english	en_emotions	"Comment dit-on ""affamé"" en anglais ?"	hungry	shy | ill | excited
ce1	english	en_emotions	"Que veut dire ""bored"" en français ?"	ennuyé	triste | assoiffé | drôle
ce1	english	en_emotions	"Quel dessin correspond à ""surprised"" ?"	😮	😀 | 😴 | 😨
ce1	english	en_emotions	Comment dit-on 😢 en anglais ?	sad	angry | surprised | happy
ce1	english	en_emotions	"Quel dessin correspond à ""scared"" ?"	😨	😠 | 😀 | 🤒
ce1	english	en_emotions	Comment dit-on 😮 en anglais ?	surprised	scared | happy | sad
ce1	english	en_emotions	Comment dit-on 😠 en anglais ?	angry	sad | scared | surprised
ce1	english	en_emotions	"Quel dessin correspond à ""angry"" ?"	😠	😨 | 😮 | 😢
ce1	english	en_emotions	Comment dit-on 🤒 en anglais ?	ill	sad | scared | tired
ce1	english	en_emotions	Comment dit-on 😴 en anglais ?	tired	angry | sad | ill
ce1	english	en_emotions	"Quel dessin correspond à ""sad"" ?"	😢	😠 | 😨 | 😮
ce1	english	en_emotions	"Quel dessin correspond à ""tired"" ?"	😴	😀 | 🤒 | 😠
ce1	english	en_emotions	Comment dit-on 😨 en anglais ?	scared	tired | surprised | ill
ce1	english	en_emotions	"Quel dessin correspond à ""happy"" ?"	😀	😠 | 🤒 | 😮
ce1	english	en_emotions	"Quel dessin correspond à ""ill"" ?"	🤒	😨 | 😠 | 😮
ce1	english	en_emotions	Comment dit-on 😀 en anglais ?	happy	sad | scared | tired
cp	english	en_emotions	"Que veut dire ""ill"" en français ?"	malade	content | affamé | fâché
cp	english	en_emotions	"Comment dit-on ""malade"" en anglais ?"	ill	thirsty | scared | hungry
cp	english	en_emotions	"Que veut dire ""thirsty"" en français ?"	assoiffé	apeuré | content | fâché
cp	english	en_emotions	Comment dit-on 😠 en anglais ?	angry	surprised | scared | tired
cp	english	en_emotions	Comment dit-on 😀 en anglais ?	happy	angry | sad | surprised
cp	english	en_emotions	"Quel dessin correspond à ""sad"" ?"	😢	😮 | 😠 | 😨
cp	english	en_emotions	Comment dit-on 😢 en anglais ?	sad	angry | tired | surprised
cp	english	en_emotions	Comment dit-on 😴 en anglais ?	tired	surprised | angry | scared
cp	english	en_emotions	"Quel dessin correspond à ""tired"" ?"	😴	🤒 | 😨 | 😠
cp	english	en_emotions	Comment dit-on 😨 en anglais ?	scared	sad | ill | surprised
cp	english	en_emotions	Comment dit-on 🤒 en anglais ?	ill	happy | sad | surprised
cp	english	en_emotions	Comment dit-on 😮 en anglais ?	surprised	angry | tired | sad
cp	english	en_emotions	"Quel dessin correspond à ""surprised"" ?"	😮	😴 | 😨 | 🤒
cp	english	en_emotions	"Quel dessin correspond à ""happy"" ?"	😀	😮 | 😠 | 😢
cp	english	en_emotions	"Quel dessin correspond à ""angry"" ?"	😠	😴 | 😨 | 😀
cp	english	en_emotions	"Quel dessin correspond à ""scared"" ?"	😨	😢 | 🤒 | 😴
cp	english	en_emotions	"Quel dessin correspond à ""ill"" ?"	🤒	😠 | 😢 | 😨
cp	english	en_emotions	"Comment dit-on ""je vais bien"" en anglais ?"	I'm fine	I'm happy | I'm hot | I'm ill
cp	english	en_emotions	"Comment dit-on ""je suis malade"" en anglais ?"	I'm ill	I'm happy | I'm cold | I'm tired
cp	english	en_emotions	"Que veut dire ""I'm hot"" en français ?"	j'ai chaud	je suis fatigué | je suis surpris | j'ai froid
cp	english	en_emotions	"Que veut dire ""I'm cold"" en français ?"	j'ai froid	je suis malade | je suis content | j'ai chaud
cp	english	en_emotions	"Comment dit-on ""j'ai chaud"" en anglais ?"	I'm hot	I'm fine | I'm cold | I'm surprised
cp	english	en_emotions	"Comment dit-on ""je suis surpris"" en anglais ?"	I'm surprised	I'm ill | I'm tired | I'm fine
cp	english	en_emotions	"Comment dit-on ""j'ai froid"" en anglais ?"	I'm cold	I'm tired | I'm ill | I'm surprised
cp	english	en_emotions	"Que veut dire ""I'm fine"" en français ?"	je vais bien	j'ai chaud | je suis malade | je suis fatigué
cp	english	en_emotions	"Que veut dire ""I'm surprised"" en français ?"	je suis surpris	j'ai chaud | je suis fatigué | je suis content
cp	english	en_emotions	"Que veut dire ""I'm ill"" en français ?"	je suis malade	je suis fatigué | j'ai chaud | je suis content
cm2	english	en_futur	"Comment dit-on ""il va pleuvoir"" en anglais ?"	It's going to rain	They're going to watch a film | She's going to learn Spanish | I'm going to be a pilot
cm2	english	en_futur	Complète : My parents ___ going to buy a car.	are	is | am
cm2	english	en_futur	"Comment dit-on ""l'année prochaine"" en anglais ?"	next year	this weekend | next week | tomorrow
cm2	english	en_futur	"Que veut dire ""I'm going to buy a cake"" en français ?"	je vais acheter un gâteau	il va faire du vélo | nous allons jouer au football | je vais visiter Londres
cm2	english	en_futur	Complète : She ___ going to dance.	is	are | am
cm2	english	en_futur	"Que veut dire ""next week"" en français ?"	la semaine prochaine	ce week-end | demain | l'année prochaine
cm2	english	en_futur	"Comment dit-on ""nous allons jouer au football"" en anglais ?"	We're going to play football	They're going to watch a film | I'm going to be a pilot | She's going to learn Spanish
cm2	english	en_futur	Complète : You are going to ___ the match.	win	winning | wins
cm2	english	en_futur	"Que veut dire ""next year"" en français ?"	l'année prochaine	ce week-end | demain | la semaine prochaine
cm2	english	en_futur	"Que veut dire ""He's going to ride a bike"" en français ?"	il va faire du vélo	il va pleuvoir | nous allons jouer au football | je vais visiter Londres
cm2	english	en_futur	Complète : Next year, I am going to ___ English.	learn	learning | learns
cm2	english	en_futur	"Que veut dire ""tomorrow"" en français ?"	demain	la semaine prochaine | ce week-end | l'année prochaine
cm2	english	en_futur	"Comment dit-on ""je vais acheter un gâteau"" en anglais ?"	I'm going to buy a cake	We're going to play football | I'm going to visit London | They're going to watch a film
cm2	english	en_futur	Complète : I ___ going to read a book.	am	is | are
cm2	english	en_futur	"Comment dit-on ""je vais être pilote"" en anglais ?"	I'm going to be a pilot	I'm going to buy a cake | They're going to watch a film | It's going to rain
cm2	english	en_futur	Complète : I'm going ___ swim.	to	at | for
cm2	english	en_futur	"Comment dit-on ""la semaine prochaine"" en anglais ?"	next week	next year | this weekend | tomorrow
cm2	english	en_futur	"Que veut dire ""We're going to play football"" en français ?"	nous allons jouer au football	il va faire du vélo | il va pleuvoir | je vais être pilote
cm2	english	en_futur	Complète : They ___ going to travel.	are	is | am
cm2	english	en_futur	"Comment dit-on ""ce week-end"" en anglais ?"	this weekend	next week | tomorrow | next year
cm2	english	en_futur	"Que veut dire ""I'm going to be a pilot"" en français ?"	je vais être pilote	je vais acheter un gâteau | il va faire du vélo | je vais visiter Londres
cm2	english	en_futur	Complète : We are going to ___ a cake.	make	making | makes
cm2	english	en_futur	"Que veut dire ""this weekend"" en français ?"	ce week-end	demain | l'année prochaine | la semaine prochaine
cm2	english	en_futur	"Que veut dire ""They're going to watch a film"" en français ?"	ils vont regarder un film	nous allons jouer au football | je vais être pilote | il va faire du vélo
cm2	english	en_futur	Complète : Look at the clouds! It ___ going to rain.	is	are | am
cm2	english	en_futur	"Que veut dire ""I'm going to visit London"" en français ?"	je vais visiter Londres	nous allons jouer au football | je vais être pilote | il va pleuvoir
cm2	english	en_futur	Complète : He is going ___ visit his grandma.	to	for | at
cm2	english	en_futur	"Comment dit-on ""je vais visiter Londres"" en anglais ?"	I'm going to visit London	They're going to watch a film | She's going to learn Spanish | He's going to ride a bike
cm2	english	en_futur	"Que veut dire ""She's going to learn Spanish"" en français ?"	elle va apprendre l'espagnol	il va pleuvoir | nous allons jouer au football | il va faire du vélo
cm2	english	en_futur	"Que veut dire ""It's going to rain"" en français ?"	il va pleuvoir	nous allons jouer au football | je vais être pilote | il va faire du vélo
ce1	english	en_gouts	"Comment dit-on ""ma nourriture préférée"" en anglais ?"	my favourite food	I like | my favourite animal | yes, I do
ce1	english	en_gouts	Complète : 🙂 I ___ apples.	like	don't like | hate
ce1	english	en_gouts	"Réponds ""oui"" à ""Do you like cats?"""	Yes, I do	Yes, I am | Yes, I like | Yes, I have
ce1	english	en_gouts	"Que veut dire ""do you like?"" en français ?"	est-ce que tu aimes ?	je n'aime pas | mon sport préféré | ma matière préférée
ce1	english	en_gouts	Complète : 😖 I ___ homework.	hate	love | am
ce1	english	en_gouts	"Réponds ""non"" à ""Do you like milk?"""	No, I don't	No, I am not | No, I like | No, I haven't
ce1	english	en_gouts	"Comment dit-on ""ma matière préférée"" en anglais ?"	my favourite subject	I like | my favourite sport | yes, I do
ce1	english	en_gouts	Complète : 😖 I ___ spiders.	hate	love | like
ce1	english	en_gouts	"Réponds ""oui"" à ""Do you like pizza?"""	Yes, I do	Yes, I like | Yes, I can | Yes, I am
ce1	english	en_gouts	"Que veut dire ""my favourite animal"" en français ?"	mon animal préféré	ma nourriture préférée | ma matière préférée | j'adore
ce1	english	en_gouts	Complète : 🙁 I ___ like carrots.	don't	do | am
ce1	english	en_gouts	"Réponds ""non"" à ""Do you like spiders?"""	No, I don't	No, I like | No, I can't | No, I am
ce1	english	en_gouts	"Comment dit-on ""oui, j'aime ça"" en anglais ?"	yes, I do	my favourite colour | I hate | my favourite subject
ce1	english	en_gouts	Complète : Do you like dogs? Yes, I ___ .	do	am | like
ce1	english	en_gouts	"Que veut dire ""I like"" en français ?"	j'aime	mon animal préféré | non, je n'aime pas ça | ma matière préférée
ce1	english	en_gouts	Complète : 😍 I ___ ice cream.	love	hate | am
ce1	english	en_gouts	"Que veut dire ""I love"" en français ?"	j'adore	mon animal préféré | ma matière préférée | ma nourriture préférée
ce1	english	en_gouts	Complète : Do you like rain? No, I ___ .	don't	am not | doesn't
ce1	english	en_gouts	"Comment dit-on ""non, je n'aime pas ça"" en anglais ?"	no, I don't	yes, I do | my favourite sport | my favourite food
ce1	english	en_gouts	Complète : 😍 I ___ chocolate.	love	hate | don't
ce1	english	en_gouts	"Que veut dire ""my favourite colour"" en français ?"	ma couleur préférée	je n'aime pas | ma nourriture préférée | est-ce que tu aimes ?
ce1	english	en_gouts	Complète : ___ you like football?	Do	Are | Does
ce1	english	en_gouts	"Que veut dire ""my favourite sport"" en français ?"	mon sport préféré	est-ce que tu aimes ? | non, je n'aime pas ça | j'aime
ce1	english	en_gouts	"Que veut dire ""I don't like"" en français ?"	je n'aime pas	mon animal préféré | ma couleur préférée | non, je n'aime pas ça
ce1	english	en_gouts	"Comment dit-on ""ma couleur préférée"" en anglais ?"	my favourite colour	no, I don't | I like | my favourite food
ce1	english	en_gouts	"Que veut dire ""my favourite subject"" en français ?"	ma matière préférée	non, je n'aime pas ça | ma couleur préférée | j'adore
ce1	english	en_gouts	"Comment dit-on ""je n'aime pas"" en anglais ?"	I don't like	I hate | yes, I do | I like
ce1	english	en_gouts	"Que veut dire ""I hate"" en français ?"	je déteste	ma nourriture préférée | est-ce que tu aimes ? | non, je n'aime pas ça
ce1	english	en_gouts	"Comment dit-on ""je déteste"" en anglais ?"	I hate	no, I don't | my favourite sport | I like
ce1	english	en_gouts	"Comment dit-on ""mon animal préféré"" en anglais ?"	my favourite animal	my favourite colour | I like | yes, I do
ce1	english	en_gouts	"Que veut dire ""yes, I do"" en français ?"	oui, j'aime ça	non, je n'aime pas ça | mon sport préféré | j'adore
ce1	english	en_gouts	"Comment dit-on ""est-ce que tu aimes ?"" en anglais ?"	do you like?	I hate | my favourite sport | I love
ce1	english	en_gouts	"Comment dit-on ""j'adore"" en anglais ?"	I love	I don't like | I like | I hate
ce2	english	en_gouts	Complète : My mum ___ reading.	loves	love | is
ce2	english	en_gouts	Complète : He ___ football.	likes	like | liking
ce2	english	en_gouts	Complète : ___ you like music?	Do	Does | Are
ce2	english	en_gouts	Complète : Tom ___ swimming.	likes	like | are
ce2	english	en_gouts	Complète : I ___ like spiders.	don't	doesn't | am not
ce2	english	en_gouts	Complète : We ___ like rain.	don't	doesn't | aren't
ce2	english	en_gouts	Complète : They ___ dancing.	love	loves | is
ce2	english	en_gouts	Complète : My brother ___ like fish.	doesn't	don't | isn't
ce2	english	en_gouts	Complète : My sister ___ like spiders.	doesn't	don't | isn't
ce2	english	en_gouts	Complète : ___ she like cats?	Does	Do | Is
ce2	english	en_gouts	Complète : She ___ chocolate.	loves	love | loving
ce2	english	en_gouts	Complète : Does she like snakes? No, she ___ .	doesn't	don't | isn't
ce2	english	en_gouts	Complète : Does he like pizza? Yes, he ___ .	does	do | is
cm1	english	en_gouts	Complète : I'm good ___ drawing.	at	in | to
cm1	english	en_gouts	"Comment dit-on ""je suis nul en"" en anglais ?"	I'm bad at	he doesn't like | she likes | he hates
cm1	english	en_gouts	Complète : My favourite sport ___ swimming.	is	are | has
cm1	english	en_gouts	"Comment dit-on ""je préfère"" en anglais ?"	I prefer	he hates | I'm bad at | she loves
cm1	english	en_gouts	Complète : I prefer football ___ tennis.	to	than | at
cm1	english	en_gouts	"Comment dit-on ""elle aime"" en anglais ?"	she likes	I'm bad at | my favourite hobby | she loves
cm1	english	en_gouts	Complète : He ___ like skiing.	doesn't	don't | isn't
cm1	english	en_gouts	"Que veut dire ""I prefer"" en français ?"	je préfère	il déteste | elle adore | mon passe-temps préféré
cm1	english	en_gouts	Complète : ___ your sister like judo?	Does	Do | Is
cm1	english	en_gouts	"Comment dit-on ""il déteste"" en anglais ?"	he hates	I'm bad at | she loves | he doesn't like
cm1	english	en_gouts	Complète : She ___ playing tennis.	likes	like | is
cm1	english	en_gouts	"Que veut dire ""she loves"" en français ?"	elle adore	il n'aime pas | elle aime | je préfère
cm1	english	en_gouts	Complète : What ___ your favourite hobby?	is	are | do
cm1	english	en_gouts	"Que veut dire ""I'm bad at"" en français ?"	je suis nul en	je préfère | elle adore | mon passe-temps préféré
cm1	english	en_gouts	Complète : Does he like fishing? No, he ___ .	doesn't	don't | isn't
cm1	english	en_gouts	"Que veut dire ""I'm good at"" en français ?"	je suis doué pour	il n'aime pas | il déteste | je préfère
cm1	english	en_gouts	Complète : We ___ like horse riding.	don't	doesn't | aren't
cm1	english	en_gouts	"Que veut dire ""my favourite hobby"" en français ?"	mon passe-temps préféré	je préfère | il n'aime pas | il déteste
cm1	english	en_gouts	Complète : My friends ___ climbing.	love	loves | is
cp	english	en_gouts	Complète : 😋 I ___ chocolate.	like	don't like
cp	english	en_gouts	"Comment dit-on ""est-ce que tu aimes ?"" en anglais ?"	do you like?	yes, I do | I love | no, I don't
cp	english	en_gouts	"Réponds ""oui"" à ""Do you like cats?"""	Yes, I do	Yes, I am | Yes, I like | Yes, I have
cp	english	en_gouts	Complète : 🤢 I ___ broccoli.	don't like	like
cp	english	en_gouts	"Comment dit-on ""j'adore"" en anglais ?"	I love	my favourite animal | I don't like | my favourite colour
cp	english	en_gouts	"Réponds ""non"" à ""Do you like milk?"""	No, I don't	No, I am not | No, I like | No, I haven't
cp	english	en_gouts	Complète : 🤢 I ___ soup.	don't like	like
cp	english	en_gouts	"Que veut dire ""I love"" en français ?"	j'adore	ma couleur préférée | mon animal préféré | est-ce que tu aimes ?
cp	english	en_gouts	"Réponds ""oui"" à ""Do you like pizza?"""	Yes, I do	Yes, I like | Yes, I can | Yes, I am
cp	english	en_gouts	Complète : 😋 I ___ cake.	like	don't like
cp	english	en_gouts	"Que veut dire ""my favourite animal"" en français ?"	mon animal préféré	est-ce que tu aimes ? | ma couleur préférée | non, je n'aime pas
cp	english	en_gouts	"Réponds ""non"" à ""Do you like spiders?"""	No, I don't	No, I like | No, I can't | No, I am
cp	english	en_gouts	Complète : 😋 I ___ pizza.	like	don't like
cp	english	en_gouts	"Comment dit-on ""non, je n'aime pas"" en anglais ?"	no, I don't	I don't like | yes, I do | my favourite colour
cp	english	en_gouts	Complète : 😖 I ___ snakes.	don't like	like
cp	english	en_gouts	"Que veut dire ""do you like?"" en français ?"	est-ce que tu aimes ?	ma couleur préférée | oui, j'aime | j'adore
cp	english	en_gouts	Complète : 🤢 I ___ onions.	don't like	like
cp	english	en_gouts	"Comment dit-on ""mon animal préféré"" en anglais ?"	my favourite animal	I like | I don't like | my favourite colour
cp	english	en_gouts	Complète : 😋 I ___ music.	like	don't like
cp	english	en_gouts	"Comment dit-on ""oui, j'aime"" en anglais ?"	yes, I do	I love | my favourite colour | do you like?
cp	english	en_gouts	Complète : 😋 I ___ juice.	like	don't like
cp	english	en_gouts	"Que veut dire ""yes, I do"" en français ?"	oui, j'aime	est-ce que tu aimes ? | non, je n'aime pas | ma couleur préférée
cp	english	en_gouts	Complète : 😋 I ___ football.	like	don't like
cp	english	en_gouts	"Comment dit-on ""ma couleur préférée"" en anglais ?"	my favourite colour	I love | no, I don't | my favourite animal
cp	english	en_gouts	Complète : 😋 I ___ swimming.	like	don't like
cp	english	en_gouts	"Comment dit-on ""j'aime"" en anglais ?"	I like	I love | yes, I do | my favourite animal
cp	english	en_gouts	Complète : 🤢 I ___ fish.	don't like	like
cp	english	en_gouts	"Que veut dire ""I don't like"" en français ?"	je n'aime pas	j'adore | mon animal préféré | non, je n'aime pas
cp	english	en_gouts	Complète : 🤢 I ___ spinach.	don't like	like
cp	english	en_gouts	"Que veut dire ""no, I don't"" en français ?"	non, je n'aime pas	est-ce que tu aimes ? | j'aime | j'adore
cp	english	en_gouts	Complète : 😖 I ___ rain.	don't like	like
cp	english	en_gouts	"Que veut dire ""I like"" en français ?"	j'aime	ma couleur préférée | je n'aime pas | oui, j'aime
cp	english	en_gouts	Complète : 😋 I ___ ice cream.	like	don't like
cp	english	en_gouts	"Que veut dire ""my favourite colour"" en français ?"	ma couleur préférée	est-ce que tu aimes ? | non, je n'aime pas | j'aime
cp	english	en_gouts	"Comment dit-on ""je n'aime pas"" en anglais ?"	I don't like	I love | my favourite colour | no, I don't
cm2	english	en_habitudes	Complète : Avec le sens de « jamais » : I ___ eat sweets at night.	never	always | often
ce2	english	en_loisirs_metiers	"Que veut dire ""postman"" en français ?"	facteur	infirmier | cuisinier | fermier
ce2	english	en_loisirs_metiers	"Comment dit-on ""trompette"" en anglais ?"	trumpet	piano | guitar | violin
ce2	english	en_loisirs_metiers	"Comment dit-on ""tambour"" en anglais ?"	drum	piano | violin | flute
ce2	english	en_loisirs_metiers	"Que veut dire ""trumpet"" en français ?"	trompette	tambour | flûte | piano
ce2	english	en_loisirs_metiers	"Comment dit-on ""pêche"" en anglais ?"	fishing	horse riding | judo | basketball
ce2	english	en_loisirs_metiers	"Que veut dire ""drum"" en français ?"	tambour	violon | trompette | flûte
ce2	english	en_loisirs_metiers	"Comment dit-on ""équitation"" en anglais ?"	horse riding	football | reading | skiing
ce2	english	en_loisirs_metiers	"Que veut dire ""horse riding"" en français ?"	équitation	lecture | vélo | football
ce2	english	en_loisirs_metiers	"Que veut dire ""fishing"" en français ?"	pêche	chant | vélo | ski
ce2	english	en_loisirs_metiers	"Comment dit-on ""facteur"" en anglais ?"	postman	firefighter | farmer | teacher
ce2	english	en_loisirs_metiers	Comment dit-on 🎺 en anglais ?	trumpet	violin | drum | guitar
ce2	english	en_loisirs_metiers	"Quel dessin correspond à ""violin"" ?"	🎻	🥁 | 🎹 | 🎸
ce2	english	en_loisirs_metiers	"Quel dessin correspond à ""horse riding"" ?"	🏇	💃 | 🏀 | 🎣
ce2	english	en_loisirs_metiers	"Quel dessin correspond à ""drum"" ?"	🥁	🎻 | 🎹 | 🎺
ce2	english	en_loisirs_metiers	Comment dit-on ⛷️ en anglais ?	skiing	fishing | basketball | tennis
ce2	english	en_loisirs_metiers	"Quel dessin correspond à ""trumpet"" ?"	🎺	🥁 | 🎸 | 🎹
ce2	english	en_loisirs_metiers	Comment dit-on 🎣 en anglais ?	fishing	cycling | dancing | football
ce2	english	en_loisirs_metiers	"Quel dessin correspond à ""skiing"" ?"	⛷️	🎣 | ⚽ | 🎤
ce2	english	en_loisirs_metiers	Comment dit-on 🎻 en anglais ?	violin	trumpet | guitar | piano
ce2	english	en_loisirs_metiers	Comment dit-on 🥁 en anglais ?	drum	guitar | violin | trumpet
ce2	english	en_loisirs_metiers	"Quel dessin correspond à ""fishing"" ?"	🎣	💃 | 🏊 | 🎾
ce2	english	en_loisirs_metiers	Comment dit-on 🏇 en anglais ?	horse riding	football | skiing | dancing
cm1	english	en_loisirs_metiers	"Comment dit-on ""serveur"" en anglais ?"	waiter	cook | painter | nurse
cm1	english	en_loisirs_metiers	"Comment dit-on ""chanteur"" en anglais ?"	singer	pilot | nurse | vet
cm1	english	en_loisirs_metiers	"Que veut dire ""singer"" en français ?"	chanteur	policier | acteur | facteur
cm1	english	en_loisirs_metiers	"Que veut dire ""writer"" en français ?"	écrivain	fermier | pompier | peintre
cm1	english	en_loisirs_metiers	"Que veut dire ""hairdresser"" en français ?"	coiffeur	docteur | facteur | fermier
cm1	english	en_loisirs_metiers	"Comment dit-on ""écrivain"" en anglais ?"	writer	singer | firefighter | postman
cm1	english	en_loisirs_metiers	"Comment dit-on ""acteur"" en anglais ?"	actor	singer | farmer | dentist
cm1	english	en_loisirs_metiers	"Que veut dire ""actor"" en français ?"	acteur	boulanger | pilote | coiffeur
cm1	english	en_loisirs_metiers	"Que veut dire ""waiter"" en français ?"	serveur	pompier | cuisinier | boulanger
cm1	english	en_loisirs_metiers	"Comment dit-on ""coiffeur"" en anglais ?"	hairdresser	cook | nurse | firefighter
cm1	english	en_loisirs_metiers	"Que veut dire ""painter"" en français ?"	peintre	vétérinaire | acteur | coiffeur
cm1	english	en_loisirs_metiers	"Comment dit-on ""peintre"" en anglais ?"	painter	vet | singer | writer
cm1	english	en_loisirs_metiers	"Comment dit-on ""facteur"" en anglais ?"	postman	singer | doctor | painter
cm1	english	en_loisirs_metiers	"Que veut dire ""teacher"" en français ?"	professeur	fermier | infirmier | serveur
cm1	english	en_loisirs_metiers	"Que veut dire ""trumpet"" en français ?"	trompette	tambour | piano | violon
cm1	english	en_loisirs_metiers	"Comment dit-on ""tambour"" en anglais ?"	drum	guitar | violin | trumpet
cm1	english	en_loisirs_metiers	"Que veut dire ""fishing"" en français ?"	pêche	équitation | vélo | basket
cm1	english	en_loisirs_metiers	"Que veut dire ""police officer"" en français ?"	policier	écrivain | pompier | facteur
cm1	english	en_loisirs_metiers	"Comment dit-on ""cuisinier"" en anglais ?"	cook	singer | teacher | doctor
cm1	english	en_loisirs_metiers	"Comment dit-on ""policier"" en anglais ?"	police officer	hairdresser | teacher | pilot
cm1	english	en_loisirs_metiers	"Que veut dire ""horse riding"" en français ?"	équitation	judo | dessin | vélo
cm1	english	en_loisirs_metiers	"Comment dit-on ""trompette"" en anglais ?"	trumpet	flute | piano | guitar
cm1	english	en_loisirs_metiers	"Comment dit-on ""professeur"" en anglais ?"	teacher	doctor | firefighter | nurse
cm1	english	en_loisirs_metiers	"Que veut dire ""farmer"" en français ?"	fermier	boulanger | écrivain | coiffeur
cm1	english	en_loisirs_metiers	"Comment dit-on ""docteur"" en anglais ?"	doctor	painter | teacher | farmer
cm1	english	en_loisirs_metiers	"Que veut dire ""postman"" en français ?"	facteur	écrivain | vétérinaire | fermier
cm1	english	en_loisirs_metiers	"Que veut dire ""cook"" en français ?"	cuisinier	infirmier | professeur | docteur
cm1	english	en_loisirs_metiers	"Que veut dire ""drum"" en français ?"	tambour	violon | guitare | piano
cm1	english	en_loisirs_metiers	Comment dit-on 🎻 en anglais ?	violin	trumpet | guitar | drum
cm1	english	en_loisirs_metiers	Comment dit-on 🥁 en anglais ?	drum	piano | trumpet | violin
cm2	english	en_loisirs_metiers	"Que veut dire ""mechanic"" en français ?"	mécanicien	facteur | chanteur | peintre
cm2	english	en_loisirs_metiers	"Que veut dire ""scientist"" en français ?"	scientifique	coiffeur | professeur | facteur
cm2	english	en_loisirs_metiers	"Comment dit-on ""scientifique"" en anglais ?"	scientist	mechanic | doctor | nurse
cm2	english	en_loisirs_metiers	"Comment dit-on ""mécanicien"" en anglais ?"	mechanic	painter | dentist | engineer
cm2	english	en_loisirs_metiers	"Comment dit-on ""coiffeur"" en anglais ?"	hairdresser	cook | firefighter | vet
cm2	english	en_loisirs_metiers	"Que veut dire ""waiter"" en français ?"	serveur	boulanger | écrivain | facteur
cm2	english	en_loisirs_metiers	"Que veut dire ""writer"" en français ?"	écrivain	docteur | serveur | peintre
cm2	english	en_loisirs_metiers	"Que veut dire ""painter"" en français ?"	peintre	ingénieur | scientifique | policier
cm2	english	en_loisirs_metiers	"Que veut dire ""singer"" en français ?"	chanteur	facteur | architecte | plombier
cm2	english	en_loisirs_metiers	"Que veut dire ""hairdresser"" en français ?"	coiffeur	pilote | serveur | docteur
cm2	english	en_loisirs_metiers	"Comment dit-on ""acteur"" en anglais ?"	actor	plumber | journalist | mechanic
cm2	english	en_loisirs_metiers	"Que veut dire ""actor"" en français ?"	acteur	policier | dentiste | boulanger
cm2	english	en_loisirs_metiers	"Comment dit-on ""chanteur"" en anglais ?"	singer	pilot | teacher | dentist
cm2	english	en_loisirs_metiers	"Comment dit-on ""serveur"" en anglais ?"	waiter	dentist | actor | painter
cm2	english	en_loisirs_metiers	"Comment dit-on ""peintre"" en anglais ?"	painter	firefighter | nurse | vet
cm2	english	en_loisirs_metiers	"Comment dit-on ""écrivain"" en anglais ?"	writer	mechanic | nurse | lawyer
cm2	english	en_loisirs_metiers	"Que veut dire ""postman"" en français ?"	facteur	architecte | docteur | acteur
cm2	english	en_loisirs_metiers	"Comment dit-on ""cuisinier"" en anglais ?"	cook	vet | farmer | waiter
cm2	english	en_loisirs_metiers	"Que veut dire ""horse riding"" en français ?"	équitation	pêche | football | judo
cm2	english	en_loisirs_metiers	"Comment dit-on ""docteur"" en anglais ?"	doctor	cook | teacher | police officer
cm2	english	en_loisirs_metiers	"Que veut dire ""cook"" en français ?"	cuisinier	scientifique | architecte | fermier
cm2	english	en_loisirs_metiers	"Comment dit-on ""trompette"" en anglais ?"	trumpet	flute | piano | guitar
cm2	english	en_loisirs_metiers	"Comment dit-on ""équitation"" en anglais ?"	horse riding	football | dancing | swimming
cm2	english	en_loisirs_metiers	"Que veut dire ""trumpet"" en français ?"	trompette	violon | piano | tambour
cm2	english	en_loisirs_metiers	"Comment dit-on ""pêche"" en anglais ?"	fishing	football | tennis | horse riding
cm2	english	en_loisirs_metiers	"Comment dit-on ""facteur"" en anglais ?"	postman	baker | doctor | cook
cm2	english	en_loisirs_metiers	"Que veut dire ""fishing"" en français ?"	pêche	tennis | vélo | lecture
cm2	english	en_loisirs_metiers	"Que veut dire ""police officer"" en français ?"	policier	mécanicien | professeur | astronaute
cm2	english	en_loisirs_metiers	"Que veut dire ""drum"" en français ?"	tambour	guitare | trompette | flûte
cm2	english	en_loisirs_metiers	"Comment dit-on ""policier"" en anglais ?"	police officer	engineer | writer | doctor
ce1	english	en_maison_famille	"Comment dit-on ""bébé"" en anglais ?"	baby	aunt | grandma | uncle
ce1	english	en_maison_famille	"Comment dit-on ""frère"" en anglais ?"	brother	grandma | mum | dad
ce1	english	en_maison_famille	"Que veut dire ""baby"" en français ?"	bébé	tante | frère | ami
ce1	english	en_maison_famille	"Comment dit-on ""tante"" en anglais ?"	aunt	friend | grandpa | grandma
ce1	english	en_maison_famille	"Que veut dire ""grandpa"" en français ?"	grand-père	maman | cousin | soeur
ce1	english	en_maison_famille	"Comment dit-on ""famille"" en anglais ?"	family	sister | friend | brother
ce1	english	en_maison_famille	"Comment dit-on ""maison"" en anglais ?"	house	bedroom | door | window
ce2	english	en_maison_famille	"Comment dit-on ""assiette"" en anglais ?"	plate	knife | fork | glass
ce2	english	en_maison_famille	"Comment dit-on ""cuillère"" en anglais ?"	spoon	plate | bowl | sink
ce2	english	en_maison_famille	"Que veut dire ""wall"" en français ?"	mur	sol | salon | porte
ce2	english	en_maison_famille	"Que veut dire ""fridge"" en français ?"	frigo	tasse | bol | four
ce2	english	en_maison_famille	"Que veut dire ""cellar"" en français ?"	cave	salon | sol | mur
ce2	english	en_maison_famille	"Que veut dire ""fork"" en français ?"	fourchette	assiette | couteau | évier
ce2	english	en_maison_famille	"Comment dit-on ""frigo"" en anglais ?"	fridge	spoon | fork | sink
ce2	english	en_maison_famille	"Comment dit-on ""mur"" en anglais ?"	wall	cellar | garden | kitchen
ce2	english	en_maison_famille	"Comment dit-on ""évier"" en anglais ?"	sink	spoon | fridge | oven
ce2	english	en_maison_famille	"Que veut dire ""plate"" en français ?"	assiette	bol | évier | frigo
ce2	english	en_maison_famille	"Comment dit-on ""cave"" en anglais ?"	cellar	roof | sofa | floor
ce2	english	en_maison_famille	"Comment dit-on ""fourchette"" en anglais ?"	fork	oven | glass | knife
ce2	english	en_maison_famille	"Comment dit-on ""plafond"" en anglais ?"	ceiling	wall | living room | stairs
ce2	english	en_maison_famille	"Comment dit-on ""verre"" en anglais ?"	glass	cup | fridge | spoon
ce2	english	en_maison_famille	"Que veut dire ""sink"" en français ?"	évier	assiette | bol | cuillère
ce2	english	en_maison_famille	"Que veut dire ""spoon"" en français ?"	cuillère	four | tasse | fourchette
ce2	english	en_maison_famille	"Que veut dire ""ceiling"" en français ?"	plafond	cuisine | cave | fenêtre
ce2	english	en_maison_famille	"Comment dit-on ""salon"" en anglais ?"	living room	garden | bed | door
ce2	english	en_maison_famille	"Que veut dire ""door"" en français ?"	porte	mur | fenêtre | lit
ce2	english	en_maison_famille	"Que veut dire ""baby"" en français ?"	bébé	cousin | oncle | ami
ce2	english	en_maison_famille	"Que veut dire ""bed"" en français ?"	lit	salon | jardin | chambre
ce2	english	en_maison_famille	"Que veut dire ""mum"" en français ?"	maman	oncle | soeur | famille
ce2	english	en_maison_famille	"Comment dit-on ""maman"" en anglais ?"	mum	aunt | friend | family
ce2	english	en_maison_famille	"Que veut dire ""sister"" en français ?"	soeur	tante | bébé | maman
ce2	english	en_maison_famille	"Comment dit-on ""cuisine"" en anglais ?"	kitchen	sofa | ceiling | bed
ce2	english	en_maison_famille	"Que veut dire ""window"" en français ?"	fenêtre	cuisine | toit | porte
ce2	english	en_maison_famille	"Que veut dire ""sofa"" en français ?"	canapé	plafond | toit | garage
ce2	english	en_maison_famille	"Comment dit-on ""grand-père"" en anglais ?"	grandpa	uncle | family | brother
ce2	english	en_maison_famille	"Comment dit-on ""tante"" en anglais ?"	aunt	uncle | family | sister
ce2	english	en_maison_famille	"Comment dit-on ""ami"" en anglais ?"	friend	grandpa | brother | aunt
cm1	english	en_maison_famille	"Que veut dire ""nephew"" en français ?"	neveu	femme | ami | parents
cm1	english	en_maison_famille	"Que veut dire ""daughter"" en français ?"	fille	cousin | bébé | maman
cm1	english	en_maison_famille	"Comment dit-on ""femme"" en anglais ?"	wife	baby | aunt | grandparents
cm1	english	en_maison_famille	"Comment dit-on ""clé"" en anglais ?"	key	garage | sofa | ceiling
cm1	english	en_maison_famille	"Comment dit-on ""douche"" en anglais ?"	shower	floor | roof | living room
cm1	english	en_maison_famille	"Comment dit-on ""fille"" en anglais ?"	daughter	mum | sister | uncle
cm1	english	en_maison_famille	"Que veut dire ""husband"" en français ?"	mari	fils | nièce | oncle
cm1	english	en_maison_famille	"Comment dit-on ""fils"" en anglais ?"	son	wife | dad | baby
cm1	english	en_maison_famille	"Que veut dire ""key"" en français ?"	clé	maison | sol | porte
cm1	english	en_maison_famille	"Comment dit-on ""casserole"" en anglais ?"	pot	sink | oven | fridge
cm1	english	en_maison_famille	"Que veut dire ""son"" en français ?"	fils	oncle | soeur | grand-mère
cm1	english	en_maison_famille	"Que veut dire ""pot"" en français ?"	casserole	tasse | fourchette | frigo
cm1	english	en_maison_famille	"Que veut dire ""twin"" en français ?"	jumeau	maman | ami | parents
cm1	english	en_maison_famille	"Que veut dire ""shower"" en français ?"	douche	cave | toilettes | porte
cm1	english	en_maison_famille	"Quel dessin correspond à ""key"" ?"	🔑	🚽 | 🛏️ | 🏠
cm1	english	en_maison_famille	"Quel dessin correspond à ""toilet"" ?"	🚽	🏠 | 🛏️ | 🔑
cm1	english	en_maison_famille	Comment dit-on 🚿 en anglais ?	shower	door | key | toilet
cm1	english	en_maison_famille	Comment dit-on 🚽 en anglais ?	toilet	bed | key | shower
cm1	english	en_maison_famille	"Quel dessin correspond à ""shower"" ?"	🚿	🛏️ | 🚽 | 🔑
cm1	english	en_maison_famille	Comment dit-on 🔑 en anglais ?	key	house | shower | toilet
cm1	english	en_maison_famille	"Comment dit-on ""mur"" en anglais ?"	wall	attic | bed | kitchen
cm1	english	en_maison_famille	"Comment dit-on ""évier"" en anglais ?"	sink	knife | plate | pot
cm1	english	en_maison_famille	"Que veut dire ""roof"" en français ?"	toit	cuisine | sol | mur
cm1	english	en_maison_famille	"Que veut dire ""fork"" en français ?"	fourchette	tasse | frigo | verre
cm1	english	en_maison_famille	"Que veut dire ""spoon"" en français ?"	cuillère	four | bol | fourchette
cm1	english	en_maison_famille	"Que veut dire ""oven"" en français ?"	four	frigo | assiette | fourchette
cm1	english	en_maison_famille	"Que veut dire ""fridge"" en français ?"	frigo	tasse | verre | évier
cm1	english	en_maison_famille	"Comment dit-on ""sol"" en anglais ?"	floor	mirror | kitchen | bedroom
cm1	english	en_maison_famille	"Comment dit-on ""tasse"" en anglais ?"	cup	plate | fork | bowl
cm1	english	en_maison_famille	"Comment dit-on ""assiette"" en anglais ?"	plate	oven | pot | fork
cp	english	en_maison_famille	"Que veut dire ""kitchen"" en français ?"	cuisine	salle de bain | canapé | fenêtre
cp	english	en_maison_famille	"Comment dit-on ""lit"" en anglais ?"	bed	kitchen | bathroom | garden
cp	english	en_maison_famille	"Que veut dire ""sofa"" en français ?"	canapé	salle de bain | jardin | maison
cp	english	en_maison_famille	"Comment dit-on ""maison"" en anglais ?"	house	door | sofa | kitchen
cp	english	en_maison_famille	"Comment dit-on ""cuisine"" en anglais ?"	kitchen	house | living room | garden
cp	english	en_maison_famille	"Comment dit-on ""fenêtre"" en anglais ?"	window	living room | bathroom | sofa
cp	english	en_maison_famille	"Comment dit-on ""tante"" en anglais ?"	aunt	uncle | grandpa | friend
cp	english	en_maison_famille	"Comment dit-on ""salon"" en anglais ?"	living room	door | window | bed
cp	english	en_maison_famille	"Comment dit-on ""salle de bain"" en anglais ?"	bathroom	door | house | kitchen
cp	english	en_maison_famille	"Que veut dire ""door"" en français ?"	porte	cuisine | salon | fenêtre
cp	english	en_maison_famille	"Que veut dire ""window"" en français ?"	fenêtre	maison | salle de bain | jardin
cp	english	en_maison_famille	"Que veut dire ""friend"" en français ?"	ami	famille | cousin | soeur
cp	english	en_maison_famille	"Que veut dire ""garden"" en français ?"	jardin	chambre | fenêtre | lit
cp	english	en_maison_famille	"Que veut dire ""bed"" en français ?"	lit	porte | salle de bain | chambre
cp	english	en_maison_famille	"Comment dit-on ""jardin"" en anglais ?"	garden	living room | bedroom | sofa
cp	english	en_maison_famille	"Comment dit-on ""porte"" en anglais ?"	door	house | bathroom | bed
cp	english	en_maison_famille	"Comment dit-on ""grand-père"" en anglais ?"	grandpa	mum | cousin | brother
cp	english	en_maison_famille	"Que veut dire ""aunt"" en français ?"	tante	oncle | frère | famille
cp	english	en_maison_famille	"Que veut dire ""house"" en français ?"	maison	salle de bain | porte | salon
cp	english	en_maison_famille	"Que veut dire ""living room"" en français ?"	salon	canapé | fenêtre | cuisine
cp	english	en_maison_famille	"Comment dit-on ""famille"" en anglais ?"	family	friend | mum | uncle
cp	english	en_maison_famille	"Comment dit-on ""canapé"" en anglais ?"	sofa	bedroom | bathroom | window
cp	english	en_maison_famille	"Que veut dire ""bathroom"" en français ?"	salle de bain	lit | chambre | canapé
cp	english	en_maison_famille	"Que veut dire ""bedroom"" en français ?"	chambre	salle de bain | lit | cuisine
cp	english	en_maison_famille	"Que veut dire ""family"" en français ?"	famille	soeur | oncle | maman
cp	english	en_maison_famille	"Comment dit-on ""ami"" en anglais ?"	friend	baby | grandpa | grandma
cp	english	en_maison_famille	"Comment dit-on ""chambre"" en anglais ?"	bedroom	bed | door | living room
cp	english	en_maison_famille	Comment dit-on 🚪 en anglais ?	door	sofa | bed | house
cp	english	en_maison_famille	"Quel dessin correspond à ""house"" ?"	🏠	🚪 | 🛋️ | 🛏️
cp	english	en_maison_famille	"Quel dessin correspond à ""grandpa"" ?"	👴	👪 | 👶 | 👵
ce1	english	en_meteo_nature	"Comment dit-on ""mer"" en anglais ?"	sea	grass | lake | tree
ce1	english	en_meteo_nature	"Comment dit-on ""neige"" en anglais ?"	snow	star | thunder | ice
ce1	english	en_meteo_nature	"Que veut dire ""fog"" en français ?"	brouillard	vent | arc-en-ciel | nuage
ce1	english	en_meteo_nature	"Comment dit-on ""fleur"" en anglais ?"	flower	lake | mountain | branch
ce1	english	en_meteo_nature	"Comment dit-on ""nuage"" en anglais ?"	cloud	sun | snow | thunder
ce1	english	en_meteo_nature	"Que veut dire ""cloud"" en français ?"	nuage	vent | arc-en-ciel | brouillard
ce1	english	en_meteo_nature	"Que veut dire ""rainbow"" en français ?"	arc-en-ciel	étoile | éclair | glace
ce1	english	en_meteo_nature	"Que veut dire ""wind"" en français ?"	vent	éclair | ciel | lune
ce1	english	en_meteo_nature	"Que veut dire ""ice"" en français ?"	glace	arc-en-ciel | éclair | pluie
ce1	english	en_meteo_nature	"Comment dit-on ""herbe"" en anglais ?"	grass	tree | sand | leaf
ce1	english	en_meteo_nature	"Que veut dire ""thunder"" en français ?"	tonnerre	neige | arc-en-ciel | soleil
ce1	english	en_meteo_nature	"Que veut dire ""leaf"" en français ?"	feuille	fleur | lac | arbre
ce1	english	en_meteo_nature	"Comment dit-on ""orage"" en anglais ?"	storm	rain | sun | cloud
ce1	english	en_meteo_nature	"Que veut dire ""tree"" en français ?"	arbre	branche | sable | herbe
ce1	english	en_meteo_nature	"Comment dit-on ""pluie"" en anglais ?"	rain	moon | ice | thunder
ce1	english	en_meteo_nature	"Que veut dire ""snow"" en français ?"	neige	pluie | orage | ciel
ce1	english	en_meteo_nature	"Que veut dire ""lake"" en français ?"	lac	mer | fleur | branche
ce1	english	en_meteo_nature	"Que veut dire ""mountain"" en français ?"	montagne	sable | mer | herbe
ce1	english	en_meteo_nature	"Que veut dire ""storm"" en français ?"	orage	ciel | éclair | pluie
ce1	english	en_meteo_nature	"Que veut dire ""sand"" en français ?"	sable	herbe | branche | lac
ce1	english	en_meteo_nature	"Que veut dire ""rain"" en français ?"	pluie	brouillard | nuage | glace
ce2	english	en_meteo_nature	"Que veut dire ""island"" en français ?"	île	volcan | champignon | lac
ce2	english	en_meteo_nature	"Comment dit-on ""racine"" en anglais ?"	root	leaf | stone | sand
ce2	english	en_meteo_nature	"Que veut dire ""root"" en français ?"	racine	vallée | plage | île
ce2	english	en_meteo_nature	"Comment dit-on ""champignon"" en anglais ?"	mushroom	volcano | island | desert
ce2	english	en_meteo_nature	"Que veut dire ""seed"" en français ?"	graine	champignon | mer | fleur
ce2	english	en_meteo_nature	"Que veut dire ""mushroom"" en français ?"	champignon	arbre | vallée | mer
ce2	english	en_meteo_nature	"Comment dit-on ""graine"" en anglais ?"	seed	lake | flower | sea
ce2	english	en_meteo_nature	"Comment dit-on ""île"" en anglais ?"	island	desert | valley | flower
ce2	english	en_meteo_nature	"Quel dessin correspond à ""seed"" ?"	🌱	🏖️ | 🌸 | ⛰️
ce2	english	en_meteo_nature	Comment dit-on 🌱 en anglais ?	seed	volcano | beach | flower
ce2	english	en_meteo_nature	"Quel dessin correspond à ""volcano"" ?"	🌋	🏜️ | ⛰️ | 🏝️
ce2	english	en_meteo_nature	Comment dit-on 🏖️ en anglais ?	beach	flower | mountain | island
ce2	english	en_meteo_nature	"Quel dessin correspond à ""mushroom"" ?"	🍄	🌸 | ⛰️ | 🏝️
ce2	english	en_meteo_nature	"Quel dessin correspond à ""island"" ?"	🏝️	🏖️ | 🌱 | 🍄
ce2	english	en_meteo_nature	Comment dit-on 🌋 en anglais ?	volcano	mushroom | tree | mountain
ce2	english	en_meteo_nature	Comment dit-on 🏝️ en anglais ?	island	seed | mountain | desert
ce2	english	en_meteo_nature	Comment dit-on 🏜️ en anglais ?	desert	flower | volcano | tree
ce2	english	en_meteo_nature	Comment dit-on 🍄 en anglais ?	mushroom	tree | desert | island
ce2	english	en_meteo_nature	"Quel dessin correspond à ""beach"" ?"	🏖️	🌱 | 🌸 | 🏝️
ce2	english	en_meteo_nature	"Quel dessin correspond à ""desert"" ?"	🏜️	🍄 | 🌋 | 🌱
ce2	english	en_meteo_nature	"Comment dit-on ""éclair"" en anglais ?"	lightning	wind | rainbow | sky
ce2	english	en_meteo_nature	"Comment dit-on ""herbe"" en anglais ?"	grass	beach | valley | leaf
ce2	english	en_meteo_nature	"Que veut dire ""lightning"" en français ?"	éclair	ciel | étoile | brouillard
ce2	english	en_meteo_nature	"Que veut dire ""thunder"" en français ?"	tonnerre	orage | glace | neige
ce2	english	en_meteo_nature	"Que veut dire ""mountain"" en français ?"	montagne	sable | forêt | rivière
ce2	english	en_meteo_nature	"Que veut dire ""leaf"" en français ?"	feuille	champignon | racine | île
ce2	english	en_meteo_nature	"Comment dit-on ""ciel"" en anglais ?"	sky	snow | rain | wind
ce2	english	en_meteo_nature	"Que veut dire ""sand"" en français ?"	sable	feuille | plage | désert
ce2	english	en_meteo_nature	"Que veut dire ""fog"" en français ?"	brouillard	éclair | étoile | gel
ce2	english	en_meteo_nature	"Comment dit-on ""feuille"" en anglais ?"	leaf	tree | branch | sand
cm1	english	en_meteo_nature	"Comment dit-on ""grotte"" en anglais ?"	cave	leaf | river | mushroom
cm1	english	en_meteo_nature	"Comment dit-on ""colline"" en anglais ?"	hill	desert | mountain | branch
cm1	english	en_meteo_nature	"Que veut dire ""waterfall"" en français ?"	cascade	branche | île | colline
cm1	english	en_meteo_nature	"Comment dit-on ""cascade"" en anglais ?"	waterfall	forest | desert | grass
cm1	english	en_meteo_nature	"Que veut dire ""hill"" en français ?"	colline	rivière | montagne | grotte
cm1	english	en_meteo_nature	"Que veut dire ""cave"" en français ?"	grotte	herbe | sable | île
cm1	english	en_meteo_nature	"Quel dessin correspond à ""tornado"" ?"	🌪️	🌫️ | 🧊 | ⛈️
cm1	english	en_meteo_nature	Comment dit-on 🌪️ en anglais ?	tornado	fog | star | storm
cm1	english	en_meteo_nature	"Que veut dire ""frost"" en français ?"	gel	orage | éclair | vent
cm1	english	en_meteo_nature	"Comment dit-on ""île"" en anglais ?"	island	waterfall | desert | sea
cm1	english	en_meteo_nature	"Que veut dire ""mushroom"" en français ?"	champignon	mer | fleur | colline
cm1	english	en_meteo_nature	"Que veut dire ""stone"" en français ?"	caillou	branche | cascade | herbe
cm1	english	en_meteo_nature	"Comment dit-on ""plage"" en anglais ?"	beach	seed | desert | island
cm1	english	en_meteo_nature	"Que veut dire ""seed"" en français ?"	graine	racine | forêt | mer
cm1	english	en_meteo_nature	"Comment dit-on ""champignon"" en anglais ?"	mushroom	tree | branch | sea
cm1	english	en_meteo_nature	"Comment dit-on ""caillou"" en anglais ?"	stone	root | waterfall | seed
cm1	english	en_meteo_nature	"Comment dit-on ""graine"" en anglais ?"	seed	tree | mountain | desert
cm1	english	en_meteo_nature	"Comment dit-on ""gel"" en anglais ?"	frost	season | tornado | lightning
cm1	english	en_meteo_nature	"Que veut dire ""island"" en français ?"	île	arbre | fleur | rivière
cm1	english	en_meteo_nature	"Que veut dire ""beach"" en français ?"	plage	graine | cascade | branche
cm1	english	en_meteo_nature	"Que veut dire ""root"" en français ?"	racine	colline | champignon | montagne
cm1	english	en_meteo_nature	"Comment dit-on ""racine"" en anglais ?"	root	mushroom | sand | waterfall
cm1	english	en_meteo_nature	Comment dit-on 🏜️ en anglais ?	desert	mountain | leaf | beach
cm1	english	en_meteo_nature	"Quel dessin correspond à ""volcano"" ?"	🌋	🌸 | 🏝️ | 🍁
cm1	english	en_meteo_nature	"Quel dessin correspond à ""beach"" ?"	🏖️	🌋 | ⛰️ | 🌱
cm1	english	en_meteo_nature	"Quel dessin correspond à ""desert"" ?"	🏜️	🍁 | 🏖️ | 🌱
cm1	english	en_meteo_nature	Comment dit-on 🌱 en anglais ?	seed	island | mountain | beach
cm1	english	en_meteo_nature	"Quel dessin correspond à ""seed"" ?"	🌱	🌋 | ⛰️ | 🏜️
cm1	english	en_meteo_nature	Comment dit-on 🍄 en anglais ?	mushroom	desert | beach | volcano
cm1	english	en_meteo_nature	Comment dit-on 🌋 en anglais ?	volcano	desert | island | leaf
cm2	english	en_meteo_nature	"Quel dessin correspond à ""temperature"" ?"	🌡️	🌧️ | ⛈️ | ☁️
cm2	english	en_meteo_nature	Comment dit-on 🌡️ en anglais ?	temperature	lightning | moon | rainbow
cm2	english	en_meteo_nature	"Que veut dire ""waterfall"" en français ?"	cascade	sable | mer | grotte
cm2	english	en_meteo_nature	"Comment dit-on ""cascade"" en anglais ?"	waterfall	grass | mountain | leaf
cm2	english	en_meteo_nature	"Comment dit-on ""grotte"" en anglais ?"	cave	beach | grass | island
cm2	english	en_meteo_nature	"Que veut dire ""cave"" en français ?"	grotte	racine | herbe | feuille
cm2	english	en_meteo_nature	Comment dit-on 🌪️ en anglais ?	tornado	storm | cloud | rainbow
cm2	english	en_meteo_nature	"Quel dessin correspond à ""tornado"" ?"	🌪️	🌈 | 🧊 | 🌫️
cm2	english	en_meteo_nature	"Que veut dire ""seed"" en français ?"	graine	rivière | branche | fleur
cm2	english	en_meteo_nature	"Que veut dire ""frost"" en français ?"	gel	glace | étoile | vent
cm2	english	en_meteo_nature	"Comment dit-on ""champignon"" en anglais ?"	mushroom	sand | island | lake
cm2	english	en_meteo_nature	"Comment dit-on ""racine"" en anglais ?"	root	waterfall | river | sand
cm2	english	en_meteo_nature	"Que veut dire ""stone"" en français ?"	caillou	lac | volcan | herbe
cm2	english	en_meteo_nature	"Comment dit-on ""caillou"" en anglais ?"	stone	mushroom | grass | flower
cm2	english	en_meteo_nature	"Comment dit-on ""graine"" en anglais ?"	seed	branch | mushroom | mountain
cm2	english	en_meteo_nature	"Que veut dire ""mushroom"" en français ?"	champignon	sable | montagne | cascade
cm2	english	en_meteo_nature	"Comment dit-on ""gel"" en anglais ?"	frost	rainbow | thunder | fog
cm2	english	en_meteo_nature	"Que veut dire ""root"" en français ?"	racine	forêt | lac | rivière
cm2	english	en_meteo_nature	"Quel dessin correspond à ""desert"" ?"	🏜️	🌸 | 🍄 | 🍁
cm2	english	en_meteo_nature	Comment dit-on 🏜️ en anglais ?	desert	mushroom | mountain | tree
cm2	english	en_meteo_nature	"Quel dessin correspond à ""seed"" ?"	🌱	🌋 | 🏖️ | 🏝️
cm2	english	en_meteo_nature	"Quel dessin correspond à ""island"" ?"	🏝️	🏜️ | 🍁 | 🏖️
cm2	english	en_meteo_nature	Comment dit-on 🌋 en anglais ?	volcano	island | tree | mushroom
cm2	english	en_meteo_nature	"Quel dessin correspond à ""mushroom"" ?"	🍄	🌱 | 🏜️ | 🍁
cm2	english	en_meteo_nature	Comment dit-on 🌱 en anglais ?	seed	desert | volcano | leaf
cm2	english	en_meteo_nature	"Quel dessin correspond à ""volcano"" ?"	🌋	🍄 | ⛰️ | 🏖️
cm2	english	en_meteo_nature	Comment dit-on 🍄 en anglais ?	mushroom	desert | volcano | flower
cm2	english	en_meteo_nature	Comment dit-on 🏖️ en anglais ?	beach	mountain | tree | island
cm2	english	en_meteo_nature	"Quel dessin correspond à ""beach"" ?"	🏖️	🌳 | 🏝️ | 🍁
cm2	english	en_meteo_nature	Comment dit-on 🏝️ en anglais ?	island	desert | tree | mountain
cp	english	en_meteo_nature	"Comment dit-on ""neige"" en anglais ?"	snow	sun | moon | cloud
cp	english	en_meteo_nature	"Comment dit-on ""arc-en-ciel"" en anglais ?"	rainbow	star | rain | sun
cp	english	en_meteo_nature	"Que veut dire ""cloud"" en français ?"	nuage	étoile | vent | neige
cp	english	en_meteo_nature	"Comment dit-on ""pluie"" en anglais ?"	rain	star | snow | moon
cp	english	en_meteo_nature	"Que veut dire ""rainbow"" en français ?"	arc-en-ciel	vent | étoile | glace
cp	english	en_meteo_nature	"Comment dit-on ""nuage"" en anglais ?"	cloud	wind | rainbow | ice
cp	english	en_meteo_nature	"Comment dit-on ""lune"" en anglais ?"	moon	ice | snow | rain
cp	english	en_meteo_nature	"Comment dit-on ""vent"" en anglais ?"	wind	cloud | ice | rain
cp	english	en_meteo_nature	"Que veut dire ""snow"" en français ?"	neige	pluie | soleil | arc-en-ciel
cp	english	en_meteo_nature	"Comment dit-on ""soleil"" en anglais ?"	sun	star | rain | ice
cp	english	en_meteo_nature	"Comment dit-on ""glace"" en anglais ?"	ice	cloud | sun | star
cp	english	en_meteo_nature	"Comment dit-on ""étoile"" en anglais ?"	star	rainbow | rain | ice
cp	english	en_meteo_nature	"Que veut dire ""star"" en français ?"	étoile	arc-en-ciel | vent | neige
cp	english	en_meteo_nature	"Que veut dire ""sun"" en français ?"	soleil	arc-en-ciel | pluie | nuage
cp	english	en_meteo_nature	"Que veut dire ""moon"" en français ?"	lune	glace | arc-en-ciel | soleil
cp	english	en_meteo_nature	"Que veut dire ""wind"" en français ?"	vent	pluie | soleil | nuage
cp	english	en_meteo_nature	"Que veut dire ""rain"" en français ?"	pluie	soleil | arc-en-ciel | lune
cp	english	en_meteo_nature	"Que veut dire ""ice"" en français ?"	glace	neige | soleil | lune
cp	english	en_meteo_nature	Comment dit-on 🌧️ en anglais ?	rain	sun | moon | rainbow
cp	english	en_meteo_nature	"Quel dessin correspond à ""rainbow"" ?"	🌈	☀️ | 💨 | 🧊
cp	english	en_meteo_nature	Comment dit-on 🧊 en anglais ?	ice	wind | star | moon
cp	english	en_meteo_nature	Comment dit-on ⭐ en anglais ?	star	moon | ice | rainbow
cp	english	en_meteo_nature	"Quel dessin correspond à ""cloud"" ?"	☁️	🌈 | 🌙 | ❄️
cp	english	en_meteo_nature	"Quel dessin correspond à ""ice"" ?"	🧊	☁️ | ❄️ | 🌙
cp	english	en_meteo_nature	Comment dit-on 💨 en anglais ?	wind	star | ice | moon
cp	english	en_meteo_nature	Comment dit-on ☁️ en anglais ?	cloud	rain | moon | star
cp	english	en_meteo_nature	Comment dit-on 🌈 en anglais ?	rainbow	ice | moon | rain
cp	english	en_meteo_nature	"Quel dessin correspond à ""wind"" ?"	💨	🌧️ | 🌙 | ⭐
cp	english	en_meteo_nature	"Quel dessin correspond à ""sun"" ?"	☀️	🌈 | 🧊 | ☁️
cp	english	en_meteo_nature	"Quel dessin correspond à ""snow"" ?"	❄️	💨 | 🌧️ | 🌈
ce1	english	en_nombres	Comment écrit-on le nombre 20 en anglais ?	twenty	thirty | twenty-two | twenty-one
ce1	english	en_nombres	"Combien font ""nine minus eight"" ? Réponds en anglais."	one	two | zero | three
ce1	english	en_nombres	"Quel nombre s'écrit ""twenty"" ?"	20	30 | 22 | 21
ce1	english	en_nombres	"Combien font ""ten minus two"" ? Réponds en anglais."	eight	nine | seven | ten
ce1	english	en_nombres	"Que veut dire ""ninth"" en français ?"	neuvième	troisième | sixième | cinquième
ce1	english	en_nombres	Comment écrit-on le nombre 19 en anglais ?	nineteen	twenty-nine | eighteen | twenty-one
ce1	english	en_nombres	"Que veut dire ""first"" en français ?"	premier	deuxième | troisième | huitième
ce1	english	en_nombres	"Combien font ""one plus four"" ? Réponds en anglais."	five	six | four | seven
ce1	english	en_nombres	"Quel nombre s'écrit ""nineteen"" ?"	19	29 | 18 | 21
ce1	english	en_nombres	"Comment dit-on ""quatrième"" en anglais ?"	fourth	sixth | eighth | seventh
ce1	english	en_nombres	"Combien font ""one plus ten"" ? Réponds en anglais."	eleven	twelve | ten | thirteen
ce1	english	en_nombres	"Comment dit-on ""troisième"" en anglais ?"	third	fifth | fourth | eighth
ce2	english	en_nombres	Comment écrit-on le nombre 50 en anglais ?	fifty	sixty | forty | fifty-one
ce2	english	en_nombres	"Combien font ""ten plus twenty"" ? Réponds en anglais."	thirty	forty | twenty | thirty-one
ce2	english	en_nombres	Comment écrit-on le nombre 20 en anglais ?	twenty	thirty | ten | twenty-one
ce2	english	en_nombres	"Combien font ""thirty plus forty"" ? Réponds en anglais."	seventy	eighty | sixty | seventy-one
ce2	english	en_nombres	"Quel nombre s'écrit ""sixty"" ?"	60	70 | 50 | 61
ce2	english	en_nombres	"Combien font ""fifty plus twenty"" ? Réponds en anglais."	seventy	eighty | sixty | seventy-one
ce2	english	en_nombres	"Quel nombre s'écrit ""seventy-seven"" ?"	77	87 | 67 | 78
ce2	english	en_nombres	"Combien font ""twenty-five plus twenty-five"" ? Réponds en anglais."	fifty	sixty | forty | fifty-one
ce2	english	en_nombres	Comment écrit-on le nombre 60 en anglais ?	sixty	seventy | fifty | sixty-one
ce2	english	en_nombres	"Combien font ""sixty plus thirty"" ? Réponds en anglais."	ninety	one hundred | eighty | ninety-one
ce2	english	en_nombres	"Quel nombre s'écrit ""eighty-one"" ?"	81	91 | 71 | 82
ce2	english	en_nombres	"Combien font ""forty plus forty"" ? Réponds en anglais."	eighty	ninety | seventy | eighty-one
ce2	english	en_nombres	Comment écrit-on le nombre 68 en anglais ?	sixty-eight	seventy-eight | fifty-eight | sixty-nine
ce2	english	en_nombres	"Combien font ""seventy plus twenty"" ? Réponds en anglais."	ninety	one hundred | eighty | ninety-one
ce2	english	en_nombres	Comment écrit-on le nombre 58 en anglais ?	fifty-eight	sixty-eight | forty-eight | fifty-nine
ce2	english	en_nombres	"Combien font ""fifteen plus fifteen"" ? Réponds en anglais."	thirty	forty | twenty | thirty-one
ce2	english	en_nombres	"Quel nombre s'écrit ""one hundred"" ?"	100	90
ce2	english	en_nombres	"Combien font ""forty-five plus five"" ? Réponds en anglais."	fifty	sixty | forty | fifty-one
ce2	english	en_nombres	Comment écrit-on le nombre 64 en anglais ?	sixty-four	seventy-four | fifty-four | sixty-five
ce2	english	en_nombres	"Combien font ""eighty plus ten"" ? Réponds en anglais."	ninety	one hundred | eighty | ninety-one
ce2	english	en_nombres	"Quel nombre s'écrit ""twenty"" ?"	20	30 | 10 | 21
ce2	english	en_nombres	"Quel nombre s'écrit ""eighty"" ?"	80	90 | 70 | 81
ce2	english	en_nombres	Comment écrit-on le nombre 99 en anglais ?	ninety-nine	eighty-nine | one hundred
ce2	english	en_nombres	"Quel nombre s'écrit ""ninety"" ?"	90	100 | 80 | 91
ce2	english	en_nombres	Comment écrit-on le nombre 47 en anglais ?	forty-seven	fifty-seven | thirty-seven | forty-eight
ce2	english	en_nombres	Comment écrit-on le nombre 35 en anglais ?	thirty-five	forty-five | twenty-five | thirty-six
ce2	english	en_nombres	Comment écrit-on le nombre 26 en anglais ?	twenty-six	thirty-six | sixteen | twenty-seven
ce2	english	en_nombres	"Quel nombre s'écrit ""forty-seven"" ?"	47	57 | 37 | 48
ce2	english	en_nombres	"Quel nombre s'écrit ""sixty-four"" ?"	64	74 | 54 | 65
ce2	english	en_nombres	"Quel nombre s'écrit ""sixty-eight"" ?"	68	78 | 58 | 69
cm1	english	en_nombres	Comment écrit-on le nombre 900 en anglais ?	nine hundred	one thousand | eight hundred | nine hundred and ten
cm1	english	en_nombres	"Comment écrit-on ""1st"" en toutes lettres ?"	first	second | twelfth | third
cm1	english	en_nombres	"Quel nombre s'écrit ""six hundred and forty"" ?"	640	740 | 540 | 650
cm1	english	en_nombres	"Comment écrit-on ""2nd"" en toutes lettres ?"	second	third | first | fourth
cm1	english	en_nombres	Comment écrit-on le nombre 120 en anglais ?	one hundred and twenty	two hundred and twenty | twenty | one hundred and thirty
cm1	english	en_nombres	"Comment écrit-on ""3rd"" en toutes lettres ?"	third	fourth | second | fifth
cm1	english	en_nombres	"Quel nombre s'écrit ""one hundred"" ?"	100	200 | 110 | 150
cm1	english	en_nombres	"Comment écrit-on ""4th"" en toutes lettres ?"	fourth	fifth | third | sixth
cm1	english	en_nombres	Comment écrit-on le nombre 640 en anglais ?	six hundred and forty	seven hundred and forty | five hundred and forty | six hundred and fifty
cm1	english	en_nombres	"Comment écrit-on ""5th"" en toutes lettres ?"	fifth	sixth | fourth | seventh
cm1	english	en_nombres	Comment écrit-on le nombre 500 en anglais ?	five hundred	six hundred | four hundred | five hundred and ten
cm1	english	en_nombres	"Comment écrit-on ""6th"" en toutes lettres ?"	sixth	seventh | fifth | eighth
cm1	english	en_nombres	Comment écrit-on le nombre 800 en anglais ?	eight hundred	nine hundred | seven hundred | eight hundred and ten
cm1	english	en_nombres	"Comment écrit-on ""7th"" en toutes lettres ?"	seventh	eighth | sixth | ninth
cm1	english	en_nombres	Comment écrit-on le nombre 600 en anglais ?	six hundred	seven hundred | five hundred | six hundred and ten
cm1	english	en_nombres	"Comment écrit-on ""8th"" en toutes lettres ?"	eighth	ninth | seventh | tenth
cm1	english	en_nombres	Comment écrit-on le nombre 505 en anglais ?	five hundred and five	six hundred and five | four hundred and five | five hundred and fifteen
cm1	english	en_nombres	"Comment écrit-on ""9th"" en toutes lettres ?"	ninth	tenth | eighth | eleventh
cm1	english	en_nombres	Comment écrit-on le nombre 300 en anglais ?	three hundred	four hundred | two hundred | three hundred and ten
cm1	english	en_nombres	"Comment écrit-on ""10th"" en toutes lettres ?"	tenth	eleventh | ninth | twelfth
cm1	english	en_nombres	Comment écrit-on le nombre 400 en anglais ?	four hundred	five hundred | three hundred | four hundred and ten
cm1	english	en_nombres	"Quel nombre s'écrit ""nine hundred"" ?"	900	1000 | 800 | 910
cm1	english	en_nombres	"Quel nombre s'écrit ""eight hundred and seventy-five"" ?"	875	975 | 775 | 885
cm1	english	en_nombres	"Quel nombre s'écrit ""four hundred"" ?"	400	500 | 300 | 410
cp	english	en_nombres	Comment écrit-on le nombre 8 en anglais ?	eight	nine | seven | ten
cp	english	en_nombres	"Combien font ""five plus four"" ? Réponds en anglais."	nine	ten | eight | eleven
cp	english	en_nombres	"Quel nombre s'écrit ""eight"" ?"	8	9 | 7 | 10
cp	english	en_nombres	"Combien font ""three minus three"" ? Réponds en anglais."	zero	one | two | ten
cp	english	en_nombres	Comment écrit-on le nombre 0 en anglais ?	zero	two | ten | one
cp	english	en_nombres	"Quel nombre s'écrit ""zero"" ?"	0	2 | 10 | 1
cp	english	en_nombres	"Combien font ""four minus two"" ? Réponds en anglais."	two	three | one | four
cp	english	en_nombres	Comment écrit-on le nombre 11 en anglais ?	eleven	one | ten | twelve
cp	english	en_nombres	"Quel nombre s'écrit ""eleven"" ?"	11	1 | 10 | 12
cp	english	en_nombres	"Combien font ""five plus three"" ? Réponds en anglais."	eight	nine | seven | ten
cp	english	en_nombres	Comment écrit-on le nombre 5 en anglais ?	five	six | four | seven
cp	english	en_nombres	"Combien font ""four plus five"" ? Réponds en anglais."	nine	ten | eight | eleven
cp	english	en_nombres	"Quel nombre s'écrit ""five"" ?"	5	6 | 4 | 7
cp	english	en_nombres	"Combien font ""five minus two"" ? Réponds en anglais."	three	four | two | five
cp	english	en_nombres	Comment écrit-on le nombre 3 en anglais ?	three	two | five | four
cp	english	en_nombres	"Combien font ""three plus four"" ? Réponds en anglais."	seven	eight | six | nine
cp	english	en_nombres	"Quel nombre s'écrit ""three"" ?"	3	2 | 5 | 4
cp	english	en_nombres	"Combien font ""four minus one"" ? Réponds en anglais."	three	four | two | five
cp	english	en_nombres	Comment écrit-on le nombre 6 en anglais ?	six	eight | five | seven
cp	english	en_nombres	"Combien font ""five minus five"" ? Réponds en anglais."	zero	one | two | ten
cp	english	en_nombres	"Quel nombre s'écrit ""six"" ?"	6	8 | 5 | 7
cp	english	en_nombres	"Combien font ""two plus two"" ? Réponds en anglais."	four	five | three | six
cp	english	en_nombres	Comment écrit-on le nombre 7 en anglais ?	seven	nine | six | eight
cp	english	en_nombres	"Combien font ""one plus two"" ? Réponds en anglais."	three	four | two | five
cp	english	en_nombres	"Quel nombre s'écrit ""seven"" ?"	7	9 | 6 | 8
cp	english	en_nombres	"Combien font ""five minus four"" ? Réponds en anglais."	one	two | zero | three
cp	english	en_nombres	Comment écrit-on le nombre 10 en anglais ?	ten	twelve | eleven | nine
cp	english	en_nombres	"Combien font ""five minus three"" ? Réponds en anglais."	two	three | one | four
cp	english	en_nombres	"Quel nombre s'écrit ""ten"" ?"	10	12 | 11 | 9
cp	english	en_nombres	"Combien font ""three plus five"" ? Réponds en anglais."	eight	nine | seven | ten
ce1	english	en_nourriture	"Que veut dire ""apple"" en français ?"	pomme	carotte | gâteau | pizza
ce1	english	en_nourriture	"Que veut dire ""cheese"" en français ?"	fromage	poire | cerise | citron
ce1	english	en_nourriture	"Comment dit-on ""eau"" en anglais ?"	water	watermelon | chocolate | bread
ce1	english	en_nourriture	"Comment dit-on ""pomme"" en anglais ?"	apple	cake | carrot | cheese
ce1	english	en_nourriture	"Comment dit-on ""fromage"" en anglais ?"	cheese	pizza | tomato | grape
ce1	english	en_nourriture	"Que veut dire ""cake"" en français ?"	gâteau	pâtes | lait | raisin
ce1	english	en_nourriture	"Que veut dire ""ice cream"" en français ?"	glace	fromage | pain | pastèque
ce1	english	en_nourriture	"Que veut dire ""egg"" en français ?"	oeuf	jus de fruit | miel | poire
ce1	english	en_nourriture	"Que veut dire ""grape"" en français ?"	raisin	pain | fraise | tomate
ce1	english	en_nourriture	"Que veut dire ""cherry"" en français ?"	cerise	fromage | citron | eau
ce1	english	en_nourriture	"Comment dit-on ""glace"" en anglais ?"	ice cream	strawberry | juice | butter
ce1	english	en_nourriture	"Comment dit-on ""biscuit"" en anglais ?"	cookie	strawberry | grape | peach
ce1	english	en_nourriture	"Comment dit-on ""raisin"" en anglais ?"	grape	tomato | pear | chocolate
ce1	english	en_nourriture	"Comment dit-on ""oeuf"" en anglais ?"	egg	strawberry | cheese | cherry
ce1	english	en_nourriture	"Que veut dire ""water"" en français ?"	eau	glace | pâtes | beurre
ce1	english	en_nourriture	"Comment dit-on ""jus de fruit"" en anglais ?"	juice	chocolate | bread | pasta
ce1	english	en_nourriture	"Que veut dire ""honey"" en français ?"	miel	fromage | pastèque | pain
ce1	english	en_nourriture	"Que veut dire ""watermelon"" en français ?"	pastèque	pâtes | poire | gâteau
ce1	english	en_nourriture	"Que veut dire ""lemon"" en français ?"	citron	pomme | fraise | miel
ce1	english	en_nourriture	"Comment dit-on ""lait"" en anglais ?"	milk	watermelon | banana | chocolate
ce1	english	en_nourriture	"Que veut dire ""milk"" en français ?"	lait	carotte | glace | pêche
ce1	english	en_nourriture	"Comment dit-on ""carotte"" en anglais ?"	carrot	honey | cake | cherry
ce1	english	en_nourriture	"Que veut dire ""bread"" en français ?"	pain	gâteau | jus de fruit | lait
ce1	english	en_nourriture	"Comment dit-on ""pain"" en anglais ?"	bread	water | cookie | pizza
ce1	english	en_nourriture	"Que veut dire ""pineapple"" en français ?"	ananas	poire | pêche | citron
ce1	english	en_nourriture	"Que veut dire ""butter"" en français ?"	beurre	pizza | fromage | lait
ce1	english	en_nourriture	"Que veut dire ""carrot"" en français ?"	carotte	pizza | tomate | pomme
ce2	english	en_nourriture	"Comment dit-on ""oignon"" en anglais ?"	onion	salad | yogurt | mushroom
ce2	english	en_nourriture	"Que veut dire ""onion"" en français ?"	oignon	miel | riz | pêche
ce2	english	en_nourriture	"Comment dit-on ""confiture"" en anglais ?"	jam	pizza | meat | carrot
ce2	english	en_nourriture	"Que veut dire ""pepper"" en français ?"	poivre	confiture | sel | yaourt
ce2	english	en_nourriture	"Que veut dire ""salt"" en français ?"	sel	glace | confiture | banane
ce2	english	en_nourriture	"Comment dit-on ""sel"" en anglais ?"	salt	mushroom | pizza | apple
ce2	english	en_nourriture	"Que veut dire ""chicken"" en français ?"	poulet	fromage | oeuf | riz
ce2	english	en_nourriture	"Que veut dire ""jam"" en français ?"	confiture	viande | ananas | pastèque
ce2	english	en_nourriture	"Comment dit-on ""poivre"" en anglais ?"	pepper	water | lemon | tomato
ce2	english	en_nourriture	"Quel dessin correspond à ""salad"" ?"	🥗	🍓 | 🧅 | 🍍
ce2	english	en_nourriture	"Quel dessin correspond à ""chicken"" ?"	🍗	🍰 | 🍕 | 🍪
ce2	english	en_nourriture	Comment dit-on 🥩 en anglais ?	meat	pear | cake | pizza
ce2	english	en_nourriture	Comment dit-on 🥗 en anglais ?	salad	watermelon | cookie | cheese
ce2	english	en_nourriture	Comment dit-on 🥪 en anglais ?	sandwich	pineapple | mushroom | ice cream
ce2	english	en_nourriture	Comment dit-on 🧅 en anglais ?	onion	rice | bread | chicken
ce2	english	en_nourriture	Comment dit-on 🥔 en anglais ?	potato	grape | pear | rice
ce2	english	en_nourriture	"Quel dessin correspond à ""potato"" ?"	🥔	🍯 | 🍄 | 🍌
ce2	english	en_nourriture	"Quel dessin correspond à ""onion"" ?"	🧅	🍎 | 🍪 | 🍉
ce2	english	en_nourriture	Comment dit-on 🍗 en anglais ?	chicken	banana | mushroom | pear
ce2	english	en_nourriture	"Quel dessin correspond à ""sandwich"" ?"	🥪	🍦 | 🧅 | 🍞
ce2	english	en_nourriture	"Quel dessin correspond à ""meat"" ?"	🥩	🍗 | 🧀 | 🍋
ce2	english	en_nourriture	Comment dit-on 🍚 en anglais ?	rice	pizza | ice cream | strawberry
ce2	english	en_nourriture	"Quel dessin correspond à ""rice"" ?"	🍚	🍉 | 🍌 | 🍕
ce2	english	en_nourriture	"Que veut dire ""pineapple"" en français ?"	ananas	citron | poire | pêche
ce2	english	en_nourriture	"Comment dit-on ""poire"" en anglais ?"	pear	peach | meat | soup
ce2	english	en_nourriture	"Comment dit-on ""beurre"" en anglais ?"	butter	egg | lemon | potato
ce2	english	en_nourriture	"Comment dit-on ""pâtes"" en anglais ?"	pasta	yogurt | egg | cereal
ce2	english	en_nourriture	"Que veut dire ""butter"" en français ?"	beurre	cerise | banane | pastèque
ce2	english	en_nourriture	"Comment dit-on ""miel"" en anglais ?"	honey	peach | pear | milk
ce2	english	en_nourriture	"Comment dit-on ""pastèque"" en anglais ?"	watermelon	pepper | juice | mushroom
cm1	english	en_nourriture	"Comment dit-on ""concombre"" en anglais ?"	cucumber	juice | watermelon | lemon
cm1	english	en_nourriture	"Que veut dire ""chips"" en français ?"	frites	carotte | sel | oignon
cm1	english	en_nourriture	"Que veut dire ""cucumber"" en français ?"	concombre	pastèque | soupe | cerise
cm1	english	en_nourriture	"Que veut dire ""coconut"" en français ?"	noix de coco	beurre | poivre | brocoli
cm1	english	en_nourriture	"Comment dit-on ""noix de coco"" en anglais ?"	coconut	cookie | breakfast | snack
cm1	english	en_nourriture	"Comment dit-on ""maïs"" en anglais ?"	corn	carrot | sandwich | pear
cm1	english	en_nourriture	"Que veut dire ""corn"" en français ?"	maïs	tomate | soupe | carotte
cm1	english	en_nourriture	"Comment dit-on ""frites"" en anglais ?"	chips	coconut | lemon | strawberry
cm1	english	en_nourriture	"Que veut dire ""pancake"" en français ?"	crêpe	riz | pâtes | oeuf
cm1	english	en_nourriture	"Que veut dire ""vegetables"" en français ?"	légumes	concombre | pastèque | salade
cm1	english	en_nourriture	"Comment dit-on ""légumes"" en anglais ?"	vegetables	carrot | water | apple
cm1	english	en_nourriture	"Comment dit-on ""crêpe"" en anglais ?"	pancake	pineapple | chicken | rice
cm1	english	en_nourriture	Comment dit-on 🍟 en anglais ?	chips	milk | strawberry | pizza
cm1	english	en_nourriture	Comment dit-on 🥥 en anglais ?	coconut	cherry | pineapple | carrot
cm1	english	en_nourriture	"Quel dessin correspond à ""coconut"" ?"	🥥	🍑 | 🌽 | 🍦
cm1	english	en_nourriture	"Quel dessin correspond à ""cucumber"" ?"	🥒	🍝 | 🥦 | 🍎
cm1	english	en_nourriture	"Quel dessin correspond à ""pancake"" ?"	🥞	🍟 | 🥗 | 🍰
cm1	english	en_nourriture	Comment dit-on 🥒 en anglais ?	cucumber	peach | chips | pasta
cm1	english	en_nourriture	Comment dit-on 🥦 en anglais ?	broccoli	mushroom | cucumber | pasta
cm1	english	en_nourriture	"Quel dessin correspond à ""broccoli"" ?"	🥦	🍓 | 🥩 | 🍦
cm1	english	en_nourriture	Comment dit-on 🥞 en anglais ?	pancake	coconut | lemon | watermelon
cm1	english	en_nourriture	"Quel dessin correspond à ""corn"" ?"	🌽	🍞 | 🍯 | 🍉
cm1	english	en_nourriture	"Quel dessin correspond à ""chips"" ?"	🍟	🍊 | 🍞 | 🍯
cm1	english	en_nourriture	Comment dit-on 🌽 en anglais ?	corn	pear | egg | cookie
cm1	english	en_nourriture	"Comment dit-on ""pomme de terre"" en anglais ?"	potato	pepper | pear | watermelon
cm1	english	en_nourriture	"Comment dit-on ""poulet"" en anglais ?"	chicken	cucumber | carrot | broccoli
cm1	english	en_nourriture	"Que veut dire ""potato"" en français ?"	pomme de terre	pomme | fromage | céréales
cm1	english	en_nourriture	"Comment dit-on ""poivre"" en anglais ?"	pepper	coconut | chicken | cereal
cm1	english	en_nourriture	"Comment dit-on ""oignon"" en anglais ?"	onion	pineapple | water | milk
cm1	english	en_nourriture	"Comment dit-on ""sucre"" en anglais ?"	sugar	strawberry | cereal | tomato
cp	english	en_nourriture	"Que veut dire ""ice cream"" en français ?"	glace	fromage | cerise | orange
cp	english	en_nourriture	"Que veut dire ""cookie"" en français ?"	biscuit	jus de fruit | citron | oeuf
cp	english	en_nourriture	"Que veut dire ""lemon"" en français ?"	citron	oeuf | carotte | fraise
cp	english	en_nourriture	"Que veut dire ""grape"" en français ?"	raisin	citron | fraise | banane
cp	english	en_nourriture	"Comment dit-on ""biscuit"" en anglais ?"	cookie	orange | ice cream | bread
cp	english	en_nourriture	"Comment dit-on ""carotte"" en anglais ?"	carrot	lemon | banana | orange
cp	english	en_nourriture	"Que veut dire ""strawberry"" en français ?"	fraise	gâteau | pain | glace
cp	english	en_nourriture	"Comment dit-on ""fraise"" en anglais ?"	strawberry	ice cream | grape | cherry
cp	english	en_nourriture	"Comment dit-on ""raisin"" en anglais ?"	grape	banana | milk | cheese
cp	english	en_nourriture	"Que veut dire ""carrot"" en français ?"	carotte	fromage | cerise | chocolat
cp	english	en_nourriture	"Que veut dire ""cherry"" en français ?"	cerise	jus de fruit | carotte | lait
cp	english	en_nourriture	"Comment dit-on ""citron"" en anglais ?"	lemon	bread | banana | cheese
cp	english	en_nourriture	"Comment dit-on ""cerise"" en anglais ?"	cherry	grape | pizza | apple
cp	english	en_nourriture	"Quel dessin correspond à ""tomato"" ?"	🍅	🍋 | 🥚 | 🍕
cp	english	en_nourriture	Comment dit-on 🍰 en anglais ?	cake	bread | milk | strawberry
cp	english	en_nourriture	Comment dit-on 🧀 en anglais ?	cheese	grape | carrot | chocolate
cp	english	en_nourriture	Comment dit-on 🍓 en anglais ?	strawberry	apple | orange | bread
cp	english	en_nourriture	"Quel dessin correspond à ""ice cream"" ?"	🍦	🍫 | 🥛 | 🥚
cp	english	en_nourriture	Comment dit-on 🥛 en anglais ?	milk	strawberry | banana | cookie
cp	english	en_nourriture	Comment dit-on 🍎 en anglais ?	apple	chocolate | bread | cookie
cp	english	en_nourriture	Comment dit-on 🍊 en anglais ?	orange	apple | milk | cheese
cp	english	en_nourriture	Comment dit-on 🍪 en anglais ?	cookie	bread | cherry | cake
cp	english	en_nourriture	"Quel dessin correspond à ""bread"" ?"	🍞	🍇 | 🥕 | 🍦
cp	english	en_nourriture	Comment dit-on 🍇 en anglais ?	grape	pizza | lemon | cookie
cp	english	en_nourriture	"Quel dessin correspond à ""milk"" ?"	🥛	🍇 | 🍫 | 🍓
cp	english	en_nourriture	"Quel dessin correspond à ""strawberry"" ?"	🍓	🍋 | 🍌 | 🍊
cp	english	en_nourriture	"Quel dessin correspond à ""cheese"" ?"	🧀	🍫 | 🍦 | 🍕
cp	english	en_nourriture	Comment dit-on 🍋 en anglais ?	lemon	tomato | cake | cherry
ce1	english	en_pays	"Que veut dire ""Irish"" en français ?"	irlandais	japonais | mexicain | chinois
ce1	english	en_pays	"Que veut dire ""Brazil"" en français ?"	Brésil	Canada | Italie | Russie
ce1	english	en_pays	"Que veut dire ""Brazilian"" en français ?"	brésilien	suisse | italien | chinois
ce1	english	en_pays	"Comment dit-on ""irlandais"" en anglais ?"	Irish	Russian | Belgian | Greek
ce1	english	en_pays	"Comment dit-on ""Angleterre"" en anglais ?"	England	Greece | France | Scotland
ce1	english	en_pays	"Comment dit-on ""États-Unis"" en anglais ?"	the United States	Ireland | India | Australia
ce1	english	en_pays	"Que veut dire ""the United States"" en français ?"	États-Unis	Mexique | Grèce | Angleterre
ce1	english	en_pays	"Que veut dire ""Scotland"" en français ?"	Écosse	Suisse | Angleterre | Mexique
ce1	english	en_pays	"Comment dit-on ""écossais"" en anglais ?"	Scottish	English | Irish | Russian
ce1	english	en_pays	"Comment dit-on ""Espagne"" en anglais ?"	Spain	Mexico | Italy | Canada
ce1	english	en_pays	"Que veut dire ""Germany"" en français ?"	Allemagne	Irlande | Portugal | Écosse
ce1	english	en_pays	"Comment dit-on ""Allemagne"" en anglais ?"	Germany	Brazil | Switzerland | the United States
ce1	english	en_pays	"Que veut dire ""Mexico"" en français ?"	Mexique	Grèce | Portugal | France
ce1	english	en_pays	"Que veut dire ""England"" en français ?"	Angleterre	Mexique | Belgique | Espagne
ce1	english	en_pays	"Comment dit-on ""brésilien"" en anglais ?"	Brazilian	Swiss | Italian | Swedish
ce1	english	en_pays	"Comment dit-on ""Brésil"" en anglais ?"	Brazil	Scotland | Belgium | India
ce1	english	en_pays	"Comment dit-on ""japonais"" en anglais ?"	Japanese	Spanish | Chinese | Swedish
ce1	english	en_pays	"Comment dit-on ""belge"" en anglais ?"	Belgian	Irish | Indian | German
ce1	english	en_pays	"Comment dit-on ""Mexique"" en anglais ?"	Mexico	Russia | Portugal | Canada
ce1	english	en_pays	"Comment dit-on ""Italie"" en anglais ?"	Italy	Canada | Belgium | Japan
ce1	english	en_pays	"Que veut dire ""Switzerland"" en français ?"	Suisse	Espagne | Chine | États-Unis
ce1	english	en_pays	"Comment dit-on ""Écosse"" en anglais ?"	Scotland	India | Brazil | China
ce1	english	en_pays	"Que veut dire ""Italy"" en français ?"	Italie	Grèce | Allemagne | Écosse
ce1	english	en_pays	"Que veut dire ""Chinese"" en français ?"	chinois	espagnol | italien | russe
ce1	english	en_pays	"Que veut dire ""Japanese"" en français ?"	japonais	allemand | écossais | australien
ce1	english	en_pays	"Que veut dire ""German"" en français ?"	allemand	grec | irlandais | indien
ce1	english	en_pays	"Comment dit-on ""Inde"" en anglais ?"	India	Switzerland | Italy | France
ce1	english	en_pays	"Que veut dire ""Scottish"" en français ?"	écossais	grec | suédois | irlandais
ce1	english	en_pays	"Que veut dire ""Belgian"" en français ?"	belge	russe | mexicain | espagnol
ce1	english	en_pays	"Comment dit-on ""allemand"" en anglais ?"	German	French | Canadian | Swedish
ce2	english	en_pays	"Que veut dire ""Mexico"" en français ?"	Mexique	Portugal | Espagne | Chine
ce2	english	en_pays	"Comment dit-on ""grec"" en anglais ?"	Greek	Portuguese | Welsh | Spanish
ce2	english	en_pays	"Comment dit-on ""Allemagne"" en anglais ?"	Germany	Mexico | the United States | Canada
ce2	english	en_pays	"Que veut dire ""India"" en français ?"	Inde	Japon | Canada | Espagne
ce2	english	en_pays	"Que veut dire ""German"" en français ?"	allemand	grec | anglais | gallois
ce2	english	en_pays	"Comment dit-on ""espagnol"" en anglais ?"	Spanish	English | Brazilian | Russian
ce2	english	en_pays	"Comment dit-on ""anglais"" en anglais ?"	English	Russian | Japanese | Spanish
ce2	english	en_pays	"Comment dit-on ""Suisse"" en anglais ?"	Switzerland	Germany | Japan | Portugal
ce2	english	en_pays	"Que veut dire ""England"" en français ?"	Angleterre	Chine | Irlande | Belgique
ce2	english	en_pays	"Comment dit-on ""États-Unis"" en anglais ?"	the United States	Portugal | France | India
ce2	english	en_pays	"Que veut dire ""Swedish"" en français ?"	suédois	américain | espagnol | irlandais
ce2	english	en_pays	"Que veut dire ""Irish"" en français ?"	irlandais	allemand | italien | américain
ce2	english	en_pays	"Que veut dire ""Scotland"" en français ?"	Écosse	Portugal | Brésil | Grèce
ce2	english	en_pays	"Que veut dire ""the United States"" en français ?"	États-Unis	Écosse | Portugal | Belgique
ce2	english	en_pays	"Comment dit-on ""Angleterre"" en anglais ?"	England	Russia | Japan | Belgium
ce2	english	en_pays	"Comment dit-on ""suédois"" en anglais ?"	Swedish	Belgian | American | Scottish
ce2	english	en_pays	"Que veut dire ""Greek"" en français ?"	grec	irlandais | portugais | belge
ce2	english	en_pays	"Que veut dire ""Swiss"" en français ?"	suisse	gallois | irlandais | canadien
ce2	english	en_pays	"Comment dit-on ""Espagne"" en anglais ?"	Spain	France | Brazil | Portugal
ce2	english	en_pays	"Comment dit-on ""Brésil"" en anglais ?"	Brazil	Scotland | India | Spain
ce2	english	en_pays	"Que veut dire ""French"" en français ?"	français	mexicain | brésilien | suisse
ce2	english	en_pays	"Comment dit-on ""Écosse"" en anglais ?"	Scotland	England | Brazil | Germany
ce2	english	en_pays	"Que veut dire ""Brazil"" en français ?"	Brésil	Australie | Japon | Grèce
ce2	english	en_pays	"Que veut dire ""Germany"" en français ?"	Allemagne	Suisse | Mexique | États-Unis
ce2	english	en_pays	"Que veut dire ""Switzerland"" en français ?"	Suisse	Brésil | États-Unis | Portugal
ce2	english	en_pays	"Que veut dire ""Spain"" en français ?"	Espagne	Angleterre | Grèce | Allemagne
ce2	english	en_pays	"Que veut dire ""Spanish"" en français ?"	espagnol	italien | français | belge
ce2	english	en_pays	"Comment dit-on ""Mexique"" en anglais ?"	Mexico	the United States | Ireland | Switzerland
ce2	english	en_pays	"Que veut dire ""English"" en français ?"	anglais	australien | canadien | allemand
ce2	english	en_pays	"Comment dit-on ""irlandais"" en anglais ?"	Irish	Indian | French | Scottish
cm1	english	en_politesse_consignes	"Que veut dire ""See you tomorrow"" en français ?"	à demain	excuse-moi | sors ton crayon | puis-je entrer ?
cm1	english	en_politesse_consignes	"Comment dit-on ""écoute bien"" en anglais ?"	Listen carefully	Take out your pencil | Repeat, please | Look at the board
cm1	english	en_politesse_consignes	"Que veut dire ""Can I go to the toilet?"" en français ?"	puis-je aller aux toilettes ?	mettez-vous en rang | à demain | bonne journée
cm1	english	en_politesse_consignes	"Comment dit-on ""non, merci"" en anglais ?"	No, thank you	Close your book | Listen carefully | Line up
cm1	english	en_politesse_consignes	"Que veut dire ""Take out your pencil"" en français ?"	sors ton crayon	puis-je aller aux toilettes ? | bonsoir | peux-tu m'aider ?
cm1	english	en_politesse_consignes	"Comment dit-on ""sors ton crayon"" en anglais ?"	Take out your pencil	Open your book | I don't understand | Excuse me
cm1	english	en_politesse_consignes	"Que veut dire ""Close your book"" en français ?"	ferme ton livre	lève la main | sors ton crayon | écoute bien
cm1	english	en_politesse_consignes	"Comment dit-on ""peux-tu m'aider ?"" en anglais ?"	Can you help me?	I don't understand | Good evening | Close your book
cm1	english	en_politesse_consignes	"Que veut dire ""Can you help me?"" en français ?"	peux-tu m'aider ?	bonne journée | range tes affaires | à demain
cm1	english	en_politesse_consignes	"Comment dit-on ""regarde le tableau"" en anglais ?"	Look at the board	Can I go to the toilet? | Open your book | Listen carefully
cm1	english	en_politesse_consignes	"Que veut dire ""Listen carefully"" en français ?"	écoute bien	regarde le tableau | range tes affaires | non, merci
cm1	english	en_politesse_consignes	"Que veut dire ""Excuse me"" en français ?"	excuse-moi	ferme ton livre | bonne journée | merci beaucoup
cm1	english	en_politesse_consignes	"Comment dit-on ""lève la main"" en anglais ?"	Raise your hand	Thank you very much | Excuse me | Work in pairs
cm1	english	en_politesse_consignes	"Comment dit-on ""bonne journée"" en anglais ?"	Have a nice day	Close your book | Put away your things | Look at the board
cm1	english	en_politesse_consignes	"Comment dit-on ""ferme ton livre"" en anglais ?"	Close your book	Can you help me? | No, thank you | Have a nice day
cm1	english	en_politesse_consignes	"Que veut dire ""Work in pairs"" en français ?"	travaillez par deux	ouvre ton livre | bonsoir | excuse-moi
cm1	english	en_politesse_consignes	"Comment dit-on ""ouvre ton livre"" en anglais ?"	Open your book	No, thank you | Good evening | Line up
cm1	english	en_politesse_consignes	"Comment dit-on ""travaillez par deux"" en anglais ?"	Work in pairs	Take out your pencil | Close your book | Raise your hand
cm1	english	en_politesse_consignes	"Que veut dire ""Put away your things"" en français ?"	range tes affaires	répète, s'il te plaît | merci beaucoup | bienvenue
cm1	english	en_politesse_consignes	"Comment dit-on ""bonsoir"" en anglais ?"	Good evening	Listen carefully | Excuse me | Close your book
cm1	english	en_politesse_consignes	"Que veut dire ""Repeat, please"" en français ?"	répète, s'il te plaît	regarde le tableau | bonne journée | excuse-moi
cm1	english	en_politesse_consignes	"Que veut dire ""Line up"" en français ?"	mettez-vous en rang	je ne comprends pas | répète, s'il te plaît | écoute bien
cm1	english	en_politesse_consignes	"Que veut dire ""Have a nice day"" en français ?"	bonne journée	bonsoir | à demain | lève la main
cm1	english	en_politesse_consignes	"Comment dit-on ""puis-je aller aux toilettes ?"" en anglais ?"	Can I go to the toilet?	Thank you very much | Can you help me? | Work in pairs
cm1	english	en_politesse_consignes	"Que veut dire ""Welcome"" en français ?"	bienvenue	excuse-moi | peux-tu m'aider ? | non, merci
cm1	english	en_politesse_consignes	"Comment dit-on ""mettez-vous en rang"" en anglais ?"	Line up	Have a nice day | Excuse me | No, thank you
cm1	english	en_politesse_consignes	"Comment dit-on ""excuse-moi"" en anglais ?"	Excuse me	Work in pairs | See you tomorrow | Can you help me?
cm1	english	en_politesse_consignes	"Comment dit-on ""bienvenue"" en anglais ?"	Welcome	Can you help me? | Raise your hand | Can I go to the toilet?
cm1	english	en_politesse_consignes	"Comment dit-on ""à demain"" en anglais ?"	See you tomorrow	Take out your pencil | Put away your things | No, thank you
cm1	english	en_politesse_consignes	"Que veut dire ""I don't understand"" en français ?"	je ne comprends pas	à demain | ferme ton livre | merci beaucoup
cp	english	en_politesse_consignes	"Que veut dire ""good afternoon"" en français ?"	bon après-midi	bonjour (le matin) | ça va ? | bonne nuit
cp	english	en_politesse_consignes	"Que veut dire ""see you soon"" en français ?"	à bientôt	bonjour (le matin) | salut | bon après-midi
cp	english	en_politesse_consignes	"Que veut dire ""hi"" en français ?"	salut	bon après-midi | merci | je vais bien
cp	english	en_politesse_consignes	"Comment dit-on ""bonne nuit"" en anglais ?"	good night	good morning | see you soon | good afternoon
cp	english	en_politesse_consignes	"Comment dit-on ""salut"" en anglais ?"	hi	see you soon | thank you | How are you?
cp	english	en_politesse_consignes	"Que veut dire ""good morning"" en français ?"	bonjour (le matin)	bon après-midi | à bientôt | ça va ?
cp	english	en_politesse_consignes	"Comment dit-on ""ça va ?"" en anglais ?"	How are you?	thank you | good night | hi
cm2	english	en_present_continu	"Quelle est la forme en -ing du verbe ""make"" ?"	making	makeing | makking | makes
cm2	english	en_present_continu	Complète : Look! The dog ___ running.	is	are | am
cm2	english	en_present_continu	"Comment dit-on ""que fais-tu ?"" en anglais ?"	What are you doing?	She's cooking | We're walking | It's raining
cm2	english	en_present_continu	"Quelle est la forme en -ing du verbe ""swim"" ?"	swimming	swiming | swimmming | swims
cm2	english	en_present_continu	Complète : I ___ eating an apple.	am	is | are
cm2	english	en_present_continu	"Comment dit-on ""elle est en train de cuisiner"" en anglais ?"	She's cooking	They're laughing | We're walking | It's raining
cm2	english	en_present_continu	"Quelle est la forme en -ing du verbe ""come"" ?"	coming	comeing | comming | comes
cm2	english	en_present_continu	Complète : He is ___ a letter.	writing	write | writes
cm2	english	en_present_continu	"Comment dit-on ""il est en train de neiger"" en anglais ?"	It's snowing	They're laughing | She's cooking | We're walking
cm2	english	en_present_continu	"Quelle est la forme en -ing du verbe ""dance"" ?"	dancing	danceing | dancting | dances
cm2	english	en_present_continu	Complète : My parents ___ cooking dinner.	are	is | am
cm2	english	en_present_continu	"Comment dit-on ""ils sont en train de rire"" en anglais ?"	They're laughing	We're walking | She's cooking | What are you doing?
cm2	english	en_present_continu	"Quelle est la forme en -ing du verbe ""cut"" ?"	cutting	cuting | cuteing | cuts
cm2	english	en_present_continu	Complète : Listen! The baby ___ crying.	is	are | am
cm2	english	en_present_continu	"Que veut dire ""They're laughing"" en français ?"	ils sont en train de rire	nous sommes en train de marcher | elle est en train de cuisiner | que fais-tu ?
cm2	english	en_present_continu	"Quelle est la forme en -ing du verbe ""run"" ?"	running	runing | runeing | runs
cm2	english	en_present_continu	Complète : She ___ reading a book.	is	are | am
cm2	english	en_present_continu	"Que veut dire ""It's snowing"" en français ?"	il est en train de neiger	ils sont en train de rire | que fais-tu ? | elle est en train de cuisiner
cm2	english	en_present_continu	"Quelle est la forme en -ing du verbe ""sit"" ?"	sitting	siting | sitteing | sits
cm2	english	en_present_continu	Complète : They ___ playing in the garden.	are	is | am
cm2	english	en_present_continu	"Comment dit-on ""nous sommes en train de marcher"" en anglais ?"	We're walking	It's raining | What are you doing? | She's cooking
cm2	english	en_present_continu	"Quelle est la forme en -ing du verbe ""ride"" ?"	riding	rideing | ridding | rides
cm2	english	en_present_continu	Complète : We are ___ TV.	watching	watch | watches
cm2	english	en_present_continu	"Comment dit-on ""il est en train de pleuvoir"" en anglais ?"	It's raining	It's snowing | We're walking | What are you doing?
cm2	english	en_present_continu	"Quelle est la forme en -ing du verbe ""write"" ?"	writing	writeing | writting | writes
cm2	english	en_present_continu	"Que veut dire ""What are you doing?"" en français ?"	que fais-tu ?	il est en train de neiger | il est en train de pleuvoir | nous sommes en train de marcher
cm2	english	en_present_continu	"Quelle est la forme en -ing du verbe ""read"" ?"	reading	readding | readeing | reads
cm2	english	en_present_continu	"Que veut dire ""She's cooking"" en français ?"	elle est en train de cuisiner	ils sont en train de rire | il est en train de pleuvoir | il est en train de neiger
cm2	english	en_present_continu	"Quelle est la forme en -ing du verbe ""stop"" ?"	stopping	stoping | stopeing | stops
cm2	english	en_present_continu	"Que veut dire ""It's raining"" en français ?"	il est en train de pleuvoir	nous sommes en train de marcher | que fais-tu ? | ils sont en train de rire
ce1	english	en_questions_lieux	"Comment dit-on ""où habites-tu ?"" en anglais ?"	Where do you live?	What colour is it? | Where is the cat? | Who is it?
ce1	english	en_questions_lieux	"Que veut dire ""Who is it?"" en français ?"	qui est-ce ?	pourquoi es-tu triste ? | où est le chat ? | combien ?
ce1	english	en_questions_lieux	"Comment dit-on ""pourquoi es-tu triste ?"" en anglais ?"	Why are you sad?	Who is it? | What is it? | What colour is it?
ce1	english	en_questions_lieux	"Comment dit-on ""où est le chat ?"" en anglais ?"	Where is the cat?	How many? | What is it? | How old are you?
ce1	english	en_questions_lieux	"Comment dit-on ""qui est-ce ?"" en anglais ?"	Who is it?	Where do you live? | What colour is it? | When is your birthday?
ce1	english	en_questions_lieux	"Que veut dire ""When is your birthday?"" en français ?"	quand est ton anniversaire ?	qu'est-ce que c'est ? | où est le chat ? | pourquoi es-tu triste ?
ce1	english	en_questions_lieux	"Que veut dire ""How old are you?"" en français ?"	quel âge as-tu ?	qu'est-ce que c'est ? | où est le chat ? | comment vas-tu ?
ce1	english	en_questions_lieux	"Que veut dire ""What is it?"" en français ?"	qu'est-ce que c'est ?	de quelle couleur est-ce ? | qui est-ce ? | comment vas-tu ?
ce1	english	en_questions_lieux	"Que veut dire ""Where do you live?"" en français ?"	où habites-tu ?	qu'est-ce que c'est ? | pourquoi es-tu triste ? | comment vas-tu ?
ce1	english	en_questions_lieux	"Comment dit-on ""quel âge as-tu ?"" en anglais ?"	How old are you?	Who is it? | What is it? | What colour is it?
ce1	english	en_questions_lieux	"Que veut dire ""What colour is it?"" en français ?"	de quelle couleur est-ce ?	quand est ton anniversaire ? | combien ? | qui est-ce ?
ce1	english	en_questions_lieux	"Que veut dire ""How many?"" en français ?"	combien ?	comment vas-tu ? | quel âge as-tu ? | quand est ton anniversaire ?
ce1	english	en_questions_lieux	"Comment dit-on ""comment vas-tu ?"" en anglais ?"	How are you?	Where do you live? | What colour is it? | What is it?
ce1	english	en_questions_lieux	"Comment dit-on ""de quelle couleur est-ce ?"" en anglais ?"	What colour is it?	Why are you sad? | Who is it? | What is it?
cm1	english	en_questions_lieux	Complète : ___ is the bakery? It's next to the bank.	Where	Who | When
cm1	english	en_questions_lieux	"Que veut dire ""It's near here"" en français ?"	c'est près d'ici	je suis dans l'escalier | c'est à côté de la banque | j'habite à Paris
cm1	english	en_questions_lieux	Complète : ___ is your birthday? It's in May.	When	Where | Who
cm1	english	en_questions_lieux	"Comment dit-on ""c'est près d'ici"" en anglais ?"	It's near here	Where do you live? | It's far | Where is the bakery?
cm1	english	en_questions_lieux	Complète : ___ are you sad? Because I lost my cat.	Why	When | How
cm1	english	en_questions_lieux	"Comment dit-on ""c'est en face de l'école"" en anglais ?"	It's opposite the school	Where is the bakery? | It's near here | It's far
cm1	english	en_questions_lieux	Complète : ___ do you go to school? At eight o'clock.	When	Who | Where
cm1	english	en_questions_lieux	"Comment dit-on ""où habites-tu ?"" en anglais ?"	Where do you live?	It's next to the bank | It's near here | Where is the bakery?
cm1	english	en_questions_lieux	Complète : ___ is your teacher? Mrs Brown.	Who	Where | How
cm1	english	en_questions_lieux	"Comment dit-on ""où est la boulangerie ?"" en anglais ?"	Where is the bakery?	Go straight on | Where do you live? | I am in the attic
cm1	english	en_questions_lieux	Complète : ___ is my book? It's on the table.	Where	What | Who
cm1	english	en_questions_lieux	"Que veut dire ""It's far"" en français ?"	c'est loin	tourne à gauche | c'est près d'ici | j'habite à Paris
cm1	english	en_questions_lieux	Complète : ___ many pencils have you got? Five.	How	What | Who
cm1	english	en_questions_lieux	"Que veut dire ""Turn left"" en français ?"	tourne à gauche	je suis dans l'escalier | c'est près d'ici | où est la boulangerie ?
cm1	english	en_questions_lieux	Complète : ___ is that boy? He's my brother.	Who	What | Where
cm1	english	en_questions_lieux	"Que veut dire ""Turn right"" en français ?"	tourne à droite	où est la boulangerie ? | j'habite à Paris | c'est en face de l'école
cm1	english	en_questions_lieux	Complète : ___ old are you? I'm ten.	How	What | Who
cm1	english	en_questions_lieux	"Comment dit-on ""je suis dans l'escalier"" en anglais ?"	I am on the stairs	It's near here | Where is the bakery? | Turn right
cm1	english	en_questions_lieux	Complète : ___ is your name? My name is Sam.	What	Where | How
cm1	english	en_questions_lieux	"Que veut dire ""I am in the attic"" en français ?"	je suis dans le grenier	c'est à côté de la banque | c'est loin | tourne à droite
cm1	english	en_questions_lieux	Complète : ___ do you live? I live in Lyon.	Where	When | What
cm1	english	en_questions_lieux	"Que veut dire ""Where is the bakery?"" en français ?"	où est la boulangerie ?	tourne à gauche | je suis dans l'escalier | c'est loin
cm1	english	en_questions_lieux	Complète : ___ colour is your bag? It's blue.	What	Where | How
cm1	english	en_questions_lieux	"Que veut dire ""I am on the stairs"" en français ?"	je suis dans l'escalier	c'est à côté de la banque | j'habite à Paris | c'est loin
cm1	english	en_questions_lieux	"Comment dit-on ""va tout droit"" en anglais ?"	Go straight on	Where do you live? | It's near here | Turn left
cm1	english	en_questions_lieux	"Que veut dire ""Where do you live?"" en français ?"	où habites-tu ?	tourne à droite | c'est à côté de la banque | je suis dans le grenier
cm1	english	en_questions_lieux	"Comment dit-on ""c'est à côté de la banque"" en anglais ?"	It's next to the bank	It's near here | Turn right | I live in Paris
cm1	english	en_questions_lieux	"Comment dit-on ""j'habite à Paris"" en anglais ?"	I live in Paris	Where is the bakery? | I am on the stairs | It's next to the bank
cm1	english	en_questions_lieux	"Que veut dire ""It's next to the bank"" en français ?"	c'est à côté de la banque	j'habite à Paris | va tout droit | où est la boulangerie ?
cm1	english	en_questions_lieux	"Comment dit-on ""tourne à gauche"" en anglais ?"	Turn left	Turn right | I am in the attic | Where is the bakery?
cp	english	en_se_presenter	"Comment dit-on ""j'ai dix ans"" en anglais ?"	I'm ten years old	I'm twelve years old | And you? | I'm eleven years old
cp	english	en_se_presenter	Complète : I'm seven years ___ .	old	name | is
cp	english	en_se_presenter	Complète : I'm ___ boy.	a	an | the
cp	english	en_se_presenter	"Que veut dire ""I'm ten years old"" en français ?"	j'ai dix ans	je vais bien, merci | et toi ? | j'ai onze ans
cp	english	en_se_presenter	Complète : How ___ are you? I'm six.	old	name | are
cp	english	en_se_presenter	"Comment dit-on ""bonjour, je suis Léa"" en anglais ?"	Hello, I'm Léa	This is my friend | I'm ten years old | goodbye
cp	english	en_se_presenter	Complète : Hello! I ___ Max.	am	is | have
cp	english	en_se_presenter	"Comment dit-on ""je suis français"" en anglais ?"	I'm French	Nice to meet you | This is my friend | I'm ten years old
cp	english	en_se_presenter	Complète : I ___ in France.	live	am | have
cp	english	en_se_presenter	"Comment dit-on ""enchanté"" en anglais ?"	Nice to meet you	This is my friend | I'm ten years old | I'm fine, thank you
cp	english	en_se_presenter	Complète : My ___ is Tom.	name	age | old
cp	english	en_se_presenter	"Comment dit-on ""j'habite en France"" en anglais ?"	I live in France	I'm ten years old | I'm eleven years old | I'm French
cp	english	en_se_presenter	Complète : What's ___ name?	your	you | my
cp	english	en_se_presenter	"Que veut dire ""I'm eleven years old"" en français ?"	j'ai onze ans	je suis français | je vais bien, merci | j'ai douze ans
cp	english	en_se_presenter	Complète : Nice to ___ you.	meet	see | name
cp	english	en_se_presenter	"Comment dit-on ""j'ai douze ans"" en anglais ?"	I'm twelve years old	Hello, I'm Léa | goodbye | And you?
cp	english	en_se_presenter	Complète : How ___ you?	are	is | am
cp	english	en_se_presenter	"Que veut dire ""I'm fine, thank you"" en français ?"	je vais bien, merci	voici mon ami | et toi ? | j'habite en France
cp	english	en_se_presenter	Complète : What ___ your name?	is	are | am
cp	english	en_se_presenter	"Comment dit-on ""et toi ?"" en anglais ?"	And you?	Hello, I'm Léa | I'm eleven years old | I live in France
cp	english	en_se_presenter	"Que veut dire ""This is my friend"" en français ?"	voici mon ami	je vais bien, merci | au revoir | j'ai onze ans
cp	english	en_se_presenter	"Comment dit-on ""je vais bien, merci"" en anglais ?"	I'm fine, thank you	Hello, I'm Léa | I'm French | goodbye
cp	english	en_se_presenter	"Que veut dire ""Nice to meet you"" en français ?"	enchanté	voici mon ami | j'ai douze ans | bonjour, je suis Léa
cp	english	en_se_presenter	"Comment dit-on ""voici mon ami"" en anglais ?"	This is my friend	I'm eleven years old | I'm fine, thank you | I'm French
cp	english	en_se_presenter	"Que veut dire ""I live in France"" en français ?"	j'habite en France	je suis français | enchanté | bonjour, je suis Léa
cp	english	en_se_presenter	"Que veut dire ""Hello, I'm Léa"" en français ?"	bonjour, je suis Léa	et toi ? | voici mon ami | je suis français
cp	english	en_se_presenter	"Que veut dire ""And you?"" en français ?"	et toi ?	voici mon ami | enchanté | j'ai onze ans
cp	english	en_se_presenter	"Comment dit-on ""j'ai onze ans"" en anglais ?"	I'm eleven years old	And you? | Hello, I'm Léa | I'm fine, thank you
cp	english	en_se_presenter	"Que veut dire ""I'm twelve years old"" en français ?"	j'ai douze ans	voici mon ami | bonjour, je suis Léa | au revoir
cp	english	en_se_presenter	"Que veut dire ""I'm French"" en français ?"	je suis français	au revoir | j'ai douze ans | j'ai onze ans
ce1	english	en_verbes	"Que veut dire ""play"" en français ?"	jouer	laver | regarder | lire
ce1	english	en_verbes	Quelle action montre 😴 ? Réponds en anglais.	sleep	dance | swim | cook
ce1	english	en_verbes	Quelle action montre 💃 ? Réponds en anglais.	dance	speak | drink | laugh
ce1	english	en_verbes	"Que veut dire ""cook"" en français ?"	cuisiner	dessiner | sauter | pleurer
ce1	english	en_verbes	Quelle action montre 🍽️ ? Réponds en anglais.	eat	cook | watch | walk
ce1	english	en_verbes	"Comment dit-on ""voler"" en anglais ?"	fly	wash | drink | sing
ce1	english	en_verbes	Quelle action montre 🧗 ? Réponds en anglais.	climb	walk | drink | fish
ce1	english	en_verbes	"Comment dit-on ""parler"" en anglais ?"	speak	ski | wash | watch
ce1	english	en_verbes	Quelle action montre 📺 ? Réponds en anglais.	watch	walk | eat | run
ce1	english	en_verbes	Quelle action montre 😂 ? Réponds en anglais.	laugh	draw | sleep | cry
ce1	english	en_verbes	Quelle action montre 🥤 ? Réponds en anglais.	drink	walk | sing | dance
ce1	english	en_verbes	"Comment dit-on ""rire"" en anglais ?"	laugh	climb | wash | ski
ce1	english	en_verbes	Quelle action montre 🎨 ? Réponds en anglais.	draw	run | sing | cry
ce1	english	en_verbes	"Comment dit-on ""laver"" en anglais ?"	wash	fish | drink | watch
ce1	english	en_verbes	Quelle action montre 🚶 ? Réponds en anglais.	walk	read | fish | speak
ce1	english	en_verbes	Quelle action montre 🗣️ ? Réponds en anglais.	speak	draw | fish | read
ce1	english	en_verbes	"Comment dit-on ""pêcher"" en anglais ?"	fish	sleep | dance | fly
ce1	english	en_verbes	Quelle action montre 🍳 ? Réponds en anglais.	cook	eat | ski | sing
ce1	english	en_verbes	"Comment dit-on ""cuisiner"" en anglais ?"	cook	run | listen | speak
ce1	english	en_verbes	Quelle action montre 📖 ? Réponds en anglais.	read	sleep | write | laugh
ce1	english	en_verbes	"Que veut dire ""listen"" en français ?"	écouter	skier | courir | boire
ce2	english	en_verbes	"Comment dit-on ""j'aide"" en anglais ?"	I help	I carry | I play | I swim
ce2	english	en_verbes	"Que veut dire ""I count"" en français ?"	je compte	j'attrape | je finis | je m'assois
ce2	english	en_verbes	"Comment dit-on ""je compte"" en anglais ?"	I count	I eat | I dance | I cook
ce2	english	en_verbes	"Comment dit-on ""je tire"" en anglais ?"	I pull	I wait | I sleep | I speak
ce2	english	en_verbes	"Comment dit-on ""j'attends"" en anglais ?"	I wait	I learn | I cook | I watch
ce2	english	en_verbes	"Que veut dire ""I play"" en français ?"	je joue	je parle | je marche | je ferme
ce2	english	en_verbes	"Comment dit-on ""je dors"" en anglais ?"	I sleep	I pull | I open | I cook
ce2	english	en_verbes	"Que veut dire ""I run"" en français ?"	je cours	je pousse | je nage | je regarde
ce2	english	en_verbes	"Comment dit-on ""je joue"" en anglais ?"	I play	I cry | I wash | I eat
ce2	english	en_verbes	"Comment dit-on ""j'écris"" en anglais ?"	I write	I wash | I draw | I drink
ce2	english	en_verbes	"Comment dit-on ""je marche"" en anglais ?"	I walk	I help | I wait | I wash
ce2	english	en_verbes	"Comment dit-on ""je ris"" en anglais ?"	I laugh	I start | I swim | I watch
ce2	english	en_verbes	"Comment dit-on ""je lis"" en anglais ?"	I read	I wait | I start | I run
ce2	english	en_verbes	"Comment dit-on ""je bois"" en anglais ?"	I drink	I eat | I count | I sing
ce2	english	en_verbes	"Que veut dire ""I speak"" en français ?"	je parle	je bois | je nage | je chante
ce2	english	en_verbes	"Comment dit-on ""je cours"" en anglais ?"	I run	I walk | I teach | I wash
ce2	english	en_verbes	"Que veut dire ""I cook"" en français ?"	je cuisine	je finis | je commence | je parle
ce2	english	en_verbes	"Que veut dire ""I read"" en français ?"	je lis	j'écoute | je ferme | je commence
ce2	english	en_verbes	"Comment dit-on ""je dessine"" en anglais ?"	I draw	I carry | I count | I start
ce2	english	en_verbes	"Comment dit-on ""je mange"" en anglais ?"	I eat	I wait | I draw | I count
ce2	english	en_verbes	"Comment dit-on ""je cuisine"" en anglais ?"	I cook	I push | I close | I watch
ce2	english	en_verbes	"Que veut dire ""I eat"" en français ?"	je mange	j'aide | je lis | je dors
ce2	english	en_verbes	"Que veut dire ""I help"" en français ?"	j'aide	j'attends | je saute | je ris
ce2	english	en_verbes	"Que veut dire ""I dance"" en français ?"	je danse	je trouve | je finis | je regarde
ce2	english	en_verbes	"Que veut dire ""I draw"" en français ?"	je dessine	j'écoute | j'aide | j'apprends
ce2	english	en_verbes	"Que veut dire ""I laugh"" en français ?"	je ris	je parle | je porte | je mange
ce2	english	en_verbes	"Que veut dire ""I sleep"" en français ?"	je dors	je ris | j'enseigne | je pousse
ce2	english	en_verbes	"Que veut dire ""I carry"" en français ?"	je porte	je dors | je danse | j'écris
ce2	english	en_verbes	"Que veut dire ""I drink"" en français ?"	je bois	je commence | je parle | j'enseigne
ce2	english	en_verbes	"Comment dit-on ""je porte"" en anglais ?"	I carry	I finish | I listen | I teach
cm2	english	en_verbes	"Que veut dire ""to answer"" en français ?"	répondre	conduire | se souvenir | attraper
cm2	english	en_verbes	"Comment dit-on ""acheter"" en anglais ?"	to buy	to find | to drive | to remember
cm2	english	en_verbes	"Comment dit-on ""se souvenir"" en anglais ?"	to remember	to run | to send | to sleep
cm2	english	en_verbes	"Comment dit-on ""demander"" en anglais ?"	to ask	to run | to think | to play
cm2	english	en_verbes	"Que veut dire ""to catch"" en français ?"	attraper	manger | lire | commencer
cm2	english	en_verbes	"Que veut dire ""to build"" en français ?"	construire	prendre | boire | penser
cm2	english	en_verbes	"Que veut dire ""to begin"" en français ?"	commencer	fermer | nager | essayer
cm2	english	en_verbes	"Que veut dire ""to win"" en français ?"	gagner	cacher | lire | attraper
cm2	english	en_verbes	"Que veut dire ""to close"" en français ?"	fermer	vendre | cacher | danser
cm2	english	en_verbes	"Comment dit-on ""envoyer"" en anglais ?"	to send	to swim | to build | to clean
cm2	english	en_verbes	"Comment dit-on ""essayer"" en anglais ?"	to try	to think | to write | to remember
cm2	english	en_verbes	"Comment dit-on ""attraper"" en anglais ?"	to catch	to build | to take | to think
cm2	english	en_verbes	"Que veut dire ""to try"" en français ?"	essayer	ouvrir | manger | boire
cm2	english	en_verbes	"Que veut dire ""to understand"" en français ?"	comprendre	penser | jouer | fermer
cm2	english	en_verbes	"Que veut dire ""to ask"" en français ?"	demander	trouver | manger | courir
cm2	english	en_verbes	"Comment dit-on ""prendre"" en anglais ?"	to take	to teach | to try | to answer
cm2	english	en_verbes	"Que veut dire ""to drive"" en français ?"	conduire	se souvenir | comprendre | fermer
cm2	english	en_verbes	"Que veut dire ""to forget"" en français ?"	oublier	écrire | chanter | boire
cm2	english	en_verbes	"Comment dit-on ""ouvrir"" en anglais ?"	to open	to swim | to think | to forget
cm2	english	en_verbes	"Que veut dire ""to share"" en français ?"	partager	réparer | commencer | nager
cm2	english	en_verbes	"Comment dit-on ""fermer"" en anglais ?"	to close	to share | to send | to clean
cm2	english	en_verbes	"Que veut dire ""to fix"" en français ?"	réparer	se souvenir | danser | nettoyer
cm2	english	en_verbes	"Que veut dire ""to clean"" en français ?"	nettoyer	comprendre | construire | ouvrir
cm2	english	en_verbes	"Que veut dire ""to sell"" en français ?"	vendre	se souvenir | gagner | réparer
cm2	english	en_verbes	"Comment dit-on ""oublier"" en anglais ?"	to forget	to play | to carry | to learn
cm2	english	en_verbes	"Que veut dire ""to think"" en français ?"	penser	comprendre | porter | raconter
cm2	english	en_verbes	"Comment dit-on ""enseigner"" en anglais ?"	to teach	to travel | to take | to meet
cm2	english	en_verbes	"Que veut dire ""to travel"" en français ?"	voyager	choisir | écrire | porter
cm2	english	en_verbes	"Comment dit-on ""voyager"" en anglais ?"	to travel	to open | to write | to play
cm2	english	en_verbes	"Comment dit-on ""perdre"" en anglais ?"	to lose	to hide | to travel | to dance
cp	english	en_verbes	Quelle action montre 🎤 ? Réponds en anglais.	sing	look | eat | jump
cp	english	en_verbes	Quelle action montre 🕊️ ? Réponds en anglais.	fly	listen | sing | swim
cp	english	en_verbes	"Comment dit-on ""grimpe"" en anglais ?"	climb	swim | write | sleep
cp	english	en_verbes	Quelle action montre 💃 ? Réponds en anglais.	dance	drink | write | draw
cp	english	en_verbes	Quelle action montre 🚶 ? Réponds en anglais.	walk	climb | clap your hands | fly
cp	english	en_verbes	Quelle action montre ✍️ ? Réponds en anglais.	write	sleep | draw | dance
cp	english	en_verbes	"Que veut dire ""sleep"" en français ?"	dors	mange | danse | joue
cp	english	en_verbes	Quelle action montre 🏃 ? Réponds en anglais.	run	dance | sing | look
cp	english	en_verbes	Quelle action montre 🏊 ? Réponds en anglais.	swim	eat | walk | drink
cp	english	en_verbes	"Que veut dire ""sit down"" en français ?"	assieds-toi	danse | lève-toi | vole
cp	english	en_verbes	Quelle action montre 📖 ? Réponds en anglais.	read	sing | draw | sleep
cp	english	en_verbes	"Comment dit-on ""joue"" en anglais ?"	play	sleep | swim | jump
cp	english	en_verbes	Quelle action montre 👀 ? Réponds en anglais.	look	fly | run | clap your hands
cp	english	en_verbes	Quelle action montre 👂 ? Réponds en anglais.	listen	swim | climb | clap your hands
cp	english	en_verbes	"Que veut dire ""climb"" en français ?"	grimpe	écoute | danse | vole
cp	english	en_verbes	Quelle action montre 🎨 ? Réponds en anglais.	draw	run | dance | clap your hands
cp	english	en_verbes	"Que veut dire ""fly"" en français ?"	vole	regarde | chante | lève-toi
cp	english	en_verbes	Quelle action montre 🦘 ? Réponds en anglais.	jump	walk | swim | run
cp	english	en_verbes	"Comment dit-on ""dors"" en anglais ?"	sleep	stand up | walk | play
cp	english	en_verbes	Quelle action montre 🧗 ? Réponds en anglais.	climb	write | swim | fly
cp	english	en_verbes	"Que veut dire ""stand up"" en français ?"	lève-toi	bois | cours | assieds-toi
cp	english	en_verbes	Quelle action montre 🥤 ? Réponds en anglais.	drink	look | jump | listen
cp	english	en_verbes	"Que veut dire ""listen"" en français ?"	écoute	vole | mange | cours
cp	english	en_verbes	Quelle action montre 😴 ? Réponds en anglais.	sleep	sing | look | read
cp	english	en_verbes	Quelle action montre 🍽️ ? Réponds en anglais.	eat	swim | draw | look
cp	english	en_verbes	Quelle action montre 👏 ? Réponds en anglais.	clap your hands	drink | dance | read
cp	english	en_verbes	"Comment dit-on ""bois"" en anglais ?"	drink	swim | draw | jump
cp	english	en_verbes	"Que veut dire ""clap your hands"" en français ?"	tape des mains	écris | mange | écoute
cp	english	en_verbes	"Que veut dire ""look"" en français ?"	regarde	dors | écris | danse
cp	english	en_verbes	"Que veut dire ""drink"" en français ?"	bois	écris | marche | grimpe
ce1	english	en_vetements	"Comment dit-on ""bottes"" en anglais ?"	boots	shorts | coat | socks
ce1	english	en_vetements	"Que veut dire ""skirt"" en français ?"	jupe	pantalon | chemise | gants
ce1	english	en_vetements	"Que veut dire ""cap"" en français ?"	casquette	bottes | chaussures | manteau
ce1	english	en_vetements	"Que veut dire ""boots"" en français ?"	bottes	chaussures | tee-shirt | chemise
ce1	english	en_vetements	"Comment dit-on ""jupe"" en anglais ?"	skirt	jumper | cap | trousers
ce1	english	en_vetements	"Comment dit-on ""pantalon"" en anglais ?"	trousers	cap | coat | boots
ce1	english	en_vetements	"Que veut dire ""coat"" en français ?"	manteau	pantalon | tee-shirt | short
ce1	english	en_vetements	"Comment dit-on ""casquette"" en anglais ?"	cap	dress | pyjamas | shoes
ce1	english	en_vetements	"Quel dessin correspond à ""gloves"" ?"	🧤	🧦 | 🧢 | 👗
ce1	english	en_vetements	Comment dit-on 🧢 en anglais ?	cap	shoes | trousers | coat
ce1	english	en_vetements	Comment dit-on 🧦 en anglais ?	socks	dress | T-shirt | coat
ce1	english	en_vetements	Comment dit-on 🧥 en anglais ?	coat	hat | dress | socks
ce1	english	en_vetements	Comment dit-on 🧤 en anglais ?	gloves	T-shirt | hat | coat
ce1	english	en_vetements	Comment dit-on 🎩 en anglais ?	hat	socks | trousers | shoes
ce1	english	en_vetements	Comment dit-on 👗 en anglais ?	dress	T-shirt | boots | coat
ce1	english	en_vetements	Comment dit-on 👞 en anglais ?	shoes	cap | socks | scarf
ce1	english	en_vetements	"Quel dessin correspond à ""socks"" ?"	🧦	🧢 | 👖 | 👢
ce1	english	en_vetements	Comment dit-on 👕 en anglais ?	T-shirt	socks | cap | trousers
ce1	english	en_vetements	"Quel dessin correspond à ""hat"" ?"	🎩	🧥 | 👞 | 🧤
ce1	english	en_vetements	"Quel dessin correspond à ""coat"" ?"	🧥	👢 | 🧦 | 👗
ce1	english	en_vetements	"Quel dessin correspond à ""T-shirt"" ?"	👕	🧣 | 🧥 | 👞
ce1	english	en_vetements	"Quel dessin correspond à ""shoes"" ?"	👞	🧢 | 🧦 | 👗
ce1	english	en_vetements	"Quel dessin correspond à ""boots"" ?"	👢	🧢 | 👕 | 🧤
ce1	english	en_vetements	"Quel dessin correspond à ""cap"" ?"	🧢	👞 | 👕 | 🎩
ce1	english	en_vetements	Comment dit-on 👢 en anglais ?	boots	trousers | socks | shoes
ce1	english	en_vetements	"Quel dessin correspond à ""dress"" ?"	👗	👕 | 👞 | 🧥
ce1	english	en_vetements	Comment dit-on 🧣 en anglais ?	scarf	T-shirt | socks | cap
ce1	english	en_vetements	"Quel dessin correspond à ""trousers"" ?"	👖	👗 | 👢 | 👕
ce2	english	en_vetements	"Comment dit-on ""veste"" en anglais ?"	jacket	shoes | jumper | tie
ce2	english	en_vetements	"Que veut dire ""tie"" en français ?"	cravate	ceinture | chemise | chaussures
ce2	english	en_vetements	"Comment dit-on ""ceinture"" en anglais ?"	belt	jacket | shoes | shirt
ce2	english	en_vetements	"Que veut dire ""swimsuit"" en français ?"	maillot de bain	chapeau | chaussettes | manteau
ce2	english	en_vetements	"Comment dit-on ""lunettes"" en anglais ?"	glasses	swimsuit | boots | scarf
ce2	english	en_vetements	"Que veut dire ""belt"" en français ?"	ceinture	cravate | jupe | bottes
ce2	english	en_vetements	"Que veut dire ""jacket"" en français ?"	veste	gants | chemise | casquette
ce2	english	en_vetements	"Comment dit-on ""cravate"" en anglais ?"	tie	skirt | belt | jumper
ce2	english	en_vetements	"Comment dit-on ""maillot de bain"" en anglais ?"	swimsuit	glasses | cap | jumper
ce2	english	en_vetements	"Que veut dire ""glasses"" en français ?"	lunettes	pull | jupe | chaussettes
ce2	english	en_vetements	"Quel dessin correspond à ""glasses"" ?"	👓	👖 | 👗 | 👙
ce2	english	en_vetements	Comment dit-on 👓 en anglais ?	glasses	cap | boots | trousers
ce2	english	en_vetements	Comment dit-on 👙 en anglais ?	swimsuit	socks | trousers | glasses
ce2	english	en_vetements	"Quel dessin correspond à ""swimsuit"" ?"	👙	🧣 | 👢 | 🧦
ce2	english	en_vetements	"Que veut dire ""skirt"" en français ?"	jupe	pantalon | short | robe
ce2	english	en_vetements	"Comment dit-on ""jupe"" en anglais ?"	skirt	cap | socks | T-shirt
ce2	english	en_vetements	"Que veut dire ""cap"" en français ?"	casquette	chaussettes | bottes | robe
ce2	english	en_vetements	"Comment dit-on ""bottes"" en anglais ?"	boots	gloves | jacket | trousers
ce2	english	en_vetements	"Que veut dire ""boots"" en français ?"	bottes	pyjama | pull | robe
ce2	english	en_vetements	"Comment dit-on ""casquette"" en anglais ?"	cap	coat | gloves | pyjamas
ce2	english	en_vetements	Comment dit-on 🧤 en anglais ?	gloves	shoes | socks | coat
ce2	english	en_vetements	Comment dit-on 👢 en anglais ?	boots	scarf | trousers | glasses
ce2	english	en_vetements	Comment dit-on 🧣 en anglais ?	scarf	shoes | socks | hat
ce2	english	en_vetements	Comment dit-on 🧢 en anglais ?	cap	dress | socks | trousers
ce2	english	en_vetements	"Quel dessin correspond à ""trousers"" ?"	👖	👙 | 🧣 | 🧤
ce2	english	en_vetements	"Quel dessin correspond à ""cap"" ?"	🧢	👗 | 🎩 | 🧤
ce2	english	en_vetements	Comment dit-on 🧥 en anglais ?	coat	cap | trousers | scarf
ce2	english	en_vetements	"Quel dessin correspond à ""scarf"" ?"	🧣	👕 | 👙 | 👖
ce2	english	en_vetements	Comment dit-on 👖 en anglais ?	trousers	swimsuit | hat | scarf
ce2	english	en_vetements	"Quel dessin correspond à ""boots"" ?"	👢	👙 | 👕 | 🧤
cm1	english	en_vetements	"Que veut dire ""raincoat"" en français ?"	imperméable	chaussures | chapeau | short
cm1	english	en_vetements	"Comment dit-on ""lunettes de soleil"" en anglais ?"	sunglasses	scarf | tie | woolly hat
cm1	english	en_vetements	"Que veut dire ""woolly hat"" en français ?"	bonnet	pull | écharpe | sandales
cm1	english	en_vetements	"Que veut dire ""handbag"" en français ?"	sac à main	écharpe | uniforme | pull
cm1	english	en_vetements	"Que veut dire ""trainers"" en français ?"	baskets	manteau | chemise | bottes
cm1	english	en_vetements	"Comment dit-on ""bonnet"" en anglais ?"	woolly hat	shorts | trousers | shirt
cm1	english	en_vetements	"Comment dit-on ""imperméable"" en anglais ?"	raincoat	glasses | socks | handbag
cm1	english	en_vetements	"Que veut dire ""sunglasses"" en français ?"	lunettes de soleil	imperméable | bonnet | baskets
cm1	english	en_vetements	"Comment dit-on ""sac à main"" en anglais ?"	handbag	scarf | jumper | skirt
cm1	english	en_vetements	"Comment dit-on ""baskets"" en anglais ?"	trainers	raincoat | tie | gloves
cm1	english	en_vetements	"Quel dessin correspond à ""handbag"" ?"	👜	👕 | 👢 | 🧢
cm1	english	en_vetements	"Quel dessin correspond à ""sandals"" ?"	👡	👞 | 🧤 | 🕶️
cm1	english	en_vetements	Comment dit-on 👜 en anglais ?	handbag	socks | cap | hat
cm1	english	en_vetements	Comment dit-on 🕶️ en anglais ?	sunglasses	trousers | socks | glasses
cm1	english	en_vetements	Comment dit-on 👡 en anglais ?	sandals	cap | boots | gloves
cm1	english	en_vetements	"Quel dessin correspond à ""sunglasses"" ?"	🕶️	👙 | 🧤 | 🧣
cm1	english	en_vetements	"Comment dit-on ""maillot de bain"" en anglais ?"	swimsuit	cap | shirt | glasses
cm1	english	en_vetements	"Que veut dire ""swimsuit"" en français ?"	maillot de bain	lunettes de soleil | jupe | bonnet
cm1	english	en_vetements	"Que veut dire ""tie"" en français ?"	cravate	casquette | lunettes | pantalon
cm1	english	en_vetements	"Comment dit-on ""lunettes"" en anglais ?"	glasses	swimsuit | uniform | trainers
cm1	english	en_vetements	"Que veut dire ""jacket"" en français ?"	veste	maillot de bain | robe | uniforme
cm1	english	en_vetements	"Que veut dire ""belt"" en français ?"	ceinture	lunettes | chemise | manteau
cm1	english	en_vetements	"Que veut dire ""glasses"" en français ?"	lunettes	ceinture | chaussettes | imperméable
cm1	english	en_vetements	"Quel dessin correspond à ""glasses"" ?"	👓	🧣 | 👙 | 🧤
cm1	english	en_vetements	Comment dit-on 👙 en anglais ?	swimsuit	boots | shoes | sunglasses
cm1	english	en_vetements	"Quel dessin correspond à ""swimsuit"" ?"	👙	👕 | 👞 | 👜
cm1	english	en_vetements	Comment dit-on 👓 en anglais ?	glasses	cap | socks | boots
cm1	english	en_vetements	"Comment dit-on ""jupe"" en anglais ?"	skirt	swimsuit | sandals | jacket
cm1	english	en_vetements	"Que veut dire ""shirt"" en français ?"	chemise	écharpe | lunettes | uniforme
cm1	english	en_vetements	"Que veut dire ""cap"" en français ?"	casquette	pull | chemise | chapeau
ce1	english	en_ville_transports	"Comment dit-on ""gare"" en anglais ?"	station	museum | farm | swimming pool
ce1	english	en_ville_transports	"Comment dit-on ""bibliothèque"" en anglais ?"	library	zoo | park | bridge
ce1	english	en_ville_transports	"Comment dit-on ""voiture"" en anglais ?"	car	bus | train | boat
ce1	english	en_ville_transports	"Comment dit-on ""école"" en anglais ?"	school	castle | hospital | park
ce1	english	en_ville_transports	"Comment dit-on ""camion"" en anglais ?"	truck	boat | car | bus
ce1	english	en_ville_transports	"Que veut dire ""park"" en français ?"	parc	piscine | pont | musée
ce1	english	en_ville_transports	"Comment dit-on ""parc"" en anglais ?"	park	swimming pool | library | farm
ce1	english	en_ville_transports	"Que veut dire ""truck"" en français ?"	camion	vélo | bus | avion
ce1	english	en_ville_transports	"Que veut dire ""castle"" en français ?"	château	magasin | musée | zoo
ce1	english	en_ville_transports	"Que veut dire ""farm"" en français ?"	ferme	hôpital | pont | gare
ce1	english	en_ville_transports	"Comment dit-on ""bateau"" en anglais ?"	boat	helicopter | truck | rocket
ce1	english	en_ville_transports	"Que veut dire ""car"" en français ?"	voiture	bateau | fusée | camion
ce1	english	en_ville_transports	"Comment dit-on ""piscine"" en anglais ?"	swimming pool	school | hospital | zoo
ce1	english	en_ville_transports	"Que veut dire ""school"" en français ?"	école	hôpital | château | musée
ce1	english	en_ville_transports	"Que veut dire ""plane"" en français ?"	avion	camion | tracteur | vélo
ce1	english	en_ville_transports	"Comment dit-on ""avion"" en anglais ?"	plane	train | bike | helicopter
ce1	english	en_ville_transports	"Que veut dire ""boat"" en français ?"	bateau	avion | vélo | bus
ce1	english	en_ville_transports	"Que veut dire ""bike"" en français ?"	vélo	moto | avion | camion
ce1	english	en_ville_transports	"Comment dit-on ""vélo"" en anglais ?"	bike	bus | tractor | motorbike
ce1	english	en_ville_transports	"Quel dessin correspond à ""tractor"" ?"	🚜	🚁 | 🚌 | 🚆
ce1	english	en_ville_transports	Comment dit-on 🚌 en anglais ?	bus	plane | rocket | bike
ce1	english	en_ville_transports	"Quel dessin correspond à ""train"" ?"	🚆	🚌 | 🚁 | 🚜
ce1	english	en_ville_transports	Comment dit-on 🚀 en anglais ?	rocket	motorbike | car | bike
ce1	english	en_ville_transports	Comment dit-on ✈️ en anglais ?	plane	bike | motorbike | car
ce1	english	en_ville_transports	Comment dit-on 🚗 en anglais ?	car	plane | bus | helicopter
ce1	english	en_ville_transports	Comment dit-on 🚆 en anglais ?	train	car | rocket | tractor
ce1	english	en_ville_transports	Comment dit-on 🚜 en anglais ?	tractor	car | rocket | bus
ce1	english	en_ville_transports	Comment dit-on 🚲 en anglais ?	bike	plane | helicopter | train
ce1	english	en_ville_transports	"Quel dessin correspond à ""truck"" ?"	🚚	✈️ | 🚌 | 🚗
ce1	english	en_ville_transports	"Quel dessin correspond à ""bus"" ?"	🚌	🚜 | 🚆 | 🚀
ce2	english	en_ville_transports	"Comment dit-on ""marché"" en anglais ?"	market	castle | bridge | swimming pool
ce2	english	en_ville_transports	"Que veut dire ""fire engine"" en français ?"	camion de pompiers	voiture de police | ambulance | bus
ce2	english	en_ville_transports	"Que veut dire ""police car"" en français ?"	voiture de police	hélicoptère | ambulance | moto
ce2	english	en_ville_transports	"Que veut dire ""market"" en français ?"	marché	école | boulangerie | parc
ce2	english	en_ville_transports	"Comment dit-on ""boulangerie"" en anglais ?"	bakery	shop | museum | market
ce2	english	en_ville_transports	"Comment dit-on ""camion de pompiers"" en anglais ?"	fire engine	motorbike | tractor | truck
ce2	english	en_ville_transports	"Que veut dire ""bakery"" en français ?"	boulangerie	piscine | pont | château
ce2	english	en_ville_transports	"Comment dit-on ""voiture de police"" en anglais ?"	police car	rocket | tractor | truck
ce2	english	en_ville_transports	Comment dit-on 🚒 en anglais ?	fire engine	tractor | car | ambulance
ce2	english	en_ville_transports	"Quel dessin correspond à ""scooter"" ?"	🛴	🚆 | 🚲 | 🚚
ce2	english	en_ville_transports	"Quel dessin correspond à ""fire engine"" ?"	🚒	🚕 | 🛴 | 🚗
ce2	english	en_ville_transports	Comment dit-on 🚑 en anglais ?	ambulance	scooter | car | bus
ce2	english	en_ville_transports	Comment dit-on 🚓 en anglais ?	police car	ambulance | truck | car
ce2	english	en_ville_transports	"Quel dessin correspond à ""taxi"" ?"	🚕	🚲 | 🚁 | 🚆
ce2	english	en_ville_transports	Comment dit-on 🚕 en anglais ?	taxi	bike | scooter | truck
ce2	english	en_ville_transports	Comment dit-on 🛴 en anglais ?	scooter	car | ambulance | fire engine
ce2	english	en_ville_transports	"Quel dessin correspond à ""police car"" ?"	🚓	🚌 | 🚆 | 🚗
ce2	english	en_ville_transports	"Quel dessin correspond à ""ambulance"" ?"	🚑	🚀 | 🚓 | 🏍️
ce2	english	en_ville_transports	"Comment dit-on ""gare"" en anglais ?"	station	swimming pool | park | museum
ce2	english	en_ville_transports	"Comment dit-on ""fusée"" en anglais ?"	rocket	fire engine | bus | car
ce2	english	en_ville_transports	"Que veut dire ""museum"" en français ?"	musée	école | bibliothèque | ferme
ce2	english	en_ville_transports	"Comment dit-on ""château"" en anglais ?"	castle	shop | school | zoo
ce2	english	en_ville_transports	"Que veut dire ""rocket"" en français ?"	fusée	trottinette | avion | train
ce2	english	en_ville_transports	"Comment dit-on ""magasin"" en anglais ?"	shop	zoo | market | swimming pool
ce2	english	en_ville_transports	"Que veut dire ""station"" en français ?"	gare	piscine | ferme | zoo
ce2	english	en_ville_transports	"Comment dit-on ""bibliothèque"" en anglais ?"	library	farm | castle | school
ce2	english	en_ville_transports	"Que veut dire ""swimming pool"" en français ?"	piscine	magasin | ferme | musée
ce2	english	en_ville_transports	"Comment dit-on ""école"" en anglais ?"	school	hospital | castle | market
ce2	english	en_ville_transports	"Comment dit-on ""musée"" en anglais ?"	museum	castle | farm | station
ce2	english	en_ville_transports	"Que veut dire ""farm"" en français ?"	ferme	gare | boulangerie | piscine
cm1	english	en_ville_transports	"Comment dit-on ""poste"" en anglais ?"	post office	church | market | park
cm1	english	en_ville_transports	"Comment dit-on ""métro"" en anglais ?"	underground	ambulance | helicopter | boat
cm1	english	en_ville_transports	"Que veut dire ""underground"" en français ?"	métro	train | camion | tracteur
cm1	english	en_ville_transports	"Que veut dire ""traffic lights"" en français ?"	feu de circulation	marché | gare | église
cm1	english	en_ville_transports	"Comment dit-on ""banque"" en anglais ?"	bank	bridge | post office | traffic lights
cm1	english	en_ville_transports	"Que veut dire ""post office"" en français ?"	poste	ferme | parc | zoo
cm1	english	en_ville_transports	"Que veut dire ""bank"" en français ?"	banque	magasin | ferme | parc
cm1	english	en_ville_transports	"Comment dit-on ""feu de circulation"" en anglais ?"	traffic lights	bakery | school | shop
cm1	english	en_ville_transports	Comment dit-on 🏦 en anglais ?	bank	church | castle | school
cm1	english	en_ville_transports	"Quel dessin correspond à ""bank"" ?"	🏦	🏥 | 🚦 | 🏰
cm1	english	en_ville_transports	"Quel dessin correspond à ""church"" ?"	⛪	🏰 | 🏫 | 🏦
cm1	english	en_ville_transports	Comment dit-on 🚇 en anglais ?	underground	bus | rocket | police car
cm1	english	en_ville_transports	"Quel dessin correspond à ""underground"" ?"	🚇	🚜 | 🚗 | 🚓
cm1	english	en_ville_transports	Comment dit-on 🚦 en anglais ?	traffic lights	hospital | bank | church
cm1	english	en_ville_transports	Comment dit-on ⛪ en anglais ?	church	hospital | traffic lights | school
cm1	english	en_ville_transports	"Quel dessin correspond à ""traffic lights"" ?"	🚦	🏦 | 🏥 | ⛪
cm1	english	en_ville_transports	"Comment dit-on ""boulangerie"" en anglais ?"	bakery	church | post office | street
cm1	english	en_ville_transports	"Que veut dire ""police car"" en français ?"	voiture de police	moto | vélo | fusée
cm1	english	en_ville_transports	"Que veut dire ""market"" en français ?"	marché	château | parc | poste
cm1	english	en_ville_transports	"Comment dit-on ""marché"" en anglais ?"	market	hospital | library | post office
cm1	english	en_ville_transports	"Que veut dire ""scooter"" en français ?"	trottinette	taxi | fusée | voiture de police
cm1	english	en_ville_transports	"Comment dit-on ""trottinette"" en anglais ?"	scooter	ambulance | fire engine | rocket
cm1	english	en_ville_transports	"Que veut dire ""fire engine"" en français ?"	camion de pompiers	train | bateau | métro
cm1	english	en_ville_transports	"Comment dit-on ""voiture de police"" en anglais ?"	police car	rocket | bike | taxi
cm1	english	en_ville_transports	"Que veut dire ""bakery"" en français ?"	boulangerie	bibliothèque | cinéma | marché
cm1	english	en_ville_transports	"Comment dit-on ""camion de pompiers"" en anglais ?"	fire engine	ambulance | truck | taxi
cm1	english	en_ville_transports	"Quel dessin correspond à ""scooter"" ?"	🛴	🚕 | 🚑 | 🚌
cm1	english	en_ville_transports	Comment dit-on 🚓 en anglais ?	police car	scooter | taxi | tractor
cm1	english	en_ville_transports	Comment dit-on 🚒 en anglais ?	fire engine	bike | bus | helicopter
cm1	english	en_ville_transports	Comment dit-on 🚑 en anglais ?	ambulance	car | fire engine | underground
cm2	english	en_ville_transports	Comment dit-on 🚢 en anglais ?	ship	underground | taxi | helicopter
cm2	english	en_ville_transports	"Quel dessin correspond à ""city"" ?"	🏙️	⛪ | 🏦 | 🚦
cm2	english	en_ville_transports	Comment dit-on 🧳 en anglais ?	suitcase	traffic lights | castle | hospital
cm2	english	en_ville_transports	"Quel dessin correspond à ""hotel"" ?"	🏨	🏥 | 🧳 | 🚦
cm2	english	en_ville_transports	Comment dit-on 🏙️ en anglais ?	city	hospital | hotel | traffic lights
cm2	english	en_ville_transports	Comment dit-on 🎫 en anglais ?	ticket	bank | city | hotel
cm2	english	en_ville_transports	"Quel dessin correspond à ""ship"" ?"	🚢	🚲 | 🚁 | 🚌
cm2	english	en_ville_transports	"Quel dessin correspond à ""ticket"" ?"	🎫	🏦 | 🏨 | 🏥
cm2	english	en_ville_transports	Comment dit-on 🏨 en anglais ?	hotel	suitcase | ticket | bank
cm2	english	en_ville_transports	"Quel dessin correspond à ""suitcase"" ?"	🧳	🏨 | 🎫 | 🏥
cm2	english	en_ville_transports	"Comment dit-on ""métro"" en anglais ?"	underground	train | plane | bus
cm2	english	en_ville_transports	"Que veut dire ""street"" en français ?"	rue	zoo | feu de circulation | église
cm2	english	en_ville_transports	"Que veut dire ""underground"" en français ?"	métro	avion | bateau | voiture
cm2	english	en_ville_transports	"Que veut dire ""town hall"" en français ?"	mairie	aéroport | bibliothèque | banque
cm2	english	en_ville_transports	"Que veut dire ""post office"" en français ?"	poste	église | école | billet
cm2	english	en_ville_transports	"Comment dit-on ""banque"" en anglais ?"	bank	swimming pool | hotel | cinema
cm2	english	en_ville_transports	"Que veut dire ""traffic lights"" en français ?"	feu de circulation	mairie | ferme | pont
cm2	english	en_ville_transports	"Comment dit-on ""feu de circulation"" en anglais ?"	traffic lights	shop | post office | village
cm2	english	en_ville_transports	"Comment dit-on ""poste"" en anglais ?"	post office	zoo | hospital | shop
cm2	english	en_ville_transports	"Que veut dire ""church"" en français ?"	église	marché | feu de circulation | cinéma
cm2	english	en_ville_transports	"Comment dit-on ""mairie"" en anglais ?"	town hall	school | park | city
cm2	english	en_ville_transports	"Que veut dire ""bank"" en français ?"	banque	magasin | rue | gare
cm2	english	en_ville_transports	"Comment dit-on ""rue"" en anglais ?"	street	traffic lights | hospital | shop
cm2	english	en_ville_transports	"Comment dit-on ""église"" en anglais ?"	church	suitcase | village | school
cm2	english	en_ville_transports	"Quel dessin correspond à ""bank"" ?"	🏦	🚦 | 🧳 | 🏥
cm2	english	en_ville_transports	"Quel dessin correspond à ""church"" ?"	⛪	🧳 | 🚦 | 🏰
cm2	english	en_ville_transports	Comment dit-on 🚇 en anglais ?	underground	police car | plane | ambulance
cp	french	masculin_feminin	"Quel est le féminin de ""roi"" ?"	reine	roie | reinne | roine
cp	french	masculin_feminin	"Quel est le masculin de ""reine"" ?"	roi	rei | roie | reinet
cp	french	masculin_feminin	Comment s'appelle la femelle du chameau ?	chamelle	chameau | chamele | chamote
cp	french	masculin_feminin	"Quel est le masculin de ""chamelle"" ?"	chameau	chamelle | chamo | chamel
cm1	logique	analogies	La marche est à l'escalier ce que le barreau est…	à l'échelle	à la neige | à l'armée | au damier
cm1	logique	analogies	La brique est au mur ce que la tuile est…	au toit	à la forêt | à la fleur | à la phrase
cm1	logique	analogies	La lettre est au mot ce que le mot est…	à la phrase	à la guitare | au damier | à l'armée
cm1	logique	analogies	Le joueur est à l'équipe ce que le soldat est…	à l'armée	au train | à la forêt | à la phrase
cm1	logique	analogies	Le mouton est au troupeau ce que l'arbre est…	à la forêt	à la fleur | à la guitare | à l'orchestre
cm1	logique	analogies	La goutte est à la pluie ce que le flocon est…	à la neige	à la guitare | à la série | au bateau
cm1	logique	analogies	Le chapitre est au livre ce que l'épisode est…	à la série	à l'armée | à la neige | à la fleur
cm1	logique	analogies	La touche est au clavier ce que la corde est…	à la guitare	au toit | à la fleur | à la neige
cm1	logique	analogies	La pièce est au puzzle ce que la case est…	au damier	à l'échelle | à la neige | à l'orchestre
cm2	logique	analogies	Les ciseaux sont au coiffeur ce que le scalpel est…	au chirurgien	au cuisinier | à l'hôpital | au facteur
cm2	logique	analogies	La scie est au menuisier ce que l'aiguille est…	à la couturière	au fil | au médecin | au maçon
cm2	logique	analogies	La jument est au poulain ce que la truie est…	au porcelet	à la porcherie | au veau | au chevreau
cm2	logique	analogies	La chèvre est au chevreau ce que la vache est…	au veau	à l'étable | au lait | au poulain
cm2	logique	analogies	La fourmi est à la fourmilière ce que le renard est…	au terrier	à la ruche | au nid | à l'étable
cm2	logique	analogies	Le lait est au beurre ce que le raisin est…	au vin	à la vigne | au pain | au chocolat
cm2	logique	analogies	Le coton est au tee-shirt ce que le papier est…	au cahier	à l'arbre | à la robe | au verre
cm2	logique	analogies	Le cinéma est au film ce que la salle de concert est…	à la musique	au théâtre | au livre | au tableau
cm2	logique	analogies	L'ourse est à l'ourson ce que la louve est…	au louveteau	à la tanière | au chiot | au faon
cp	logique	classer	Quel est l'animal le plus grand ? 🦒 🐱 🐰 🐔	🦒	🐱 | 🐰 | 🐔
cp	logique	classer	Quel est l'animal le plus petit ? 🦒 🐘 🐄 🐜	🐜	🦒 | 🐘 | 🐄
cp	logique	classer	Quel est l'animal le plus grand ? 🐳 🐟 🐸 🦀	🐳	🐟 | 🐸 | 🦀
cp	logique	classer	Quel est le fruit le plus gros ? 🍉 🍓 🍒 🍋	🍉	🍓 | 🍒 | 🍋
cp	logique	classer	Quel est le fruit le plus petit ? 🍉 🍍 🍎 🍒	🍒	🍉 | 🍍 | 🍎
cp	logique	classer	Quel est l'animal le plus petit ? 🐄 🐖 🐭 🐴	🐭	🐄 | 🐖 | 🐴
cp	logique	classer	Quel est l'animal le plus grand ? 🐘 🐶 🐔 🐭	🐘	🐶 | 🐔 | 🐭
cp	logique	classer	Quel est l'animal le plus petit ? 🐘 🦒 🐻 🐞	🐞	🐘 | 🦒 | 🐻
cp	logique	classer	Quel est l'animal le plus grand ? 🐌 🐞 🐜 🐄	🐄	🐌 | 🐞 | 🐜
ce2	logique	comparer_nombres	Parmi 980, 414, 164, 341 : quel est le plus grand nombre ?	980	414 | 164 | 341
ce2	logique	comparer_nombres	Parmi 256, 253, 208, 255 : quel est le plus petit nombre ?	208	256 | 253 | 255
ce2	logique	comparer_nombres	Parmi 60, 150, 173, 174 : quel est le plus grand nombre ?	174	60 | 150 | 173
ce2	logique	comparer_nombres	Parmi 130, 563, 439, 157 : quel est le plus grand nombre ?	563	130 | 439 | 157
ce2	logique	comparer_nombres	Parmi 109, 739, 74, 570 : quel est le plus grand nombre ?	739	109 | 74 | 570
ce2	logique	comparer_nombres	Parmi 259, 489, 499, 423 : quel est le plus grand nombre ?	499	259 | 489 | 423
ce2	logique	comparer_nombres	Parmi 178, 265, 215, 253 : quel est le plus grand nombre ?	265	178 | 215 | 253
ce2	logique	comparer_nombres	Parmi 50, 89, 995, 694 : quel est le plus grand nombre ?	995	50 | 89 | 694
ce2	logique	comparer_nombres	Parmi 80, 603, 826, 477 : quel est le plus petit nombre ?	80	603 | 826 | 477
ce2	logique	comparer_nombres	Parmi 758, 327, 728, 672 : quel est le plus grand nombre ?	758	327 | 728 | 672
ce2	logique	comparer_nombres	Parmi 207, 796, 263, 227 : quel est le plus grand nombre ?	796	207 | 263 | 227
ce2	logique	comparer_nombres	Parmi 851, 835, 914, 870 : quel est le plus grand nombre ?	914	851 | 835 | 870
ce2	logique	comparer_nombres	Parmi 399, 915, 377, 709 : quel est le plus petit nombre ?	377	399 | 915 | 709
ce2	logique	comparer_nombres	Parmi 333, 336, 300, 159 : quel est le plus grand nombre ?	336	333 | 300 | 159
ce2	logique	comparer_nombres	Parmi 889, 717, 138, 985 : quel est le plus grand nombre ?	985	889 | 717 | 138
ce2	logique	comparer_nombres	Parmi 413, 116, 503, 418 : quel est le plus petit nombre ?	116	413 | 503 | 418
ce2	logique	intrus	Lequel de ces animaux ne vit pas à la ferme ? 🐄 🐖 🐑 🦁	🦁	🐄 | 🐖 | 🐑
ce2	logique	intrus	Lequel de ces objets n'est pas un instrument de musique ? 🎸 🎺 🥁 📚	📚	🎸 | 🎺 | 🥁
ce2	logique	intrus	Lequel de ces animaux n'est pas un insecte ? 🐝 🐞 🦋 🐟	🐟	🐝 | 🐞 | 🦋
ce2	logique	intrus	Lequel de ces animaux n'est pas un oiseau ? 🦆 🦉 🐦 🐸	🐸	🦆 | 🦉 | 🐦
ce2	logique	intrus	Lequel de ces objets n'est pas un vêtement ? 🧢 👗 🧥 ⚽	⚽	🧢 | 👗 | 🧥
ce2	logique	intrus	Lequel de ces animaux ne vit pas dans l'eau ? 🐟 🐬 🐙 🐘	🐘	🐟 | 🐬 | 🐙
ce2	logique	intrus	Lequel de ces objets ne sert pas à écrire ou dessiner ? ✏️ 🖍️ 🖊️ 🍴	🍴	✏️ | 🖍️ | 🖊️
ce2	logique	intrus	Lequel de ces aliments n'est pas un fruit ? 🍓 🍌 🍇 🧀	🧀	🍓 | 🍌 | 🍇
ce2	logique	intrus	Lequel de ces aliments n'est pas un légume ? 🥕 🥦 🥬 🍩	🍩	🥕 | 🥦 | 🥬
ce2	logique	reperage_espace	Dans une grille de 3 cases sur 3, un objet est au centre. On le déplace de 1 case vers le bas, puis de 1 case vers la gauche. Où est-il maintenant ?	en bas à gauche	en bas au centre | au milieu à gauche | en haut à gauche
ce2	logique	reperage_espace	Dans une grille de 3 cases sur 3, un objet est au milieu à droite. On le déplace de 1 case vers le haut, puis de 1 case vers la gauche. Où est-il maintenant ?	en haut au centre	au centre | en haut à droite | en bas au centre
ce2	logique	reperage_espace	Dans une grille de 3 cases sur 3, un objet est en bas à droite. On le déplace de 1 case vers la gauche, puis de 1 case vers le haut. Où est-il maintenant ?	au centre	en haut au centre | en bas au centre | au milieu à droite
ce2	logique	reperage_espace	Dans une grille de 3 cases sur 3, un objet est en bas à gauche. On le déplace de 1 case vers la droite, puis de 1 case vers le haut. Où est-il maintenant ?	au centre	au milieu à droite | en bas au centre | en bas à gauche
ce2	logique	reperage_espace	Dans une grille de 3 cases sur 3, un objet est en haut à droite. On le déplace de 1 case vers la gauche, puis de 1 case vers le bas. Où est-il maintenant ?	au centre	au milieu à gauche | au milieu à droite | en haut à droite
ce2	logique	reperage_espace	Dans une grille de 3 cases sur 3, un objet est en haut au centre. On le déplace de 1 case vers le bas, puis de 1 case vers la droite. Où est-il maintenant ?	au milieu à droite	au centre | en bas à droite | en bas à gauche
ce2	logique	reperage_espace	Dans une grille de 3 cases sur 3, un objet est au milieu à gauche. On le déplace de 1 case vers la droite, puis de 1 case vers le haut. Où est-il maintenant ?	en haut au centre	en haut à gauche | en haut à droite | en bas au centre
ce2	logique	reperage_espace	Dans une grille de 3 cases sur 3, un objet est en haut au centre. On le déplace de 1 case vers la gauche, puis de 1 case vers le bas. Où est-il maintenant ?	au milieu à gauche	en haut à gauche | au centre | en haut à droite
ce2	logique	reperage_espace	Dans une grille de 3 cases sur 3, un objet est au centre. On le déplace de 1 case vers le bas, puis de 1 case vers la droite. Où est-il maintenant ?	en bas à droite	en bas au centre | au milieu à droite | au milieu à gauche
ce2	logique	reperage_espace	Dans une grille de 3 cases sur 3, un objet est en bas au centre. On le déplace de 1 case vers la droite, puis de 1 case vers le haut. Où est-il maintenant ?	au milieu à droite	au centre | en bas à droite | en haut à gauche
ce2	logique	reperage_espace	Dans une grille de 3 cases sur 3, un objet est au centre. On le déplace de 1 case vers la gauche, puis de 1 case vers le haut. Où est-il maintenant ?	en haut à gauche	en haut au centre | au milieu à gauche | en haut à droite
ce2	logique	reperage_espace	Dans une grille de 3 cases sur 3, un objet est au milieu à droite. On le déplace de 1 case vers la gauche, puis de 1 case vers le bas. Où est-il maintenant ?	en bas au centre	au centre | en bas à gauche | en haut à gauche
ce2	logique	reperage_espace	Dans une grille de 3 cases sur 3, un objet est au milieu à gauche. On le déplace de 1 case vers la droite, puis de 1 case vers le bas. Où est-il maintenant ?	en bas au centre	au centre | en bas à gauche | en haut au centre
cm1	logique	vocabulaire_sens	Quel est le contraire de « fragile » ?	solide	utile | patient | lourd
cm1	logique	vocabulaire_sens	Quel est le contraire de « solide » ?	fragile	obéissant | précis | lisse
cm1	logique	vocabulaire_sens	Quel est le contraire de « obéissant » ?	désobéissant	ancien | maladroit | calme
cm1	logique	vocabulaire_sens	Quel est le contraire de « calme » ?	agité	large | humide | utile
cm1	logique	vocabulaire_sens	Quel est le contraire de « agité » ?	calme	large | obéissant | étroit
cm1	logique	vocabulaire_sens	Quel est le contraire de « large » ?	étroit	maladroit | solide | utile
cm1	logique	vocabulaire_sens	Quel est le contraire de « étroit » ?	large	lisse | maladroit | précis
cm1	logique	vocabulaire_sens	Quel est le contraire de « lisse » ?	rugueux	agité | complet | ancien
cm1	logique	vocabulaire_sens	Quel est le contraire de « rugueux » ?	lisse	maladroit | précis | obéissant
cm1	logique	vocabulaire_sens	Quel est le contraire de « humide » ?	sec	patient | ancien | utile
ce2	math	comparer_nombres	Quel nombre est le plus grand : 9821 ou 9439 ?	9821	9439
ce2	math	comparer_nombres	Quel nombre est le plus grand : 2146 ou 6409 ?	6409	2146
ce2	math	comparer_nombres	Quel nombre est le plus grand : 3041 ou 5920 ?	5920	3041
ce2	math	comparer_nombres	Quel nombre est le plus petit : 7691 ou 7196 ?	7196	7691
ce2	math	comparer_nombres	Quel nombre est le plus petit : 7888 ou 8591 ?	7888	8591
ce2	math	comparer_nombres	Quel nombre est le plus grand : 5930 ou 5609 ?	5930	5609
ce2	math	comparer_nombres	Quel nombre est le plus grand : 4443 ou 4929 ?	4929	4443
ce2	math	comparer_nombres	Quel nombre est le plus petit : 8244 ou 9066 ?	8244	9066
ce2	math	comparer_nombres	Quel nombre est le plus petit : 2389 ou 2983 ?	2389	2983
ce2	math	comparer_nombres	Quel nombre est le plus petit : 6085 ou 6058 ?	6058	6085
ce2	math	comparer_nombres	Quel nombre est le plus grand : 5011 ou 2193 ?	5011	2193
ce2	math	comparer_nombres	Quel nombre est le plus grand : 7790 ou 4185 ?	7790	4185
ce2	math	comparer_nombres	Quel nombre est le plus petit : 7965 ou 7569 ?	7569	7965
ce2	math	comparer_nombres	Quel nombre est le plus grand : 2988 ou 3681 ?	3681	2988
ce2	math	comparer_nombres	Quel nombre est le plus grand : 8251 ou 9111 ?	9111	8251
cp	math	formes_geometriques	Combien de côtés a un hexagone ?	6	5 | 4 | 8
cp	math	formes_geometriques	Combien de coins a un losange ?	4	3 | 5 | 0
cp	math	formes_geometriques	Combien de coins a un pentagone ?	5	4 | 6 | 3
cp	math	formes_geometriques	Combien de coins a un hexagone ?	6	5 | 4 | 8
cp	math	formes_geometriques	Quelle forme a 6 côtés ?	hexagone	pentagone | carré | triangle
cp	math	formes_geometriques	Quelle forme a 3 coins ?	triangle	carré | cercle | rectangle
cp	math	formes_geometriques	Quelle forme a 5 coins ?	pentagone	hexagone | carré | triangle
cp	math	formes_geometriques	Quelle forme n'a aucun coin ?	cercle	carré | triangle | rectangle
cp	math	formes_geometriques	Quelle forme a 4 côtés : 2 longs et 2 courts ?	rectangle	carré | triangle | cercle
cp	math	formes_geometriques	Quelle forme a une assiette ?	cercle	carré | triangle | rectangle
cp	math	formes_geometriques	Quelle forme a un ballon vu de face ?	cercle	carré | triangle | losange
cp	math	formes_geometriques	Quelle forme a une porte ?	rectangle	cercle | triangle | losange
cp	math	formes_geometriques	Quelle forme a un billet de banque ?	rectangle	cercle | triangle | pentagone
cp	math	formes_geometriques	Quelle forme a le panneau « attention » sur la route ?	triangle	carré | cercle | rectangle
cp	math	formes_geometriques	Quelle forme a le toit d'une maison dessinée ?	triangle	cercle | carré | losange
cp	math	formes_geometriques	Quelle forme a une case d'un jeu de dames ?	carré	triangle | cercle | pentagone
cp	math	formes_geometriques	Quelle forme a souvent un cerf-volant ?	losange	cercle | rectangle | hexagone
cp	math	formes_geometriques	Combien de côtés ont 2 carrés en tout ?	8	4 | 6 | 10
cp	math	formes_geometriques	Combien de côtés ont 3 triangles en tout ?	9	6 | 3 | 12
cp	math	formes_geometriques	Combien de côtés ont un carré et un triangle en tout ?	7	6 | 8 | 5
cp	math	formes_geometriques	Combien de coins ont 2 triangles en tout ?	6	3 | 4 | 5
cp	math	formes_geometriques	Combien de coins ont 2 carrés en tout ?	8	4 | 6 | 10
cp	math	formes_geometriques	Quelle forme a le plus de côtés ?	hexagone	triangle | carré | pentagone
cp	math	formes_geometriques	Quelle forme a le moins de côtés ?	triangle	carré | pentagone | hexagone
cp	math	formes_geometriques	Combien de côtés a la moitié d'un carré coupé d'un coin à l'autre ?	3	4 | 2 | 5
cp	math	formes_geometriques	Quelle forme a une pizza entière ?	cercle	carré | triangle | rectangle
cp	math	formes_geometriques	Quelle forme a l'écran d'une télévision ?	rectangle	cercle | triangle | losange
cp	math	formes_geometriques	Combien de côtés a un carré de plus qu'un triangle ?	1	2 | 0 | 3
cp	math	formes_geometriques	Combien de côtés ont un rectangle et un pentagone en tout ?	9	8 | 10 | 7
cp	math	formes_geometriques	Combien de coins a un rond ?	0	1 | 4 | 3
cm2	math	mesures	Combien de millimètres y a-t-il dans 7 m ?	7000	70000 | 8000 | 70
cm2	math	mesures	Combien de millimètres y a-t-il dans 1,5 m ?	1500	15000 | 2500 | 150
cm2	math	mesures	Combien de centimètres y a-t-il dans 3,5 m ?	350	35000 | 35 | 3500
cm2	math	mesures	Combien de décimètres y a-t-il dans 9 m ?	90	900 | 9 | 100
cm2	math	mesures	Combien de décimètres y a-t-il dans 12 m ?	120	130 | 12000 | 1200
cm2	math	mesures	Combien d'heures y a-t-il dans 6 jours ?	144	168 | 120 | 60
cm2	math	mesures	Combien de millilitres y a-t-il dans 6 L ?	6000	7000 | 600 | 60000
cm2	math	mesures	Combien de minutes y a-t-il dans 12 h ?	720	660 | 1200 | 120
cm2	math	mesures	Combien de centimètres y a-t-il dans 1,25 m ?	125	225 | 12500 | 1250
cm2	math	mesures	Combien d'heures y a-t-il dans 5 jours ?	120	96 | 29 | 500
cm2	math	mesures	Combien de millimètres y a-t-il dans 3 m ?	3000	300 | 30 | 4000
cm2	math	mesures	Combien de mètres y a-t-il dans 5 hm ?	500	50000 | 600 | 5000
cm2	math	mesures	Combien de centilitres y a-t-il dans 2 L ?	200	20 | 20000 | 300
cm2	math	mesures	Combien de secondes y a-t-il dans 5 min ?	300	65 | 240 | 50
cm2	math	mesures	Combien de millimètres y a-t-il dans 11 m ?	11000	12000 | 110 | 110000
cm2	math	mesures	Combien de millimètres y a-t-il dans 3,5 m ?	3500	4500 | 35 | 35000
cm2	math	mesures	Combien de millimètres y a-t-il dans 9 cm ?	90	900 | 9000 | 9
cm2	math	mesures	Combien de centimètres y a-t-il dans 4,2 m ?	420	42000 | 42 | 4200
cm2	math	mesures	Combien de centimètres y a-t-il dans 4 m ?	400	4000 | 500 | 40000
cm2	math	mesures	Combien de mètres y a-t-il dans 4,2 km ?	4200	42000 | 420 | 42
cm2	math	mesures	Combien de millilitres y a-t-il dans 12 cL ?	120	12 | 130 | 1200
cm2	math	mesures	Combien de décimètres y a-t-il dans 10 m ?	100	10 | 10000 | 110
cm2	math	mesures	Combien de centimètres y a-t-il dans 2 m ?	200	20000 | 20 | 2000
cm2	math	mesures	Combien de secondes y a-t-il dans 7 min ?	420	70 | 700 | 360
cm2	math	mesures	Combien de mètres y a-t-il dans 9 km ?	9000	10000 | 90 | 90000
ce1	math	pair_impair	Le nombre 320 est-il pair ou impair ?	pair	impair
ce1	math	pair_impair	Parmi ces nombres, lequel est impair ?	205	194 | 452 | 718
ce1	math	pair_impair	Le nombre 370 est-il pair ou impair ?	pair	impair
ce1	math	pair_impair	Le nombre 926 est-il pair ou impair ?	pair	impair
ce1	math	pair_impair	Parmi ces nombres, lequel est pair ?	846	649 | 227 | 487
ce1	math	pair_impair	Le nombre 180 est-il pair ou impair ?	pair	impair
ce1	math	pair_impair	Le nombre 665 est-il pair ou impair ?	impair	pair
ce1	math	pair_impair	Parmi ces nombres, lequel est impair ?	949	296 | 470 | 982
ce1	math	pair_impair	Le nombre 821 est-il pair ou impair ?	impair	pair
ce1	math	pair_impair	Le nombre 171 est-il pair ou impair ?	impair	pair
ce2	math	pair_impair	Le nombre 1750 est-il pair ou impair ?	pair	impair
ce2	math	pair_impair	Parmi ces nombres, lequel est pair ?	5740	6977 | 7227 | 2307
ce2	math	pair_impair	Le nombre 3664 est-il pair ou impair ?	pair	impair
ce2	math	pair_impair	Le nombre 7065 est-il pair ou impair ?	impair	pair
ce2	math	pair_impair	Parmi ces nombres, lequel est impair ?	4433	7216 | 5010 | 5374
ce2	math	pair_impair	Le nombre 5422 est-il pair ou impair ?	pair	impair
ce2	math	pair_impair	Le nombre 4598 est-il pair ou impair ?	pair	impair
ce2	math	pair_impair	Parmi ces nombres, lequel est impair ?	1917	4752 | 6168 | 7572
ce2	math	pair_impair	Le nombre 5386 est-il pair ou impair ?	pair	impair
ce2	math	pair_impair	Le nombre 2084 est-il pair ou impair ?	pair	impair
cp	math	pair_impair	Le nombre 82 est-il pair ou impair ?	pair	impair
cp	math	pair_impair	Parmi ces nombres, lequel est pair ?	4	29 | 87 | 95
cp	math	pair_impair	Le nombre 95 est-il pair ou impair ?	impair	pair
cp	math	pair_impair	Le nombre 70 est-il pair ou impair ?	pair	impair
cp	math	pair_impair	Parmi ces nombres, lequel est pair ?	76	65 | 5 | 55
cp	math	pair_impair	Le nombre 78 est-il pair ou impair ?	pair	impair
cp	math	pair_impair	Le nombre 72 est-il pair ou impair ?	pair	impair
cp	math	pair_impair	Parmi ces nombres, lequel est pair ?	92	1 | 21 | 29
cp	math	pair_impair	Le nombre 44 est-il pair ou impair ?	pair	impair
cp	math	pair_impair	Le nombre 20 est-il pair ou impair ?	pair	impair
ce1	math	perimetre	Quel est le périmètre, en cm, d'un rectangle de longueur 14 cm et de largeur 5 cm ?	38	40 | 42 | 36
ce1	math	perimetre	Quel est le périmètre, en cm, d'un triangle dont les côtés mesurent 5 cm, 7 cm et 11 cm ?	23	18 | 22 | 25
ce1	math	perimetre	Quel est le périmètre, en cm, d'un triangle dont les côtés mesurent 6 cm, 14 cm et 15 cm ?	35	29 | 34 | 20
ce1	math	perimetre	Quel est le périmètre, en cm, d'un rectangle de longueur 7 cm et de largeur 3 cm ?	20	17 | 22 | 18
ce1	math	perimetre	Quel est le périmètre, en cm, d'un rectangle de longueur 16 cm et de largeur 8 cm ?	48	52 | 50 | 46
ce1	math	perimetre	Quel est le périmètre, en cm, d'un carré de côté 19 cm ?	76	23 | 95 | 57
ce1	math	perimetre	Quel est le périmètre, en cm, d'un carré de côté 12 cm ?	48	16 | 36 | 24
ce1	math	perimetre	Quel est le périmètre, en cm, d'un rectangle de longueur 18 cm et de largeur 2 cm ?	40	42 | 44 | 20
ce1	math	perimetre	Quel est le périmètre, en cm, d'un rectangle de longueur 13 cm et de largeur 12 cm ?	50	54 | 38 | 25
ce1	math	perimetre	Quel est le périmètre, en cm, d'un carré de côté 7 cm ?	28	35 | 11 | 21
cm1	math	perimetre	Quel est le périmètre, en cm, d'un carré de côté 33 cm ?	132	37 | 165 | 66
cm1	math	perimetre	Quel est le périmètre, en cm, d'un carré de côté 17 cm ?	68	21 | 34 | 51
cm1	math	perimetre	Quel est le périmètre, en cm, d'un rectangle de longueur 9 cm et de largeur 7 cm ?	32	34 | 16 | 30
cm1	math	perimetre	Quel est le périmètre, en cm, d'un rectangle de longueur 12 cm et de largeur 9 cm ?	42	46 | 33 | 44
cm1	math	perimetre	Quel est le périmètre, en cm, d'un carré de côté 27 cm ?	108	81 | 112 | 135
cm1	math	perimetre	Quel est le périmètre, en cm, d'un triangle dont les côtés mesurent 10 cm, 17 cm et 18 cm ?	45	27 | 36 | 47
cm1	math	perimetre	Quel est le périmètre, en cm, d'un rectangle de longueur 18 cm et de largeur 2 cm ?	40	20 | 42 | 44
cm1	math	perimetre	Quel est le périmètre, en cm, d'un rectangle de longueur 8 cm et de largeur 2 cm ?	20	22 | 10 | 24
cm1	math	perimetre	Quel est le périmètre, en cm, d'un triangle dont les côtés mesurent 18 cm, 29 cm et 33 cm ?	80	62 | 47 | 79
cm1	math	perimetre	Quel est le périmètre, en cm, d'un triangle dont les côtés mesurent 25 cm, 29 cm et 30 cm ?	84	83 | 54 | 60
cm1	math	perimetre	Quel est le périmètre, en cm, d'un rectangle de longueur 7 cm et de largeur 5 cm ?	24	22 | 12 | 26
cm1	math	perimetre	Quel est le périmètre, en cm, d'un rectangle de longueur 16 cm et de largeur 10 cm ?	52	54 | 42 | 56
cm1	math	perimetre	Quel est le périmètre, en cm, d'un rectangle de longueur 7 cm et de largeur 6 cm ?	26	13 | 30 | 28
cm1	math	perimetre	Quel est le périmètre, en cm, d'un rectangle de longueur 30 cm et de largeur 17 cm ?	94	96 | 77 | 98
cm1	math	perimetre	Quel est le périmètre, en cm, d'un rectangle de longueur 14 cm et de largeur 8 cm ?	44	22 | 46 | 36
cm1	math	perimetre	Quel est le périmètre, en cm, d'un triangle dont les côtés mesurent 21 cm, 30 cm et 38 cm ?	89	88 | 68 | 51
cm1	math	perimetre	Quel est le périmètre, en cm, d'un carré de côté 15 cm ?	60	19 | 75 | 45
cm1	math	perimetre	Quel est le périmètre, en cm, d'un carré de côté 5 cm ?	20	9 | 24 | 15
cm1	math	perimetre	Quel est le périmètre, en cm, d'un rectangle de longueur 9 cm et de largeur 5 cm ?	28	32 | 26 | 23
cm1	math	perimetre	Quel est le périmètre, en cm, d'un rectangle de longueur 24 cm et de largeur 9 cm ?	66	64 | 68 | 33
ce1	math	suites_nombres	769, ___, 789, 799, 809. Quel nombre manque ?	779	784 | 774 | 879
ce1	math	suites_nombres	218, ___, 318, 368, 418. Quel nombre manque ?	268	269 | 243 | 278
ce1	math	suites_nombres	331, 321, 311, ___, 291. Quel nombre manque ?	301	302 | 296 | 401
ce1	math	suites_nombres	306, ___, 406, 456, 506. Quel nombre manque ?	356	355 | 357 | 331
ce1	math	suites_nombres	760, 762, ___, 766, 768. Quel nombre manque ?	764	765 | 763 | 774
ce1	math	suites_nombres	703, 708, ___, 718, 723. Quel nombre manque ?	713	715 | 712 | 711
ce1	math	suites_nombres	649, 651, ___, 655, 657. Quel nombre manque ?	653	652 | 663 | 654
ce1	math	suites_nombres	652, ___, 662, 667, 672. Quel nombre manque ?	657	659 | 658 | 656
ce1	math	suites_nombres	209, 159, 109, ___, 9. Quel nombre manque ?	59	58 | 34 | 84
ce1	math	suites_nombres	765, ___, 665, 615, 565. Quel nombre manque ?	715	690 | 716 | 714
ce2	math	suites_nombres	3131, ___, 3081, 3056, 3031. Quel nombre manque ?	3106	3094 | 3107 | 3116
ce2	math	suites_nombres	1366, ___, 1766, 1966, 2166. Quel nombre manque ?	1566	1565 | 1666 | 1576
ce2	math	suites_nombres	1569, 1594, ___, 1644, 1669. Quel nombre manque ?	1619	1629 | 1618 | 1631
ce2	math	suites_nombres	985, ___, 1085, 1135, 1185. Quel nombre manque ?	1035	1045 | 1034 | 1010
ce2	math	suites_nombres	3764, ___, 3364, 3164, 2964. Quel nombre manque ?	3564	3563 | 3464 | 3565
ce2	math	suites_nombres	3564, ___, 3464, 3414, 3364. Quel nombre manque ?	3514	3515 | 3539 | 3524
ce2	math	suites_nombres	3374, 3874, 4374, ___, 5374. Quel nombre manque ?	4874	4875 | 4624 | 4884
ce2	math	suites_nombres	1562, 1662, ___, 1862, 1962. Quel nombre manque ?	1762	1712 | 1812 | 1763
ce2	math	suites_nombres	2931, 3131, ___, 3531, 3731. Quel nombre manque ?	3331	3341 | 3231 | 3330
ce2	math	suites_nombres	3657, 3157, 2657, ___, 1657. Quel nombre manque ?	2157	2167 | 1907 | 2158
