id;text;correct_answer;choice_2;choice_3;choice_4
2257;"Comment conjugue-t-on le verbe ""tomber"" avec ""il"" au présent ?";il tombe;il tombes;il tomb;il toombe
2258;"Comment conjugue-t-on le verbe ""jardiner"" avec ""nous"" au présent ?";nous jardinons;nous jardinonst;nous jardinon;nous jaardinons
2259;"Comment conjugue-t-on le verbe ""jouer"" avec ""vous"" au présent ?";vous jouez;vous jouezs;vous joue;vous joouez
2260;"Comment conjugue-t-on le verbe ""chanter"" avec ""je"" au présent ?";je chante;je chantes;je chant;je chaante
2261;"Comment conjugue-t-on le verbe ""habiter"" avec ""nous"" au présent ?";nous habitons;nous habitonst;nous habiton;nous haabitons
2262;"Comment conjugue-t-on le verbe ""laver"" avec ""elle"" au présent ?";elle lave;elle laves;elle lav;elle laave
2263;"Comment conjugue-t-on le verbe ""brosser"" avec ""elle"" au présent ?";elle brosse;elle brosses;elle bross;elle broosse
2264;"Comment conjugue-t-on le verbe ""garder"" avec ""elle"" au présent ?";elle garde;elle gardes;elle gard;elle gaarde
2265;"Comment conjugue-t-on le verbe ""sonner"" avec ""il"" au présent ?";il sonne;il sonnes;il sonn;il soonne
2266;"Comment conjugue-t-on le verbe ""couper"" avec ""il"" au présent ?";il coupe;il coupes;il coup;il cooupe
2267;"Comment conjugue-t-on le verbe ""souffler"" avec ""il"" au présent ?";il souffle;il souffles;il souffl;il soouffle
2268;"Comment conjugue-t-on le verbe ""donner"" avec ""nous"" au présent ?";nous donnons;nous donnonst;nous donnon;nous doonnons
2269;"Comment conjugue-t-on le verbe ""donner"" avec ""il"" au présent ?";il donne;il donnes;il donn;il doonne
2270;"Comment conjugue-t-on le verbe ""entrer"" avec ""vous"" au présent ?";vous entrez;vous entrezs;vous entre;vous entreez
2271;"Comment conjugue-t-on le verbe ""écouter"" avec ""il"" au présent ?";il écoute;il écoutes;il écout;il écooute
2272;"Comment conjugue-t-on le verbe ""sauter"" avec ""elle"" au présent ?";elle saute;elle sautes;elle saut;elle saaute
2273;"Comment conjugue-t-on le verbe ""tourner"" avec ""je"" au présent ?";je tourne;je tournes;je tourn;je toourne
2274;"Comment conjugue-t-on le verbe ""frapper"" avec ""je"" au présent ?";je frappe;je frappes;je frapp;je fraappe
2275;"Comment conjugue-t-on le verbe ""rester"" avec ""elle"" au présent ?";elle reste;elle restes;elle rest;elle reeste
2276;"Comment conjugue-t-on le verbe ""tirer"" avec ""elle"" au présent ?";elle tire;elle tires;elle tir;elle tiire
2277;"Comment conjugue-t-on le verbe ""parler"" avec ""elle"" au présent ?";elle parle;elle parles;elle parl;elle paarle
2278;"Comment conjugue-t-on le verbe ""chercher"" avec ""vous"" au présent ?";vous cherchez;vous cherchezs;vous cherche;vous cheerchez
2279;"Comment conjugue-t-on le verbe ""fermer"" avec ""ils"" au présent ?";ils ferment;ils ferments;ils fermen;ils feerment
2280;"Comment conjugue-t-on le verbe ""aider"" avec ""elles"" au présent ?";elles aident;elles aidents;elles aiden;elles aiident
2281;"Comment conjugue-t-on le verbe ""laisser"" avec ""elle"" au présent ?";elle laisse;elle laisses;elle laiss;elle laaisse
2282;"Comment conjugue-t-on le verbe ""habiter"" avec ""elles"" au présent ?";elles habitent;elles habitents;elles habiten;elles haabitent
2283;"Comment conjugue-t-on le verbe ""rentrer"" avec ""nous"" au présent ?";nous rentrons;nous rentronst;nous rentron;nous reentrons
2284;"Comment conjugue-t-on le verbe ""sonner"" avec ""nous"" au présent ?";nous sonnons;nous sonnonst;nous sonnon;nous soonnons
2285;"Comment conjugue-t-on le verbe ""tirer"" avec ""ils"" au présent ?";ils tirent;ils tirents;ils tiren;ils tiirent
2286;"Comment conjugue-t-on le verbe ""aimer"" avec ""elles"" au présent ?";elles aiment;elles aiments;elles aimen;elles aiiment
2287;"Comment conjugue-t-on le verbe ""frapper"" avec ""elles"" au présent ?";elles frappent;elles frappents;elles frappen;elles fraappent
2288;"Comment conjugue-t-on le verbe ""laver"" avec ""je"" au présent ?";je lave;je laves;je lav;je laave
2289;"Comment conjugue-t-on le verbe ""entrer"" avec ""nous"" au présent ?";nous entrons;nous entronst;nous entron;nous entroons
2290;"Comment conjugue-t-on le verbe ""brosser"" avec ""tu"" au présent ?";tu brosses;tu brossest;tu brosse;tu broosses
2291;"Comment conjugue-t-on le verbe ""rester"" avec ""je"" au présent ?";je reste;je restes;je rest;je reeste
2292;"Comment conjugue-t-on le verbe ""écouter"" avec ""ils"" au présent ?";ils écoutent;ils écoutents;ils écouten;ils écooutent
2293;"Comment conjugue-t-on le verbe ""passer"" avec ""nous"" au présent ?";nous passons;nous passonst;nous passon;nous paassons
2294;"Comment conjugue-t-on le verbe ""tomber"" avec ""je"" au présent ?";je tombe;je tombes;je tomb;je toombe
2295;"Comment conjugue-t-on le verbe ""gratter"" avec ""elles"" au présent ?";elles grattent;elles grattents;elles gratten;elles graattent
2296;"Comment conjugue-t-on le verbe ""danser"" avec ""nous"" au présent ?";nous dansons;nous dansonst;nous danson;nous daansons
2297;"Comment conjugue-t-on le verbe ""pousser"" avec ""elles"" au présent ?";elles poussent;elles poussents;elles poussen;elles pooussent
2298;"Comment conjugue-t-on le verbe ""dessiner"" avec ""il"" au présent ?";il dessine;il dessines;il dessin;il deessine
2299;"Comment conjugue-t-on le verbe ""chercher"" avec ""elle"" au présent ?";elle cherche;elle cherches;elle cherch;elle cheerche
2300;"Comment conjugue-t-on le verbe ""passer"" avec ""tu"" au présent ?";tu passes;tu passest;tu passe;tu paasses
2301;"Comment conjugue-t-on le verbe ""danser"" avec ""tu"" au présent ?";tu danses;tu dansest;tu danse;tu daanses
2302;"Comment conjugue-t-on le verbe ""chercher"" avec ""il"" au présent ?";il cherche;il cherches;il cherch;il cheerche
2303;"Comment conjugue-t-on le verbe ""colorier"" avec ""il"" au présent ?";il colorie;il colories;il colori;il coolorie
2304;"Comment conjugue-t-on le verbe ""monter"" avec ""elle"" au présent ?";elle monte;elle montes;elle mont;elle moonte
2305;"Comment conjugue-t-on le verbe ""laisser"" avec ""il"" au présent ?";il laisse;il laisses;il laiss;il laaisse
2306;"Comment conjugue-t-on le verbe ""rester"" avec ""tu"" au présent ?";tu restes;tu restest;tu reste;tu reestes
2307;"Comment conjugue-t-on le verbe ""gagner"" avec ""nous"" au présent ?";nous gagnons;nous gagnonst;nous gagnon;nous gaagnons
2308;"Comment conjugue-t-on le verbe ""dessiner"" avec ""je"" au présent ?";je dessine;je dessines;je dessin;je deessine
2309;"Comment conjugue-t-on le verbe ""garder"" avec ""ils"" au présent ?";ils gardent;ils gardents;ils garden;ils gaardent
2310;"Comment conjugue-t-on le verbe ""habiter"" avec ""elle"" au présent ?";elle habite;elle habites;elle habit;elle haabite
2311;"Comment conjugue-t-on le verbe ""écouter"" avec ""vous"" au présent ?";vous écoutez;vous écoutezs;vous écoute;vous écooutez
2312;"Comment conjugue-t-on le verbe ""être"" avec ""je"" au présent ?";je suis;je suist;je sui;je suuis
2313;"Comment conjugue-t-on le verbe ""être"" avec ""tu"" au présent ?";tu es;tu est;tu ees;tu eea
2314;"Comment conjugue-t-on le verbe ""être"" avec ""il"" au présent ?";il est;il ests;il es;il eest
2315;"Comment conjugue-t-on le verbe ""être"" avec ""nous"" au présent ?";nous sommes;nous sommest;nous somme;nous soommes
2316;"Comment conjugue-t-on le verbe ""être"" avec ""vous"" au présent ?";vous êtes;vous êtest;vous ête;vous êtees
2317;"Comment conjugue-t-on le verbe ""être"" avec ""ils"" au présent ?";ils sont;ils sonts;ils son;ils soont
2318;"Comment conjugue-t-on le verbe ""avoir"" avec ""je"" au présent ?";j'ai;j'ais;j'aii;j'aia
2319;"Comment conjugue-t-on le verbe ""avoir"" avec ""tu"" au présent ?";tu as;tu ast;tu aas;tu aaa
2320;"Comment conjugue-t-on le verbe ""avoir"" avec ""il"" au présent ?";il a;il as;il aa;il ae
2321;"Comment conjugue-t-on le verbe ""avoir"" avec ""nous"" au présent ?";nous avons;nous avonst;nous avon;nous avoons
2322;"Comment conjugue-t-on le verbe ""avoir"" avec ""vous"" au présent ?";vous avez;vous avezs;vous ave;vous aveez
2323;"Comment conjugue-t-on le verbe ""avoir"" avec ""ils"" au présent ?";ils ont;ils onts;ils on;ils oont
29000;"Comment conjugue-t-on le verbe ""expliquer"" avec ""nous"" au présent ?";nous expliquons;nous expliquonst;nous expliquon;nous expliiquons
29001;"Comment conjugue-t-on le verbe ""montrer"" avec ""ils"" au présent ?";ils montrent;ils montrents;ils montren;ils moontrent
29002;"Comment conjugue-t-on le verbe ""commander"" avec ""je"" au présent ?";je commande;je commandes;je command;je coommande
29003;"Comment conjugue-t-on le verbe ""ranger"" avec ""vous"" au présent ?";vous rangez;vous rangezs;vous range;vous raangez
29004;"Comment conjugue-t-on le verbe ""partager"" avec ""je"" au présent ?";je partage;je partages;je partag;je paartage
29005;"Comment conjugue-t-on le verbe ""pousser"" avec ""vous"" au présent ?";vous poussez;vous poussezs;vous pousse;vous pooussez
29006;"Comment conjugue-t-on le verbe ""visiter"" avec ""elle"" au présent ?";elle visite;elle visites;elle visit;elle viisite
29007;"Comment conjugue-t-on le verbe ""créer"" avec ""tu"" au présent ?";tu crées;tu créest;tu crée;tu créées
29008;"Comment conjugue-t-on le verbe ""regarder"" avec ""elles"" au présent ?";elles regardent;elles regardents;elles regarden;elles reegardent
29009;"Comment conjugue-t-on le verbe ""compter"" avec ""ils"" au présent ?";ils comptent;ils comptents;ils compten;ils coomptent
29010;"Comment conjugue-t-on le verbe ""transporter"" avec ""il"" au présent ?";il transporte;il transportes;il transport;il traansporte
29011;"Comment conjugue-t-on le verbe ""siffler"" avec ""il"" au présent ?";il siffle;il siffles;il siffl;il siiffle
29012;"Comment conjugue-t-on le verbe ""frotter"" avec ""ils"" au présent ?";ils frottent;ils frottents;ils frotten;ils froottent
29013;"Comment conjugue-t-on le verbe ""patiner"" avec ""elle"" au présent ?";elle patine;elle patines;elle patin;elle paatine
29014;"Comment conjugue-t-on le verbe ""essuyer"" avec ""elle"" au présent ?";elle essuye;elle essuyes;elle essuy;elle essuuye
29015;"Comment conjugue-t-on le verbe ""sonner"" avec ""je"" au présent ?";je sonne;je sonnes;je sonn;je soonne
29016;"Comment conjugue-t-on le verbe ""économiser"" avec ""il"" au présent ?";il économise;il économises;il économis;il écoonomise
29017;"Comment conjugue-t-on le verbe ""voyager"" avec ""je"" au présent ?";je voyage;je voyages;je voyag;je vooyage
29018;"Comment conjugue-t-on le verbe ""arroser"" avec ""il"" au présent ?";il arrose;il arroses;il arros;il arroose
29019;"Comment conjugue-t-on le verbe ""livrer"" avec ""elles"" au présent ?";elles livrent;elles livrents;elles livren;elles liivrent
29020;"Comment conjugue-t-on le verbe ""échanger"" avec ""il"" au présent ?";il échange;il échanges;il échang;il échaange
29021;"Comment conjugue-t-on le verbe ""plier"" avec ""elles"" au présent ?";elles plient;elles plients;elles plien;elles pliient
29022;"Comment conjugue-t-on le verbe ""dépenser"" avec ""elle"" au présent ?";elle dépense;elle dépenses;elle dépens;elle déépense
29023;"Comment conjugue-t-on le verbe ""montrer"" avec ""vous"" au présent ?";vous montrez;vous montrezs;vous montre;vous moontrez
29024;"Comment conjugue-t-on le verbe ""gratter"" avec ""tu"" au présent ?";tu grattes;tu grattest;tu gratte;tu graattes
29025;"Comment conjugue-t-on le verbe ""classer"" avec ""nous"" au présent ?";nous classons;nous classonst;nous classon;nous claassons
29026;"Comment conjugue-t-on le verbe ""classer"" avec ""il"" au présent ?";il classe;il classes;il class;il claasse
29027;"Comment conjugue-t-on le verbe ""ramasser"" avec ""elle"" au présent ?";elle ramasse;elle ramasses;elle ramass;elle raamasse
29028;"Comment conjugue-t-on le verbe ""jouer"" avec ""tu"" au présent ?";tu joues;tu jouest;tu joue;tu jooues
29029;"Comment conjugue-t-on le verbe ""économiser"" avec ""je"" au présent ?";j'économise;j'économises;j'économis;j'écoonomise
29030;"Comment conjugue-t-on le verbe ""claquer"" avec ""elles"" au présent ?";elles claquent;elles claquents;elles claquen;elles claaquent
29031;"Comment conjugue-t-on le verbe ""refuser"" avec ""elle"" au présent ?";elle refuse;elle refuses;elle refus;elle reefuse
29032;"Comment conjugue-t-on le verbe ""gratter"" avec ""je"" au présent ?";je gratte;je grattes;je gratt;je graatte
29033;"Comment conjugue-t-on le verbe ""lancer"" avec ""nous"" au présent ?";nous lançons;nous lançonst;nous lançon;nous laançons
29034;"Comment conjugue-t-on le verbe ""pêcher"" avec ""il"" au présent ?";il pêche;il pêches;il pêch;il pêêche
29035;"Comment conjugue-t-on le verbe ""tirer"" avec ""vous"" au présent ?";vous tirez;vous tirezs;vous tire;vous tiirez
29036;"Comment conjugue-t-on le verbe ""débrancher"" avec ""il"" au présent ?";il débranche;il débranches;il débranch;il déébranche
29037;"Comment conjugue-t-on le verbe ""patiner"" avec ""je"" au présent ?";je patine;je patines;je patin;je paatine
29038;"Comment conjugue-t-on le verbe ""allumer"" avec ""je"" au présent ?";j'allume;j'allumes;j'allum;j'alluume
29039;"Comment conjugue-t-on le verbe ""bricoler"" avec ""tu"" au présent ?";tu bricoles;tu bricolest;tu bricole;tu briicoles
29040;"Comment conjugue-t-on le verbe ""balayer"" avec ""ils"" au présent ?";ils balayent;ils balayents;ils balayen;ils baalayent
29041;"Comment conjugue-t-on le verbe ""aimer"" avec ""tu"" au présent ?";tu aimes;tu aimest;tu aime;tu aiimes
29042;"Comment conjugue-t-on le verbe ""plonger"" avec ""elle"" au présent ?";elle plonge;elle plonges;elle plong;elle ploonge
29043;"Comment conjugue-t-on le verbe ""nager"" avec ""vous"" au présent ?";vous nagez;vous nagezs;vous nage;vous naagez
29044;"Comment conjugue-t-on le verbe ""bricoler"" avec ""il"" au présent ?";il bricole;il bricoles;il bricol;il briicole
29045;"Comment conjugue-t-on le verbe ""montrer"" avec ""elle"" au présent ?";elle montre;elle montres;elle montr;elle moontre
29046;"Comment conjugue-t-on le verbe ""claquer"" avec ""ils"" au présent ?";ils claquent;ils claquents;ils claquen;ils claaquent
29047;"Comment conjugue-t-on le verbe ""brancher"" avec ""vous"" au présent ?";vous branchez;vous branchezs;vous branche;vous braanchez
29048;"Comment conjugue-t-on le verbe ""brancher"" avec ""je"" au présent ?";je branche;je branches;je branch;je braanche
29049;"Comment conjugue-t-on le verbe ""échanger"" avec ""elle"" au présent ?";elle échange;elle échanges;elle échang;elle échaange
29050;"Comment conjugue-t-on le verbe ""échanger"" avec ""tu"" au présent ?";tu échanges;tu échangest;tu échange;tu échaanges
29051;"Comment conjugue-t-on le verbe ""jardiner"" avec ""elle"" au présent ?";elle jardine;elle jardines;elle jardin;elle jaardine
29052;"Comment conjugue-t-on le verbe ""habiter"" avec ""ils"" au présent ?";ils habitent;ils habitents;ils habiten;ils haabitent
29053;"Comment conjugue-t-on le verbe ""chanter"" avec ""tu"" au présent ?";tu chantes;tu chantest;tu chante;tu chaantes
29054;"Comment conjugue-t-on le verbe ""décider"" avec ""elle"" au présent ?";elle décide;elle décides;elle décid;elle déécide
29055;"Comment conjugue-t-on le verbe ""planifier"" avec ""il"" au présent ?";il planifie;il planifies;il planifi;il plaanifie
29056;"Comment conjugue-t-on le verbe ""sauter"" avec ""elles"" au présent ?";elles sautent;elles sautents;elles sauten;elles saautent
29057;"Comment conjugue-t-on le verbe ""compter"" avec ""elles"" au présent ?";elles comptent;elles comptents;elles compten;elles coomptent
29058;"Comment conjugue-t-on le verbe ""partager"" avec ""elle"" au présent ?";elle partage;elle partages;elle partag;elle paartage
29059;"Comment conjugue-t-on le verbe ""allumer"" avec ""il"" au présent ?";il allume;il allumes;il allum;il alluume
29060;"Comment conjugue-t-on le verbe ""tomber"" avec ""ils"" au présent ?";ils tombent;ils tombents;ils tomben;ils toombent
29061;"Comment conjugue-t-on le verbe ""gonfler"" avec ""nous"" au présent ?";nous gonflons;nous gonflonst;nous gonflon;nous goonflons
29062;"Comment conjugue-t-on le verbe ""sonner"" avec ""elle"" au présent ?";elle sonne;elle sonnes;elle sonn;elle soonne
29063;"Comment conjugue-t-on le verbe ""déposer"" avec ""il"" au présent ?";il dépose;il déposes;il dépos;il déépose
29064;"Comment conjugue-t-on le verbe ""rester"" avec ""ils"" au présent ?";ils restent;ils restents;ils resten;ils reestent
29065;"Comment conjugue-t-on le verbe ""partager"" avec ""il"" au présent ?";il partage;il partages;il partag;il paartage
29066;"Comment conjugue-t-on le verbe ""porter"" avec ""elles"" au présent ?";elles portent;elles portents;elles porten;elles poortent
29067;"Comment conjugue-t-on le verbe ""tester"" avec ""il"" au présent ?";il teste;il testes;il test;il teeste
29068;"Comment conjugue-t-on le verbe ""inventer"" avec ""nous"" au présent ?";nous inventons;nous inventonst;nous inventon;nous inveentons
29069;"Comment conjugue-t-on le verbe ""transporter"" avec ""vous"" au présent ?";vous transportez;vous transportezs;vous transporte;vous traansportez
29070;"Comment conjugue-t-on le verbe ""transporter"" avec ""elles"" au présent ?";elles transportent;elles transportents;elles transporten;elles traansportent
29071;"Comment conjugue-t-on le verbe ""aider"" avec ""vous"" au présent ?";vous aidez;vous aidezs;vous aide;vous aiidez
29072;"Comment conjugue-t-on le verbe ""sauter"" avec ""vous"" au présent ?";vous sautez;vous sautezs;vous saute;vous saautez
29073;"Comment conjugue-t-on le verbe ""lancer"" avec ""tu"" au présent ?";tu lances;tu lancest;tu lance;tu laances
29074;"Comment conjugue-t-on le verbe ""commander"" avec ""elle"" au présent ?";elle commande;elle commandes;elle command;elle coommande
29075;"Comment conjugue-t-on le verbe ""lancer"" avec ""elles"" au présent ?";elles lancent;elles lancents;elles lancen;elles laancent
29076;"Comment conjugue-t-on le verbe ""brancher"" avec ""nous"" au présent ?";nous branchons;nous branchonst;nous branchon;nous braanchons
29077;"Comment conjugue-t-on le verbe ""décorer"" avec ""nous"" au présent ?";nous décorons;nous décoronst;nous décoron;nous déécorons
29078;"Comment conjugue-t-on le verbe ""compter"" avec ""il"" au présent ?";il compte;il comptes;il compt;il coompte
29079;"Comment conjugue-t-on le verbe ""gratter"" avec ""elle"" au présent ?";elle gratte;elle grattes;elle gratt;elle graatte
29080;"Comment conjugue-t-on le verbe ""porter"" avec ""vous"" au présent ?";vous portez;vous portezs;vous porte;vous poortez
29081;"Comment conjugue-t-on le verbe ""dépenser"" avec ""nous"" au présent ?";nous dépensons;nous dépensonst;nous dépenson;nous déépensons
29082;"Comment conjugue-t-on le verbe ""couper"" avec ""ils"" au présent ?";ils coupent;ils coupents;ils coupen;ils cooupent
29083;"Comment conjugue-t-on le verbe ""présenter"" avec ""nous"" au présent ?";nous présentons;nous présentonst;nous présenton;nous préésentons
29084;"Comment conjugue-t-on le verbe ""fabriquer"" avec ""il"" au présent ?";il fabrique;il fabriques;il fabriqu;il faabrique
29085;"Comment conjugue-t-on le verbe ""pousser"" avec ""je"" au présent ?";je pousse;je pousses;je pouss;je poousse
29086;"Comment conjugue-t-on le verbe ""chanter"" avec ""nous"" au présent ?";nous chantons;nous chantonst;nous chanton;nous chaantons
29087;"Comment conjugue-t-on le verbe ""inventer"" avec ""vous"" au présent ?";vous inventez;vous inventezs;vous invente;vous inveentez
29088;"Comment conjugue-t-on le verbe ""gratter"" avec ""il"" au présent ?";il gratte;il grattes;il gratt;il graatte
29089;"Comment conjugue-t-on le verbe ""aligner"" avec ""ils"" au présent ?";ils alignent;ils alignents;ils alignen;ils aliignent
29090;"Comment conjugue-t-on le verbe ""gaspiller"" avec ""vous"" au présent ?";vous gaspillez;vous gaspillezs;vous gaspille;vous gaaspillez
29091;"Comment conjugue-t-on le verbe ""commander"" avec ""ils"" au présent ?";ils commandent;ils commandents;ils commanden;ils coommandent
29092;"Comment conjugue-t-on le verbe ""frotter"" avec ""nous"" au présent ?";nous frottons;nous frottonst;nous frotton;nous froottons
29093;"Comment conjugue-t-on le verbe ""souffler"" avec ""je"" au présent ?";je souffle;je souffles;je souffl;je soouffle
29094;"Comment conjugue-t-on le verbe ""gonfler"" avec ""elle"" au présent ?";elle gonfle;elle gonfles;elle gonfl;elle goonfle
29095;"Comment conjugue-t-on le verbe ""mesurer"" avec ""ils"" au présent ?";ils mesurent;ils mesurents;ils mesuren;ils meesurent
29096;"Comment conjugue-t-on le verbe ""trier"" avec ""tu"" au présent ?";tu tries;tu triest;tu trie;tu triies
29097;"Comment conjugue-t-on le verbe ""plier"" avec ""je"" au présent ?";je plie;je plies;je pli;je pliie
29098;"Comment conjugue-t-on le verbe ""présenter"" avec ""elle"" au présent ?";elle présente;elle présentes;elle présent;elle préésente
29099;"Comment conjugue-t-on le verbe ""lancer"" avec ""je"" au présent ?";je lance;je lances;je lanc;je laance
29100;"Comment conjugue-t-on le verbe ""poser"" avec ""ils"" au présent ?";ils posent;ils posents;ils posen;ils poosent
29101;"Comment conjugue-t-on le verbe ""griller"" avec ""il"" au présent ?";il grille;il grilles;il grill;il griille
29102;"Comment conjugue-t-on le verbe ""évaluer"" avec ""vous"" au présent ?";vous évaluez;vous évaluezs;vous évalue;vous évaaluez
29103;"Comment conjugue-t-on le verbe ""attacher"" avec ""ils"" au présent ?";ils attachent;ils attachents;ils attachen;ils attaachent
29104;"Comment conjugue-t-on le verbe ""emporter"" avec ""il"" au présent ?";il emporte;il emportes;il emport;il empoorte
29105;"Comment conjugue-t-on le verbe ""échouer"" avec ""elle"" au présent ?";elle échoue;elle échoues;elle échou;elle échooue
29106;"Comment conjugue-t-on le verbe ""frapper"" avec ""nous"" au présent ?";nous frappons;nous frapponst;nous frappon;nous fraappons
29107;"Comment conjugue-t-on le verbe ""emprunter"" avec ""tu"" au présent ?";tu empruntes;tu empruntest;tu emprunte;tu empruuntes
29108;"Comment conjugue-t-on le verbe ""brancher"" avec ""il"" au présent ?";il branche;il branches;il branch;il braanche
29109;"Comment conjugue-t-on le verbe ""habiter"" avec ""il"" au présent ?";il habite;il habites;il habit;il haabite
29110;"Comment conjugue-t-on le verbe ""trier"" avec ""il"" au présent ?";il trie;il tries;il tri;il triie
29111;"Comment conjugue-t-on le verbe ""ramasser"" avec ""je"" au présent ?";je ramasse;je ramasses;je ramass;je raamasse
29112;"Comment conjugue-t-on le verbe ""aider"" avec ""nous"" au présent ?";nous aidons;nous aidonst;nous aidon;nous aiidons
29113;"Comment conjugue-t-on le verbe ""déposer"" avec ""tu"" au présent ?";tu déposes;tu déposest;tu dépose;tu dééposes
29114;"Comment conjugue-t-on le verbe ""inventer"" avec ""il"" au présent ?";il invente;il inventes;il invent;il inveente
29115;"Comment conjugue-t-on le verbe ""danser"" avec ""il"" au présent ?";il danse;il danses;il dans;il daanse
29116;"Comment conjugue-t-on le verbe ""nager"" avec ""elles"" au présent ?";elles nagent;elles nagents;elles nagen;elles naagent
29117;"Comment conjugue-t-on le verbe ""fabriquer"" avec ""elle"" au présent ?";elle fabrique;elle fabriques;elle fabriqu;elle faabrique
29118;"Comment conjugue-t-on le verbe ""gaspiller"" avec ""elles"" au présent ?";elles gaspillent;elles gaspillents;elles gaspillen;elles gaaspillent
29119;"Comment conjugue-t-on le verbe ""souffler"" avec ""elles"" au présent ?";elles soufflent;elles soufflents;elles soufflen;elles sooufflent
29120;"Comment conjugue-t-on le verbe ""fabriquer"" avec ""tu"" au présent ?";tu fabriques;tu fabriquest;tu fabrique;tu faabriques
29121;"Comment conjugue-t-on le verbe ""économiser"" avec ""elles"" au présent ?";elles économisent;elles économisents;elles économisen;elles écoonomisent
29122;"Comment conjugue-t-on le verbe ""refuser"" avec ""nous"" au présent ?";nous refusons;nous refusonst;nous refuson;nous reefusons
29123;"Comment conjugue-t-on le verbe ""refuser"" avec ""elles"" au présent ?";elles refusent;elles refusents;elles refusen;elles reefusent
29124;"Comment conjugue-t-on le verbe ""empiler"" avec ""ils"" au présent ?";ils empilent;ils empilents;ils empilen;ils empiilent
29125;"Comment conjugue-t-on le verbe ""trier"" avec ""elles"" au présent ?";elles trient;elles trients;elles trien;elles triient
29126;"Comment conjugue-t-on le verbe ""passer"" avec ""je"" au présent ?";je passe;je passes;je pass;je paasse
29127;"Comment conjugue-t-on le verbe ""plonger"" avec ""vous"" au présent ?";vous plongez;vous plongezs;vous plonge;vous ploongez
29128;"Comment conjugue-t-on le verbe ""aider"" avec ""tu"" au présent ?";tu aides;tu aidest;tu aide;tu aiides
29129;"Comment conjugue-t-on le verbe ""gagner"" avec ""elles"" au présent ?";elles gagnent;elles gagnents;elles gagnen;elles gaagnent
29130;"Comment conjugue-t-on le verbe ""classer"" avec ""tu"" au présent ?";tu classes;tu classest;tu classe;tu claasses
29131;"Comment conjugue-t-on le verbe ""glisser"" avec ""il"" au présent ?";il glisse;il glisses;il gliss;il gliisse
29132;"Comment conjugue-t-on le verbe ""laver"" avec ""tu"" au présent ?";tu laves;tu lavest;tu lave;tu laaves
29133;"Comment conjugue-t-on le verbe ""arroser"" avec ""nous"" au présent ?";nous arrosons;nous arrosonst;nous arroson;nous arroosons
29134;"Comment conjugue-t-on le verbe ""claquer"" avec ""je"" au présent ?";je claque;je claques;je claqu;je claaque
29135;"Comment conjugue-t-on le verbe ""déposer"" avec ""elles"" au présent ?";elles déposent;elles déposents;elles déposen;elles dééposent
29136;"Comment conjugue-t-on le verbe ""compter"" avec ""nous"" au présent ?";nous comptons;nous comptonst;nous compton;nous coomptons
29137;"Comment conjugue-t-on le verbe ""livrer"" avec ""ils"" au présent ?";ils livrent;ils livrents;ils livren;ils liivrent
29138;"Comment conjugue-t-on le verbe ""détacher"" avec ""il"" au présent ?";il détache;il détaches;il détach;il déétache
29139;"Comment conjugue-t-on le verbe ""gonfler"" avec ""vous"" au présent ?";vous gonflez;vous gonflezs;vous gonfle;vous goonflez
29140;"Comment conjugue-t-on le verbe ""évaluer"" avec ""elle"" au présent ?";elle évalue;elle évalues;elle évalu;elle évaalue
29141;"Comment conjugue-t-on le verbe ""accepter"" avec ""il"" au présent ?";il accepte;il acceptes;il accept;il acceepte
29142;"Comment conjugue-t-on le verbe ""gaspiller"" avec ""elle"" au présent ?";elle gaspille;elle gaspilles;elle gaspill;elle gaaspille
29143;"Comment conjugue-t-on le verbe ""serrer"" avec ""vous"" au présent ?";vous serrez;vous serrezs;vous serre;vous seerrez
29144;"Comment conjugue-t-on le verbe ""ramasser"" avec ""nous"" au présent ?";nous ramassons;nous ramassonst;nous ramasson;nous raamassons
29145;"Comment conjugue-t-on le verbe ""trier"" avec ""je"" au présent ?";je trie;je tries;je tri;je triie
29146;"Comment conjugue-t-on le verbe ""trouver"" avec ""nous"" au présent ?";nous trouvons;nous trouvonst;nous trouvon;nous troouvons
29147;"Comment conjugue-t-on le verbe ""économiser"" avec ""elle"" au présent ?";elle économise;elle économises;elle économis;elle écoonomise
29148;"Comment conjugue-t-on le verbe ""planifier"" avec ""elles"" au présent ?";elles planifient;elles planifients;elles planifien;elles plaanifient
29149;"Comment conjugue-t-on le verbe ""essuyer"" avec ""il"" au présent ?";il essuye;il essuyes;il essuy;il essuuye
29150;"Comment conjugue-t-on le verbe ""raconter"" avec ""nous"" au présent ?";nous racontons;nous racontonst;nous raconton;nous raacontons
29151;"Comment conjugue-t-on le verbe ""skier"" avec ""je"" au présent ?";je skie;je skies;je ski;je skiie
29152;"Comment conjugue-t-on le verbe ""essuyer"" avec ""elles"" au présent ?";elles essuyent;elles essuyents;elles essuyen;elles essuuyent
29153;"Comment conjugue-t-on le verbe ""balayer"" avec ""elle"" au présent ?";elle balaye;elle balayes;elle balay;elle baalaye
29154;"Comment conjugue-t-on le verbe ""autoriser"" avec ""je"" au présent ?";j'autorise;j'autorises;j'autoris;j'auutorise
29155;"Comment conjugue-t-on le verbe ""plier"" avec ""elle"" au présent ?";elle plie;elle plies;elle pli;elle pliie
29156;"Comment conjugue-t-on le verbe ""sonner"" avec ""elles"" au présent ?";elles sonnent;elles sonnents;elles sonnen;elles soonnent
29157;"Comment conjugue-t-on le verbe ""porter"" avec ""ils"" au présent ?";ils portent;ils portents;ils porten;ils poortent
29158;"Comment conjugue-t-on le verbe ""tester"" avec ""vous"" au présent ?";vous testez;vous testezs;vous teste;vous teestez
29159;"Comment conjugue-t-on le verbe ""tirer"" avec ""il"" au présent ?";il tire;il tires;il tir;il tiire
29160;"Comment conjugue-t-on le verbe ""inventer"" avec ""elles"" au présent ?";elles inventent;elles inventents;elles inventen;elles inveentent
29161;"Comment conjugue-t-on le verbe ""poser"" avec ""elles"" au présent ?";elles posent;elles posents;elles posen;elles poosent
29162;"Comment conjugue-t-on le verbe ""garder"" avec ""je"" au présent ?";je garde;je gardes;je gard;je gaarde
29163;"Comment conjugue-t-on le verbe ""danser"" avec ""elles"" au présent ?";elles dansent;elles dansents;elles dansen;elles daansent
29164;"Comment conjugue-t-on le verbe ""fermer"" avec ""elles"" au présent ?";elles ferment;elles ferments;elles fermen;elles feerment
29165;"Comment conjugue-t-on le verbe ""jardiner"" avec ""tu"" au présent ?";tu jardines;tu jardinest;tu jardine;tu jaardines
29166;"Comment conjugue-t-on le verbe ""rentrer"" avec ""il"" au présent ?";il rentre;il rentres;il rentr;il reentre
29167;"Comment conjugue-t-on le verbe ""colorier"" avec ""elles"" au présent ?";elles colorient;elles colorients;elles colorien;elles coolorient
29168;"Comment conjugue-t-on le verbe ""monter"" avec ""tu"" au présent ?";tu montes;tu montest;tu monte;tu moontes
29169;"Comment conjugue-t-on le verbe ""arroser"" avec ""elle"" au présent ?";elle arrose;elle arroses;elle arros;elle arroose
29170;"Comment conjugue-t-on le verbe ""glisser"" avec ""ils"" au présent ?";ils glissent;ils glissents;ils glissen;ils gliissent
29171;"Comment conjugue-t-on le verbe ""visiter"" avec ""elles"" au présent ?";elles visitent;elles visitents;elles visiten;elles viisitent
29172;"Comment conjugue-t-on le verbe ""visiter"" avec ""nous"" au présent ?";nous visitons;nous visitonst;nous visiton;nous viisitons
29173;"Comment conjugue-t-on le verbe ""garder"" avec ""vous"" au présent ?";vous gardez;vous gardezs;vous garde;vous gaardez
29174;"Comment conjugue-t-on le verbe ""décorer"" avec ""vous"" au présent ?";vous décorez;vous décorezs;vous décore;vous déécorez
29175;"Comment conjugue-t-on le verbe ""chercher"" avec ""je"" au présent ?";je cherche;je cherches;je cherch;je cheerche
29176;"Comment conjugue-t-on le verbe ""frotter"" avec ""il"" au présent ?";il frotte;il frottes;il frott;il frootte
29177;"Comment conjugue-t-on le verbe ""brancher"" avec ""elle"" au présent ?";elle branche;elle branches;elle branch;elle braanche
29178;"Comment conjugue-t-on le verbe ""jouer"" avec ""je"" au présent ?";je joue;je joues;je jou;je jooue
29179;"Comment conjugue-t-on le verbe ""rentrer"" avec ""tu"" au présent ?";tu rentres;tu rentrest;tu rentre;tu reentres
29180;"Comment conjugue-t-on le verbe ""autoriser"" avec ""vous"" au présent ?";vous autorisez;vous autorisezs;vous autorise;vous auutorisez
29181;"Comment conjugue-t-on le verbe ""colorier"" avec ""elle"" au présent ?";elle colorie;elle colories;elle colori;elle coolorie
29182;"Comment conjugue-t-on le verbe ""imaginer"" avec ""tu"" au présent ?";tu imagines;tu imaginest;tu imagine;tu imaagines
29183;"Comment conjugue-t-on le verbe ""porter"" avec ""il"" au présent ?";il porte;il portes;il port;il poorte
29184;"Comment conjugue-t-on le verbe ""camper"" avec ""nous"" au présent ?";nous campons;nous camponst;nous campon;nous caampons
29185;"Comment conjugue-t-on le verbe ""laisser"" avec ""ils"" au présent ?";ils laissent;ils laissents;ils laissen;ils laaissent
29186;"Comment conjugue-t-on le verbe ""raconter"" avec ""elles"" au présent ?";elles racontent;elles racontents;elles raconten;elles raacontent
29187;"Comment conjugue-t-on le verbe ""griller"" avec ""elle"" au présent ?";elle grille;elle grilles;elle grill;elle griille
29188;"Comment conjugue-t-on le verbe ""créer"" avec ""ils"" au présent ?";ils créent;ils créents;ils créen;ils crééent
29189;"Comment conjugue-t-on le verbe ""ranger"" avec ""nous"" au présent ?";nous rangeons;nous rangeonst;nous rangeon;nous raangeons
29190;"Comment conjugue-t-on le verbe ""griller"" avec ""vous"" au présent ?";vous grillez;vous grillezs;vous grille;vous griillez
29191;"Comment conjugue-t-on le verbe ""déposer"" avec ""elle"" au présent ?";elle dépose;elle déposes;elle dépos;elle déépose
29192;"Comment conjugue-t-on le verbe ""donner"" avec ""elles"" au présent ?";elles donnent;elles donnents;elles donnen;elles doonnent
29193;"Comment conjugue-t-on le verbe ""plonger"" avec ""nous"" au présent ?";nous plongeons;nous plongeonst;nous plongeon;nous ploongeons
29194;"Comment conjugue-t-on le verbe ""fermer"" avec ""tu"" au présent ?";tu fermes;tu fermest;tu ferme;tu feermes
29195;"Comment conjugue-t-on le verbe ""jouer"" avec ""elle"" au présent ?";elle joue;elle joues;elle jou;elle jooue
29196;"Comment conjugue-t-on le verbe ""empiler"" avec ""nous"" au présent ?";nous empilons;nous empilonst;nous empilon;nous empiilons
29197;"Comment conjugue-t-on le verbe ""livrer"" avec ""je"" au présent ?";je livre;je livres;je livr;je liivre
29198;"Comment conjugue-t-on le verbe ""planter"" avec ""vous"" au présent ?";vous plantez;vous plantezs;vous plante;vous plaantez
29199;"Comment conjugue-t-on le verbe ""rentrer"" avec ""elles"" au présent ?";elles rentrent;elles rentrents;elles rentren;elles reentrent
29200;"Comment conjugue-t-on le verbe ""planter"" avec ""il"" au présent ?";il plante;il plantes;il plant;il plaante
29201;"Comment conjugue-t-on le verbe ""laver"" avec ""vous"" au présent ?";vous lavez;vous lavezs;vous lave;vous laavez
29202;"Comment conjugue-t-on le verbe ""essuyer"" avec ""ils"" au présent ?";ils essuyent;ils essuyents;ils essuyen;ils essuuyent
29203;"Comment conjugue-t-on le verbe ""tester"" avec ""elle"" au présent ?";elle teste;elle testes;elle test;elle teeste
29204;"Comment conjugue-t-on le verbe ""dépenser"" avec ""tu"" au présent ?";tu dépenses;tu dépensest;tu dépense;tu déépenses
29205;"Comment conjugue-t-on le verbe ""soulever"" avec ""elles"" au présent ?";elles soulèvent;elles soulèvents;elles soulèven;elles sooulèvent
29206;"Comment conjugue-t-on le verbe ""trouver"" avec ""elle"" au présent ?";elle trouve;elle trouves;elle trouv;elle troouve
29207;"Comment conjugue-t-on le verbe ""sauter"" avec ""il"" au présent ?";il saute;il sautes;il saut;il saaute
29208;"Comment conjugue-t-on le verbe ""déposer"" avec ""nous"" au présent ?";nous déposons;nous déposonst;nous déposon;nous dééposons
29209;"Comment conjugue-t-on le verbe ""imaginer"" avec ""vous"" au présent ?";vous imaginez;vous imaginezs;vous imagine;vous imaaginez
29210;"Comment conjugue-t-on le verbe ""échouer"" avec ""ils"" au présent ?";ils échouent;ils échouents;ils échouen;ils échoouent
29211;"Comment conjugue-t-on le verbe ""camper"" avec ""vous"" au présent ?";vous campez;vous campezs;vous campe;vous caampez
29212;"Comment conjugue-t-on le verbe ""frotter"" avec ""elles"" au présent ?";elles frottent;elles frottents;elles frotten;elles froottent
29213;"Comment conjugue-t-on le verbe ""trier"" avec ""vous"" au présent ?";vous triez;vous triezs;vous trie;vous triiez
29214;"Comment conjugue-t-on le verbe ""brancher"" avec ""elles"" au présent ?";elles branchent;elles branchents;elles branchen;elles braanchent
29215;"Comment conjugue-t-on le verbe ""gagner"" avec ""ils"" au présent ?";ils gagnent;ils gagnents;ils gagnen;ils gaagnent
29216;"Comment conjugue-t-on le verbe ""observer"" avec ""tu"" au présent ?";tu observes;tu observest;tu observe;tu obseerves
29217;"Comment conjugue-t-on le verbe ""mesurer"" avec ""elle"" au présent ?";elle mesure;elle mesures;elle mesur;elle meesure
29218;"Comment conjugue-t-on le verbe ""attacher"" avec ""elles"" au présent ?";elles attachent;elles attachents;elles attachen;elles attaachent
29219;"Comment conjugue-t-on le verbe ""gonfler"" avec ""je"" au présent ?";je gonfle;je gonfles;je gonfl;je goonfle
29220;"Comment conjugue-t-on le verbe ""poser"" avec ""elle"" au présent ?";elle pose;elle poses;elle pos;elle poose
29221;"Comment conjugue-t-on le verbe ""montrer"" avec ""nous"" au présent ?";nous montrons;nous montronst;nous montron;nous moontrons
29222;"Comment conjugue-t-on le verbe ""dessiner"" avec ""vous"" au présent ?";vous dessinez;vous dessinezs;vous dessine;vous deessinez
29223;"Comment conjugue-t-on le verbe ""tirer"" avec ""elles"" au présent ?";elles tirent;elles tirents;elles tiren;elles tiirent
29224;"Comment conjugue-t-on le verbe ""couper"" avec ""je"" au présent ?";je coupe;je coupes;je coup;je cooupe
29225;"Comment conjugue-t-on le verbe ""emporter"" avec ""ils"" au présent ?";ils emportent;ils emportents;ils emporten;ils empoortent
29226;"Comment conjugue-t-on le verbe ""gratter"" avec ""vous"" au présent ?";vous grattez;vous grattezs;vous gratte;vous graattez
29227;"Comment conjugue-t-on le verbe ""échouer"" avec ""il"" au présent ?";il échoue;il échoues;il échou;il échooue
29228;"Comment conjugue-t-on le verbe ""brancher"" avec ""ils"" au présent ?";ils branchent;ils branchents;ils branchen;ils braanchent
29229;"Comment conjugue-t-on le verbe ""laver"" avec ""nous"" au présent ?";nous lavons;nous lavonst;nous lavon;nous laavons
29230;"Comment conjugue-t-on le verbe ""allumer"" avec ""nous"" au présent ?";nous allumons;nous allumonst;nous allumon;nous alluumons
29231;"Comment conjugue-t-on le verbe ""corriger"" avec ""il"" au présent ?";il corrige;il corriges;il corrig;il coorrige
29232;"Comment conjugue-t-on le verbe ""accepter"" avec ""nous"" au présent ?";nous acceptons;nous acceptonst;nous accepton;nous acceeptons
29233;"Comment conjugue-t-on le verbe ""imaginer"" avec ""ils"" au présent ?";ils imaginent;ils imaginents;ils imaginen;ils imaaginent
29234;"Comment conjugue-t-on le verbe ""claquer"" avec ""nous"" au présent ?";nous claquons;nous claquonst;nous claquon;nous claaquons
29235;"Comment conjugue-t-on le verbe ""commander"" avec ""vous"" au présent ?";vous commandez;vous commandezs;vous commande;vous coommandez
29236;"Comment conjugue-t-on le verbe ""tourner"" avec ""vous"" au présent ?";vous tournez;vous tournezs;vous tourne;vous toournez
29237;"Comment conjugue-t-on le verbe ""partager"" avec ""tu"" au présent ?";tu partages;tu partagest;tu partage;tu paartages
29238;"Comment conjugue-t-on le verbe ""habiter"" avec ""tu"" au présent ?";tu habites;tu habitest;tu habite;tu haabites
29239;"Comment conjugue-t-on le verbe ""sonner"" avec ""tu"" au présent ?";tu sonnes;tu sonnest;tu sonne;tu soonnes
29240;"Comment conjugue-t-on le verbe ""tester"" avec ""tu"" au présent ?";tu testes;tu testest;tu teste;tu teestes
29241;"Comment conjugue-t-on le verbe ""décorer"" avec ""il"" au présent ?";il décore;il décores;il décor;il déécore
29242;"Comment conjugue-t-on le verbe ""passer"" avec ""elle"" au présent ?";elle passe;elle passes;elle pass;elle paasse
29243;"Comment conjugue-t-on le verbe ""planifier"" avec ""ils"" au présent ?";ils planifient;ils planifients;ils planifien;ils plaanifient
29244;"Comment conjugue-t-on le verbe ""colorier"" avec ""ils"" au présent ?";ils colorient;ils colorients;ils colorien;ils coolorient
29245;"Comment conjugue-t-on le verbe ""calculer"" avec ""nous"" au présent ?";nous calculons;nous calculonst;nous calculon;nous caalculons
29246;"Comment conjugue-t-on le verbe ""classer"" avec ""elle"" au présent ?";elle classe;elle classes;elle class;elle claasse
29247;"Comment conjugue-t-on le verbe ""créer"" avec ""vous"" au présent ?";vous créez;vous créezs;vous crée;vous crééez
29248;"Comment conjugue-t-on le verbe ""emporter"" avec ""vous"" au présent ?";vous emportez;vous emportezs;vous emporte;vous empoortez
29249;"Comment conjugue-t-on le verbe ""expliquer"" avec ""ils"" au présent ?";ils expliquent;ils expliquents;ils expliquen;ils expliiquent
29250;"Comment conjugue-t-on le verbe ""noter"" avec ""ils"" au présent ?";ils notent;ils notents;ils noten;ils nootent
29251;"Comment conjugue-t-on le verbe ""créer"" avec ""nous"" au présent ?";nous créons;nous créonst;nous créon;nous crééons
29252;"Comment conjugue-t-on le verbe ""tester"" avec ""elles"" au présent ?";elles testent;elles testents;elles testen;elles teestent
29253;"Comment conjugue-t-on le verbe ""sécher"" avec ""nous"" au présent ?";nous séchons;nous séchonst;nous séchon;nous sééchons
29254;"Comment conjugue-t-on le verbe ""soulever"" avec ""ils"" au présent ?";ils soulèvent;ils soulèvents;ils soulèven;ils sooulèvent
29255;"Comment conjugue-t-on le verbe ""voyager"" avec ""elles"" au présent ?";elles voyagent;elles voyagents;elles voyagen;elles vooyagent
29256;"Comment conjugue-t-on le verbe ""compter"" avec ""vous"" au présent ?";vous comptez;vous comptezs;vous compte;vous coomptez
29257;"Comment conjugue-t-on le verbe ""balayer"" avec ""tu"" au présent ?";tu balayes;tu balayest;tu balaye;tu baalayes
29258;"Comment conjugue-t-on le verbe ""brosser"" avec ""il"" au présent ?";il brosse;il brosses;il bross;il broosse
29259;"Comment conjugue-t-on le verbe ""monter"" avec ""je"" au présent ?";je monte;je montes;je mont;je moonte
29260;"Comment conjugue-t-on le verbe ""refuser"" avec ""tu"" au présent ?";tu refuses;tu refusest;tu refuse;tu reefuses
29261;"Comment conjugue-t-on le verbe ""corriger"" avec ""nous"" au présent ?";nous corrigeons;nous corrigeonst;nous corrigeon;nous coorrigeons
29262;"Comment conjugue-t-on le verbe ""apporter"" avec ""elle"" au présent ?";elle apporte;elle apportes;elle apport;elle appoorte
29263;"Comment conjugue-t-on le verbe ""laisser"" avec ""tu"" au présent ?";tu laisses;tu laissest;tu laisse;tu laaisses
29264;"Comment conjugue-t-on le verbe ""entrer"" avec ""elle"" au présent ?";elle entre;elle entres;elle entr;elle entree
29265;"Comment conjugue-t-on le verbe ""pêcher"" avec ""elle"" au présent ?";elle pêche;elle pêches;elle pêch;elle pêêche
29266;"Comment conjugue-t-on le verbe ""apporter"" avec ""vous"" au présent ?";vous apportez;vous apportezs;vous apporte;vous appoortez
29267;"Comment conjugue-t-on le verbe ""pêcher"" avec ""je"" au présent ?";je pêche;je pêches;je pêch;je pêêche
29268;"Comment conjugue-t-on le verbe ""cacher"" avec ""tu"" au présent ?";tu caches;tu cachest;tu cache;tu caaches
29269;"Comment conjugue-t-on le verbe ""aligner"" avec ""elles"" au présent ?";elles alignent;elles alignents;elles alignen;elles aliignent
29270;"Comment conjugue-t-on le verbe ""griller"" avec ""tu"" au présent ?";tu grilles;tu grillest;tu grille;tu griilles
29271;"Comment conjugue-t-on le verbe ""camper"" avec ""il"" au présent ?";il campe;il campes;il camp;il caampe
29272;"Comment conjugue-t-on le verbe ""organiser"" avec ""tu"" au présent ?";tu organises;tu organisest;tu organise;tu orgaanises
29273;"Comment conjugue-t-on le verbe ""claquer"" avec ""il"" au présent ?";il claque;il claques;il claqu;il claaque
29274;"Comment conjugue-t-on le verbe ""compter"" avec ""elle"" au présent ?";elle compte;elle comptes;elle compt;elle coompte
29275;"Comment conjugue-t-on le verbe ""dépenser"" avec ""elles"" au présent ?";elles dépensent;elles dépensents;elles dépensen;elles déépensent
29276;"Comment conjugue-t-on le verbe ""rentrer"" avec ""vous"" au présent ?";vous rentrez;vous rentrezs;vous rentre;vous reentrez
29277;"Comment conjugue-t-on le verbe ""évaluer"" avec ""il"" au présent ?";il évalue;il évalues;il évalu;il évaalue
29278;"Comment conjugue-t-on le verbe ""glisser"" avec ""elle"" au présent ?";elle glisse;elle glisses;elle gliss;elle gliisse
29279;"Comment conjugue-t-on le verbe ""tomber"" avec ""elles"" au présent ?";elles tombent;elles tombents;elles tomben;elles toombent
29280;"Comment conjugue-t-on le verbe ""cacher"" avec ""je"" au présent ?";je cache;je caches;je cach;je caache
29281;"Comment conjugue-t-on le verbe ""aligner"" avec ""nous"" au présent ?";nous alignons;nous alignonst;nous alignon;nous aliignons
29282;"Comment conjugue-t-on le verbe ""recommencer"" avec ""je"" au présent ?";je recommence;je recommences;je recommenc;je reecommence
29283;"Comment conjugue-t-on le verbe ""frapper"" avec ""il"" au présent ?";il frappe;il frappes;il frapp;il fraappe
29284;"Comment conjugue-t-on le verbe ""accepter"" avec ""tu"" au présent ?";tu acceptes;tu acceptest;tu accepte;tu acceeptes
29285;"Comment conjugue-t-on le verbe ""parler"" avec ""tu"" au présent ?";tu parles;tu parlest;tu parle;tu paarles
29286;"Comment conjugue-t-on le verbe ""autoriser"" avec ""elles"" au présent ?";elles autorisent;elles autorisents;elles autorisen;elles auutorisent
29287;"Comment conjugue-t-on le verbe ""raconter"" avec ""il"" au présent ?";il raconte;il racontes;il racont;il raaconte
29288;"Comment conjugue-t-on le verbe ""balayer"" avec ""elles"" au présent ?";elles balayent;elles balayents;elles balayen;elles baalayent
29289;"Comment conjugue-t-on le verbe ""noter"" avec ""elle"" au présent ?";elle note;elle notes;elle not;elle noote
29290;"Comment conjugue-t-on le verbe ""tomber"" avec ""elle"" au présent ?";elle tombe;elle tombes;elle tomb;elle toombe
29291;"Comment conjugue-t-on le verbe ""échouer"" avec ""tu"" au présent ?";tu échoues;tu échouest;tu échoue;tu échooues
29292;"Comment conjugue-t-on le verbe ""accepter"" avec ""je"" au présent ?";j'accepte;j'acceptes;j'accept;j'acceepte
29293;"Comment conjugue-t-on le verbe ""classer"" avec ""ils"" au présent ?";ils classent;ils classents;ils classen;ils claassent
29294;"Comment conjugue-t-on le verbe ""trouver"" avec ""elles"" au présent ?";elles trouvent;elles trouvents;elles trouven;elles troouvent
29295;"Comment conjugue-t-on le verbe ""livrer"" avec ""il"" au présent ?";il livre;il livres;il livr;il liivre
29296;"Comment conjugue-t-on le verbe ""sauter"" avec ""ils"" au présent ?";ils sautent;ils sautents;ils sauten;ils saautent
29297;"Comment conjugue-t-on le verbe ""classer"" avec ""vous"" au présent ?";vous classez;vous classezs;vous classe;vous claassez
29298;"Comment conjugue-t-on le verbe ""fermer"" avec ""nous"" au présent ?";nous fermons;nous fermonst;nous fermon;nous feermons
29299;"Comment conjugue-t-on le verbe ""transporter"" avec ""nous"" au présent ?";nous transportons;nous transportonst;nous transporton;nous traansportons
29300;"Comment conjugue-t-on le verbe ""plonger"" avec ""il"" au présent ?";il plonge;il plonges;il plong;il ploonge
29301;"Comment conjugue-t-on le verbe ""jardiner"" avec ""vous"" au présent ?";vous jardinez;vous jardinezs;vous jardine;vous jaardinez
29302;"Comment conjugue-t-on le verbe ""essuyer"" avec ""je"" au présent ?";j'essuye;j'essuyes;j'essuy;j'essuuye
29303;"Comment conjugue-t-on le verbe ""compter"" avec ""je"" au présent ?";je compte;je comptes;je compt;je coompte
29304;"Comment conjugue-t-on le verbe ""donner"" avec ""tu"" au présent ?";tu donnes;tu donnest;tu donne;tu doonnes
29305;"Comment conjugue-t-on le verbe ""détacher"" avec ""tu"" au présent ?";tu détaches;tu détachest;tu détache;tu déétaches
29306;"Comment conjugue-t-on le verbe ""planifier"" avec ""tu"" au présent ?";tu planifies;tu planifiest;tu planifie;tu plaanifies
29307;"Comment conjugue-t-on le verbe ""laisser"" avec ""elles"" au présent ?";elles laissent;elles laissents;elles laissen;elles laaissent
29308;"Comment conjugue-t-on le verbe ""serrer"" avec ""nous"" au présent ?";nous serrons;nous serronst;nous serron;nous seerrons
29309;"Comment conjugue-t-on le verbe ""balayer"" avec ""nous"" au présent ?";nous balayons;nous balayonst;nous balayon;nous baalayons
29310;"Comment conjugue-t-on le verbe ""noter"" avec ""il"" au présent ?";il note;il notes;il not;il noote
29311;"Comment conjugue-t-on le verbe ""tourner"" avec ""tu"" au présent ?";tu tournes;tu tournest;tu tourne;tu toournes
29312;"Comment conjugue-t-on le verbe ""frapper"" avec ""ils"" au présent ?";ils frappent;ils frappents;ils frappen;ils fraappent
29313;"Comment conjugue-t-on le verbe ""autoriser"" avec ""il"" au présent ?";il autorise;il autorises;il autoris;il auutorise
29314;"Comment conjugue-t-on le verbe ""organiser"" avec ""nous"" au présent ?";nous organisons;nous organisonst;nous organison;nous orgaanisons
29315;"Comment conjugue-t-on le verbe ""calculer"" avec ""il"" au présent ?";il calcule;il calcules;il calcul;il caalcule
29316;"Comment conjugue-t-on le verbe ""déposer"" avec ""vous"" au présent ?";vous déposez;vous déposezs;vous dépose;vous dééposez
29317;"Comment conjugue-t-on le verbe ""expliquer"" avec ""il"" au présent ?";il explique;il expliques;il expliqu;il expliique
29318;"Comment conjugue-t-on le verbe ""apporter"" avec ""elles"" au présent ?";elles apportent;elles apportents;elles apporten;elles appoortent
29319;"Comment conjugue-t-on le verbe ""calculer"" avec ""ils"" au présent ?";ils calculent;ils calculents;ils calculen;ils caalculent
29320;"Comment conjugue-t-on le verbe ""aligner"" avec ""elle"" au présent ?";elle aligne;elle alignes;elle align;elle aliigne
29321;"Comment conjugue-t-on le verbe ""porter"" avec ""elle"" au présent ?";elle porte;elle portes;elle port;elle poorte
29322;"Comment conjugue-t-on le verbe ""expliquer"" avec ""vous"" au présent ?";vous expliquez;vous expliquezs;vous explique;vous expliiquez
29323;"Comment conjugue-t-on le verbe ""décider"" avec ""vous"" au présent ?";vous décidez;vous décidezs;vous décide;vous déécidez
29324;"Comment conjugue-t-on le verbe ""plier"" avec ""ils"" au présent ?";ils plient;ils plients;ils plien;ils pliient
29325;"Comment conjugue-t-on le verbe ""habiter"" avec ""je"" au présent ?";j'habite;j'habites;j'habit;j'haabite
29326;"Comment conjugue-t-on le verbe ""souffler"" avec ""vous"" au présent ?";vous soufflez;vous soufflezs;vous souffle;vous sooufflez
29327;"Comment conjugue-t-on le verbe ""préparer"" avec ""il"" au présent ?";il prépare;il prépares;il prépar;il préépare
29328;"Comment conjugue-t-on le verbe ""décider"" avec ""nous"" au présent ?";nous décidons;nous décidonst;nous décidon;nous déécidons
29329;"Comment conjugue-t-on le verbe ""autoriser"" avec ""nous"" au présent ?";nous autorisons;nous autorisonst;nous autorison;nous auutorisons
29330;"Comment conjugue-t-on le verbe ""ramasser"" avec ""ils"" au présent ?";ils ramassent;ils ramassents;ils ramassen;ils raamassent
29331;"Comment conjugue-t-on le verbe ""empiler"" avec ""tu"" au présent ?";tu empiles;tu empilest;tu empile;tu empiiles
29332;"Comment conjugue-t-on le verbe ""ranger"" avec ""ils"" au présent ?";ils rangent;ils rangents;ils rangen;ils raangent
29333;"Comment conjugue-t-on le verbe ""refuser"" avec ""il"" au présent ?";il refuse;il refuses;il refus;il reefuse
29334;"Comment conjugue-t-on le verbe ""rentrer"" avec ""je"" au présent ?";je rentre;je rentres;je rentr;je reentre
29335;"Comment conjugue-t-on le verbe ""bricoler"" avec ""nous"" au présent ?";nous bricolons;nous bricolonst;nous bricolon;nous briicolons
29336;"Comment conjugue-t-on le verbe ""skier"" avec ""nous"" au présent ?";nous skions;nous skionst;nous skion;nous skiions
29337;"Comment conjugue-t-on le verbe ""allumer"" avec ""ils"" au présent ?";ils allument;ils alluments;ils allumen;ils alluument
29338;"Comment conjugue-t-on le verbe ""planifier"" avec ""elle"" au présent ?";elle planifie;elle planifies;elle planifi;elle plaanifie
29339;"Comment conjugue-t-on le verbe ""fabriquer"" avec ""je"" au présent ?";je fabrique;je fabriques;je fabriqu;je faabrique
29340;"Comment conjugue-t-on le verbe ""cacher"" avec ""ils"" au présent ?";ils cachent;ils cachents;ils cachen;ils caachent
29341;"Comment conjugue-t-on le verbe ""donner"" avec ""vous"" au présent ?";vous donnez;vous donnezs;vous donne;vous doonnez
29342;"Comment conjugue-t-on le verbe ""échouer"" avec ""je"" au présent ?";j'échoue;j'échoues;j'échou;j'échooue
29343;"Comment conjugue-t-on le verbe ""siffler"" avec ""tu"" au présent ?";tu siffles;tu sifflest;tu siffle;tu siiffles
29344;"Comment conjugue-t-on le verbe ""empiler"" avec ""elles"" au présent ?";elles empilent;elles empilents;elles empilen;elles empiilent
29345;"Comment conjugue-t-on le verbe ""tomber"" avec ""vous"" au présent ?";vous tombez;vous tombezs;vous tombe;vous toombez
29346;"Comment conjugue-t-on le verbe ""trouver"" avec ""vous"" au présent ?";vous trouvez;vous trouvezs;vous trouve;vous troouvez
29347;"Comment conjugue-t-on le verbe ""serrer"" avec ""elles"" au présent ?";elles serrent;elles serrents;elles serren;elles seerrent
29348;"Comment conjugue-t-on le verbe ""patiner"" avec ""nous"" au présent ?";nous patinons;nous patinonst;nous patinon;nous paatinons
29349;"Comment conjugue-t-on le verbe ""aimer"" avec ""elle"" au présent ?";elle aime;elle aimes;elle aim;elle aiime
29350;"Comment conjugue-t-on le verbe ""écouter"" avec ""elle"" au présent ?";elle écoute;elle écoutes;elle écout;elle écooute
29351;"Comment conjugue-t-on le verbe ""rester"" avec ""il"" au présent ?";il reste;il restes;il rest;il reeste
29352;"Comment conjugue-t-on le verbe ""visiter"" avec ""ils"" au présent ?";ils visitent;ils visitents;ils visiten;ils viisitent
29353;"Comment conjugue-t-on le verbe ""aligner"" avec ""il"" au présent ?";il aligne;il alignes;il align;il aliigne
29354;"Comment conjugue-t-on le verbe ""parler"" avec ""il"" au présent ?";il parle;il parles;il parl;il paarle
29355;"Comment conjugue-t-on le verbe ""danser"" avec ""elle"" au présent ?";elle danse;elle danses;elle dans;elle daanse
29356;"Comment conjugue-t-on le verbe ""préparer"" avec ""elles"" au présent ?";elles préparent;elles préparents;elles préparen;elles prééparent
29357;"Comment conjugue-t-on le verbe ""glisser"" avec ""elles"" au présent ?";elles glissent;elles glissents;elles glissen;elles gliissent
29358;"Comment conjugue-t-on le verbe ""aligner"" avec ""tu"" au présent ?";tu alignes;tu alignest;tu aligne;tu aliignes
29359;"Comment conjugue-t-on le verbe ""camper"" avec ""ils"" au présent ?";ils campent;ils campents;ils campen;ils caampent
29360;"Comment conjugue-t-on le verbe ""parler"" avec ""vous"" au présent ?";vous parlez;vous parlezs;vous parle;vous paarlez
29361;"Comment conjugue-t-on le verbe ""apporter"" avec ""il"" au présent ?";il apporte;il apportes;il apport;il appoorte
29362;"Comment conjugue-t-on le verbe ""écouter"" avec ""elles"" au présent ?";elles écoutent;elles écoutents;elles écouten;elles écooutent
29363;"Comment conjugue-t-on le verbe ""lancer"" avec ""il"" au présent ?";il lance;il lances;il lanc;il laance
29364;"Comment conjugue-t-on le verbe ""lancer"" avec ""elle"" au présent ?";elle lance;elle lances;elle lanc;elle laance
29365;"Comment conjugue-t-on le verbe ""transporter"" avec ""ils"" au présent ?";ils transportent;ils transportents;ils transporten;ils traansportent
29366;"Comment conjugue-t-on le verbe ""écouter"" avec ""tu"" au présent ?";tu écoutes;tu écoutest;tu écoute;tu écooutes
29367;"Comment conjugue-t-on le verbe ""évaluer"" avec ""je"" au présent ?";j'évalue;j'évalues;j'évalu;j'évaalue
29368;"Comment conjugue-t-on le verbe ""gonfler"" avec ""ils"" au présent ?";ils gonflent;ils gonflents;ils gonflen;ils goonflent
29369;"Comment conjugue-t-on le verbe ""tomber"" avec ""nous"" au présent ?";nous tombons;nous tombonst;nous tombon;nous toombons
29370;"Comment conjugue-t-on le verbe ""cacher"" avec ""elle"" au présent ?";elle cache;elle caches;elle cach;elle caache
29371;"Comment conjugue-t-on le verbe ""pousser"" avec ""il"" au présent ?";il pousse;il pousses;il pouss;il poousse
29372;"Comment conjugue-t-on le verbe ""imaginer"" avec ""nous"" au présent ?";nous imaginons;nous imaginonst;nous imaginon;nous imaaginons
29373;"Comment conjugue-t-on le verbe ""danser"" avec ""vous"" au présent ?";vous dansez;vous dansezs;vous danse;vous daansez
29374;"Comment conjugue-t-on le verbe ""plonger"" avec ""je"" au présent ?";je plonge;je plonges;je plong;je ploonge
29375;"Comment conjugue-t-on le verbe ""commander"" avec ""il"" au présent ?";il commande;il commandes;il command;il coommande
29376;"Comment conjugue-t-on le verbe ""partager"" avec ""nous"" au présent ?";nous partageons;nous partageonst;nous partageon;nous paartageons
29377;"Comment conjugue-t-on le verbe ""parler"" avec ""je"" au présent ?";je parle;je parles;je parl;je paarle
29378;"Comment conjugue-t-on le verbe ""trouver"" avec ""tu"" au présent ?";tu trouves;tu trouvest;tu trouve;tu troouves
29379;"Comment conjugue-t-on le verbe ""présenter"" avec ""elles"" au présent ?";elles présentent;elles présentents;elles présenten;elles préésentent
29380;"Comment conjugue-t-on le verbe ""plonger"" avec ""ils"" au présent ?";ils plongent;ils plongents;ils plongen;ils ploongent
29381;"Comment conjugue-t-on le verbe ""visiter"" avec ""tu"" au présent ?";tu visites;tu visitest;tu visite;tu viisites
29382;"Comment conjugue-t-on le verbe ""couper"" avec ""elles"" au présent ?";elles coupent;elles coupents;elles coupen;elles cooupent
29383;"Comment conjugue-t-on le verbe ""porter"" avec ""tu"" au présent ?";tu portes;tu portest;tu porte;tu poortes
29384;"Comment conjugue-t-on le verbe ""frapper"" avec ""vous"" au présent ?";vous frappez;vous frappezs;vous frappe;vous fraappez
29385;"Comment conjugue-t-on le verbe ""emprunter"" avec ""je"" au présent ?";j'emprunte;j'empruntes;j'emprunt;j'empruunte
29386;"Comment conjugue-t-on le verbe ""noter"" avec ""tu"" au présent ?";tu notes;tu notest;tu note;tu nootes
29387;"Comment conjugue-t-on le verbe ""montrer"" avec ""il"" au présent ?";il montre;il montres;il montr;il moontre
29388;"Comment conjugue-t-on le verbe ""débrancher"" avec ""nous"" au présent ?";nous débranchons;nous débranchonst;nous débranchon;nous déébranchons
29389;"Comment conjugue-t-on le verbe ""garder"" avec ""elles"" au présent ?";elles gardent;elles gardents;elles garden;elles gaardent
29390;"Comment conjugue-t-on le verbe ""corriger"" avec ""vous"" au présent ?";vous corrigez;vous corrigezs;vous corrige;vous coorrigez
29391;"Comment conjugue-t-on le verbe ""entrer"" avec ""tu"" au présent ?";tu entres;tu entrest;tu entre;tu entrees
29392;"Comment conjugue-t-on le verbe ""couper"" avec ""elle"" au présent ?";elle coupe;elle coupes;elle coup;elle cooupe
29393;"Comment conjugue-t-on le verbe ""chanter"" avec ""ils"" au présent ?";ils chantent;ils chantents;ils chanten;ils chaantent
29394;"Comment conjugue-t-on le verbe ""laver"" avec ""ils"" au présent ?";ils lavent;ils lavents;ils laven;ils laavent
29395;"Comment conjugue-t-on le verbe ""décorer"" avec ""ils"" au présent ?";ils décorent;ils décorents;ils décoren;ils déécorent
29396;"Comment conjugue-t-on le verbe ""présenter"" avec ""tu"" au présent ?";tu présentes;tu présentest;tu présente;tu préésentes
29397;"Comment conjugue-t-on le verbe ""ranger"" avec ""je"" au présent ?";je range;je ranges;je rang;je raange
29398;"Comment conjugue-t-on le verbe ""recommencer"" avec ""ils"" au présent ?";ils recommencent;ils recommencents;ils recommencen;ils reecommencent
29399;"Comment conjugue-t-on le verbe ""bricoler"" avec ""ils"" au présent ?";ils bricolent;ils bricolents;ils bricolen;ils briicolent
29400;"Comment conjugue-t-on le verbe ""colorier"" avec ""nous"" au présent ?";nous colorions;nous colorionst;nous colorion;nous coolorions
29401;"Comment conjugue-t-on le verbe ""détacher"" avec ""ils"" au présent ?";ils détachent;ils détachents;ils détachen;ils déétachent
29402;"Comment conjugue-t-on le verbe ""emprunter"" avec ""nous"" au présent ?";nous empruntons;nous empruntonst;nous emprunton;nous empruuntons
29403;"Comment conjugue-t-on le verbe ""préparer"" avec ""tu"" au présent ?";tu prépares;tu préparest;tu prépare;tu préépares
29404;"Comment conjugue-t-on le verbe ""économiser"" avec ""ils"" au présent ?";ils économisent;ils économisents;ils économisen;ils écoonomisent
29405;"Comment conjugue-t-on le verbe ""détacher"" avec ""elles"" au présent ?";elles détachent;elles détachents;elles détachen;elles déétachent
29406;"Comment conjugue-t-on le verbe ""dessiner"" avec ""tu"" au présent ?";tu dessines;tu dessinest;tu dessine;tu deessines
29407;"Comment conjugue-t-on le verbe ""ranger"" avec ""il"" au présent ?";il range;il ranges;il rang;il raange
29408;"Comment conjugue-t-on le verbe ""regarder"" avec ""vous"" au présent ?";vous regardez;vous regardezs;vous regarde;vous reegardez
29409;"Comment conjugue-t-on le verbe ""voyager"" avec ""ils"" au présent ?";ils voyagent;ils voyagents;ils voyagen;ils vooyagent
29410;"Comment conjugue-t-on le verbe ""expliquer"" avec ""elles"" au présent ?";elles expliquent;elles expliquents;elles expliquen;elles expliiquent
29411;"Comment conjugue-t-on le verbe ""regarder"" avec ""il"" au présent ?";il regarde;il regardes;il regard;il reegarde
29412;"Comment conjugue-t-on le verbe ""planifier"" avec ""je"" au présent ?";je planifie;je planifies;je planifi;je plaanifie
29413;"Comment conjugue-t-on le verbe ""recommencer"" avec ""tu"" au présent ?";tu recommences;tu recommencest;tu recommence;tu reecommences
29414;"Comment conjugue-t-on le verbe ""voyager"" avec ""vous"" au présent ?";vous voyagez;vous voyagezs;vous voyage;vous vooyagez
29415;"Comment conjugue-t-on le verbe ""fabriquer"" avec ""nous"" au présent ?";nous fabriquons;nous fabriquonst;nous fabriquon;nous faabriquons
29416;"Comment conjugue-t-on le verbe ""décider"" avec ""je"" au présent ?";je décide;je décides;je décid;je déécide
29417;"Comment conjugue-t-on le verbe ""brosser"" avec ""nous"" au présent ?";nous brossons;nous brossonst;nous brosson;nous broossons
29418;"Comment conjugue-t-on le verbe ""planter"" avec ""je"" au présent ?";je plante;je plantes;je plant;je plaante
29419;"Comment conjugue-t-on le verbe ""cacher"" avec ""nous"" au présent ?";nous cachons;nous cachonst;nous cachon;nous caachons
29420;"Comment conjugue-t-on le verbe ""aider"" avec ""je"" au présent ?";j'aide;j'aides;j'aid;j'aiide
29421;"Comment conjugue-t-on le verbe ""fermer"" avec ""vous"" au présent ?";vous fermez;vous fermezs;vous ferme;vous feermez
29422;"Comment conjugue-t-on le verbe ""jardiner"" avec ""elles"" au présent ?";elles jardinent;elles jardinents;elles jardinen;elles jaardinent
29423;"Comment conjugue-t-on le verbe ""frotter"" avec ""vous"" au présent ?";vous frottez;vous frottezs;vous frotte;vous froottez
29424;"Comment conjugue-t-on le verbe ""pêcher"" avec ""vous"" au présent ?";vous pêchez;vous pêchezs;vous pêche;vous pêêchez
29425;"Comment conjugue-t-on le verbe ""débrancher"" avec ""vous"" au présent ?";vous débranchez;vous débranchezs;vous débranche;vous déébranchez
29426;"Comment conjugue-t-on le verbe ""skier"" avec ""il"" au présent ?";il skie;il skies;il ski;il skiie
29427;"Comment conjugue-t-on le verbe ""dessiner"" avec ""elles"" au présent ?";elles dessinent;elles dessinents;elles dessinen;elles deessinent
29428;"Comment conjugue-t-on le verbe ""apporter"" avec ""tu"" au présent ?";tu apportes;tu apportest;tu apporte;tu appoortes
29429;"Comment conjugue-t-on le verbe ""donner"" avec ""elle"" au présent ?";elle donne;elle donnes;elle donn;elle doonne
29430;"Comment conjugue-t-on le verbe ""soulever"" avec ""vous"" au présent ?";vous soulevez;vous soulevezs;vous souleve;vous sooulevez
29431;"Comment conjugue-t-on le verbe ""laisser"" avec ""nous"" au présent ?";nous laissons;nous laissonst;nous laisson;nous laaissons
29432;"Comment conjugue-t-on le verbe ""visiter"" avec ""il"" au présent ?";il visite;il visites;il visit;il viisite
29433;"Comment conjugue-t-on le verbe ""consoler"" avec ""elle"" au présent ?";elle console;elle consoles;elle consol;elle coonsole
29434;"Comment conjugue-t-on le verbe ""nager"" avec ""ils"" au présent ?";ils nagent;ils nagents;ils nagen;ils naagent
29435;"Comment conjugue-t-on le verbe ""habiller"" avec ""tu"" au présent ?";tu habilles;tu habillest;tu habille;tu haabilles
29436;"Comment conjugue-t-on le verbe ""présenter"" avec ""je"" au présent ?";je présente;je présentes;je présent;je préésente
29437;"Comment conjugue-t-on le verbe ""copier"" avec ""vous"" au présent ?";vous copiez;vous copiezs;vous copie;vous coopiez
29438;"Comment conjugue-t-on le verbe ""tamponner"" avec ""elles"" au présent ?";elles tamponnent;elles tamponnents;elles tamponnen;elles taamponnent
29439;"Comment conjugue-t-on le verbe ""économiser"" avec ""nous"" au présent ?";nous économisons;nous économisonst;nous économison;nous écoonomisons
29440;"Comment conjugue-t-on le verbe ""cultiver"" avec ""elle"" au présent ?";elle cultive;elle cultives;elle cultiv;elle cuultive
29441;"Comment conjugue-t-on le verbe ""saluer"" avec ""je"" au présent ?";je salue;je salues;je salu;je saalue
29442;"Comment conjugue-t-on le verbe ""parfumer"" avec ""il"" au présent ?";il parfume;il parfumes;il parfum;il paarfume
29443;"Comment conjugue-t-on le verbe ""goudronner"" avec ""vous"" au présent ?";vous goudronnez;vous goudronnezs;vous goudronne;vous gooudronnez
29444;"Comment conjugue-t-on le verbe ""remuer"" avec ""il"" au présent ?";il remue;il remues;il remu;il reemue
29445;"Comment conjugue-t-on le verbe ""tricoter"" avec ""ils"" au présent ?";ils tricotent;ils tricotents;ils tricoten;ils triicotent
29446;"Comment conjugue-t-on le verbe ""partager"" avec ""elles"" au présent ?";elles partagent;elles partagents;elles partagen;elles paartagent
29447;"Comment conjugue-t-on le verbe ""remercier"" avec ""elles"" au présent ?";elles remercient;elles remercients;elles remercien;elles reemercient
29448;"Comment conjugue-t-on le verbe ""observer"" avec ""ils"" au présent ?";ils observent;ils observents;ils observen;ils obseervent
29449;"Comment conjugue-t-on le verbe ""secouer"" avec ""elle"" au présent ?";elle secoue;elle secoues;elle secou;elle seecoue
29450;"Comment conjugue-t-on le verbe ""frissonner"" avec ""elle"" au présent ?";elle frissonne;elle frissonnes;elle frissonn;elle friissonne
29451;"Comment conjugue-t-on le verbe ""mentionner"" avec ""ils"" au présent ?";ils mentionnent;ils mentionnents;ils mentionnen;ils meentionnent
29452;"Comment conjugue-t-on le verbe ""autoriser"" avec ""elle"" au présent ?";elle autorise;elle autorises;elle autoris;elle auutorise
29453;"Comment conjugue-t-on le verbe ""glisser"" avec ""vous"" au présent ?";vous glissez;vous glissezs;vous glisse;vous gliissez
29454;"Comment conjugue-t-on le verbe ""essayer"" avec ""je"" au présent ?";j'essaye;j'essayes;j'essay;j'essaaye
29455;"Comment conjugue-t-on le verbe ""galoper"" avec ""tu"" au présent ?";tu galopes;tu galopest;tu galope;tu gaalopes
29456;"Comment conjugue-t-on le verbe ""pleurnicher"" avec ""ils"" au présent ?";ils pleurnichent;ils pleurnichents;ils pleurnichen;ils pleeurnichent
29457;"Comment conjugue-t-on le verbe ""baisser"" avec ""nous"" au présent ?";nous baissons;nous baissonst;nous baisson;nous baaissons
29458;"Comment conjugue-t-on le verbe ""calculer"" avec ""vous"" au présent ?";vous calculez;vous calculezs;vous calcule;vous caalculez
29459;"Comment conjugue-t-on le verbe ""trier"" avec ""elle"" au présent ?";elle trie;elle tries;elle tri;elle triie
29460;"Comment conjugue-t-on le verbe ""économiser"" avec ""tu"" au présent ?";tu économises;tu économisest;tu économise;tu écoonomises
29461;"Comment conjugue-t-on le verbe ""liquider"" avec ""vous"" au présent ?";vous liquidez;vous liquidezs;vous liquide;vous liiquidez
29462;"Comment conjugue-t-on le verbe ""regretter"" avec ""tu"" au présent ?";tu regrettes;tu regrettest;tu regrette;tu reegrettes
29463;"Comment conjugue-t-on le verbe ""tacher"" avec ""il"" au présent ?";il tache;il taches;il tach;il taache
29464;"Comment conjugue-t-on le verbe ""exister"" avec ""tu"" au présent ?";tu existes;tu existest;tu existe;tu exiistes
29465;"Comment conjugue-t-on le verbe ""quitter"" avec ""elle"" au présent ?";elle quitte;elle quittes;elle quitt;elle quuitte
29466;"Comment conjugue-t-on le verbe ""klaxonner"" avec ""elle"" au présent ?";elle klaxonne;elle klaxonnes;elle klaxonn;elle klaaxonne
29467;"Comment conjugue-t-on le verbe ""sauvegarder"" avec ""il"" au présent ?";il sauvegarde;il sauvegardes;il sauvegard;il saauvegarde
29468;"Comment conjugue-t-on le verbe ""incliner"" avec ""je"" au présent ?";j'incline;j'inclines;j'inclin;j'incliine
29469;"Comment conjugue-t-on le verbe ""teinter"" avec ""elles"" au présent ?";elles teintent;elles teintents;elles teinten;elles teeintent
29470;"Comment conjugue-t-on le verbe ""valider"" avec ""nous"" au présent ?";nous validons;nous validonst;nous validon;nous vaalidons
29471;"Comment conjugue-t-on le verbe ""tirer"" avec ""tu"" au présent ?";tu tires;tu tirest;tu tire;tu tiires
29472;"Comment conjugue-t-on le verbe ""aimer"" avec ""vous"" au présent ?";vous aimez;vous aimezs;vous aime;vous aiimez
29473;"Comment conjugue-t-on le verbe ""calmer"" avec ""je"" au présent ?";je calme;je calmes;je calm;je caalme
29474;"Comment conjugue-t-on le verbe ""attacher"" avec ""elle"" au présent ?";elle attache;elle attaches;elle attach;elle attaache
29475;"Comment conjugue-t-on le verbe ""donner"" avec ""je"" au présent ?";je donne;je donnes;je donn;je doonne
29476;"Comment conjugue-t-on le verbe ""supplier"" avec ""elle"" au présent ?";elle supplie;elle supplies;elle suppli;elle suupplie
29477;"Comment conjugue-t-on le verbe ""pomper"" avec ""ils"" au présent ?";ils pompent;ils pompents;ils pompen;ils poompent
29478;"Comment conjugue-t-on le verbe ""orienter"" avec ""je"" au présent ?";j'oriente;j'orientes;j'orient;j'oriiente
29479;"Comment conjugue-t-on le verbe ""visser"" avec ""elles"" au présent ?";elles vissent;elles vissents;elles vissen;elles viissent
29480;"Comment conjugue-t-on le verbe ""protester"" avec ""je"" au présent ?";je proteste;je protestes;je protest;je prooteste
29481;"Comment conjugue-t-on le verbe ""pédaler"" avec ""ils"" au présent ?";ils pédalent;ils pédalents;ils pédalen;ils péédalent
29482;"Comment conjugue-t-on le verbe ""murmurer"" avec ""vous"" au présent ?";vous murmurez;vous murmurezs;vous murmure;vous muurmurez
29483;"Comment conjugue-t-on le verbe ""tricoter"" avec ""elles"" au présent ?";elles tricotent;elles tricotents;elles tricoten;elles triicotent
29484;"Comment conjugue-t-on le verbe ""danser"" avec ""ils"" au présent ?";ils dansent;ils dansents;ils dansen;ils daansent
29485;"Comment conjugue-t-on le verbe ""baisser"" avec ""elles"" au présent ?";elles baissent;elles baissents;elles baissen;elles baaissent
29486;"Comment conjugue-t-on le verbe ""attacher"" avec ""je"" au présent ?";j'attache;j'attaches;j'attach;j'attaache
29487;"Comment conjugue-t-on le verbe ""prier"" avec ""il"" au présent ?";il prie;il pries;il pri;il priie
29488;"Comment conjugue-t-on le verbe ""paniquer"" avec ""elle"" au présent ?";elle panique;elle paniques;elle paniqu;elle paanique
29489;"Comment conjugue-t-on le verbe ""séparer"" avec ""elle"" au présent ?";elle sépare;elle sépares;elle sépar;elle séépare
29490;"Comment conjugue-t-on le verbe ""inviter"" avec ""elles"" au présent ?";elles invitent;elles invitents;elles inviten;elles inviitent
29491;"Comment conjugue-t-on le verbe ""copier"" avec ""nous"" au présent ?";nous copions;nous copionst;nous copion;nous coopions
29492;"Comment conjugue-t-on le verbe ""patauger"" avec ""nous"" au présent ?";nous pataugeons;nous pataugeonst;nous pataugeon;nous paataugeons
29493;"Comment conjugue-t-on le verbe ""tester"" avec ""je"" au présent ?";je teste;je testes;je test;je teeste
29494;"Comment conjugue-t-on le verbe ""dépenser"" avec ""vous"" au présent ?";vous dépensez;vous dépensezs;vous dépense;vous déépensez
29495;"Comment conjugue-t-on le verbe ""rencontrer"" avec ""ils"" au présent ?";ils rencontrent;ils rencontrents;ils rencontren;ils reencontrent
29496;"Comment conjugue-t-on le verbe ""identifier"" avec ""nous"" au présent ?";nous identifions;nous identifionst;nous identifion;nous ideentifions
29497;"Comment conjugue-t-on le verbe ""bercer"" avec ""elles"" au présent ?";elles bercent;elles bercents;elles bercen;elles beercent
29498;"Comment conjugue-t-on le verbe ""rassurer"" avec ""je"" au présent ?";je rassure;je rassures;je rassur;je raassure
29499;"Comment conjugue-t-on le verbe ""prier"" avec ""elles"" au présent ?";elles prient;elles prients;elles prien;elles priient
29500;"Comment conjugue-t-on le verbe ""tasser"" avec ""vous"" au présent ?";vous tassez;vous tassezs;vous tasse;vous taassez
29501;"Comment conjugue-t-on le verbe ""parler"" avec ""nous"" au présent ?";nous parlons;nous parlonst;nous parlon;nous paarlons
29502;"Comment conjugue-t-on le verbe ""trotter"" avec ""nous"" au présent ?";nous trottons;nous trottonst;nous trotton;nous troottons
29503;"Comment conjugue-t-on le verbe ""séparer"" avec ""nous"" au présent ?";nous séparons;nous séparonst;nous séparon;nous sééparons
29504;"Comment conjugue-t-on le verbe ""frissonner"" avec ""il"" au présent ?";il frissonne;il frissonnes;il frissonn;il friissonne
29505;"Comment conjugue-t-on le verbe ""publier"" avec ""elle"" au présent ?";elle publie;elle publies;elle publi;elle puublie
29506;"Comment conjugue-t-on le verbe ""protester"" avec ""il"" au présent ?";il proteste;il protestes;il protest;il prooteste
29507;"Comment conjugue-t-on le verbe ""filmer"" avec ""je"" au présent ?";je filme;je filmes;je film;je fiilme
29508;"Comment conjugue-t-on le verbe ""limiter"" avec ""tu"" au présent ?";tu limites;tu limitest;tu limite;tu liimites
29509;"Comment conjugue-t-on le verbe ""brûler"" avec ""elles"" au présent ?";elles brûlent;elles brûlents;elles brûlen;elles brûûlent
29510;"Comment conjugue-t-on le verbe ""échapper"" avec ""je"" au présent ?";j'échappe;j'échappes;j'échapp;j'échaappe
29511;"Comment conjugue-t-on le verbe ""retourner"" avec ""tu"" au présent ?";tu retournes;tu retournest;tu retourne;tu reetournes
29512;"Comment conjugue-t-on le verbe ""mesurer"" avec ""je"" au présent ?";je mesure;je mesures;je mesur;je meesure
29513;"Comment conjugue-t-on le verbe ""pêcher"" avec ""elles"" au présent ?";elles pêchent;elles pêchents;elles pêchen;elles pêêchent
29514;"Comment conjugue-t-on le verbe ""soupirer"" avec ""elles"" au présent ?";elles soupirent;elles soupirents;elles soupiren;elles sooupirent
29515;"Comment conjugue-t-on le verbe ""plisser"" avec ""elle"" au présent ?";elle plisse;elle plisses;elle pliss;elle pliisse
29516;"Comment conjugue-t-on le verbe ""klaxonner"" avec ""il"" au présent ?";il klaxonne;il klaxonnes;il klaxonn;il klaaxonne
29517;"Comment conjugue-t-on le verbe ""déshabiller"" avec ""elles"" au présent ?";elles déshabillent;elles déshabillents;elles déshabillen;elles dééshabillent
29518;"Comment conjugue-t-on le verbe ""renverser"" avec ""je"" au présent ?";je renverse;je renverses;je renvers;je reenverse
29519;"Comment conjugue-t-on le verbe ""rassembler"" avec ""tu"" au présent ?";tu rassembles;tu rassemblest;tu rassemble;tu raassembles
29520;"Comment conjugue-t-on le verbe ""signaler"" avec ""ils"" au présent ?";ils signalent;ils signalents;ils signalen;ils siignalent
29521;"Comment conjugue-t-on le verbe ""signer"" avec ""elles"" au présent ?";elles signent;elles signents;elles signen;elles siignent
29522;"Comment conjugue-t-on le verbe ""louer"" avec ""elles"" au présent ?";elles louent;elles louents;elles louen;elles loouent
29523;"Comment conjugue-t-on le verbe ""terminer"" avec ""je"" au présent ?";je termine;je termines;je termin;je teermine
29524;"Comment conjugue-t-on le verbe ""respirer"" avec ""ils"" au présent ?";ils respirent;ils respirents;ils respiren;ils reespirent
29525;"Comment conjugue-t-on le verbe ""verrouiller"" avec ""elles"" au présent ?";elles verrouillent;elles verrouillents;elles verrouillen;elles veerrouillent
29526;"Comment conjugue-t-on le verbe ""prononcer"" avec ""nous"" au présent ?";nous prononçons;nous prononçonst;nous prononçon;nous proononçons
29527;"Comment conjugue-t-on le verbe ""avancer"" avec ""tu"" au présent ?";tu avances;tu avancest;tu avance;tu avaances
29528;"Comment conjugue-t-on le verbe ""brasser"" avec ""elle"" au présent ?";elle brasse;elle brasses;elle brass;elle braasse
29529;"Comment conjugue-t-on le verbe ""emprunter"" avec ""il"" au présent ?";il emprunte;il empruntes;il emprunt;il empruunte
29530;"Comment conjugue-t-on le verbe ""pédaler"" avec ""tu"" au présent ?";tu pédales;tu pédalest;tu pédale;tu péédales
29531;"Comment conjugue-t-on le verbe ""modifier"" avec ""nous"" au présent ?";nous modifions;nous modifionst;nous modifion;nous moodifions
29532;"Comment conjugue-t-on le verbe ""redonner"" avec ""il"" au présent ?";il redonne;il redonnes;il redonn;il reedonne
29533;"Comment conjugue-t-on le verbe ""tourner"" avec ""nous"" au présent ?";nous tournons;nous tournonst;nous tournon;nous toournons
29534;"Comment conjugue-t-on le verbe ""plisser"" avec ""ils"" au présent ?";ils plissent;ils plissents;ils plissen;ils pliissent
29535;"Comment conjugue-t-on le verbe ""déshabiller"" avec ""ils"" au présent ?";ils déshabillent;ils déshabillents;ils déshabillen;ils dééshabillent
29536;"Comment conjugue-t-on le verbe ""reculer"" avec ""je"" au présent ?";je recule;je recules;je recul;je reecule
29537;"Comment conjugue-t-on le verbe ""informer"" avec ""elle"" au présent ?";elle informe;elle informes;elle inform;elle infoorme
29538;"Comment conjugue-t-on le verbe ""embrasser"" avec ""je"" au présent ?";j'embrasse;j'embrasses;j'embrass;j'embraasse
29539;"Comment conjugue-t-on le verbe ""redonner"" avec ""tu"" au présent ?";tu redonnes;tu redonnest;tu redonne;tu reedonnes
29540;"Comment conjugue-t-on le verbe ""prier"" avec ""elle"" au présent ?";elle prie;elle pries;elle pri;elle priie
29541;"Comment conjugue-t-on le verbe ""observer"" avec ""je"" au présent ?";j'observe;j'observes;j'observ;j'obseerve
29542;"Comment conjugue-t-on le verbe ""raccrocher"" avec ""nous"" au présent ?";nous raccrochons;nous raccrochonst;nous raccrochon;nous raaccrochons
29543;"Comment conjugue-t-on le verbe ""occuper"" avec ""elle"" au présent ?";elle occupe;elle occupes;elle occup;elle occuupe
29544;"Comment conjugue-t-on le verbe ""doubler"" avec ""tu"" au présent ?";tu doubles;tu doublest;tu double;tu dooubles
29545;"Comment conjugue-t-on le verbe ""souffler"" avec ""ils"" au présent ?";ils soufflent;ils soufflents;ils soufflen;ils sooufflent
29546;"Comment conjugue-t-on le verbe ""observer"" avec ""elles"" au présent ?";elles observent;elles observents;elles observen;elles obseervent
29547;"Comment conjugue-t-on le verbe ""tricoter"" avec ""il"" au présent ?";il tricote;il tricotes;il tricot;il triicote
29548;"Comment conjugue-t-on le verbe ""paniquer"" avec ""il"" au présent ?";il panique;il paniques;il paniqu;il paanique
29549;"Comment conjugue-t-on le verbe ""remplacer"" avec ""elle"" au présent ?";elle remplace;elle remplaces;elle remplac;elle reemplace
29550;"Comment conjugue-t-on le verbe ""imprimer"" avec ""je"" au présent ?";j'imprime;j'imprimes;j'imprim;j'impriime
29551;"Comment conjugue-t-on le verbe ""empiler"" avec ""je"" au présent ?";j'empile;j'empiles;j'empil;j'empiile
29552;"Comment conjugue-t-on le verbe ""regretter"" avec ""ils"" au présent ?";ils regrettent;ils regrettents;ils regretten;ils reegrettent
29553;"Comment conjugue-t-on le verbe ""recommencer"" avec ""nous"" au présent ?";nous recommençons;nous recommençonst;nous recommençon;nous reecommençons
29554;"Comment conjugue-t-on le verbe ""annoncer"" avec ""je"" au présent ?";j'annonce;j'annonces;j'annonc;j'annoonce
29555;"Comment conjugue-t-on le verbe ""incliner"" avec ""elles"" au présent ?";elles inclinent;elles inclinents;elles inclinen;elles incliinent
29556;"Comment conjugue-t-on le verbe ""accepter"" avec ""elle"" au présent ?";elle accepte;elle acceptes;elle accept;elle acceepte
29557;"Comment conjugue-t-on le verbe ""conseiller"" avec ""elles"" au présent ?";elles conseillent;elles conseillents;elles conseillen;elles coonseillent
29558;"Comment conjugue-t-on le verbe ""augmenter"" avec ""il"" au présent ?";il augmente;il augmentes;il augment;il auugmente
29559;"Comment conjugue-t-on le verbe ""vacciner"" avec ""nous"" au présent ?";nous vaccinons;nous vaccinonst;nous vaccinon;nous vaaccinons
29560;"Comment conjugue-t-on le verbe ""avancer"" avec ""ils"" au présent ?";ils avancent;ils avancents;ils avancen;ils avaancent
29561;"Comment conjugue-t-on le verbe ""galoper"" avec ""il"" au présent ?";il galope;il galopes;il galop;il gaalope
29562;"Comment conjugue-t-on le verbe ""déménager"" avec ""elles"" au présent ?";elles déménagent;elles déménagents;elles déménagen;elles dééménagent
29563;"Comment conjugue-t-on le verbe ""chausser"" avec ""ils"" au présent ?";ils chaussent;ils chaussents;ils chaussen;ils chaaussent
29564;"Comment conjugue-t-on le verbe ""pédaler"" avec ""vous"" au présent ?";vous pédalez;vous pédalezs;vous pédale;vous péédalez
29565;"Comment conjugue-t-on le verbe ""essayer"" avec ""tu"" au présent ?";tu essayes;tu essayest;tu essaye;tu essaayes
29566;"Comment conjugue-t-on le verbe ""gonfler"" avec ""elles"" au présent ?";elles gonflent;elles gonflents;elles gonflen;elles goonflent
29567;"Comment conjugue-t-on le verbe ""bousculer"" avec ""elle"" au présent ?";elle bouscule;elle bouscules;elle bouscul;elle boouscule
29568;"Comment conjugue-t-on le verbe ""brosser"" avec ""vous"" au présent ?";vous brossez;vous brossezs;vous brosse;vous broossez
29569;"Comment conjugue-t-on le verbe ""empêcher"" avec ""tu"" au présent ?";tu empêches;tu empêchest;tu empêche;tu empêêches
29570;"Comment conjugue-t-on le verbe ""murmurer"" avec ""nous"" au présent ?";nous murmurons;nous murmuronst;nous murmuron;nous muurmurons
29571;"Comment conjugue-t-on le verbe ""fouiller"" avec ""je"" au présent ?";je fouille;je fouilles;je fouill;je foouille
29572;"Comment conjugue-t-on le verbe ""supporter"" avec ""tu"" au présent ?";tu supportes;tu supportest;tu supporte;tu suupportes
29573;"Comment conjugue-t-on le verbe ""illustrer"" avec ""nous"" au présent ?";nous illustrons;nous illustronst;nous illustron;nous illuustrons
29574;"Comment conjugue-t-on le verbe ""siffler"" avec ""je"" au présent ?";je siffle;je siffles;je siffl;je siiffle
29575;"Comment conjugue-t-on le verbe ""supposer"" avec ""elle"" au présent ?";elle suppose;elle supposes;elle suppos;elle suuppose
29576;"Comment conjugue-t-on le verbe ""avancer"" avec ""vous"" au présent ?";vous avancez;vous avancezs;vous avance;vous avaancez
29577;"Comment conjugue-t-on le verbe ""escalader"" avec ""je"" au présent ?";j'escalade;j'escalades;j'escalad;j'escaalade
29578;"Comment conjugue-t-on le verbe ""supporter"" avec ""il"" au présent ?";il supporte;il supportes;il support;il suupporte
29579;"Comment conjugue-t-on le verbe ""garder"" avec ""il"" au présent ?";il garde;il gardes;il gard;il gaarde
29580;"Comment conjugue-t-on le verbe ""créer"" avec ""elles"" au présent ?";elles créent;elles créents;elles créen;elles crééent
29581;"Comment conjugue-t-on le verbe ""emprunter"" avec ""elles"" au présent ?";elles empruntent;elles empruntents;elles emprunten;elles empruuntent
29582;"Comment conjugue-t-on le verbe ""supporter"" avec ""ils"" au présent ?";ils supportent;ils supportents;ils supporten;ils suupportent
29583;"Comment conjugue-t-on le verbe ""imprimer"" avec ""tu"" au présent ?";tu imprimes;tu imprimest;tu imprime;tu impriimes
29584;"Comment conjugue-t-on le verbe ""renoncer"" avec ""je"" au présent ?";je renonce;je renonces;je renonc;je reenonce
29585;"Comment conjugue-t-on le verbe ""frotter"" avec ""elle"" au présent ?";elle frotte;elle frottes;elle frott;elle frootte
29586;"Comment conjugue-t-on le verbe ""klaxonner"" avec ""ils"" au présent ?";ils klaxonnent;ils klaxonnents;ils klaxonnen;ils klaaxonnent
29587;"Comment conjugue-t-on le verbe ""arrêter"" avec ""il"" au présent ?";il arrête;il arrêtes;il arrêt;il arrêête
29588;"Comment conjugue-t-on le verbe ""comparer"" avec ""elle"" au présent ?";elle compare;elle compares;elle compar;elle coompare
29589;"Comment conjugue-t-on le verbe ""emprisonner"" avec ""nous"" au présent ?";nous emprisonnons;nous emprisonnonst;nous emprisonnon;nous empriisonnons
29590;"Comment conjugue-t-on le verbe ""tartiner"" avec ""vous"" au présent ?";vous tartinez;vous tartinezs;vous tartine;vous taartinez
29591;"Comment conjugue-t-on le verbe ""saluer"" avec ""vous"" au présent ?";vous saluez;vous saluezs;vous salue;vous saaluez
29592;"Comment conjugue-t-on le verbe ""imprimer"" avec ""elle"" au présent ?";elle imprime;elle imprimes;elle imprim;elle impriime
29593;"Comment conjugue-t-on le verbe ""remplacer"" avec ""il"" au présent ?";il remplace;il remplaces;il remplac;il reemplace
29594;"Comment conjugue-t-on le verbe ""préparer"" avec ""je"" au présent ?";je prépare;je prépares;je prépar;je préépare
29595;"Comment conjugue-t-on le verbe ""jongler"" avec ""je"" au présent ?";je jongle;je jongles;je jongl;je joongle
29596;"Comment conjugue-t-on le verbe ""déménager"" avec ""vous"" au présent ?";vous déménagez;vous déménagezs;vous déménage;vous dééménagez
29597;"Comment conjugue-t-on le verbe ""dater"" avec ""tu"" au présent ?";tu dates;tu datest;tu date;tu daates
29598;"Comment conjugue-t-on le verbe ""échouer"" avec ""elles"" au présent ?";elles échouent;elles échouents;elles échouen;elles échoouent
29599;"Comment conjugue-t-on le verbe ""chatouiller"" avec ""il"" au présent ?";il chatouille;il chatouilles;il chatouill;il chaatouille
29600;"Comment conjugue-t-on le verbe ""serrer"" avec ""tu"" au présent ?";tu serres;tu serrest;tu serre;tu seerres
29601;"Comment conjugue-t-on le verbe ""séparer"" avec ""il"" au présent ?";il sépare;il sépares;il sépar;il séépare
29602;"Comment conjugue-t-on le verbe ""gagner"" avec ""vous"" au présent ?";vous gagnez;vous gagnezs;vous gagne;vous gaagnez
29603;"Comment conjugue-t-on le verbe ""froisser"" avec ""il"" au présent ?";il froisse;il froisses;il froiss;il frooisse
29604;"Comment conjugue-t-on le verbe ""inviter"" avec ""ils"" au présent ?";ils invitent;ils invitents;ils inviten;ils inviitent
29605;"Comment conjugue-t-on le verbe ""aimer"" avec ""ils"" au présent ?";ils aiment;ils aiments;ils aimen;ils aiiment
29606;"Comment conjugue-t-on le verbe ""longer"" avec ""vous"" au présent ?";vous longez;vous longezs;vous longe;vous loongez
29607;"Comment conjugue-t-on le verbe ""avancer"" avec ""elle"" au présent ?";elle avance;elle avances;elle avanc;elle avaance
29608;"Comment conjugue-t-on le verbe ""vider"" avec ""nous"" au présent ?";nous vidons;nous vidonst;nous vidon;nous viidons
29609;"Comment conjugue-t-on le verbe ""informer"" avec ""il"" au présent ?";il informe;il informes;il inform;il infoorme
29610;"Comment conjugue-t-on le verbe ""déballer"" avec ""ils"" au présent ?";ils déballent;ils déballents;ils déballen;ils dééballent
29611;"Comment conjugue-t-on le verbe ""ombrager"" avec ""vous"" au présent ?";vous ombragez;vous ombragezs;vous ombrage;vous ombraagez
29612;"Comment conjugue-t-on le verbe ""fredonner"" avec ""elles"" au présent ?";elles fredonnent;elles fredonnents;elles fredonnen;elles freedonnent
29613;"Comment conjugue-t-on le verbe ""accepter"" avec ""ils"" au présent ?";ils acceptent;ils acceptents;ils accepten;ils acceeptent
29614;"Comment conjugue-t-on le verbe ""cacher"" avec ""elles"" au présent ?";elles cachent;elles cachents;elles cachen;elles caachent
29615;"Comment conjugue-t-on le verbe ""enfermer"" avec ""nous"" au présent ?";nous enfermons;nous enfermonst;nous enfermon;nous enfeermons
29616;"Comment conjugue-t-on le verbe ""monter"" avec ""ils"" au présent ?";ils montent;ils montents;ils monten;ils moontent
29617;"Comment conjugue-t-on le verbe ""tenter"" avec ""il"" au présent ?";il tente;il tentes;il tent;il teente
29618;"Comment conjugue-t-on le verbe ""piquer"" avec ""elles"" au présent ?";elles piquent;elles piquents;elles piquen;elles piiquent
29619;"Comment conjugue-t-on le verbe ""goudronner"" avec ""elle"" au présent ?";elle goudronne;elle goudronnes;elle goudronn;elle gooudronne
29620;"Comment conjugue-t-on le verbe ""pagayer"" avec ""nous"" au présent ?";nous pagayons;nous pagayonst;nous pagayon;nous paagayons
29621;"Comment conjugue-t-on le verbe ""augmenter"" avec ""vous"" au présent ?";vous augmentez;vous augmentezs;vous augmente;vous auugmentez
29622;"Comment conjugue-t-on le verbe ""illustrer"" avec ""elles"" au présent ?";elles illustrent;elles illustrents;elles illustren;elles illuustrent
29623;"Comment conjugue-t-on le verbe ""tromper"" avec ""tu"" au présent ?";tu trompes;tu trompest;tu trompe;tu troompes
29624;"Comment conjugue-t-on le verbe ""souhaiter"" avec ""nous"" au présent ?";nous souhaitons;nous souhaitonst;nous souhaiton;nous soouhaitons
29625;"Comment conjugue-t-on le verbe ""secouer"" avec ""il"" au présent ?";il secoue;il secoues;il secou;il seecoue
29626;"Comment conjugue-t-on le verbe ""terminer"" avec ""vous"" au présent ?";vous terminez;vous terminezs;vous termine;vous teerminez
29627;"Comment conjugue-t-on le verbe ""accompagner"" avec ""tu"" au présent ?";tu accompagnes;tu accompagnest;tu accompagne;tu accoompagnes
29628;"Comment conjugue-t-on le verbe ""tasser"" avec ""elles"" au présent ?";elles tassent;elles tassents;elles tassen;elles taassent
29629;"Comment conjugue-t-on le verbe ""visser"" avec ""vous"" au présent ?";vous vissez;vous vissezs;vous visse;vous viissez
29630;"Comment conjugue-t-on le verbe ""vider"" avec ""tu"" au présent ?";tu vides;tu videst;tu vide;tu viides
29631;"Comment conjugue-t-on le verbe ""ranger"" avec ""elle"" au présent ?";elle range;elle ranges;elle rang;elle raange
29632;"Comment conjugue-t-on le verbe ""illustrer"" avec ""elle"" au présent ?";elle illustre;elle illustres;elle illustr;elle illuustre
29633;"Comment conjugue-t-on le verbe ""mentionner"" avec ""elle"" au présent ?";elle mentionne;elle mentionnes;elle mentionn;elle meentionne
29634;"Comment conjugue-t-on le verbe ""passer"" avec ""elles"" au présent ?";elles passent;elles passents;elles passen;elles paassent
29635;"Comment conjugue-t-on le verbe ""évaluer"" avec ""elles"" au présent ?";elles évaluent;elles évaluents;elles évaluen;elles évaaluent
29636;"Comment conjugue-t-on le verbe ""hésiter"" avec ""elle"" au présent ?";elle hésite;elle hésites;elle hésit;elle héésite
29637;"Comment conjugue-t-on le verbe ""hésiter"" avec ""il"" au présent ?";il hésite;il hésites;il hésit;il héésite
29638;"Comment conjugue-t-on le verbe ""patiner"" avec ""ils"" au présent ?";ils patinent;ils patinents;ils patinen;ils paatinent
29639;"Comment conjugue-t-on le verbe ""dominer"" avec ""vous"" au présent ?";vous dominez;vous dominezs;vous domine;vous doominez
29640;"Comment conjugue-t-on le verbe ""coiffer"" avec ""elle"" au présent ?";elle coiffe;elle coiffes;elle coiff;elle cooiffe
29641;"Comment conjugue-t-on le verbe ""sauter"" avec ""tu"" au présent ?";tu sautes;tu sautest;tu saute;tu saautes
29642;"Comment conjugue-t-on le verbe ""câliner"" avec ""ils"" au présent ?";ils câlinent;ils câlinents;ils câlinen;ils cââlinent
29643;"Comment conjugue-t-on le verbe ""valider"" avec ""vous"" au présent ?";vous validez;vous validezs;vous valide;vous vaalidez
29644;"Comment conjugue-t-on le verbe ""respirer"" avec ""nous"" au présent ?";nous respirons;nous respironst;nous respiron;nous reespirons
29645;"Comment conjugue-t-on le verbe ""parfumer"" avec ""nous"" au présent ?";nous parfumons;nous parfumonst;nous parfumon;nous paarfumons
29646;"Comment conjugue-t-on le verbe ""remplacer"" avec ""tu"" au présent ?";tu remplaces;tu remplacest;tu remplace;tu reemplaces
29647;"Comment conjugue-t-on le verbe ""illustrer"" avec ""je"" au présent ?";j'illustre;j'illustres;j'illustr;j'illuustre
29648;"Comment conjugue-t-on le verbe ""déchirer"" avec ""elle"" au présent ?";elle déchire;elle déchires;elle déchir;elle dééchire
29649;"Comment conjugue-t-on le verbe ""plisser"" avec ""vous"" au présent ?";vous plissez;vous plissezs;vous plisse;vous pliissez
29650;"Comment conjugue-t-on le verbe ""saluer"" avec ""il"" au présent ?";il salue;il salues;il salu;il saalue
29651;"Comment conjugue-t-on le verbe ""patiner"" avec ""tu"" au présent ?";tu patines;tu patinest;tu patine;tu paatines
29652;"Comment conjugue-t-on le verbe ""déposer"" avec ""je"" au présent ?";je dépose;je déposes;je dépos;je déépose
29653;"Comment conjugue-t-on le verbe ""dominer"" avec ""il"" au présent ?";il domine;il domines;il domin;il doomine
29654;"Comment conjugue-t-on le verbe ""prier"" avec ""tu"" au présent ?";tu pries;tu priest;tu prie;tu priies
29655;"Comment conjugue-t-on le verbe ""gagner"" avec ""tu"" au présent ?";tu gagnes;tu gagnest;tu gagne;tu gaagnes
29656;"Comment conjugue-t-on le verbe ""ordonner"" avec ""elle"" au présent ?";elle ordonne;elle ordonnes;elle ordonn;elle ordoonne
29657;"Comment conjugue-t-on le verbe ""nettoyer"" avec ""vous"" au présent ?";vous nettoyez;vous nettoyezs;vous nettoye;vous neettoyez
29658;"Comment conjugue-t-on le verbe ""radoter"" avec ""il"" au présent ?";il radote;il radotes;il radot;il raadote
29659;"Comment conjugue-t-on le verbe ""déménager"" avec ""tu"" au présent ?";tu déménages;tu déménagest;tu déménage;tu dééménages
29660;"Comment conjugue-t-on le verbe ""garer"" avec ""elles"" au présent ?";elles garent;elles garents;elles garen;elles gaarent
29661;"Comment conjugue-t-on le verbe ""rassembler"" avec ""elle"" au présent ?";elle rassemble;elle rassembles;elle rassembl;elle raassemble
29662;"Comment conjugue-t-on le verbe ""questionner"" avec ""tu"" au présent ?";tu questionnes;tu questionnest;tu questionne;tu quuestionnes
29663;"Comment conjugue-t-on le verbe ""pêcher"" avec ""ils"" au présent ?";ils pêchent;ils pêchents;ils pêchen;ils pêêchent
29664;"Comment conjugue-t-on le verbe ""sauter"" avec ""nous"" au présent ?";nous sautons;nous sautonst;nous sauton;nous saautons
29665;"Comment conjugue-t-on le verbe ""ressembler"" avec ""tu"" au présent ?";tu ressembles;tu ressemblest;tu ressemble;tu reessembles
29666;"Comment conjugue-t-on le verbe ""arrêter"" avec ""vous"" au présent ?";vous arrêtez;vous arrêtezs;vous arrête;vous arrêêtez
29667;"Comment conjugue-t-on le verbe ""bloquer"" avec ""elles"" au présent ?";elles bloquent;elles bloquents;elles bloquen;elles blooquent
29668;"Comment conjugue-t-on le verbe ""embrasser"" avec ""ils"" au présent ?";ils embrassent;ils embrassents;ils embrassen;ils embraassent
29669;"Comment conjugue-t-on le verbe ""vider"" avec ""elles"" au présent ?";elles vident;elles vidents;elles viden;elles viident
29670;"Comment conjugue-t-on le verbe ""conseiller"" avec ""je"" au présent ?";je conseille;je conseilles;je conseill;je coonseille
29671;"Comment conjugue-t-on le verbe ""entourer"" avec ""elle"" au présent ?";elle entoure;elle entoures;elle entour;elle entooure
29672;"Comment conjugue-t-on le verbe ""regretter"" avec ""vous"" au présent ?";vous regrettez;vous regrettezs;vous regrette;vous reegrettez
29673;"Comment conjugue-t-on le verbe ""planter"" avec ""ils"" au présent ?";ils plantent;ils plantents;ils planten;ils plaantent
29674;"Comment conjugue-t-on le verbe ""secouer"" avec ""tu"" au présent ?";tu secoues;tu secouest;tu secoue;tu seecoues
29675;"Comment conjugue-t-on le verbe ""localiser"" avec ""ils"" au présent ?";ils localisent;ils localisents;ils localisen;ils loocalisent
29676;"Comment conjugue-t-on le verbe ""pagayer"" avec ""tu"" au présent ?";tu pagayes;tu pagayest;tu pagaye;tu paagayes
29677;"Comment conjugue-t-on le verbe ""bercer"" avec ""vous"" au présent ?";vous bercez;vous bercezs;vous berce;vous beercez
29678;"Comment conjugue-t-on le verbe ""sauvegarder"" avec ""nous"" au présent ?";nous sauvegardons;nous sauvegardonst;nous sauvegardon;nous saauvegardons
29679;"Comment conjugue-t-on le verbe ""trotter"" avec ""il"" au présent ?";il trotte;il trottes;il trott;il trootte
29680;"Comment conjugue-t-on le verbe ""rassembler"" avec ""vous"" au présent ?";vous rassemblez;vous rassemblezs;vous rassemble;vous raassemblez
29681;"Comment conjugue-t-on le verbe ""jongler"" avec ""ils"" au présent ?";ils jonglent;ils jonglents;ils jonglen;ils joonglent
29682;"Comment conjugue-t-on le verbe ""remuer"" avec ""elle"" au présent ?";elle remue;elle remues;elle remu;elle reemue
29683;"Comment conjugue-t-on le verbe ""poser"" avec ""nous"" au présent ?";nous posons;nous posonst;nous poson;nous poosons
29684;"Comment conjugue-t-on le verbe ""noter"" avec ""vous"" au présent ?";vous notez;vous notezs;vous note;vous nootez
29685;"Comment conjugue-t-on le verbe ""sauvegarder"" avec ""elle"" au présent ?";elle sauvegarde;elle sauvegardes;elle sauvegard;elle saauvegarde
29686;"Comment conjugue-t-on le verbe ""surveiller"" avec ""il"" au présent ?";il surveille;il surveilles;il surveill;il suurveille
29687;"Comment conjugue-t-on le verbe ""tamponner"" avec ""tu"" au présent ?";tu tamponnes;tu tamponnest;tu tamponne;tu taamponnes
29688;"Comment conjugue-t-on le verbe ""déchirer"" avec ""il"" au présent ?";il déchire;il déchires;il déchir;il dééchire
29689;"Comment conjugue-t-on le verbe ""exister"" avec ""je"" au présent ?";j'existe;j'existes;j'exist;j'exiiste
29690;"Comment conjugue-t-on le verbe ""conseiller"" avec ""nous"" au présent ?";nous conseillons;nous conseillonst;nous conseillon;nous coonseillons
29691;"Comment conjugue-t-on le verbe ""surveiller"" avec ""vous"" au présent ?";vous surveillez;vous surveillezs;vous surveille;vous suurveillez
29692;"Comment conjugue-t-on le verbe ""découper"" avec ""je"" au présent ?";je découpe;je découpes;je découp;je déécoupe
29693;"Comment conjugue-t-on le verbe ""téléphoner"" avec ""elle"" au présent ?";elle téléphone;elle téléphones;elle téléphon;elle tééléphone
29694;"Comment conjugue-t-on le verbe ""patauger"" avec ""tu"" au présent ?";tu patauges;tu pataugest;tu patauge;tu paatauges
29695;"Comment conjugue-t-on le verbe ""fredonner"" avec ""je"" au présent ?";je fredonne;je fredonnes;je fredonn;je freedonne
29696;"Comment conjugue-t-on le verbe ""ordonner"" avec ""il"" au présent ?";il ordonne;il ordonnes;il ordonn;il ordoonne
29697;"Comment conjugue-t-on le verbe ""orienter"" avec ""nous"" au présent ?";nous orientons;nous orientonst;nous orienton;nous oriientons
29698;"Comment conjugue-t-on le verbe ""fouiller"" avec ""elle"" au présent ?";elle fouille;elle fouilles;elle fouill;elle foouille
29699;"Comment conjugue-t-on le verbe ""habiller"" avec ""elles"" au présent ?";elles habillent;elles habillents;elles habillen;elles haabillent
29700;"Comment conjugue-t-on le verbe ""exister"" avec ""ils"" au présent ?";ils existent;ils existents;ils existen;ils exiistent
29701;"Comment conjugue-t-on le verbe ""remercier"" avec ""tu"" au présent ?";tu remercies;tu remerciest;tu remercie;tu reemercies
29702;"Comment conjugue-t-on le verbe ""trouver"" avec ""il"" au présent ?";il trouve;il trouves;il trouv;il troouve
29703;"Comment conjugue-t-on le verbe ""tromper"" avec ""elle"" au présent ?";elle trompe;elle trompes;elle tromp;elle troompe
29704;"Comment conjugue-t-on le verbe ""souhaiter"" avec ""je"" au présent ?";je souhaite;je souhaites;je souhait;je soouhaite
29705;"Comment conjugue-t-on le verbe ""regretter"" avec ""il"" au présent ?";il regrette;il regrettes;il regrett;il reegrette
29706;"Comment conjugue-t-on le verbe ""chatouiller"" avec ""nous"" au présent ?";nous chatouillons;nous chatouillonst;nous chatouillon;nous chaatouillons
29707;"Comment conjugue-t-on le verbe ""plaisanter"" avec ""nous"" au présent ?";nous plaisantons;nous plaisantonst;nous plaisanton;nous plaaisantons
29708;"Comment conjugue-t-on le verbe ""longer"" avec ""je"" au présent ?";je longe;je longes;je long;je loonge
29709;"Comment conjugue-t-on le verbe ""respirer"" avec ""elles"" au présent ?";elles respirent;elles respirents;elles respiren;elles reespirent
29710;"Comment conjugue-t-on le verbe ""klaxonner"" avec ""elles"" au présent ?";elles klaxonnent;elles klaxonnents;elles klaxonnen;elles klaaxonnent
29711;"Comment conjugue-t-on le verbe ""verrouiller"" avec ""vous"" au présent ?";vous verrouillez;vous verrouillezs;vous verrouille;vous veerrouillez
29712;"Comment conjugue-t-on le verbe ""tacher"" avec ""ils"" au présent ?";ils tachent;ils tachents;ils tachen;ils taachent
29713;"Comment conjugue-t-on le verbe ""comparer"" avec ""il"" au présent ?";il compare;il compares;il compar;il coompare
29714;"Comment conjugue-t-on le verbe ""regretter"" avec ""nous"" au présent ?";nous regrettons;nous regrettonst;nous regretton;nous reegrettons
29715;"Comment conjugue-t-on le verbe ""patauger"" avec ""je"" au présent ?";je patauge;je patauges;je pataug;je paatauge
29716;"Comment conjugue-t-on le verbe ""glisser"" avec ""tu"" au présent ?";tu glisses;tu glissest;tu glisse;tu gliisses
29717;"Comment conjugue-t-on le verbe ""débrancher"" avec ""je"" au présent ?";je débranche;je débranches;je débranch;je déébranche
29718;"Comment conjugue-t-on le verbe ""frissonner"" avec ""tu"" au présent ?";tu frissonnes;tu frissonnest;tu frissonne;tu friissonnes
29719;"Comment conjugue-t-on le verbe ""sauvegarder"" avec ""tu"" au présent ?";tu sauvegardes;tu sauvegardest;tu sauvegarde;tu saauvegardes
29720;"Comment conjugue-t-on le verbe ""rassembler"" avec ""il"" au présent ?";il rassemble;il rassembles;il rassembl;il raassemble
29721;"Comment conjugue-t-on le verbe ""camper"" avec ""je"" au présent ?";je campe;je campes;je camp;je caampe
29722;"Comment conjugue-t-on le verbe ""brosser"" avec ""ils"" au présent ?";ils brossent;ils brossents;ils brossen;ils broossent
29723;"Comment conjugue-t-on le verbe ""raccrocher"" avec ""vous"" au présent ?";vous raccrochez;vous raccrochezs;vous raccroche;vous raaccrochez
29724;"Comment conjugue-t-on le verbe ""viser"" avec ""vous"" au présent ?";vous visez;vous visezs;vous vise;vous viisez
29725;"Comment conjugue-t-on le verbe ""radoter"" avec ""ils"" au présent ?";ils radotent;ils radotents;ils radoten;ils raadotent
29726;"Comment conjugue-t-on le verbe ""dépasser"" avec ""nous"" au présent ?";nous dépassons;nous dépassonst;nous dépasson;nous déépassons
29727;"Comment conjugue-t-on le verbe ""dévorer"" avec ""tu"" au présent ?";tu dévores;tu dévorest;tu dévore;tu déévores
29728;"Comment conjugue-t-on le verbe ""détester"" avec ""nous"" au présent ?";nous détestons;nous détestonst;nous déteston;nous déétestons
29729;"Comment conjugue-t-on le verbe ""murmurer"" avec ""elles"" au présent ?";elles murmurent;elles murmurents;elles murmuren;elles muurmurent
29730;"Comment conjugue-t-on le verbe ""imiter"" avec ""vous"" au présent ?";vous imitez;vous imitezs;vous imite;vous imiitez
29731;"Comment conjugue-t-on le verbe ""câliner"" avec ""je"" au présent ?";je câline;je câlines;je câlin;je cââline
29732;"Comment conjugue-t-on le verbe ""cultiver"" avec ""vous"" au présent ?";vous cultivez;vous cultivezs;vous cultive;vous cuultivez
29733;"Comment conjugue-t-on le verbe ""radoter"" avec ""vous"" au présent ?";vous radotez;vous radotezs;vous radote;vous raadotez
29734;"Comment conjugue-t-on le verbe ""dater"" avec ""vous"" au présent ?";vous datez;vous datezs;vous date;vous daatez
29735;"Comment conjugue-t-on le verbe ""inviter"" avec ""nous"" au présent ?";nous invitons;nous invitonst;nous inviton;nous inviitons
29736;"Comment conjugue-t-on le verbe ""laver"" avec ""elles"" au présent ?";elles lavent;elles lavents;elles laven;elles laavent
29737;"Comment conjugue-t-on le verbe ""plier"" avec ""il"" au présent ?";il plie;il plies;il pli;il pliie
29738;"Comment conjugue-t-on le verbe ""embrasser"" avec ""elles"" au présent ?";elles embrassent;elles embrassents;elles embrassen;elles embraassent
29739;"Comment conjugue-t-on le verbe ""inviter"" avec ""il"" au présent ?";il invite;il invites;il invit;il inviite
29740;"Comment conjugue-t-on le verbe ""pédaler"" avec ""nous"" au présent ?";nous pédalons;nous pédalonst;nous pédalon;nous péédalons
29741;"Comment conjugue-t-on le verbe ""décorer"" avec ""tu"" au présent ?";tu décores;tu décorest;tu décore;tu déécores
29742;"Comment conjugue-t-on le verbe ""réveiller"" avec ""vous"" au présent ?";vous réveillez;vous réveillezs;vous réveille;vous rééveillez
29743;"Comment conjugue-t-on le verbe ""essayer"" avec ""vous"" au présent ?";vous essayez;vous essayezs;vous essaye;vous essaayez
29744;"Comment conjugue-t-on le verbe ""mentionner"" avec ""il"" au présent ?";il mentionne;il mentionnes;il mentionn;il meentionne
29745;"Comment conjugue-t-on le verbe ""serrer"" avec ""ils"" au présent ?";ils serrent;ils serrents;ils serren;ils seerrent
29746;"Comment conjugue-t-on le verbe ""opposer"" avec ""nous"" au présent ?";nous opposons;nous opposonst;nous opposon;nous oppoosons
29747;"Comment conjugue-t-on le verbe ""augmenter"" avec ""nous"" au présent ?";nous augmentons;nous augmentonst;nous augmenton;nous auugmentons
29748;"Comment conjugue-t-on le verbe ""questionner"" avec ""elle"" au présent ?";elle questionne;elle questionnes;elle questionn;elle quuestionne
29749;"Comment conjugue-t-on le verbe ""retourner"" avec ""nous"" au présent ?";nous retournons;nous retournonst;nous retournon;nous reetournons
29750;"Comment conjugue-t-on le verbe ""frissonner"" avec ""vous"" au présent ?";vous frissonnez;vous frissonnezs;vous frissonne;vous friissonnez
29751;"Comment conjugue-t-on le verbe ""réveiller"" avec ""elle"" au présent ?";elle réveille;elle réveilles;elle réveill;elle rééveille
29752;"Comment conjugue-t-on le verbe ""incliner"" avec ""nous"" au présent ?";nous inclinons;nous inclinonst;nous inclinon;nous incliinons
29753;"Comment conjugue-t-on le verbe ""quitter"" avec ""elles"" au présent ?";elles quittent;elles quittents;elles quitten;elles quuittent
29754;"Comment conjugue-t-on le verbe ""encourager"" avec ""nous"" au présent ?";nous encourageons;nous encourageonst;nous encourageon;nous encoourageons
29755;"Comment conjugue-t-on le verbe ""enfermer"" avec ""elle"" au présent ?";elle enferme;elle enfermes;elle enferm;elle enfeerme
29756;"Comment conjugue-t-on le verbe ""accompagner"" avec ""vous"" au présent ?";vous accompagnez;vous accompagnezs;vous accompagne;vous accoompagnez
29757;"Comment conjugue-t-on le verbe ""redonner"" avec ""vous"" au présent ?";vous redonnez;vous redonnezs;vous redonne;vous reedonnez
29758;"Comment conjugue-t-on le verbe ""dévorer"" avec ""je"" au présent ?";je dévore;je dévores;je dévor;je déévore
29759;"Comment conjugue-t-on le verbe ""accompagner"" avec ""ils"" au présent ?";ils accompagnent;ils accompagnents;ils accompagnen;ils accoompagnent
29760;"Comment conjugue-t-on le verbe ""prier"" avec ""je"" au présent ?";je prie;je pries;je pri;je priie
29761;"Comment conjugue-t-on le verbe ""mentionner"" avec ""elles"" au présent ?";elles mentionnent;elles mentionnents;elles mentionnen;elles meentionnent
29762;"Comment conjugue-t-on le verbe ""supporter"" avec ""nous"" au présent ?";nous supportons;nous supportonst;nous supporton;nous suupportons
29763;"Comment conjugue-t-on le verbe ""garer"" avec ""elle"" au présent ?";elle gare;elle gares;elle gar;elle gaare
29764;"Comment conjugue-t-on le verbe ""vacciner"" avec ""tu"" au présent ?";tu vaccines;tu vaccinest;tu vaccine;tu vaaccines
29765;"Comment conjugue-t-on le verbe ""échouer"" avec ""nous"" au présent ?";nous échouons;nous échouonst;nous échouon;nous échoouons
29766;"Comment conjugue-t-on le verbe ""laver"" avec ""il"" au présent ?";il lave;il laves;il lav;il laave
29767;"Comment conjugue-t-on le verbe ""nager"" avec ""il"" au présent ?";il nage;il nages;il nag;il naage
29768;"Comment conjugue-t-on le verbe ""dépenser"" avec ""ils"" au présent ?";ils dépensent;ils dépensents;ils dépensen;ils déépensent
29769;"Comment conjugue-t-on le verbe ""secouer"" avec ""elles"" au présent ?";elles secouent;elles secouents;elles secouen;elles seecouent
29770;"Comment conjugue-t-on le verbe ""louer"" avec ""vous"" au présent ?";vous louez;vous louezs;vous loue;vous loouez
29771;"Comment conjugue-t-on le verbe ""publier"" avec ""elles"" au présent ?";elles publient;elles publients;elles publien;elles puublient
29772;"Comment conjugue-t-on le verbe ""pomper"" avec ""elle"" au présent ?";elle pompe;elle pompes;elle pomp;elle poompe
29773;"Comment conjugue-t-on le verbe ""câliner"" avec ""tu"" au présent ?";tu câlines;tu câlinest;tu câline;tu cââlines
29774;"Comment conjugue-t-on le verbe ""enfermer"" avec ""elles"" au présent ?";elles enferment;elles enferments;elles enfermen;elles enfeerment
29775;"Comment conjugue-t-on le verbe ""voyager"" avec ""tu"" au présent ?";tu voyages;tu voyagest;tu voyage;tu vooyages
29776;"Comment conjugue-t-on le verbe ""habiter"" avec ""vous"" au présent ?";vous habitez;vous habitezs;vous habite;vous haabitez
29777;"Comment conjugue-t-on le verbe ""découper"" avec ""vous"" au présent ?";vous découpez;vous découpezs;vous découpe;vous déécoupez
29778;"Comment conjugue-t-on le verbe ""avancer"" avec ""je"" au présent ?";j'avance;j'avances;j'avanc;j'avaance
29779;"Comment conjugue-t-on le verbe ""valider"" avec ""tu"" au présent ?";tu valides;tu validest;tu valide;tu vaalides
29780;"Comment conjugue-t-on le verbe ""déshabiller"" avec ""je"" au présent ?";je déshabille;je déshabilles;je déshabill;je dééshabille
29781;"Comment conjugue-t-on le verbe ""mélanger"" avec ""je"" au présent ?";je mélange;je mélanges;je mélang;je méélange
29782;"Comment conjugue-t-on le verbe ""livrer"" avec ""elle"" au présent ?";elle livre;elle livres;elle livr;elle liivre
29783;"Comment conjugue-t-on le verbe ""monter"" avec ""vous"" au présent ?";vous montez;vous montezs;vous monte;vous moontez
29784;"Comment conjugue-t-on le verbe ""goudronner"" avec ""il"" au présent ?";il goudronne;il goudronnes;il goudronn;il gooudronne
29785;"Comment conjugue-t-on le verbe ""placer"" avec ""je"" au présent ?";je place;je places;je plac;je plaace
29786;"Comment conjugue-t-on le verbe ""griffonner"" avec ""je"" au présent ?";je griffonne;je griffonnes;je griffonn;je griiffonne
29787;"Comment conjugue-t-on le verbe ""placer"" avec ""elles"" au présent ?";elles placent;elles placents;elles placen;elles plaacent
29788;"Comment conjugue-t-on le verbe ""mentionner"" avec ""nous"" au présent ?";nous mentionnons;nous mentionnonst;nous mentionnon;nous meentionnons
29789;"Comment conjugue-t-on le verbe ""empêcher"" avec ""ils"" au présent ?";ils empêchent;ils empêchents;ils empêchen;ils empêêchent
29790;"Comment conjugue-t-on le verbe ""souffler"" avec ""tu"" au présent ?";tu souffles;tu soufflest;tu souffle;tu soouffles
29791;"Comment conjugue-t-on le verbe ""stationner"" avec ""tu"" au présent ?";tu stationnes;tu stationnest;tu stationne;tu staationnes
29792;"Comment conjugue-t-on le verbe ""encourager"" avec ""il"" au présent ?";il encourage;il encourages;il encourag;il encoourage
29793;"Comment conjugue-t-on le verbe ""inventer"" avec ""tu"" au présent ?";tu inventes;tu inventest;tu invente;tu inveentes
29794;"Comment conjugue-t-on le verbe ""consoler"" avec ""tu"" au présent ?";tu consoles;tu consolest;tu console;tu coonsoles
29795;"Comment conjugue-t-on le verbe ""piquer"" avec ""vous"" au présent ?";vous piquez;vous piquezs;vous pique;vous piiquez
29796;"Comment conjugue-t-on le verbe ""rassurer"" avec ""elle"" au présent ?";elle rassure;elle rassures;elle rassur;elle raassure
29797;"Comment conjugue-t-on le verbe ""rentrer"" avec ""elle"" au présent ?";elle rentre;elle rentres;elle rentr;elle reentre
29798;"Comment conjugue-t-on le verbe ""découper"" avec ""elle"" au présent ?";elle découpe;elle découpes;elle découp;elle déécoupe
29799;"Comment conjugue-t-on le verbe ""quitter"" avec ""tu"" au présent ?";tu quittes;tu quittest;tu quitte;tu quuittes
29800;"Comment conjugue-t-on le verbe ""patauger"" avec ""ils"" au présent ?";ils pataugent;ils pataugents;ils pataugen;ils paataugent
29801;"Comment conjugue-t-on le verbe ""détester"" avec ""il"" au présent ?";il déteste;il détestes;il détest;il dééteste
29802;"Comment conjugue-t-on le verbe ""exister"" avec ""il"" au présent ?";il existe;il existes;il exist;il exiiste
29803;"Comment conjugue-t-on le verbe ""quitter"" avec ""il"" au présent ?";il quitte;il quittes;il quitt;il quuitte
29804;"Comment conjugue-t-on le verbe ""jardiner"" avec ""je"" au présent ?";je jardine;je jardines;je jardin;je jaardine
29805;"Comment conjugue-t-on le verbe ""oublier"" avec ""vous"" au présent ?";vous oubliez;vous oubliezs;vous oublie;vous ouubliez
29806;"Comment conjugue-t-on le verbe ""jouer"" avec ""ils"" au présent ?";ils jouent;ils jouents;ils jouen;ils joouent
29807;"Comment conjugue-t-on le verbe ""terminer"" avec ""il"" au présent ?";il termine;il termines;il termin;il teermine
29808;"Comment conjugue-t-on le verbe ""longer"" avec ""ils"" au présent ?";ils longent;ils longents;ils longen;ils loongent
29809;"Comment conjugue-t-on le verbe ""identifier"" avec ""elles"" au présent ?";elles identifient;elles identifients;elles identifien;elles ideentifient
29810;"Comment conjugue-t-on le verbe ""déménager"" avec ""nous"" au présent ?";nous déménageons;nous déménageonst;nous déménageon;nous dééménageons
29811;"Comment conjugue-t-on le verbe ""raccrocher"" avec ""tu"" au présent ?";tu raccroches;tu raccrochest;tu raccroche;tu raaccroches
29812;"Comment conjugue-t-on le verbe ""fixer"" avec ""vous"" au présent ?";vous fixez;vous fixezs;vous fixe;vous fiixez
29813;"Comment conjugue-t-on le verbe ""calmer"" avec ""ils"" au présent ?";ils calment;ils calments;ils calmen;ils caalment
29814;"Comment conjugue-t-on le verbe ""remarquer"" avec ""elle"" au présent ?";elle remarque;elle remarques;elle remarqu;elle reemarque
29815;"Comment conjugue-t-on le verbe ""réveiller"" avec ""tu"" au présent ?";tu réveilles;tu réveillest;tu réveille;tu rééveilles
29816;"Comment conjugue-t-on le verbe ""refuser"" avec ""ils"" au présent ?";ils refusent;ils refusents;ils refusen;ils reefusent
29817;"Comment conjugue-t-on le verbe ""accompagner"" avec ""nous"" au présent ?";nous accompagnons;nous accompagnonst;nous accompagnon;nous accoompagnons
29818;"Comment conjugue-t-on le verbe ""cacher"" avec ""vous"" au présent ?";vous cachez;vous cachezs;vous cache;vous caachez
29819;"Comment conjugue-t-on le verbe ""trouver"" avec ""ils"" au présent ?";ils trouvent;ils trouvents;ils trouven;ils troouvent
29820;"Comment conjugue-t-on le verbe ""doubler"" avec ""vous"" au présent ?";vous doublez;vous doublezs;vous double;vous dooublez
29821;"Comment conjugue-t-on le verbe ""chercher"" avec ""tu"" au présent ?";tu cherches;tu cherchest;tu cherche;tu cheerches
29822;"Comment conjugue-t-on le verbe ""laisser"" avec ""vous"" au présent ?";vous laissez;vous laissezs;vous laisse;vous laaissez
29823;"Comment conjugue-t-on le verbe ""modifier"" avec ""elle"" au présent ?";elle modifie;elle modifies;elle modifi;elle moodifie
29824;"Comment conjugue-t-on le verbe ""avancer"" avec ""il"" au présent ?";il avance;il avances;il avanc;il avaance
29825;"Comment conjugue-t-on le verbe ""signer"" avec ""elle"" au présent ?";elle signe;elle signes;elle sign;elle siigne
29826;"Comment conjugue-t-on le verbe ""publier"" avec ""ils"" au présent ?";ils publient;ils publients;ils publien;ils puublient
29827;"Comment conjugue-t-on le verbe ""décorer"" avec ""je"" au présent ?";je décore;je décores;je décor;je déécore
29828;"Comment conjugue-t-on le verbe ""identifier"" avec ""je"" au présent ?";j'identifie;j'identifies;j'identifi;j'ideentifie
29829;"Comment conjugue-t-on le verbe ""signer"" avec ""ils"" au présent ?";ils signent;ils signents;ils signen;ils siignent
29830;"Comment conjugue-t-on le verbe ""dépasser"" avec ""elles"" au présent ?";elles dépassent;elles dépassents;elles dépassen;elles déépassent
29831;"Comment conjugue-t-on le verbe ""oublier"" avec ""nous"" au présent ?";nous oublions;nous oublionst;nous oublion;nous ouublions
29832;"Comment conjugue-t-on le verbe ""pédaler"" avec ""elle"" au présent ?";elle pédale;elle pédales;elle pédal;elle péédale
29833;"Comment conjugue-t-on le verbe ""annoncer"" avec ""elles"" au présent ?";elles annoncent;elles annoncents;elles annoncen;elles annooncent
29834;"Comment conjugue-t-on le verbe ""copier"" avec ""elle"" au présent ?";elle copie;elle copies;elle copi;elle coopie
29835;"Comment conjugue-t-on le verbe ""calculer"" avec ""tu"" au présent ?";tu calcules;tu calculest;tu calcule;tu caalcules
29836;"Comment conjugue-t-on le verbe ""séparer"" avec ""tu"" au présent ?";tu sépares;tu séparest;tu sépare;tu séépares
29837;"Comment conjugue-t-on le verbe ""interroger"" avec ""elles"" au présent ?";elles interrogent;elles interrogents;elles interrogen;elles inteerrogent
29838;"Comment conjugue-t-on le verbe ""évaluer"" avec ""nous"" au présent ?";nous évaluons;nous évaluonst;nous évaluon;nous évaaluons
29839;"Comment conjugue-t-on le verbe ""essayer"" avec ""elle"" au présent ?";elle essaye;elle essayes;elle essay;elle essaaye
29840;"Comment conjugue-t-on le verbe ""siffler"" avec ""ils"" au présent ?";ils sifflent;ils sifflents;ils sifflen;ils siifflent
29841;"Comment conjugue-t-on le verbe ""imaginer"" avec ""elle"" au présent ?";elle imagine;elle imagines;elle imagin;elle imaagine
29842;"Comment conjugue-t-on le verbe ""accompagner"" avec ""elle"" au présent ?";elle accompagne;elle accompagnes;elle accompagn;elle accoompagne
29843;"Comment conjugue-t-on le verbe ""galoper"" avec ""vous"" au présent ?";vous galopez;vous galopezs;vous galope;vous gaalopez
29844;"Comment conjugue-t-on le verbe ""sonner"" avec ""ils"" au présent ?";ils sonnent;ils sonnents;ils sonnen;ils soonnent
29845;"Comment conjugue-t-on le verbe ""brasser"" avec ""ils"" au présent ?";ils brassent;ils brassents;ils brassen;ils braassent
29846;"Comment conjugue-t-on le verbe ""remercier"" avec ""ils"" au présent ?";ils remercient;ils remercients;ils remercien;ils reemercient
29847;"Comment conjugue-t-on le verbe ""pleurnicher"" avec ""vous"" au présent ?";vous pleurnichez;vous pleurnichezs;vous pleurniche;vous pleeurnichez
29848;"Comment conjugue-t-on le verbe ""tasser"" avec ""tu"" au présent ?";tu tasses;tu tassest;tu tasse;tu taasses
29849;"Comment conjugue-t-on le verbe ""téléphoner"" avec ""nous"" au présent ?";nous téléphonons;nous téléphononst;nous téléphonon;nous tééléphonons
29850;"Comment conjugue-t-on le verbe ""vanter"" avec ""ils"" au présent ?";ils vantent;ils vantents;ils vanten;ils vaantent
29851;"Comment conjugue-t-on le verbe ""remarquer"" avec ""je"" au présent ?";je remarque;je remarques;je remarqu;je reemarque
29852;"Comment conjugue-t-on le verbe ""informer"" avec ""elles"" au présent ?";elles informent;elles informents;elles informen;elles infoorment
29853;"Comment conjugue-t-on le verbe ""reculer"" avec ""elle"" au présent ?";elle recule;elle recules;elle recul;elle reecule
29854;"Comment conjugue-t-on le verbe ""aider"" avec ""elle"" au présent ?";elle aide;elle aides;elle aid;elle aiide
29855;"Comment conjugue-t-on le verbe ""tromper"" avec ""je"" au présent ?";je trompe;je trompes;je tromp;je troompe
29856;"Comment conjugue-t-on le verbe ""déshabiller"" avec ""il"" au présent ?";il déshabille;il déshabilles;il déshabill;il dééshabille
29857;"Comment conjugue-t-on le verbe ""casser"" avec ""elle"" au présent ?";elle casse;elle casses;elle cass;elle caasse
29858;"Comment conjugue-t-on le verbe ""fixer"" avec ""elles"" au présent ?";elles fixent;elles fixents;elles fixen;elles fiixent
29859;"Comment conjugue-t-on le verbe ""ombrager"" avec ""nous"" au présent ?";nous ombrageons;nous ombrageonst;nous ombrageon;nous ombraageons
29860;"Comment conjugue-t-on le verbe ""griffonner"" avec ""elles"" au présent ?";elles griffonnent;elles griffonnents;elles griffonnen;elles griiffonnent
29861;"Comment conjugue-t-on le verbe ""renverser"" avec ""il"" au présent ?";il renverse;il renverses;il renvers;il reenverse
29862;"Comment conjugue-t-on le verbe ""claquer"" avec ""tu"" au présent ?";tu claques;tu claquest;tu claque;tu claaques
29863;"Comment conjugue-t-on le verbe ""mesurer"" avec ""nous"" au présent ?";nous mesurons;nous mesuronst;nous mesuron;nous meesurons
29864;"Comment conjugue-t-on le verbe ""longer"" avec ""elle"" au présent ?";elle longe;elle longes;elle long;elle loonge
29865;"Comment conjugue-t-on le verbe ""vanter"" avec ""je"" au présent ?";je vante;je vantes;je vant;je vaante
29866;"Comment conjugue-t-on le verbe ""remarquer"" avec ""tu"" au présent ?";tu remarques;tu remarquest;tu remarque;tu reemarques
29867;"Comment conjugue-t-on le verbe ""longer"" avec ""il"" au présent ?";il longe;il longes;il long;il loonge
29868;"Comment conjugue-t-on le verbe ""opposer"" avec ""je"" au présent ?";j'oppose;j'opposes;j'oppos;j'oppoose
29869;"Comment conjugue-t-on le verbe ""essuyer"" avec ""vous"" au présent ?";vous essuyez;vous essuyezs;vous essuye;vous essuuyez
29870;"Comment conjugue-t-on le verbe ""surveiller"" avec ""ils"" au présent ?";ils surveillent;ils surveillents;ils surveillen;ils suurveillent
29871;"Comment conjugue-t-on le verbe ""opposer"" avec ""il"" au présent ?";il oppose;il opposes;il oppos;il oppoose
29872;"Comment conjugue-t-on le verbe ""visiter"" avec ""je"" au présent ?";je visite;je visites;je visit;je viisite
29873;"Comment conjugue-t-on le verbe ""fredonner"" avec ""nous"" au présent ?";nous fredonnons;nous fredonnonst;nous fredonnon;nous freedonnons
29874;"Comment conjugue-t-on le verbe ""gratter"" avec ""ils"" au présent ?";ils grattent;ils grattents;ils gratten;ils graattent
29875;"Comment conjugue-t-on le verbe ""saluer"" avec ""elle"" au présent ?";elle salue;elle salues;elle salu;elle saalue
29876;"Comment conjugue-t-on le verbe ""refuser"" avec ""je"" au présent ?";je refuse;je refuses;je refus;je reefuse
29877;"Comment conjugue-t-on le verbe ""raconter"" avec ""tu"" au présent ?";tu racontes;tu racontest;tu raconte;tu raacontes
29878;"Comment conjugue-t-on le verbe ""remuer"" avec ""nous"" au présent ?";nous remuons;nous remuonst;nous remuon;nous reemuons
29879;"Comment conjugue-t-on le verbe ""informer"" avec ""ils"" au présent ?";ils informent;ils informents;ils informen;ils infoorment
29880;"Comment conjugue-t-on le verbe ""tacher"" avec ""nous"" au présent ?";nous tachons;nous tachonst;nous tachon;nous taachons
29881;"Comment conjugue-t-on le verbe ""tasser"" avec ""ils"" au présent ?";ils tassent;ils tassents;ils tassen;ils taassent
29882;"Comment conjugue-t-on le verbe ""patauger"" avec ""elle"" au présent ?";elle patauge;elle patauges;elle pataug;elle paatauge
29883;"Comment conjugue-t-on le verbe ""copier"" avec ""elles"" au présent ?";elles copient;elles copients;elles copien;elles coopient
29884;"Comment conjugue-t-on le verbe ""soupirer"" avec ""je"" au présent ?";je soupire;je soupires;je soupir;je sooupire
29885;"Comment conjugue-t-on le verbe ""essayer"" avec ""il"" au présent ?";il essaye;il essayes;il essay;il essaaye
29886;"Comment conjugue-t-on le verbe ""corriger"" avec ""tu"" au présent ?";tu corriges;tu corrigest;tu corrige;tu coorriges
29887;"Comment conjugue-t-on le verbe ""supposer"" avec ""tu"" au présent ?";tu supposes;tu supposest;tu suppose;tu suupposes
29888;"Comment conjugue-t-on le verbe ""tomber"" avec ""tu"" au présent ?";tu tombes;tu tombest;tu tombe;tu toombes
29889;"Comment conjugue-t-on le verbe ""bloquer"" avec ""il"" au présent ?";il bloque;il bloques;il bloqu;il blooque
29890;"Comment conjugue-t-on le verbe ""griffonner"" avec ""ils"" au présent ?";ils griffonnent;ils griffonnents;ils griffonnen;ils griiffonnent
29891;"Comment conjugue-t-on le verbe ""tamponner"" avec ""ils"" au présent ?";ils tamponnent;ils tamponnents;ils tamponnen;ils taamponnent
29892;"Comment conjugue-t-on le verbe ""brasser"" avec ""il"" au présent ?";il brasse;il brasses;il brass;il braasse
29893;"Comment conjugue-t-on le verbe ""expliquer"" avec ""tu"" au présent ?";tu expliques;tu expliquest;tu explique;tu expliiques
29894;"Comment conjugue-t-on le verbe ""brûler"" avec ""tu"" au présent ?";tu brûles;tu brûlest;tu brûle;tu brûûles
29895;"Comment conjugue-t-on le verbe ""interroger"" avec ""ils"" au présent ?";ils interrogent;ils interrogents;ils interrogen;ils inteerrogent
29896;"Comment conjugue-t-on le verbe ""dévorer"" avec ""vous"" au présent ?";vous dévorez;vous dévorezs;vous dévore;vous déévorez
29897;"Comment conjugue-t-on le verbe ""filmer"" avec ""ils"" au présent ?";ils filment;ils filments;ils filmen;ils fiilment
29898;"Comment conjugue-t-on le verbe ""attacher"" avec ""tu"" au présent ?";tu attaches;tu attachest;tu attache;tu attaaches
29899;"Comment conjugue-t-on le verbe ""louer"" avec ""nous"" au présent ?";nous louons;nous louonst;nous louon;nous loouons
29900;"Comment conjugue-t-on le verbe ""débrancher"" avec ""elles"" au présent ?";elles débranchent;elles débranchents;elles débranchen;elles déébranchent
29901;"Comment conjugue-t-on le verbe ""ramasser"" avec ""tu"" au présent ?";tu ramasses;tu ramassest;tu ramasse;tu raamasses
29902;"Comment conjugue-t-on le verbe ""annoncer"" avec ""vous"" au présent ?";vous annoncez;vous annoncezs;vous annonce;vous annooncez
29903;"Comment conjugue-t-on le verbe ""plisser"" avec ""tu"" au présent ?";tu plisses;tu plissest;tu plisse;tu pliisses
29904;"Comment conjugue-t-on le verbe ""klaxonner"" avec ""vous"" au présent ?";vous klaxonnez;vous klaxonnezs;vous klaxonne;vous klaaxonnez
29905;"Comment conjugue-t-on le verbe ""emprisonner"" avec ""vous"" au présent ?";vous emprisonnez;vous emprisonnezs;vous emprisonne;vous empriisonnez
29906;"Comment conjugue-t-on le verbe ""nettoyer"" avec ""je"" au présent ?";je nettoye;je nettoyes;je nettoy;je neettoye
29907;"Comment conjugue-t-on le verbe ""organiser"" avec ""ils"" au présent ?";ils organisent;ils organisents;ils organisen;ils orgaanisent
29908;"Comment conjugue-t-on le verbe ""préparer"" avec ""vous"" au présent ?";vous préparez;vous préparezs;vous prépare;vous prééparez
29909;"Comment conjugue-t-on le verbe ""camper"" avec ""tu"" au présent ?";tu campes;tu campest;tu campe;tu caampes
29910;"Comment conjugue-t-on le verbe ""empêcher"" avec ""elle"" au présent ?";elle empêche;elle empêches;elle empêch;elle empêêche
29911;"Comment conjugue-t-on le verbe ""entourer"" avec ""il"" au présent ?";il entoure;il entoures;il entour;il entooure
29912;"Comment conjugue-t-on le verbe ""remarquer"" avec ""ils"" au présent ?";ils remarquent;ils remarquents;ils remarquen;ils reemarquent
29913;"Comment conjugue-t-on le verbe ""fredonner"" avec ""tu"" au présent ?";tu fredonnes;tu fredonnest;tu fredonne;tu freedonnes
29914;"Comment conjugue-t-on le verbe ""goudronner"" avec ""elles"" au présent ?";elles goudronnent;elles goudronnents;elles goudronnen;elles gooudronnent
29915;"Comment conjugue-t-on le verbe ""tourner"" avec ""il"" au présent ?";il tourne;il tournes;il tourn;il toourne
29916;"Comment conjugue-t-on le verbe ""conseiller"" avec ""ils"" au présent ?";ils conseillent;ils conseillents;ils conseillen;ils coonseillent
29917;"Comment conjugue-t-on le verbe ""emballer"" avec ""vous"" au présent ?";vous emballez;vous emballezs;vous emballe;vous embaallez
29918;"Comment conjugue-t-on le verbe ""pousser"" avec ""elle"" au présent ?";elle pousse;elle pousses;elle pouss;elle poousse
29919;"Comment conjugue-t-on le verbe ""porter"" avec ""je"" au présent ?";je porte;je portes;je port;je poorte
29920;"Comment conjugue-t-on le verbe ""placer"" avec ""ils"" au présent ?";ils placent;ils placents;ils placen;ils plaacent
29921;"Comment conjugue-t-on le verbe ""cacher"" avec ""il"" au présent ?";il cache;il caches;il cach;il caache
29922;"Comment conjugue-t-on le verbe ""colorier"" avec ""vous"" au présent ?";vous coloriez;vous coloriezs;vous colorie;vous cooloriez
29923;"Comment conjugue-t-on le verbe ""pousser"" avec ""ils"" au présent ?";ils poussent;ils poussents;ils poussen;ils pooussent
29924;"Comment conjugue-t-on le verbe ""protester"" avec ""tu"" au présent ?";tu protestes;tu protestest;tu proteste;tu prootestes
29925;"Comment conjugue-t-on le verbe ""limiter"" avec ""ils"" au présent ?";ils limitent;ils limitents;ils limiten;ils liimitent
29926;"Comment conjugue-t-on le verbe ""rencontrer"" avec ""nous"" au présent ?";nous rencontrons;nous rencontronst;nous rencontron;nous reencontrons
29927;"Comment conjugue-t-on le verbe ""piquer"" avec ""ils"" au présent ?";ils piquent;ils piquents;ils piquen;ils piiquent
29928;"Comment conjugue-t-on le verbe ""sauvegarder"" avec ""vous"" au présent ?";vous sauvegardez;vous sauvegardezs;vous sauvegarde;vous saauvegardez
29929;"Comment conjugue-t-on le verbe ""rassembler"" avec ""je"" au présent ?";je rassemble;je rassembles;je rassembl;je raassemble
29930;"Comment conjugue-t-on le verbe ""dater"" avec ""il"" au présent ?";il date;il dates;il dat;il daate
29931;"Comment conjugue-t-on le verbe ""piquer"" avec ""tu"" au présent ?";tu piques;tu piquest;tu pique;tu piiques
29932;"Comment conjugue-t-on le verbe ""escalader"" avec ""tu"" au présent ?";tu escalades;tu escaladest;tu escalade;tu escaalades
